videoId,title,publishedAt,viewCount,likeCount,commentCount,pollTimestamp,categoryId,category,channelTitle
AENBKj5175g,"Third day of the New Year – Wishing you peace, warmth in your family a year filled with happiness.",2026-02-19T13:00:30Z,45565323,598769,659,2026-02-24T08:16:22Z,26,Howto & Style,BYB Academy
EGddu3Romps,Teacher Tried to Catch the Gate Kicker… But Every Student Had a Crazy Excuse,2026-02-20T09:28:42Z,41896134,0,40,2026-02-24T08:16:22Z,24,Entertainment,Happy L story 
4qFLuUlx4SI,How Fast Can You Stop A KPop Demon?,2026-02-20T13:33:37Z,32569451,518221,1427,2026-02-24T08:16:22Z,22,People & Blogs,Stokes Twins
IvqWwQJndYc,Chi é Elodie in confronto a Shakira ? 😍#shakira #elodie #confronto #concerto #fan #cantante #fans,2026-02-18T22:00:17Z,50368172,140573,946,2026-02-24T08:16:22Z,22,People & Blogs,OoK
HSU6L2IYlpA,She became a mummy. she became a mummy for fun!❤️,2026-02-17T14:00:32Z,38584120,0,2037,2026-02-24T08:16:22Z,22,People & Blogs,Red
4tzBDynpQ1E,They turned a muddy clearing into a bamboo paradise #transformation #satisfying,2026-02-18T18:45:00Z,30272424,554107,4255,2026-02-24T08:16:22Z,22,People & Blogs,Inspiring Ideas
ZgNkU0EgbmY,Can a 100 Pound Kettlebell Stop a 50 Cal?,2026-02-18T16:10:49Z,36230239,753566,4158,2026-02-24T08:16:22Z,22,People & Blogs,Yee Yee Life
yCGsrkdddoE,"A Mansão do meu cachorro desabou, então acabei dando uma casa simples improvisada para ele 😱🏠",2026-02-20T22:40:01Z,33968015,164706,1801,2026-02-24T08:16:22Z,15,Pets & Animals,Kitem AI Dogs Oficial
WP1LBZMF1L0,Simran enters a Moneyless World🌎💸😱|Simran Makhija| #shorts #school #schoollife #funny #comedy,2026-02-19T00:30:27Z,26413681,251053,129,2026-02-24T08:16:22Z,22,People & Blogs,Simran Makhija
ncNl1Qu_dDE,When Military Training Turns Into a Comedy Show,2026-02-19T07:30:20Z,27329975,0,211,2026-02-24T08:16:22Z,24,Entertainment,CurioVerse
TZurFnKJNns,包丁ができるまでHow a Knife is Made,2026-02-18T12:00:58Z,23117663,316990,3466,2026-02-24T08:16:22Z,24,Entertainment,研師Ryota
28dq4f6MBZ0,"Officer saves old lady from a 250,000$ SCAM",2026-02-18T18:34:37Z,19797111,871781,17230,2026-02-24T08:16:22Z,22,People & Blogs,Patrol Log
IWz9qdq_EnA,No one is born with a dark heart ♥ #viral #status #funnyexpression,2026-02-19T05:47:26Z,19583477,0,529,2026-02-24T08:16:22Z,24,Entertainment,Yash
ArvNDr9Cdbs,These people have built a luxury home #shortsvideo,2026-02-18T09:21:00Z,21340035,0,107,2026-02-24T08:16:22Z,22,People & Blogs,Shorts With Sai 2
sEITEY7x7Tg,What Happens to Your Grip If You Squeeze a Hand Gripper for 30 Days?,2026-02-19T04:30:38Z,21265991,330725,363,2026-02-24T08:16:22Z,17,Sports,Skull Yogi
S_9F_sLCjW0,Pain of Having a Stepmom🥹 #stepmomlife #jagritipahwa #stepparents #realitycheck #treatchildrenwell,2026-02-17T13:28:55Z,18635172,374668,890,2026-02-24T08:16:22Z,23,Comedy,Jagriti Pahwa
7Q9SQN-uXGo,Never Ride a Bicycle Without Brakes 😱,2026-02-17T12:05:00Z,19852732,0,26,2026-02-24T08:16:22Z,22,People & Blogs,Jazzy Voice
D13XpZl8ncw,Mercedes Built the CLR GTR at $2.5 🏡 M only a few lucky drivers experienced power 😅🍓#reelschallenge,2026-02-19T05:33:30Z,33820297,0,38,2026-02-24T08:16:22Z,22,People & Blogs,Ai Desi Suparman
83hTFo-NTJo,40 Min Breath Hold 🔥🔥 | The Titan | MATADORA - DJ Asul (slowed) #trending #shorts,2026-02-19T18:00:14Z,19641191,431647,483,2026-02-24T08:16:22Z,22,People & Blogs,Shefasiu
Kq_JFZAYgEw,LNF - Sweet Little Sister Helps Build a LEGO Toy 🥰 #shorts,2026-02-19T13:15:03Z,17505582,135005,215,2026-02-24T08:16:22Z,24,Entertainment,Linh Nhi Family
BOlXbshBAcY,When my kids wants a snack,2026-02-17T20:50:22Z,18507079,78802,127,2026-02-24T08:16:22Z,22,People & Blogs,Lauren Agans
LBBcyMP3bvs,Last one was a DISASTER,2026-02-19T03:45:01Z,14442967,269077,1203,2026-02-24T08:16:22Z,22,People & Blogs,RandomDude
zMdTLEsPtVo,They Saved a Lonely Monkey 🐒,2026-02-22T00:07:00Z,15842851,0,864,2026-02-24T08:16:22Z,15,Pets & Animals,Facto Heart
4Ak_ddguqMw,POV: Snow Forest Shelter – What Happens After the Door Closes? ❄️🚪,2026-02-19T23:30:05Z,17623475,170284,456,2026-02-24T08:16:22Z,22,People & Blogs,Mythic Shelter
#NAME?,He Became a Lobster Dad 🦞🥹 #shorts,2026-02-17T19:44:43Z,14562586,345501,2365,2026-02-24T08:16:22Z,22,People & Blogs,Infi's Diary
#NAME?,Este hombre salvo a todos Los animals del tsunami,2026-02-17T22:44:13Z,14824636,240988,1993,2026-02-24T08:16:22Z,22,People & Blogs,Miccobi ai
PfrJkSQV_HE,Tikung Folding Fence: Smart Trick to Secure a House in a Narrow Land,2026-02-17T12:15:16Z,25513682,112334,759,2026-02-24T08:16:22Z,22,People & Blogs,The busy person
Dlwu-IY0Ajg,Eve hırsız girince köpekler vs kediler,2026-02-18T07:30:13Z,17090078,64086,63,2026-02-24T08:16:22Z,24,Entertainment,BETER BÖCÜK TÜRKİYE
nbr6iJOFxck,They Saved a Lonely Panda 🐼,2026-02-18T00:17:00Z,12406666,0,1095,2026-02-24T08:16:22Z,15,Pets & Animals,Facto Heart
XeoNQ-Qstxo,How Scientists Filmed A Ladybug’s Hidden Wings 🧐,2026-02-21T22:30:06Z,13786449,664062,2862,2026-02-24T08:16:22Z,19,Travel & Events,Zack D. Films
lLtOtMKdvWo,Penguin Saves a Mystery Egg from a Bear #penguin #eggs #owl #bear #cbum,2026-02-18T12:46:04Z,13450529,213079,94,2026-02-24T08:16:22Z,22,People & Blogs,MrMonkeyBoy
v6ZGT4ppzkk,Nahi khaonga Mercedes Built the CLR GTR at $2.5😱 only a few lucky drivers experienced#reelschallenge,2026-02-18T11:05:00Z,16522064,97941,17,2026-02-24T08:16:22Z,22,People & Blogs,Gajju.1000
IHWlvwu8t1w,The Mandalorian and Grogu | Official Trailer | In Theaters May 22,2026-02-17T14:00:19Z,10296944,130860,8897,2026-02-24T08:16:22Z,24,Entertainment,Star Wars
sb6UyV5SGs0,GRWM in a casual evening look ✨,2026-02-18T14:16:47Z,12043809,124963,338,2026-02-24T08:16:22Z,22,People & Blogs,mnsee.fashnlife
hPaKlFUvnr8,This Man Built a House No Thief Can Crack wood working art_hand crafts_#shorts,2026-02-20T04:27:51Z,13164455,162247,217,2026-02-24T08:16:22Z,1,Film & Animation,Trendy Facts 
jLD5Ovx739s,Safety First While Riding a Scooter! 🛴🛑 Sierra Teaches Rhia 💛,2026-02-18T19:30:15Z,17389769,78710,0,2026-02-24T08:16:22Z,24,Entertainment,Sierra and Rhia English
4ppxMFHQ9MY,They Built a $2M Container House Underwater 🌊😳,2026-02-20T01:25:06Z,12500892,129703,1684,2026-02-24T08:16:22Z,28,Science & Technology,SurfaceFlow
AP-Q8DAUvLE,Hiding as a TRAPDOOR!,2026-02-18T12:48:27Z,11528797,404306,2190,2026-02-24T08:16:22Z,20,Gaming,CoffeeFuelledGenius
dnYyNC0o1So,When you try to steal an air compressor but the roof crew came prepared with lumber and nail guns 😭,2026-02-19T21:13:49Z,10778193,134141,5366,2026-02-24T08:16:22Z,22,People & Blogs,More Than Laughs
Npd-gHXEduw,🌳🔥 I Built a Hidden Tree House Inside a Giant Tree | Satisfying Cabin Build Timelapse,2026-02-18T17:23:02Z,13478695,204834,1305,2026-02-24T08:16:22Z,26,Howto & Style,RenovaTime
oIGNFO2kGWI,I Put an Aquarium in My Living Room Floor?! 🌊🐠 Ocean 3D Floor #OddlySatisfying #Aquarium #EpoxyFloor,2026-02-20T20:00:00Z,12469134,82920,198,2026-02-24T08:16:22Z,24,Entertainment,All That Epoxy
UHmSqnpchps,脳がバグる色んな神童まとめ,2026-02-20T03:30:33Z,11608786,199112,888,2026-02-24T08:16:22Z,22,People & Blogs,何もなかつた
xTokoZUERuk,The Teen Who Fought The Nazis 😮,2026-02-18T20:30:21Z,11100784,817725,5540,2026-02-24T08:16:22Z,19,Travel & Events,Zack D. Films
yapKgtrAyPY,El Perro Que Estafó A Todos 😧,2026-02-20T18:01:12Z,12161691,196307,346,2026-02-24T08:16:22Z,24,Entertainment,Dan
Q807tnfXvvA,JANDEL IS BACK? - GROW A GARDEN | ROBLOX ANIMATION,2026-02-20T05:17:50Z,12002591,187997,7301,2026-02-24T08:16:22Z,20,Gaming,GH'S
IG_neYL3oCs,مين هنا برج الاسد؟😱,2026-02-18T12:21:00Z,12173899,66281,96,2026-02-24T08:16:22Z,15,Pets & Animals,Mohamed Elyamany 
fuHkWonUYsY,Can He Get a Kiss?,2026-02-20T13:01:14Z,10330925,303946,203,2026-02-24T08:16:22Z,24,Entertainment,Zhong
LrBq-ZVZDe0,POV: When A Stranger Back Stabs You  #fashion #prom #dressess #formaldress #promdress #dressootd,2026-02-17T14:45:04Z,10670649,239431,550,2026-02-24T08:16:22Z,22,People & Blogs,Milivine Studio
sL_OcKykegA,"KID HAS A $15,000 GENGAR CHAIN?  #cardshow #vendorpov #pokemoncards #pokemon #gengar #funny",2026-02-17T19:36:21Z,10384035,266294,2509,2026-02-24T08:16:22Z,20,Gaming,westcollectsx
cc_F6SuECPE,POV: You Have a SECRET Weapon in Shawarma Kiosk Roblox 😂,2026-02-18T03:14:33Z,10502898,157321,179,2026-02-24T08:16:22Z,20,Gaming,nothayus
jgUx1Dxweaw,Best Dancer For A Reason 🔥💯 #bollywood #hrithikroshan #shorts #trending,2026-02-18T13:50:43Z,10296759,172339,144,2026-02-24T08:47:54Z,24,Entertainment,AMANHRX 
zdpd1qFlR-Y,Make A Word Challenge Gone Wrong,2026-02-20T12:01:43Z,10474064,198020,3736,2026-02-24T08:47:54Z,24,Entertainment,MiniMoochi
#NAME?,Ever seen a dancing pony? Wait till the end🦄  #dance #trend #sweden,2026-02-17T17:15:15Z,11714680,107764,1490,2026-02-24T08:47:54Z,22,People & Blogs,Isabell afro
qCUN5ZkBoAw,takala😰Mercedes Built the CLR GTR at $2.5🤡only a few lucky drivers experienced power🌲#reelschallenge,2026-02-20T09:52:00Z,13702536,0,10,2026-02-24T08:47:54Z,22,People & Blogs,A1 facts 5M
2Su4-AJtr8Y,That Was Not A Bark😂 #ishowspeed #kaicenat #edit,2026-02-20T23:48:34Z,8269767,167435,1176,2026-02-24T08:47:54Z,24,Entertainment,Goofy Recaps
1xGVoBKK9Xc,Bruce Lee kicks an arrow mid-air. No warning. Pure speed.,2026-02-18T07:00:04Z,11527459,41561,79,2026-02-24T08:47:54Z,22,People & Blogs,Kung Fu Mighty
Xp8bFu8pmMk,🎃 A Luxury Home Built Inside a Simple Pumpkin 🏠✨,2026-02-21T07:37:02Z,8280887,0,61,2026-02-24T08:47:54Z,22,People & Blogs,Facts Oppy
PREzdpuXxb4,"The human body transports water, greening the desert is a funny special effect",2026-02-21T05:00:26Z,12661787,43817,19,2026-02-24T08:47:54Z,24,Entertainment,Kayvan Nanditama
#NAME?,HE WAS 1v1 WITH THE KEEPER… THEN THIS HAPPENED!😱 #futebol #goalkeeper #footballshorts,2026-02-17T16:15:00Z,12891188,11432,47,2026-02-24T08:47:54Z,24,Entertainment,GoalMad Football
kpgOXvhawws,How Thick Would A Cast Need To Be To Stop A Bullet 🤔,2026-02-21T13:30:56Z,8491024,293021,2147,2026-02-24T08:47:54Z,19,Travel & Events,Zack D. Films
gYGI63LH9Uo,Cuando tu hijo deja claro a quién quiere más delante de todos,2026-02-19T21:00:55Z,9147555,164654,446,2026-02-24T08:47:54Z,22,People & Blogs,Jon Sinache
tJXeFAGLhr8,Lyna y Larin Junior visitaron a un mago 🧙‍♂️,2026-02-17T19:09:41Z,10446748,63718,49,2026-02-24T08:47:54Z,24,Entertainment,Wekas
HqRL_bz9suk,A Cruel Betrayal and the Golden Retriever Who Refused to Let Go,2026-02-19T01:55:40Z,9997106,46439,222,2026-02-24T08:47:54Z,22,People & Blogs,Sigma Rescue
AeL7G4csR1E,Building a Secret Underwater Container Room 🏠,2026-02-22T00:15:00Z,9498463,92619,204,2026-02-24T08:47:54Z,24,Entertainment,Home Magic
z7R8v2w3D_A,Transforming a Mound into a Luxury Underground Room – Hyper-Lapse Build,2026-02-20T14:09:07Z,9205433,143658,387,2026-02-24T08:47:54Z,24,Entertainment,Quite Homes
VnedT-8sHOc,I Pretended To Be A Wax Figure,2026-02-19T18:15:07Z,9261106,437978,3015,2026-02-24T08:47:54Z,24,Entertainment,Sambucha
jHbGX8APjWM,POV You Found a Secret Bunker in the Forest #survival,2026-02-17T23:30:14Z,9617758,78350,320,2026-02-24T08:47:54Z,22,People & Blogs,Mythic Shelter
ZVrEaT8R5L4,SALVÓ A SU CERDITO 🥹,2026-02-18T00:03:27Z,9566829,212696,3396,2026-02-24T08:47:54Z,20,Gaming,elElias
lLhVf_DEwKY,Les presento a las IDOLS #comedy,2026-02-17T15:08:20Z,10510566,152629,19647,2026-02-24T08:47:54Z,23,Comedy,Señorita Influencer
8lXEiPJeQvI,La Profesora Se Sorprendió Al Grabar A Sus Alumnos En Secreto ❤️,2026-02-17T19:02:01Z,8298436,125280,145,2026-02-24T08:47:54Z,22,People & Blogs,Parthenatos
cAXnxiHgYLo,That One Bro With a Spear #usa,2026-02-19T18:30:49Z,8935572,74742,475,2026-02-24T08:47:54Z,20,Gaming,Kajuto
shoF4s1V4Kw,Flying a Class better than First Class #singaporeairlines #firstclass #suites #flight,2026-02-20T18:09:36Z,8786512,119683,967,2026-02-24T08:47:54Z,19,Travel & Events,Damon Geis
65aQZwX89Bk,She Gave Her Son a 3D Pen… Then She Walked Into His Room 🤯,2026-02-19T16:57:00Z,8759445,126254,13813,2026-02-24T08:47:54Z,22,People & Blogs,Funtale
Tjj0bcAgN9U,Turtoise was having a great day until... 🐢#truestory,2026-02-20T06:00:42Z,8498736,101721,482,2026-02-24T08:47:54Z,24,Entertainment,wholesomesque
VH1cwfleTro,The Cuban Pilot Who Defected With A MiG-29 To America,2026-02-18T17:25:19Z,9472067,279434,4596,2026-02-24T08:47:54Z,22,People & Blogs,Underground Bullets
7OTHPYWdDhc,"This poor puppy has no cash to buy a food of plate, so rich puppies making fun of him #animahal",2026-02-20T12:30:01Z,9360105,137747,829,2026-02-24T08:47:54Z,15,Pets & Animals,Ani Mahal
KHfS-oqxwi0,Cortei a armadilha da planta carnívora?!😱 #shorts,2026-02-18T02:02:56Z,7574103,280645,1636,2026-02-24T08:47:54Z,24,Entertainment,Gabrielmiranda_ofc
599zPZj_yQI,qual o MÁXIMO que o celular bloqueia por ERRAR A SENHA?,2026-02-20T23:00:00Z,9371010,196078,1686,2026-02-24T08:47:54Z,24,Entertainment,Giuliana Mafra
twsKdgvDxo4,Hiding as a GATE!,2026-02-19T09:35:57Z,8282215,240001,1723,2026-02-24T08:47:54Z,20,Gaming,CoffeeFuelledGenius
OCKocEl_2BA,He OPENS a BLUE WHEEL OF CHEESE,2026-02-20T15:30:25Z,8698810,269545,2204,2026-02-24T08:47:54Z,23,Comedy,Lionfield
jK-_-BBfgAY,¿A Quién Salvarías?💔😢 #kpop #rumi,2026-02-17T14:44:27Z,8034576,246498,563,2026-02-24T08:47:54Z,22,People & Blogs,Vaya Historia!
qtySq8iQqLc,A good relationship requires effort to maintain.#shorts,2026-02-19T10:21:58Z,8310532,346885,4745,2026-02-24T08:47:54Z,22,People & Blogs,ShadowHarbor 
x1JBLVQDY7s,He Climbed A Building To Rescue A Child 😱,2026-02-20T20:30:09Z,8377130,570721,6374,2026-02-24T08:47:54Z,19,Travel & Events,Zack D. Films
UCHRs6IYG50,When Ederson Became a Midfielder 😂,2026-02-17T19:23:23Z,8508857,88540,188,2026-02-24T08:47:54Z,22,People & Blogs,OffsideShorts90
TJykDaWPs8M,Elder Sister Teaches His Young Sisters Like A Mother 🥹,2026-02-18T02:00:25Z,7320075,0,47920,2026-02-24T08:47:54Z,22,People & Blogs,saifu ke shorts
UZNshSF7ckw,A EMILLY CAIU DA ESCADA EM UMA GRAVAÇÃO *Ela ta bem ?,2026-02-20T15:00:11Z,4004076,80209,5513,2026-02-24T08:47:54Z,28,Science & Technology,Emilly Vick
GighSdrzF4Q,Silent SOS Saved a Life 🌟#rumilife,2026-02-20T12:30:22Z,6791181,123967,604,2026-02-24T08:47:54Z,23,Comedy,Rumi Life
w_B6znHQBoU,This Guy Accidentally Ended Up in a Music Video,2026-02-19T20:11:34Z,10485453,157107,382,2026-02-24T08:47:54Z,24,Entertainment,Hublot Baggins
ALlHMMEOs_4,Ranking The Funniest Make A Word Challenge 🤣💀 Part 4,2026-02-20T20:08:34Z,6935868,199909,1536,2026-02-24T08:47:54Z,22,People & Blogs,sylpd
Mwqmd6JMTBI,Me encontré con un ¿THERIAN?,2026-02-18T20:00:00Z,5798411,268253,8323,2026-02-24T08:47:54Z,20,Gaming,Iraa
_diDNxI9lkM,Watch Water Turn Into a Glowing Ice Lantern in Freezing Air! ❄️✨,2026-02-17T12:30:17Z,6916168,0,20,2026-02-24T08:47:54Z,24,Entertainment,Facts Ki Story
ssu_1ljppoA,A roupa 🐘🦊🐷 Emilly Vick💗Ketlen💜Leozinho💡,2026-02-17T21:15:06Z,7434983,134093,314,2026-02-24T08:47:54Z,22,People & Blogs,Super Aventura
vJk33ppCaAI,This Golf Gadget Is Banned for a Reason 😳,2026-02-18T13:01:51Z,7732097,74660,103,2026-02-24T08:47:54Z,27,Education,Mindsy
otgNWj4OI4Q,Police Officer Gives Kids a Moment They Will Never Forget…,2026-02-21T19:27:26Z,7136342,201416,1362,2026-02-24T08:47:54Z,22,People & Blogs,Crisis Cams
FAFE4cgt7vE,Simran enters a Powerless World🌎💪🏻😱|Simran Makhija| #shorts #school #schoollife #funny #comedy,2026-02-20T00:30:24Z,7189741,85392,53,2026-02-24T08:47:54Z,22,People & Blogs,Simran Makhija
ik_LrOYA5Y8,Este truco loco obligó a la iglesia a comprar su casa 😱🐷 #shorts,2026-02-20T15:07:33Z,7880008,0,291,2026-02-24T08:47:54Z,24,Entertainment,sir janbaa
8Lu_hl-r88w,You don’t get a BETTER high protein snack than this 🫡🇿🇦 (67g protein/100g) #mealprep,2026-02-19T16:52:03Z,7265401,177876,3158,2026-02-24T08:47:54Z,17,Sports,Noel Deyzel
cRgBCNJ9g74,This Is NOT a Reflection… It’s Twins 👬🔥,2026-02-18T03:30:27Z,8162503,94027,264,2026-02-24T08:47:54Z,22,People & Blogs,MC REPEAT
m6_s6ANu3E8,Putting Ai Police Through a Moral Test 🚔⚖️,2026-02-17T13:06:54Z,7179877,120125,1990,2026-02-24T08:47:54Z,22,People & Blogs,Þolemod
2FPDWMvolfw,Who else has a separate stomach for desserts? #itbelikethat #justforlaughs #motherson #dessert #yum,2026-02-20T04:23:46Z,7723492,214760,523,2026-02-24T08:47:54Z,22,People & Blogs,Michelle Tiang
Q51mbsIB1GY,Will KFC Fill The Worlds Biggest Bucket?,2026-02-17T16:00:41Z,61243079,1644364,2661,2026-02-24T08:54:00Z,24,Entertainment,DanCookedIt
SkXEOg9-pwg,…and the reaction speaks for itself 🫶🥇,2026-02-20T19:10:34Z,35189864,380341,1409,2026-02-24T08:54:00Z,17,Sports,Olympics
6zD2tmUokmI,Kanye Samples Like A Boss,2026-02-19T00:00:18Z,25369417,463322,3126,2026-02-24T08:54:00Z,24,Entertainment,ePianoh
kCEZ4s7dKQo,Shower under an Umbrella😂 傘の下でシャワーを浴びる,2026-02-20T01:01:01Z,28383235,80369,22,2026-02-24T08:54:00Z,24,Entertainment,TTINY BOY
_TLaN8h2Ms0,What you choose the durian ladder 🪜 🥑,2026-02-17T15:01:40Z,24562609,88865,14,2026-02-24T08:54:00Z,22,People & Blogs,Thong To Short Fun
6_LD7s4d234,He deserves an Olympic medal 🔥#olympics#winterolympics2026 #winterolympics #video #figureskating,2026-02-18T00:50:07Z,19720334,342884,1421,2026-02-24T08:54:00Z,17,Sports,Ian Gunther
Xto32bRZPwA,When An Arab Serves Indian Food,2026-02-21T11:08:12Z,15998317,501738,2865,2026-02-24T08:54:00Z,19,Travel & Events,Khalid Al Ameri
D8ilttqEW2k,Which animal cause the most damage #shorts,2026-02-17T18:42:50Z,12179251,165778,857,2026-02-24T08:54:00Z,22,People & Blogs,VITMI
0qDo88oZD34,嫌がらせ行為を目撃した教師のガチ対応,2026-02-19T02:00:01Z,8050836,158560,1939,2026-02-24T08:54:00Z,1,Film & Animation,一分世界
97yKWpq1ykQ,a pessoa MAIS BAIXA do mundo,2026-02-21T15:00:00Z,7707707,164138,1427,2026-02-24T08:54:00Z,24,Entertainment,Giuliana Mafra
yH20Z2FsGzw,He turned an awkward moment into a sweet one ❤😍... #priyankachopra #nickjonas #shraddhakapoor #edit,2026-02-18T10:06:20Z,8076044,65110,132,2026-02-24T08:54:00Z,1,Film & Animation,Filmy Beats 
bvTXF49udAY,A HISTÓRIA DE SUPERAÇÃO DA GIULIANA MAFRA - Peraltas Comedy #giuliana #peraltascomedy #shots,2026-02-17T15:01:04Z,7223517,215825,4938,2026-02-24T08:54:00Z,23,Comedy,Peraltas Comedy 
8erQRvNBNeQ,I’m Never Buying a Robot Vacuum Again! 📉 Roomba Fail,2026-02-17T17:49:40Z,8556365,17313,1306,2026-02-24T08:54:00Z,24,Entertainment,Dahiyane Bilgiler
JG5-JPaBQvU,Fizeram bullying no colégio com a minha filha...,2026-02-19T17:00:19Z,7181159,66692,388,2026-02-24T08:54:00Z,24,Entertainment,Kelvin & Marina l Casal do Humor
1vFMjwLRCh4,Use a bucket to splash paint on the hood. #เคาะพ่นสี #ช่างทำสีรถยนต์ #automotive,2026-02-20T02:14:57Z,9332445,27281,628,2026-02-24T08:54:00Z,22,People & Blogs,อุไร การะจักร
KnATPoaNMc0,a baby who is a thirsty dog,2026-02-18T05:17:08Z,7030091,64753,573,2026-02-24T08:54:00Z,22,People & Blogs,Tiny Smile Studio
1Kf7rH7YIh8,Esta abuela se disfrazaba todos los días para hacer sonreír a su marido #shorts,2026-02-19T23:00:02Z,6178974,0,22068,2026-02-24T08:54:00Z,24,Entertainment,sir janbaa
kdYXK06iFbc,La Chica Más Amable Del Mundo 😯❤️,2026-02-21T15:01:20Z,6531673,132256,341,2026-02-24T08:54:00Z,24,Entertainment,El Chico Estrella 🌟
DkBIlBKr_w4,A Father’s Love for His Son and Daughter 🥹❤️,2026-02-17T14:33:06Z,5871910,117417,242,2026-02-24T08:54:00Z,10,Music,Teddy Dear
pD2rC0jMvtE,ele Bateu o Recorde e Continuou,2026-02-19T19:03:41Z,6432034,411128,1731,2026-02-24T08:54:00Z,27,Education,"Investiga, Pinhel! "
CawIWxOnACA,Batman really turned into a kid and still kept his rizz at zero... 😭🥀 #dc #shorts #memes,2026-02-21T13:49:42Z,6651276,324209,1859,2026-02-24T08:54:00Z,22,People & Blogs,SafeHaven
A3tSCIhqj_Y,Minecraft In a MILLION Years...,2026-02-22T03:22:28Z,6544184,219050,1334,2026-02-24T08:54:00Z,20,Gaming,Fangorn
NW6GIiN1xvk,"The One You Look Down On, Might Be The Hero You'll Need Tomorrow #lifelessons",2026-02-20T22:31:34Z,5613402,152315,1816,2026-02-24T08:54:00Z,,Unknown,
K1WL00Qu6Hk,📡🛑 Can Radar Find a Body Hidden in Cement?,2026-02-20T19:34:11Z,6414765,240145,2297,2026-02-24T08:54:00Z,28,Science & Technology,Zero Theory
z9AWzvLFxQo,Transformaron una cuchara en un recogedor,2026-02-18T01:30:57Z,7496658,27794,53,2026-02-24T08:54:00Z,24,Entertainment,Nocheon
kl8UCmCIpSU,Yes or No? (Make a random drink challenge) Part 98,2026-02-17T22:00:54Z,6827606,262304,884,2026-02-24T08:54:00Z,24,Entertainment,Godfrey Twins
ThU6LK8xEdE,Gold medalist Alysa Liu has a BLAST in the exhibition gala | Winter Olympics 2026 | NBC Sports,2026-02-21T22:35:45Z,3341738,99583,2703,2026-02-24T08:54:00Z,17,Sports,NBC Sports
rrICaz6RxBA,KEKUATAN ISTIQOMAH SHOLAT WALAU PUN DI AREA NASRANI,2026-02-20T09:53:58Z,13426224,36580,1001,2026-02-24T08:54:00Z,22,People & Blogs,Raja Ryzal Kelayang
chTNXwVQg0Y,Este Artista Engañó A Tu Cerebro En Segundos 😵 #tonyfranco,2026-02-19T23:00:50Z,6713198,167821,425,2026-02-24T08:54:00Z,22,People & Blogs,Tonyfrancog
#NAME?,Hiding as a CLOUD Until My Friend Notices!,2026-02-20T16:59:46Z,5297347,177857,1158,2026-02-24T08:54:00Z,20,Gaming,CoffeeFuelledGenius
4n2HTFDoEC8,Girl robbed a statue thief 😮 | RESPECT |,2026-02-19T02:06:02Z,5659745,0,22,2026-02-24T08:54:00Z,24,Entertainment,Respect Boron
Sskh-A_0w9c,A hitman walks in on the ultimate bro moment... and has NO idea how to process it. 😂🫘,2026-02-21T10:30:22Z,5571833,125654,322,2026-02-24T08:54:00Z,1,Film & Animation,Fae Plunkett
MPuqvgdIQz0,I Got a New MOM?,2026-02-22T13:00:39Z,5713938,127955,114,2026-02-24T08:54:00Z,24,Entertainment,Zhong
Ir58FFWLyQ8,A bañarse con agua fría 🚿 #alemania #humor #alemana #colombia #cultura,2026-02-18T17:56:29Z,5784480,75132,733,2026-02-24T08:54:00Z,22,People & Blogs,Jose y Maggi
5a6YDUdQUE0,NO DEJES CAER A RUMI😰💔,2026-02-19T01:25:09Z,6274783,55800,32,2026-02-24T08:54:00Z,24,Entertainment,Roythithi
ieFSsRr-dAc,Dirt bikes need registration and a plate... #shorts,2026-02-17T14:30:46Z,5235534,221839,3108,2026-02-24T08:54:00Z,24,Entertainment,Throttlehead
W4h-zPiK1aM,Building a Highway Bridge on a Vertical Cliff | Real Engineering,2026-02-18T20:46:11Z,6409172,0,235,2026-02-24T08:54:00Z,22,People & Blogs,GeoRevive
TfrOPI5AM10,Kalian juga punya kan celengan seperti ini? #shortvideo,2026-02-17T23:36:37Z,6331677,62204,0,2026-02-24T08:54:00Z,22,People & Blogs,Ninis marsela
MCx6ngtDveQ,"Meu irmão Vinícios APRENDENDO A LAÇAR, Treinando laçando nóis #irmãos #humor #familia #laço #feliz",2026-02-17T21:00:19Z,5447319,94483,398,2026-02-24T08:54:00Z,22,People & Blogs,A ruiva da roça / Fabio Castro
R6zZrUHFrI0,The Woman Who Poisoned Her Own Lookalike 😨,2026-02-21T15:30:28Z,5676215,281312,1954,2026-02-24T08:54:00Z,19,Travel & Events,Zack D. Films
I3DS8Jp023Y,A Coconut with Striking Color Contrast,2026-02-17T18:01:13Z,5881518,89458,118,2026-02-24T08:54:00Z,22,People & Blogs,CoCo
q_-dV6ZHxJw,você respira MELHOR que a maioria?,2026-02-19T23:00:00Z,10158462,129990,595931,2026-02-24T08:54:00Z,24,Entertainment,Giuliana Mafra
DDB5BWxIZ1Q,Bhikari Chal Mercedes Built the CLR GTR at $2.5M only a few lucky drivers experienced#reelschallenge,2026-02-20T08:00:13Z,7908925,26160,9,2026-02-24T08:54:00Z,22,People & Blogs,Monster Reaction
4ujJzFjvFag,Never Do This at a Water Slide! 😱,2026-02-21T07:35:41Z,6489199,0,11,2026-02-24T08:54:00Z,27,Education,Facto Knock
o_uc2XK-45I,A Wild Wolf Begged Me for Help… I Couldn’t Believe Why,2026-02-18T20:05:06Z,6142510,62192,217,2026-02-24T08:54:00Z,24,Entertainment,Cooked Content
QqCbYMrOPmI,He Built a Fence… THROUGH His Neighbor’s Garage! 😳🔨,2026-02-18T01:01:48Z,5778238,104881,918,2026-02-24T08:54:00Z,22,People & Blogs,Case Dismissed
KfFkrVR1Hr8,"Introducing the ""VitalWear SmartBand,"" a next-generation wearable gadget🎉 part 377",2026-02-22T06:03:37Z,5713730,0,271,2026-02-24T08:54:00Z,22,People & Blogs,Official Mohit Bhind
aWIBC40SM0k,Bullies Mocked a Small Kid… Until His Cop Dad Showed Up 👮‍♂️🔥,2026-02-17T16:08:23Z,5076179,0,11019,2026-02-24T08:54:00Z,22,People & Blogs,Cyberjao
m0BFZkPsoWY,Twenty One Pilots - Drag Path (Official Video),2026-02-17T23:02:14Z,3002428,250673,11445,2026-02-24T08:54:00Z,10,Music,twenty one pilots
xGc78O6FUpk,The Principal Called ☎️,2026-02-18T16:47:23Z,4639843,162162,1418,2026-02-24T08:54:00Z,22,People & Blogs,Meatlicious
6_Gk66rtNvo,China Just Built a 28km Underwater Tunnel Cutting Travel Time to 30 Minutes ❤️‍🩹,2026-02-20T15:30:08Z,16685091,222628,3376,2026-02-24T08:57:22Z,10,Music,Endless Love
ZnUx1fDagBc,Así NO llegaré a Mi Base....💀 #roblox,2026-02-18T19:22:30Z,5340101,168248,288,2026-02-24T08:57:22Z,24,Entertainment,Rtres
LZNo-479W4s,Mi Amigo Es Un Therian !!😱🤯,2026-02-19T17:33:34Z,4825215,114200,1988,2026-02-24T08:57:22Z,24,Entertainment,YOLO AVENTURAS
3ai5XCIIlj4,My Dog Risked Everything to Save a Bear Cub 🥺🐾 #animalrescue #emotional #animals,2026-02-20T16:31:22Z,4699820,0,1329,2026-02-24T08:57:22Z,22,People & Blogs,AniStory
94_EzFJniQc,He Taught Her To Become A Sniper 🥶 | Leon The Professional | #shorts,2026-02-19T16:32:48Z,4923514,84571,363,2026-02-24T08:57:22Z,1,Film & Animation,HYPEFLIX
7l36sprUB00,"""How Much for the Entire Night?"" Negotiation Gone Wild | ""It's a New York Savings and Loan Check...",2026-02-18T07:26:19Z,5711752,143630,1676,2026-02-24T08:57:22Z,1,Film & Animation,DysonEdit-z4h
miMXLq6c0wk,A Husband’s Desperate Revenge,2026-02-18T13:01:31Z,5002964,137940,116,2026-02-24T08:57:22Z,22,People & Blogs,aiStory008_01
etB6_TOjxCk,Una SEÑORA COREANA me llevó a su CASA 🇰🇷😳,2026-02-20T01:44:20Z,4841348,159893,414,2026-02-24T08:57:22Z,10,Music,Camila Merchant
itEM-IZFxSs,He’s a hidden leaves ninja #stitch #funny #shorts,2026-02-18T00:41:03Z,5140382,144273,1724,2026-02-24T08:57:22Z,22,People & Blogs,Mick’s Life
6jMhFSNpJuY,Mercedes Built the CLR GTR at $2.5 🏡 M only a few lucky drivers experienced power 😅🍓#reelschallenge,2026-02-21T02:30:05Z,6078794,0,5,2026-02-24T08:57:22Z,24,Entertainment,Masuma Official Shorts
I_xP8TjA45E,¿Podrá su mamá reconocer a Rumi? 🤔 Jinu Vs Mira Vs Rumi,2026-02-18T18:35:45Z,5430267,196805,475,2026-02-24T08:57:22Z,24,Entertainment,Firey Football Sp 
3T4YGqKlYEY,La hermana mayor crió a sus dos hermanas menores ❤️ #shorts,2026-02-18T21:30:00Z,6123828,54384,124,2026-02-24T08:57:22Z,22,People & Blogs,Benzoza
-9n5NSwvNyA,unique way to open a coconut,2026-02-17T09:09:18Z,5669194,35113,10,2026-02-24T08:57:22Z,26,Howto & Style,Lagot Tv
2XY4W7ZyPms,"The Old Man Built a Bamboo JCB, Won a Prize, and Helped Poor People's #shorts #ai #craft #humanity",2026-02-19T13:11:46Z,5242342,0,82,2026-02-24T08:57:22Z,27,Education,আলোর ডাক
dBKDE0mJ8qo,Ranking The Best I'm Just A Baby Trend (new) #shortsviral,2026-02-19T16:12:01Z,5101359,72809,596,2026-02-24T08:57:22Z,24,Entertainment,Panzu
c5VA3_pdzM4,12m subs complicated Mercedes Built 😅only a few lucky drivers experienced power#reelschallenge,2026-02-21T14:49:35Z,9414179,0,2,2026-02-24T08:57:22Z,22,People & Blogs,koko Atika
DjH425dDePU,"Introducing the ""VitalWear SmartBand,"" a next-generation wearable gadget",2026-02-19T03:57:22Z,5641052,67906,149,2026-02-24T08:57:22Z,22,People & Blogs,susanta Shorts video 
MAOhJws6aug,@seppseats great recipe! #mushroom #sandwich #vegan #plantbased,2026-02-21T01:51:12Z,3927225,255336,3164,2026-02-24T08:57:22Z,22,People & Blogs,The Plant Slant
5Pm0XuIfx-E,Rumi ketemu boneka jadi jadian 😱 #kpopdemonhunters #rumi,2026-02-17T14:00:11Z,5557368,56401,10,2026-02-24T08:57:22Z,24,Entertainment,Riki Darmawan
FYaB_b2Hm2A,El truco de las esposas de esta chica dejó sin palabras a la policía 🔥 #prank #funny #cops,2026-02-19T21:16:08Z,6020110,166195,305,2026-02-24T08:57:22Z,24,Entertainment,Pablo Pol
VBq-u6bj-D4,Un hombre que fue a cortar leña en la colina  rescató por casualidad a un gatito. #animales #animals,2026-02-18T00:37:25Z,5545760,108155,395,2026-02-24T08:57:22Z,15,Pets & Animals,Apus
4Cua_ErIuFY,Ranking The Best Make a Word Challenge Moments,2026-02-20T13:19:16Z,4815846,49771,239,2026-02-24T08:57:22Z,15,Pets & Animals,Voidem Ranking
Ov_s4ukdC-4,Why Is American Food Built Different (In the Worst Way)?,2026-02-20T23:45:17Z,4586887,201072,10933,2026-02-24T08:57:22Z,26,Howto & Style,OptimalHealth
NXhpDEhOuCI,Nastya is helping her little friend find a super nanny,2026-02-18T08:00:32Z,2665694,3030,0,2026-02-24T08:57:22Z,24,Entertainment,Like Nastya
0xtwybfuS4M,"A ""Star Wars"" Fan Who Died Tackling The UNC Charlotte Shooter Has Been Honored As A Jedi",2026-02-21T19:30:00Z,8099438,112273,1277,2026-02-24T08:57:22Z,22,People & Blogs,GojoSxn
HEuMlEt36x4,Don Frye imitating Sydney Sweeney at a UFC event will never not be funny 😭,2026-02-21T14:12:48Z,5430572,85818,495,2026-02-24T08:57:22Z,22,People & Blogs,POPVEIN
goVekf4Iqco,Гениальный способ идеально выровнять пол без бетона,2026-02-20T04:30:24Z,4894028,25612,1076,2026-02-24T08:57:22Z,28,Science & Technology,ParanormX
_iUO020VIaA,좀 심한 보디빌더,2026-02-17T23:00:43Z,5297475,73238,420,2026-02-24T08:57:22Z,1,Film & Animation,볼것
cSo_I7w0-kY,Genius DIY: Converting An Old Bike Into A Dual-Cylinder Air Motor 🌬️,2026-02-19T17:28:49Z,7071468,14679,147,2026-02-24T08:57:22Z,28,Science & Technology,Peace Working Shorts
5NjWCJXX4wM,A Hellish Treatment Method… It Hurts Before It Heals 😨🏥#movie #shorts,2026-02-20T10:20:34Z,5514654,167057,785,2026-02-24T08:57:22Z,1,Film & Animation,BriannaCole
os-bbISnCPY,"""He wanted a chocolate, but then... 😱🤢""",2026-02-19T15:00:14Z,4976436,0,7,2026-02-24T08:57:22Z,24,Entertainment,FACTLY TANISH
HFcYwqvKs80,A Poor Mom’s Biggest Gift for Her Child 🥺❤️🎁 #aivideo #puppymahel #gugufilms #animahal,2026-02-20T13:00:35Z,5158856,54529,102,2026-02-24T08:57:22Z,22,People & Blogs,GUGU FILMS🎬
TUpKEQ5pqm8,Olvidan A Chico En Prision 😧,2026-02-21T17:00:44Z,5219944,115995,195,2026-02-24T08:57:22Z,24,Entertainment,Dan
MNfJAQ_AV9M,HEART-STOPPING RESCUE: Saving a Puppy from a Medieval Village to a Zoo Gorilla Pit!,2026-02-17T16:24:05Z,3987266,61491,477,2026-02-24T08:57:22Z,22,People & Blogs,GoofBalls
r4pezU-cO-I,狩り中の猫、完全に馬扱いされる。,2026-02-19T05:13:14Z,5338720,84108,764,2026-02-24T08:57:22Z,24,Entertainment,lala time
3Gf-5rlmZcw,one minit me a saree nikal deti hun....  #bollywood #np_edittz #viralshorts,2026-02-18T09:15:01Z,5444967,39286,10,2026-02-24T08:57:22Z,24,Entertainment,np_edittz
HL8WN2L3EmI,Cuci baju di putar sepeda!!,2026-02-17T11:15:02Z,6298427,21976,4,2026-02-24T08:57:22Z,15,Pets & Animals,Yuki Rupat
4aLfMfP0M84,😱 I Saved a Cat From a Medieval Guillotine…🐱,2026-02-18T21:40:34Z,3908617,65223,742,2026-02-24T08:57:22Z,15,Pets & Animals,AnimalsSaver 
RT3lD_TKQO8,a story of princess dress 👗 ~ mini wood toy-woodworking art skill /wood / hand crafts/ #shorts,2026-02-21T02:43:13Z,5776884,0,4,2026-02-24T08:57:22Z,24,Entertainment,gaming mind
n8NQVMS0ylw,Hoy diecinueve de febrero la tierra llegó a la mitad de su vida,2026-02-20T00:40:00Z,4365408,94489,1489,2026-02-24T08:57:22Z,24,Entertainment,Khe! de Ketz
gJCstXcRZwE,"A Motorcycle, A Dream, A Family ❤️🏍️#shorts  #movieclips #film",2026-02-19T12:15:00Z,4491969,134466,292,2026-02-24T08:57:22Z,1,Film & Animation,SoulshareTV
S80d2udNyX0,ジャンケンを実写化した結果がこちら,2026-02-19T09:48:26Z,5191079,83785,333,2026-02-24T08:57:22Z,24,Entertainment,2ch面白すぎワロタw
9t5m33ccUYA,The Uncomfortable Truth About Ozempic,2026-02-17T14:59:14Z,2426311,111067,14919,2026-02-24T08:57:22Z,27,Education,Kurzgesagt – In a Nutshell
zJJ1ADrxTEI,A estratégia de defesa mais inesperada #curioso #bichos #animais,2026-02-19T07:31:30Z,4829433,108182,1397,2026-02-24T08:57:22Z,15,Pets & Animals,ANIMALANDIA
imJglPFlMoU,NI SIQUIERA llegaban a TOCAR el BALÓN 🤠🤣 #shorts #curiosidades #divertido #deporte #risas #futbol,2026-02-21T20:01:01Z,4554625,68217,207,2026-02-24T08:57:22Z,24,Entertainment,AprendeYDivierTT
AoM4ZL9JiH4,He Found a Huge Beehive in His Wall 🐝🧱 #shorts,2026-02-22T02:26:53Z,4645998,44121,143,2026-02-24T08:57:22Z,22,People & Blogs,Infi's Diary
ZOiaEIaHBrQ,A Woman's Life 😢 । Swesufe Love Status । #shorts#song#movie,2026-02-21T03:57:35Z,4886064,0,179,2026-02-24T08:57:22Z,1,Film & Animation,Swesufe Love Status
9huc38TDyIE,FIZ UMA MÚSICA COM EMOJIS?! 🤖🪥,2026-02-20T15:00:15Z,5080211,35735,113,2026-02-24T08:57:22Z,22,People & Blogs,Cacau Haxkar
QRfZdB5K0yo,UMA MÃE DISSE QUE A FILHA NUNCA IA COMPRAR UM SUPER CARRO,2026-02-17T23:00:36Z,4969393,144703,466,2026-02-24T08:57:22Z,24,Entertainment,Weise2
ypVlb5PwkvA,Music Mercedes Built the CLR GTR at $2.5 😅 M only a few lucky drivers experienced #reelschallenge,2026-02-20T07:05:00Z,6148839,0,9,2026-02-24T08:57:22Z,22,People & Blogs,Faheem Ullah
96qzPVYOpyE,Escondí a MrBeast en mi video (y nadie se dio cuenta).,2026-02-22T00:06:42Z,10745478,297114,2292,2026-02-24T08:58:21Z,24,Entertainment,GONZOK
5Fnu3I4IRpI,#movie He's right behind you🔪👻 | The Invisible Man (2020),2026-02-18T11:22:15Z,9071484,79610,580,2026-02-24T08:58:21Z,1,Film & Animation,Bednarski 
17mV5NsZpos,I Hid Real Gold at a Football Stadium,2026-02-18T13:39:16Z,8410023,132677,292,2026-02-24T08:58:21Z,17,Sports,John Nellis
OC9SwMtaqIQ,The First Offer Is Almost Never the Best One 👇,2026-02-17T20:02:51Z,9197624,192640,360,2026-02-24T08:58:21Z,24,Entertainment,mdscae
8myfQaem1zY,Rumi Está En El Hospital!,2026-02-17T20:06:00Z,7500292,278243,735,2026-02-24T08:58:21Z,24,Entertainment,Karla Bustillos
41V19HJSmvU,Choose a pair of sandals 🧦🥰🦶🏻 Leather foot slippers 🥰🦶🏼🧦 #love #viralvideoshorts #trendingshorts,2026-02-17T09:42:36Z,10536570,37227,8,2026-02-24T08:58:21Z,24,Entertainment,BaBa Toys
l-9H3i_ojis,He's gone mad; he's keeping a Burmese python as a pet💀,2026-02-18T17:01:16Z,4606895,163270,915,2026-02-24T08:58:21Z,22,People & Blogs,Denisio Czelusniaki
TEgQI3x0eMM,This is a painful challenge!,2026-02-21T12:00:44Z,4568328,38557,80,2026-02-24T08:58:21Z,17,Sports,Volleyball Remix
gfOam_0Ttnk,👩🏻‍🎨🖼️ She Melted Skittles to Draw a Cake 🤪🕺🏻🏆,2026-02-20T20:54:41Z,4536403,36164,0,2026-02-24T08:58:21Z,23,Comedy,BorisKateFamily
ylKZcvgdiqE,A regra é clara: ferrou! 🤡 #humor  #casal #trolagem,2026-02-19T22:53:05Z,4576921,59325,548,2026-02-24T08:58:21Z,10,Music,Music Cuts BR
9Ybp4O9EeOc,Always watch the mirrors while driving and be careful using a potty on a highway. #trucking #pickup,2026-02-22T00:37:20Z,6923646,60309,2861,2026-02-24T08:58:21Z,2,Autos & Vehicles,Alan Trucker
EtFsLW2CpeY,A disabled duckling helps his cat friend 🐥apreew #DuckRescue #CuteAnimal #AnimalRescue,2026-02-21T13:00:32Z,4310270,27108,22,2026-02-24T08:58:21Z,27,Education,facts punam
A4rlqqpxhdc,Never in a million years Jeff 😅 #jeffdaniels #sandwich,2026-02-22T03:18:45Z,3580767,151742,4574,2026-02-24T08:58:21Z,22,People & Blogs,The Plant Slant
bhRetAmTCyA,¿Que Barco Moverá a Spiderman? 🕸️🚤,2026-02-22T22:11:22Z,4223982,120410,591,2026-02-24T08:58:21Z,24,Entertainment,Alejo Igoa
Rh4LTMMccMM,"They Broke This Pug’s Pogo Stick, He Still Fed a Hungry Kitten 😭",2026-02-21T23:44:11Z,3766779,47054,516,2026-02-24T08:58:21Z,1,Film & Animation,The GPT Stories
#NAME?,What Happens If You Land On a Cloud‼️😱☁️ #shorts,2026-02-21T22:13:38Z,4440706,70155,192,2026-02-24T08:58:21Z,22,People & Blogs,Sqrion
y9ck6QY-PTM,She Asked the Question Too Fast 👇,2026-02-21T07:02:16Z,4433209,106391,1084,2026-02-24T08:58:21Z,24,Entertainment,mdscae
wZOBW5HZc4k,I MADE A BLUE WATERMELON 😱,2026-02-18T18:31:30Z,4733176,59393,274,2026-02-24T08:58:21Z,20,Gaming,Savage Vlogs
DtJ0fKGCTNU,Nicola Coughlan Would Make Such a Wonderful Mother #bridgerton,2026-02-21T19:49:47Z,5811387,84253,281,2026-02-24T08:58:21Z,22,People & Blogs, The Shady Mic
V09ol13IakU,Mother's Love Give you a Golden Super Car !!,2026-02-22T02:18:55Z,3933083,86507,90,2026-02-24T08:58:21Z,22,People & Blogs,Ahad
KDrAYZl104I,❤️   Red 👀 she's always a VIBE ❤️ Comment ⬇️,2026-02-19T03:02:09Z,4844920,61399,541,2026-02-24T08:58:21Z,22,People & Blogs,Step At Home
r004YL91Nx8,頭空っぽで見れる釣りまとめ,2026-02-18T05:01:02Z,4329344,60829,243,2026-02-24T08:58:21Z,22,People & Blogs,何もなかつた
gaLvpAaVnP0,pov: you are a brainrot (escape tsunami for brainrots) #roblox,2026-02-20T03:00:47Z,4097155,39737,283,2026-02-24T08:58:21Z,20,Gaming,NicoBlox
LjMocl0hBvc,Michael Bennett’s AGT Performance Hits Deep With a Story of Loss and Love,2026-02-18T01:27:29Z,5288436,104984,1616,2026-02-24T08:58:21Z,24,Entertainment,Tears and Talents
3-EgL9gl3QQ,el AMIGO sabía LO QUE IBA a PASAR 🤫🤣 #shorts #fail #divertido #humor #risas #autos,2026-02-22T00:01:10Z,4974938,41940,70,2026-02-24T08:58:21Z,24,Entertainment,AprendeYDivierTT
l6WknPWASBQ,LE AVIENTAN ESTO A LUIS ANGEL EL FLACO #luisangelelflaco #virals #viralvideo #shorts,2026-02-20T20:00:40Z,5867102,35614,184,2026-02-24T08:58:21Z,10,Music,Music News Oficial
u8CeECBN9is,“How Raw Pressery Built a 500 Crore Brand… Then Lost It” #shorts,2026-02-20T10:32:34Z,4078875,0,125,2026-02-24T08:58:21Z,27,Education,Shubham Rajput
VDYWq7oNXXQ,"Introducing the ""VitalWear SmartBand,"" a next-generation wearable gadget🎉🎉 part 374",2026-02-21T12:25:18Z,4637254,0,71,2026-02-24T08:58:21Z,22,People & Blogs,Official Mohit Bhind
lue-0gSSfRc,Fantastic a Goal☠️🚀🔥 #eafc24 #eafifa #shorts #football #trending #funny #edit #viralvideo #viral,2026-02-21T15:00:07Z,5205807,13195,42,2026-02-24T08:58:21Z,17,Sports,MNCR7
okxSW7ctuzU,地面に立てなかった馬が再び走れるまで！,2026-02-20T23:00:52Z,3571129,53052,423,2026-02-24T08:58:21Z,24,Entertainment,ショート劇場
2VV9m_S410I,Extracting the soul from coffee,2026-02-20T18:14:43Z,3485799,200311,4424,2026-02-24T08:58:21Z,28,Science & Technology,NileRed
Y2wX5x8lp-0,Becoming a mermaid is not easy.,2026-02-19T14:25:52Z,4403205,0,70,2026-02-24T08:58:21Z,24,Entertainment,Apna Scenario
seVCCBZ87MM,Young Man Prays for a Wife to Join Him in Salah | Heartfelt Ramadan Moment #islam #prayer #ramadan,2026-02-21T04:53:18Z,7003823,88297,116,2026-02-24T08:58:21Z,24,Entertainment,"Hoor Collection
"
39rygjIpeq8,"Introducing the ""VitalWear SmartBand,"" a next-generation wearable gadget,",2026-02-18T02:04:27Z,4461385,30742,18,2026-02-24T08:58:21Z,22,People & Blogs,Happy Toons
udztNa2l5Rk,Beautiful Reunion with a Cygnet and Its Swan Parents ❤️,2026-02-19T16:01:21Z,3618806,131532,2557,2026-02-24T08:58:21Z,15,Pets & Animals,We Love Animals
txZqy1ikb9k,THIS BEDROOM IS INSANE 😳 3D Basketball Epoxy Floor with a Plot Twist #epoxy #homerenovation #shorts,2026-02-21T01:32:13Z,4159864,19459,34,2026-02-24T08:58:21Z,24,Entertainment,Pure Space Alchemy
qZ_1C4mi9JM,From Simplicity to a Better Life 🥺🤲😇#shorts #adindapuzzle,2026-02-21T08:04:45Z,4823921,64005,240,2026-02-24T08:58:21Z,22,People & Blogs,Adinda puzzle art
SCsLclxfaI8,I Found a Siberian lion Nursing on My dog... 😱🐕‍🦺,2026-02-18T17:42:07Z,4419645,115266,438,2026-02-24T08:58:21Z,15,Pets & Animals,Hashmoo
734twB8TO3Y,¿Cuántos Globos pueden DETENER a RUMI? 🤔,2026-02-19T21:31:16Z,3581853,92722,238,2026-02-24T08:58:21Z,24,Entertainment,Leo Show 
25J98xaR6x8,La Niña Quiere Jugar A Cocinar Con Sus Mascotas 😲🐶,2026-02-20T17:00:07Z,4815225,24020,16,2026-02-24T08:58:21Z,22,People & Blogs,YoSoyCactus
OoA4xLPfpEY,Обидно что вы думаете что я читерю,2026-02-20T13:00:00Z,3801700,119935,721,2026-02-24T08:58:21Z,22,People & Blogs,ПОСЛЕДНЯЯ ИЗВИЛИНА
92BIPdjS8K8,When section C student comes in section A 😂 Part - 1 #shortvideos,2026-02-21T09:59:01Z,4106706,18262,37,2026-02-24T08:58:21Z,22,People & Blogs,Adang Deangel
yNfilTp9Gjg,Jinu is a true hero！🐙🐙🐙#kpopdemonhunters​  #kpop​ #jinu​ #rumi​ #spidermanps5​  #shorts​,2026-02-18T13:17:30Z,3526484,81035,85,2026-02-24T08:58:21Z,22,People & Blogs,irfan bin jakaria 989
gTsoKTq0lhc,QUANDO A MÃE NÃO CONSEGUE PERGUNTAR NOS FILMES,2026-02-19T23:01:01Z,4250572,221081,2218,2026-02-24T08:58:21Z,24,Entertainment,O Victor Magalhães
ALqdC_V-tpw,Simran enters a Crazy World🤪🌍😵‍💫|Simran Makhija| #shorts #school #schoollife #funny #comedy,2026-02-22T00:30:09Z,3867848,54007,64,2026-02-24T08:58:21Z,22,People & Blogs,Simran Makhija
HYAHiGJNphE,Help Herobrine Gain Power and Slash Them With a Sword - Minecraft Animation #shorts,2026-02-19T00:00:30Z,3999207,155106,78,2026-02-24T08:58:21Z,1,Film & Animation,BuddyCreeper
IarPPCbexSo,Hide & Seek: Cleaning a Sheep Pelt the Old Way 🧶🐏,2026-02-21T01:00:17Z,6740080,7412,70,2026-02-24T08:58:21Z,28,Science & Technology,Discovery and Learning
ffVisJIagXM,TIKTOKER CONFIESA ENGAÑAR a sus SEGUIDORES 🙀 BELLA DUEÑAS,2026-02-18T17:50:31Z,3702391,60146,210,2026-02-24T08:58:21Z,24,Entertainment,SnowFlake Freak
Dm0h8_Mcrjc,A quién le salió mejor? ❤️,2026-02-18T16:38:26Z,5532997,25219,55,2026-02-24T08:58:21Z,10,Music,Andrea Gálvez
MysfMAf4ByE,A Father’s Protective Instinct in Action. ❤️🛡️,2026-02-17T17:27:21Z,4255338,0,980,2026-02-24T08:58:21Z,22,People & Blogs,Earthvision
lc5GVw46ywY,"A Small Town, A Big Dream",2026-02-21T00:15:08Z,9257844,247468,1496,2026-02-24T09:00:19Z,1,Film & Animation,StoryFrame Studios
7e3HLMpiQxE,"Kelihatannya Cuma Tali, Tapi Bisa Mematikan ⁉️",2026-02-20T21:49:00Z,9847252,43353,5,2026-02-24T09:00:19Z,22,People & Blogs,Tentang Semesta
iLJbQtTU4o4,Mount Everest is NOT the Tallest Mountain,2026-02-17T16:09:09Z,4635644,240271,3333,2026-02-24T09:00:19Z,25,News & Politics,Cleo Abram
Kx_IMMEeu8g,Silversmith a ring with me from a vintage plate and spoon!,2026-02-18T00:44:20Z,4092917,115043,255,2026-02-24T09:00:19Z,22,People & Blogs,Euphoria Rings
5x8S8tUmJhs,A Peaceful Act of Pure Devotion #lordshiva,2026-02-19T06:58:12Z,3407222,71546,43,2026-02-24T09:00:19Z,27,Education,Dharm Sagar
ius6Aaw3Gkk,Bro Left His Soul For A Second. #guitar #shorts #meme,2026-02-20T20:30:06Z,4729376,0,730,2026-02-24T09:00:19Z,24,Entertainment,JOB PETER 𝄞
pR0WCee5zdI,A Snow Leopard Chased Him Into My Tent. He Never Left♥️,2026-02-21T02:01:00Z,3726509,49323,752,2026-02-24T09:00:19Z,15,Pets & Animals,Soft Souls
zLVnf_AVMPw,It was supposed to be a secret 😭,2026-02-20T23:14:50Z,4372931,236107,1370,2026-02-24T09:00:19Z,23,Comedy,John Casterline
0eHaPMyygUc,La pelota mágica que siempre vuelve… ¡y hace feliz a todos🤯 #shorts #ytshorts,2026-02-19T21:30:00Z,4388661,0,14,2026-02-24T09:00:19Z,24,Entertainment,Siuu Factory
p_d4rhLQ09I,Agent Couldn’t Believe Emily Got Left Hanging 3 Times In A Row! 😭✌️,2026-02-18T23:19:45Z,4451468,129105,384,2026-02-24T09:00:19Z,22,People & Blogs,Succesful Celebrity
rt4pt0kx0P4,This Teen Survived a Carnival Ride Disaster 😱🎢,2026-02-19T18:01:04Z,3407435,80597,2842,2026-02-24T09:00:19Z,22,People & Blogs,Zone D' Film
7t-4Hca53Xc,Todos queremos un vecino colaborador,2026-02-18T01:00:09Z,3705206,31797,64,2026-02-24T09:00:19Z,22,People & Blogs,Jon Sinache
Y-rXzP9ciAw,This Ribbon Worm Hides a Weapon 🪱,2026-02-19T17:00:48Z,4112653,14875,271,2026-02-24T09:00:19Z,28,Science & Technology,MrScoopz
Sz9ssXVeN9Y,WE ARE CRINGE GUYS😂| A romantic interview with visakh & jayapriya | Vanitha,2026-02-19T10:30:30Z,3812667,72102,124,2026-02-24T09:00:19Z,24,Entertainment,VANITHA
dBF4d9idNfA,I Found a Ocean Epoxy Floor in Illusion 😱🌊 | Survival House step by step #shorts,2026-02-21T09:45:04Z,2846265,52729,35,2026-02-24T09:00:19Z,22,People & Blogs,Fact chat
kSnCZFE3i0c,He Turned a Monkey into a Beautiful Girl… But Karma Brought Her Back 😭 #shorts,2026-02-22T01:30:39Z,3336532,0,22,2026-02-24T09:00:19Z,,Unknown,
E5XDvD86HQU,Saat Ayah Menjadi Superhero Air! 😆💧!!#shorts,2026-02-19T17:30:02Z,3446149,0,1642,2026-02-24T09:00:19Z,24,Entertainment,Snow in
PSuwC37uhu4,ELE FEZ TUDO QUE A MÃE DELE PEDIU PRA ELE FAZER EM UM AUDIO SÓ QUE AO CONTRÁRIO 😅,2026-02-20T01:48:39Z,3893675,56329,0,2026-02-24T09:00:19Z,27,Education,Vinicius da Ilha
Mz8gytGwuAY,These Elders Don't Even Have A Chance... #shorts,2026-02-18T21:30:34Z,3049504,31117,2339,2026-02-24T09:00:19Z,22,People & Blogs,Wishness
tsGClZ2aEyI,A High Mountain Has a Higher Mountain #studentlife #lovestory,2026-02-19T12:27:32Z,3368661,56753,76,2026-02-24T09:00:19Z,22,People & Blogs,Ho Sear Class
npjcdUk9EWw,“What a PC chip looks like under a microscope💀” #pcgaming #benchmark #rtx5050 #gtx1080ti,2026-02-20T05:55:21Z,4884216,60386,952,2026-02-24T09:00:19Z,28,Science & Technology,Hardware Nf
VfoK03Z6vsA,A Worthy End for a Good Person 😢✨  #scaryteacher3d #funny #animation #marvel,2026-02-18T06:41:30Z,3805323,99184,37,2026-02-24T09:00:19Z,24,Entertainment,Good Kid animation 3D
iahWnqljOEQ,This Salesman Uses A Fake Phone Call To Trick His Clients Into The Sale,2026-02-21T19:00:00Z,4491687,168997,523,2026-02-24T09:00:19Z,27,Education,Creating Wealth
kGI3tqbVcqE,A little life update ❤️ on why I’ve been slow to create content #storytime,2026-02-17T15:25:37Z,3358451,110093,559,2026-02-24T09:00:19Z,26,Howto & Style,thefurnituredr by lilly 
Kev1uIbZTGs,Terraformars (2016) | Surrounded by Roach-Men – A Squad Faces Extinction on Mars 🐜🔥,2026-02-20T11:10:11Z,3570880,38671,113,2026-02-24T09:00:19Z,1,Film & Animation,Beenle
OPqnc03F0go,SHE DROPPED HER PURSE OFF A CLIFF 😳⛰️#shorts,2026-02-20T18:50:50Z,3369751,33592,81,2026-02-24T09:00:19Z,22,People & Blogs,BikeLife Connor
LkJ-LJZcgls,💁🏻‍♀️🖼️She Created a Beautiful Beaded Artwork — and Won 🏆🕺🏻,2026-02-19T20:56:39Z,3722443,34931,0,2026-02-24T09:00:19Z,23,Comedy,BorisKateFamily
jzA1wifFGoc,¡PELEA! TRAICIONÓ a ABRAM😱│TODO FUE FALSO,2026-02-19T21:18:01Z,3428323,53953,491,2026-02-24T09:00:19Z,24,Entertainment,ELPOLLOXD
Ldn1FSRKHX4,"This Teen Survived a 3,000 Foot Skydive Disaster 😱🪂",2026-02-20T18:00:19Z,3134274,68387,3479,2026-02-24T09:00:19Z,22,People & Blogs,Zone D' Film
GlzkDyeyRdA,The Character Who Went Through The Most Pain! 😆😆,2026-02-21T19:00:11Z,4813897,94133,11958,2026-02-24T09:00:19Z,22,People & Blogs,BlobbyClips
Z0FqLezman8,Poor man was mocked for having a wooden toy gun #shorts,2026-02-18T13:48:34Z,3470836,30176,60,2026-02-24T09:00:19Z,22,People & Blogs,Payman
hXCcGTeci38,A NAMORADA MAIS GENTIL DO MUNDO? 😳🍰,2026-02-19T20:27:49Z,3510696,59444,687,2026-02-24T09:00:19Z,24,Entertainment,TV VNC - VOCÊ NÃO CRÊ 
gLb0_kho-YI,POV: Feeding a Hawk 🍟  #babyfunny #babyshorts #newborn,2026-02-18T22:00:42Z,3862075,19030,100,2026-02-24T09:00:19Z,24,Entertainment,Baby Noah
sKBzpspW79M,What would happen if you had a Raptor in Ancient Rome?,2026-02-19T14:26:20Z,3225633,87397,719,2026-02-24T09:00:19Z,22,People & Blogs,Fameflick
#NAME?,I Made a Beautiful Rose Bouquet Using Tissue Paper & Mask 😍♻️ #handmaderoses #youtubeshorts,2026-02-19T15:25:59Z,4104187,41732,110,2026-02-24T09:00:19Z,26,Howto & Style,Ruby's Creation
c9xibmisF3M,#movie TRAPPED BEHIND THE INVISIBLE WALL 🌲 A Woman's Terrifying Isolation in The Wall (2012),2026-02-20T12:32:11Z,3414157,29791,245,2026-02-24T09:00:19Z,1,Film & Animation,Bednarski 
80gZzWVAxOA,He Escaped a Maximum Security Prison With 3 Months Left… Just to See Her | White Collar S1#movie,2026-02-18T11:27:37Z,3486959,121925,306,2026-02-24T09:00:19Z,24,Entertainment,Movie Recap HQ
7a17BLQ5aHw,National Security (2003) | Earl Panics Over a Wasp,2026-02-20T11:41:56Z,3445113,103518,462,2026-02-24T09:00:19Z,1,Film & Animation,Chloer
3I6X4Aizr4I,El momento en que Barnaby volvió a confiar ❤️🐶,2026-02-19T19:30:01Z,7494121,70523,740,2026-02-24T09:00:19Z,24,Entertainment,Storiee Of Hope
S1248Y0oLuI,WHEN A SUPERPOWER BECAME A JOKE,2026-02-18T17:59:30Z,6793996,22802,501,2026-02-24T09:00:19Z,24,Entertainment,The Uncle Sheriff
t07wqEm5mR8,Satisfying Woodturning: Making a Dhol Drum from a Log,2026-02-17T15:30:39Z,3555524,24829,53,2026-02-24T09:00:19Z,2,Autos & Vehicles,Green Men Making
fmugJYkAXjg,Cereal with water is not that bad.. 🥸 #diy #baking making a green clover cookie pizza,2026-02-21T18:00:42Z,2962267,133505,2102,2026-02-24T09:00:19Z,22,People & Blogs,Serena Neel
uocrN3RAb5I,A Dangerous Prank 😂#funny #memes #cat #trending,2026-02-19T18:48:41Z,3934865,54881,81,2026-02-24T09:00:19Z,24,Entertainment,Rio Catblast
MhrA_hIwtj8,Haste Will Come At A Price [SUNNY KIND] #sunnykind #kindness #lifelessons #karma #justice,2026-02-19T15:00:40Z,4141202,15417,27,2026-02-24T09:00:19Z,27,Education,SUNNY KIND
AW7Ax2sgvjs,They dance like a machine👽🔥#Blackpink#jennie #Lisa#Blink#ASHHBLINK#Shorts#kpop,2026-02-18T13:01:08Z,3772379,67239,286,2026-02-24T09:00:19Z,22,People & Blogs,ASHH BLINK
GJY_p9EhIGY,Momen Terakhir yang Tanpa Sadar di Rekam YouTuber,2026-02-20T06:00:22Z,3637183,0,117,2026-02-24T09:00:19Z,28,Science & Technology,DurbanFLY
jNU1VLi8VDg,El único pan que no quería ser elegido 🍞😨 #youtubeshorts,2026-02-20T01:35:26Z,3298873,76443,155,2026-02-24T09:00:19Z,24,Entertainment,Benji Curioso
W_CM50wIgFU,Living inside a square for 24 Ghanta Bengali mini blog #shorts #24challenge ￼,2026-02-20T02:15:05Z,3677742,32412,144,2026-02-24T09:00:19Z,22,People & Blogs,BabonVlogs
#NAME?,Leg dich NICHT mit einem LABRADOR an 😳,2026-02-17T15:16:22Z,3742692,26971,104,2026-02-24T09:00:19Z,23,Comedy,Fabi und Sam
bRW8A3-ohYo,ALGUIEN DEMOSTRÓ a las CHICAS que ERA MAS RÁPIDO que CAYLUS en Escapar del TSUNAMI! 💀☠️,2026-02-21T00:32:56Z,3133461,0,998,2026-02-24T09:00:19Z,20,Gaming,SANTYPRO
9FQVttf9NFo,Building a Secret MAN CAVE,2026-02-18T16:57:00Z,20206051,212195,770,2026-02-24T16:57:48Z,26,Howto & Style,Not Your Basic Builds
433UAhFKtuc,I Built a Secret Jungle Bunker for my CAT 🐈,2026-02-19T16:30:01Z,19282025,99291,101,2026-02-24T16:57:48Z,26,Howto & Style,Not Your Basic Builds
7p0WsmajFyI,Built a Stunning Dream Mosque with Miftah AI Vision ✨🕌 #shorts #viral #aiart #youtubeshorts,2026-02-20T04:29:01Z,17731961,134641,206,2026-02-24T16:57:48Z,22,People & Blogs,Daniel
C5XAmjQSS1M,MY DOG SAVED ANOTHER DOG IN A TSUNAMI 😳🌊,2026-02-21T00:53:15Z,11798674,206717,1537,2026-02-24T16:57:48Z,22,People & Blogs,WildFrame
sx5TfTa97pw,Los Perros Se Enfrentaron Al Desafío De Natación 😱,2026-02-21T23:00:58Z,10584364,193182,535,2026-02-24T16:57:48Z,24,Entertainment,El Chico Estrella 🌟
S3oNZ4AT1sI,When Your Living Room Has a Crocodile Pond 😱 #satisfying #design #shorts,2026-02-19T19:00:22Z,9952916,56324,67,2026-02-24T16:57:48Z,22,People & Blogs,DEEP DESIGN
2FBpwJ5--i8,😱!My dog ran into a Sandstorm Alone to Save my Cat!🐕,2026-02-19T19:07:13Z,8682920,168002,1856,2026-02-24T16:57:48Z,15,Pets & Animals,AnimalsSaver 
3t9FOhr01Yc,"""The light hiding a big secret... 😱🚨""",2026-02-20T11:52:45Z,9034992,0,6,2026-02-24T16:57:48Z,22,People & Blogs,Oh So Fact
Ax8PrqMBFN0,Qué Le Pasó a Este Tigrito? 😰🐅,2026-02-21T21:00:00Z,7189395,210146,415,2026-02-24T16:57:48Z,15,Pets & Animals,BeluHistorias
synzqfZVJyc,The Glass Bridge Broke… Or Was It All Just a Prank?! 😱🔥,2026-02-20T12:45:38Z,10484541,37612,9,2026-02-24T16:57:48Z,24,Entertainment,BuzzFun Clips
RSyA4IJKlS0,Esta Madre Protegió A Sus Hijos Con Su Vida 😯❤️,2026-02-19T01:45:04Z,7179849,194977,651,2026-02-24T16:57:48Z,24,Entertainment,El Chico Estrella 🌟
L-i62zjI3Qc,Love by a Spell… Or Love Itself? 😳❤️ #linhchihihi #messyclassroom #schoolcrush #schooldrama,2026-02-22T10:00:27Z,7793115,207000,278,2026-02-24T16:57:48Z,22,People & Blogs,Linh Chi
ySXaLoXOYXw,BELI PUTRI DUYUNG BESAR? | NURRAYNI25,2026-02-23T03:01:03Z,6853924,73026,261,2026-02-24T16:57:48Z,24,Entertainment,nurrayni25
jEow8BxL_sA,This Man FOUND a Rare Lobster 🦞♥️,2026-02-19T01:13:19Z,5828181,90821,393,2026-02-24T16:57:48Z,24,Entertainment,GJShortz
pHNLn9tnRTs,🐶💥 ¡Rottweiler destruye su coche para salvar a su dueña de una serpiente venenosa! 🐍❤️ #animals,2026-02-18T17:01:28Z,5890144,186766,1782,2026-02-24T16:57:48Z,22,People & Blogs,trendinganimals🥳
pvzLDbMXX0U,A Cow & Her Calf Were Crying… Then a Giant Parrot Did the Impossible 😢✨#ai #cow #totalaivideob007,2026-02-20T04:14:07Z,5802524,134663,357,2026-02-24T16:57:48Z,22,People & Blogs,TotalAiVideoB007
t3YtAUcJtJg,Go swimming in a pool full of giant spiny fish #funny #funnyvideo #monster #swimmingpool #shorts,2026-02-20T14:31:23Z,6956201,19778,55,2026-02-24T16:57:48Z,24,Entertainment,Meme Pets
0HmTh8jpQdI,I Found a Giant Pumpkin Turning Into Cat Luxury House 😻🎃🏠 | Survival House Step by Step”86 #shorts,2026-02-22T10:00:07Z,5997778,0,10,2026-02-24T16:57:48Z,22,People & Blogs,OX FACT BABU
HNYh5FKYPGo,ஆம்லெட் ஆக வேண்டிய முட்டை! ஆபரேஷன் செய்து உயிர் கொடுத்த பாசம்! | Hatching a Broken Duck Egg,2026-02-19T14:45:02Z,6014666,139524,90,2026-02-24T16:57:48Z,24,Entertainment,Prabhu Lingam
7MJM8NKIC6E,An elegant entremet (modern mousse cake),2026-02-21T02:05:53Z,5173377,302792,1113,2026-02-24T16:57:48Z,24,Entertainment,Jess Wang Pastry
oRGDNf5oaFk,Epstein Crony Andrew Faces Consequences | Trump's A-List Peace Board | Did Obama Leak Alien Intel?,2026-02-20T04:50:00Z,3074296,96447,5932,2026-02-24T16:57:48Z,24,Entertainment,The Late Show with Stephen Colbert
9IPHpIHHsFY,"how to draw letter ""A"" Which one is your level?",2026-02-19T11:14:17Z,7716807,98200,480,2026-02-24T16:57:48Z,27,Education,condsty
KmTeF66iRb4,Which animal cause the most damage #shorts,2026-02-20T18:11:23Z,5424628,76626,629,2026-02-24T16:57:48Z,22,People & Blogs,VITMI
e_Qg59Uz4EI,12m subs complicated Mercedes Built the CLR GTR at $2.5 😅only a fexperienced power#reelschallenge,2026-02-20T01:02:00Z,9236854,0,1,2026-02-24T16:57:48Z,22,People & Blogs,CHHOTU KI MASTii
RDbmqTIeTZ4,Шкаф с двойным дном 😏,2026-02-21T20:14:00Z,6689338,76760,839,2026-02-24T16:57:48Z,22,People & Blogs,FilmBytes
XUQ6J2vRANQ,नोटों की गड्डी का राज#shorts,2026-02-21T15:40:00Z,5564157,47115,41,2026-02-24T16:57:48Z,24,Entertainment,"BrainWave AI
"
Df1OSbQ4248,😳🚔 rappers with the most mugshots,2026-02-20T05:16:48Z,6135322,117232,2248,2026-02-24T16:57:48Z,10,Music,Music Media
JXXP5BNfJ8w,The Penguin That Actually Loves Going to the Vet,2026-02-21T21:41:45Z,7238131,187546,1773,2026-02-24T16:57:48Z,24,Entertainment,Bob the Bear
I5o0Fz1vU7I,Jutta Leerdam won the Olympic gold medal and set a new record once again.#jakepaul #skating,2026-02-19T17:39:25Z,4776563,57363,613,2026-02-24T16:57:48Z,22,People & Blogs,Nicol Ferdinand
58-cGGqTPRY,GUESS BUS AND CAR EATERS BEHIND THE DOOR LIMINAL HOTEL Garry's Mod,2026-02-20T03:02:16Z,5851288,24646,14,2026-02-24T16:57:48Z,20,Gaming,ZOOWAKE - Games
LazaBSByyDM,Bro's Mom is the real Villain! 🤣 #youtubeshorts #shorts #batman #superman #dccomics,2026-02-23T01:11:00Z,6901782,221876,1010,2026-02-24T16:57:48Z,24,Entertainment,Dreaming Monkey 
wgS2RZbX3vY,Steak gave him best surprise ever A Rainbow dragon....❤😊!!#stealabrainrot#roblox#shortsfeed,2026-02-19T14:49:07Z,4378637,0,420,2026-02-24T16:57:48Z,22,People & Blogs,Primebloxe
NyHCXRPnFEI,Car Eater Wants To Help The Meal ? #shorts,2026-02-20T04:09:00Z,5560661,24398,15,2026-02-24T16:57:48Z,20,Gaming,ZOOWAKE - Games
cFYND4gMrWg,Mokel di Rumah Kosong Dipergoki Ustad… Eh Ternyata Ustadnya Ikut Mokel 😭🤣 #ramadanwithyoutube,2026-02-20T04:50:18Z,4692592,46764,103,2026-02-24T16:57:48Z,24,Entertainment,Efunk Pecihat
Kn4oXHBnp54,When You Can't Explain A Bruise,2026-02-20T13:00:39Z,5077492,123768,326,2026-02-24T16:57:48Z,24,Entertainment,Lyanna Kea
8-6oZykcQaw,Asking For An Eggless Omelette Has To Be The Most Absurd Way To Ask For An Egg White Omelette 🍳🥚,2026-02-21T18:15:00Z,6854360,208683,1090,2026-02-24T16:57:48Z,22,People & Blogs,ViralSanity
Vzi-Rzy4e98,Ready for a marathon? Intelligent Marathon Mode keeps every step on track. #HuaweiLaunch,2026-02-19T08:00:02Z,3098326,62,4,2026-02-24T16:57:48Z,28,Science & Technology,Huawei Mobile
z7XnKb8RJek,A disabled duckling helps his cat friend 🐥 #DuckRescue #CuteAnimal #AnimalRescue #joker #shortvideo,2026-02-18T05:20:31Z,4215121,28133,4,2026-02-24T16:57:48Z,20,Gaming,ARJUN_FACTS
RYzz3G0sP7E,The Old Man Helped the Poor People's So a Cruel Man Burned His Boat #shorts #ai #craft #humanity,2026-02-21T13:08:11Z,3974922,0,48,2026-02-24T16:57:48Z,27,Education,আলোর ডাক
oHyP1-KtsyQ,When you cough a little in front of your mom😂😮‍💨,2026-02-20T10:01:16Z,6191941,24008,43,2026-02-24T16:57:48Z,22,People & Blogs,Karina 
ipiAoiotvYI,How to say chocolate and vegetable? sound more like a native speaker  #englishpronunciation,2026-02-18T12:01:15Z,4529049,28896,335,2026-02-24T16:57:48Z,27,Education,English with Steve Ford
bY1EJZhsIUI,He Found Over 7 Million Dollars In A Storage Unit 😱,2026-02-19T18:31:00Z,3983965,264611,2116,2026-02-24T16:57:48Z,19,Travel & Events,Zack D. Films
kU8ER-zfs7A,The naughty boy took the umbrella 😳,2026-02-20T10:00:00Z,4271994,30218,19,2026-02-24T16:57:48Z,24,Entertainment,Shihab's dream
M0c-Gs34n-M,Le pegué un chicle en el cabello a miranda😭😱😰😪,2026-02-19T21:43:22Z,3535714,212230,4809,2026-02-24T16:57:48Z,20,Gaming,Diosdado Juarez
zyijgiK7NeE,A Story Of Rabbit Groundnut🐇😱~ mini wood toy-woodworking art skill /wood / hand crafts/ #shorts,2026-02-21T07:30:37Z,4196208,0,0,2026-02-24T16:57:48Z,22,People & Blogs,Hyper Genix
OOVOOpC1GKE,REACT MoriMura - QUANDO A CASA TÁ SUJA E VC VAI DEITAR NA SUA CAMA 😹,2026-02-20T14:00:41Z,4485879,46504,206,2026-02-24T16:57:48Z,22,People & Blogs,Kaizen Andrade
vgtmGE2l7z4,Encostei em um inscrito da gringa,2026-02-21T23:34:24Z,4528555,202812,5762,2026-02-24T16:57:48Z,24,Entertainment,Ronazim
RonepZHsPnI,Vụ va chạm sặc mùi thuốc súng | Rì Còn Viu #riconviu,2026-02-19T12:01:42Z,3894301,52976,394,2026-02-24T16:57:48Z,22,People & Blogs,Rì Còn Viu
gFx2AHv4rtY,Why This Dog Walks Like He’s on a Secret Mission,2026-02-22T15:30:20Z,5299490,38957,520,2026-02-24T16:57:48Z,24,Entertainment,Disaster Strucks
Mqc2RFrObzw,Can a Goalkeeper Save With Every Body Part?🍑,2026-02-21T18:05:56Z,3930055,52351,63,2026-02-24T16:57:48Z,17,Sports,J_Tekkz
kfOrPy2V5fk,The ONLY BOY In A ODER POOL PARTY,2026-02-20T11:01:17Z,1755944,16514,650,2026-02-24T16:59:30Z,20,Gaming,Zoomy
xTc7MqP552g,"Matan a Nemesio Oseguera Cervantes, alias ‘El Mencho’, en un operativo en México",2026-02-22T19:32:13Z,1612435,10831,1201,2026-02-24T16:59:30Z,25,News & Politics,Noticias Telemundo
cMwKc4uhEc8,Help the girl,2026-02-20T15:00:00Z,8252098,40229,11,2026-02-24T16:59:30Z,24,Entertainment,Mert Boo
ipCsigAEibg,When You Block The Tusnami To Steal Brainrots In Escape Tusnami For Brainrots,2026-02-21T20:30:08Z,7805430,60655,143,2026-02-24T16:59:30Z,1,Film & Animation,Agbaps Shorts
Ux0KQblBi3g,DON'T Hit The Real Rumi 💥,2026-02-20T17:30:56Z,6463427,172117,405,2026-02-24T16:59:30Z,22,People & Blogs,NichLmao
rNNfpbQ748w,How The Poo-lock Works 🤔,2026-02-22T18:31:14Z,6563957,186709,4487,2026-02-24T16:59:30Z,19,Travel & Events,Zack D. Films
aVhxWcyxRx8,Jumping into the final ❄️🇨🇳 #MilanFigureSkating,2026-02-19T16:27:20Z,17218066,97184,427,2026-02-24T16:59:30Z,17,Sports,Olympics
rH9W7inTwuQ,GUESS MORE CAR EATER BEHIND THE DOOR LIMINAL HOTEL Garry's Mod,2026-02-22T02:09:40Z,7239633,31955,12,2026-02-24T16:59:30Z,20,Gaming,ZOOWAKE - Games
NykhRSSaR7I,Si te queda la zapatilla te conviertes en una princesa,2026-02-19T22:37:31Z,5349094,69635,0,2026-02-24T16:59:30Z,22,People & Blogs,JOSUE & ORIANA
nWQf52VgXnk,My best friend The Otter! #shorts #short #fyp #otter #pets #wildlife ￼,2026-02-18T15:03:45Z,5808651,134011,1995,2026-02-24T16:59:30Z,24,Entertainment,Chandler's Wild Life
N1LXcP50HYs,The most tiring part is cleaning up after every failed take 🫠#cartransition #djiosmo360,2026-02-19T03:53:34Z,5069085,31450,163,2026-02-24T16:59:30Z,22,People & Blogs,Gigi Cheoh
7-ZvHxWEUTM,Little dog worked hard to become a guide dog,2026-02-18T02:34:04Z,4577360,0,37,2026-02-24T16:59:30Z,1,Film & Animation,Black Man
nKWJXzj9FvE,Mercedes Built the CLR GTR at $2.5 🏡 M only a few lucky drivers experienced power 😅🍓#reelschallenge,2026-02-19T01:00:58Z,4607599,130921,1881,2026-02-24T16:59:30Z,24,Entertainment,Gaffarpur vale
J5AyNKJH7Zw,El día que un estudiante superó al director,2026-02-21T16:02:50Z,4657715,85352,317,2026-02-24T16:59:30Z,24,Entertainment,Hechos No Contados
uO8RexR_Cko,It was stuck there for a reason 😂 #shorts,2026-02-19T13:52:10Z,4361663,25347,49,2026-02-24T16:59:30Z,22,People & Blogs,Ella’s Voice
sbY31kxvye4,Ranking the BEST Peekaboo Hair Trend Part 2 👀 (new),2026-02-22T13:59:14Z,3100664,88912,363,2026-02-24T16:59:30Z,22,People & Blogs,KrunchyEgg
npXL2vTqKko,Jungle Cave Survival Before the Stormy Night 🌩️ ASMR Build #asmr #cave,2026-02-21T21:48:49Z,4047259,27581,109,2026-02-24T16:59:30Z,26,Howto & Style,Royal Home Transformations
7bozsuE_U6k,DEIXEI A LILY NO VÁCUO ATÉ ELA SURTAR 😳 #poppyplaytimecapítulo5,2026-02-21T15:00:12Z,4583378,119572,1385,2026-02-24T16:59:30Z,20,Gaming,Mestre Bananão
K6GWQGu9qPs,The Ultimate Sniper Decoy Trap!,2026-02-21T16:57:25Z,5532546,94933,92,2026-02-24T16:59:30Z,1,Film & Animation,Kisah Sinema
eAlWjzdXH18,"The bird's nest is finished🏠, but it built a nest next to my house🐦💔🪺",2026-02-18T02:53:26Z,3684871,46971,245,2026-02-24T16:59:30Z,1,Film & Animation,KindHeroes
HYt8AGeotwI,Salish Gifts Her Dad a Car,2026-02-21T21:14:07Z,3327330,51189,597,2026-02-24T16:59:30Z,22,People & Blogs,Maximus Editorious
VMSrsLoNWXQ,Successfully removed a Hijab Pin  from an 18 year old’s stomach via Endoscopy,2026-02-21T11:41:27Z,3140579,93132,829,2026-02-24T16:59:30Z,22,People & Blogs,Dr Nazrul Surgeon
0ts8cDAj9Co,Not Just a Diamond… Look Closer! 💎👀  #cute #funny #kpopfunny #kpop #action,2026-02-21T12:00:56Z,2942008,84281,156,2026-02-24T16:59:30Z,1,Film & Animation,EsMeow_Shorts
p1esD9n9WkA,POV Everyday you have to spend a certain amount of words…#funny #pov #viral #storytime,2026-02-20T14:25:02Z,3534777,33111,118,2026-02-24T16:59:30Z,22,People & Blogs,shaker saeed
k8TMh6yVDdE,How A Royal Meeting Ended In A Poop Disaster 🤢,2026-02-21T18:31:05Z,3686125,243358,4574,2026-02-24T16:59:30Z,19,Travel & Events,Zack D. Films
yDTaTcvv4oY,The Tiniest Apartment Turned Into A Fully Functional Home,2026-02-19T11:55:01Z,3662348,86117,968,2026-02-24T16:59:30Z,22,People & Blogs,Home Graphix
5ss5kgMQyDM,Buah 1 kebon pun ga buat lambung penuh 🥺,2026-02-20T15:27:59Z,2976129,37103,862,2026-02-24T16:59:30Z,22,People & Blogs,Aldo Wijaya
55sx44sACXc,Revealing What's Inside The Famous House 🏠,2026-02-22T00:22:28Z,3643357,64657,314,2026-02-24T16:59:30Z,24,Entertainment,ItsFrankyBoi
V48w6QfEVXw,POV Surviving in a Treehouse During a Snowstorm - #survival #satisfying,2026-02-20T23:30:21Z,3599585,43678,154,2026-02-24T16:59:30Z,22,People & Blogs,Mythic Shelter
zWRnQz-i94k,The Wait: Hatching Chicks in a Temperature-Controlled Incubator 🐣🔆,2026-02-21T18:15:14Z,5584282,8930,30,2026-02-24T16:59:30Z,28,Science & Technology,Discovery and Learning
bPpuTPZHhSU,You got a wife ❤️🤣. #funny #couple #trendingreels #trendingsong #trendingnow #trendingshorts,2026-02-19T01:47:12Z,3547895,33778,111,2026-02-24T16:59:30Z,23,Comedy,Lado
nCOU5lk5AHE,Planting Flavor: Hand-Setting Garlic Shoots in the Field 🧑🌾🌿,2026-02-22T03:01:01Z,5400985,4644,6,2026-02-24T16:59:30Z,28,Science & Technology,Discovery and Learning
X7MLV0pu4_U,We Forgot Someone at The Hotel… But Didn’t Notice!,2026-02-19T18:27:42Z,3839077,33390,108,2026-02-24T16:59:30Z,24,Entertainment,Karma Kings
Q_iK3Fv-owQ,A todos lados quiere ir conmigo 😂🤣 #shorts #video #youtubeshorts #comedy,2026-02-20T23:39:03Z,5687126,19111,0,2026-02-24T16:59:30Z,24,Entertainment,Soy Marie Oficial 
PfmCLVm9fEw,The Moment These Two Words Are Heard… Everything Changes 😳,2026-02-20T13:15:07Z,3178485,101265,390,2026-02-24T16:59:30Z,22,People & Blogs,WowFacts 
P_r7QcDKxwQ,QUE PASARÍA SI DESPEDIMOS A LARRY? 💀💥👀 #shorts #parati  #sabiasque,2026-02-22T11:15:50Z,2377307,81586,480,2026-02-24T16:59:30Z,24,Entertainment,dexit
PGZA9e71s60,Poppy Playtime Capítulo 5 DECEPCIONÓ a TODOS😔🥀,2026-02-19T23:24:56Z,2642868,149206,5101,2026-02-24T16:59:30Z,20,Gaming,Soy Thalas
PutkuotHiMY,Why North Korea's Basketball Rules Would Break the NBA 🏀⚡️,2026-02-21T04:10:00Z,5149067,51866,1029,2026-02-24T16:59:30Z,22,People & Blogs,History Exposed Shorts 
74ujhypV48o,LOS NOMBRES MÁS RAROS QUE PADRES LES PUSIERON A SUS HIJOS,2026-02-23T01:34:19Z,3228783,35903,551,2026-02-24T16:59:30Z,24,Entertainment,eliaaaaaaaaaaas
BKffgQK21q8,"this is the deep dark, which is a deep dark 😂😂😂😂😂😂😂😂😂😂😂😂😂😂😂😂😂😂😂😂😂😂😂😂😂😂😂😂😂😂😂😂😂😂😂😂😂😂😂😂😂😂😂😂😂😂😂😂😂😂😂😂😂😂😂😂",2026-02-20T16:00:00Z,3453993,146872,1837,2026-02-24T16:59:30Z,24,Entertainment,camman18
FsM92HO_KtY,How People With Different IQ Avoid A Speeding Ticket,2026-02-19T20:30:02Z,3709946,55143,100,2026-02-24T16:59:30Z,1,Film & Animation,Agbaps Shorts
fnttZIDRp5I,"5,000 Spheres Under the Ice in Antarctica",2026-02-20T15:55:13Z,2778292,118253,1411,2026-02-24T16:59:30Z,25,News & Politics,Cleo Abram
91RrTfkDxmw,EuroTrip (2004) | Train seat panic with the Italian guy 😂🚆,2026-02-20T09:10:34Z,3310528,42344,1194,2026-02-24T16:59:30Z,24,Entertainment,FlickTales7
JVzy1adDCNA,A MÃE VINGATIVA,2026-02-20T21:00:19Z,3365384,40900,80,2026-02-24T16:59:30Z,24,Entertainment,Irmãos Lemos
qX3IwcuxQl8,I Found a Big Pumpkin in Luxury House 😱🎃🏠 | Survival House Step by Step”63 #shorts​,2026-02-21T05:00:45Z,3423438,0,4,2026-02-24T16:59:30Z,24,Entertainment,Tm Facto World
9noRBYPuySI,FREE BRAINROT IN ESCAPE A TSUNAMI FOR BRAINROTS?? Pt.4 😳 #huydutroblox #tsunamibrainrot #roblox,2026-02-20T10:12:27Z,2562541,58114,2085,2026-02-24T16:59:30Z,20,Gaming,sc7ry.
UGtQCbSRh9E,CEWEK INI NEMU BATU EMAS! RAHASIANYA BIKIN SYOK!,2026-02-21T05:08:04Z,2848589,31339,52,2026-02-24T16:59:30Z,22,People & Blogs,dani tube
QCbnrXC0EdQ,El ORIGEN de HUGO 🥀☠️ #mrrelevante #videojuegos,2026-02-20T15:00:46Z,3220214,77914,664,2026-02-24T16:59:30Z,20,Gaming,Soy RELEVANTE
x3mAvSvOLpM,This time the father won a lot 🤣🤣 #funny #comedy #shorts,2026-02-19T00:11:37Z,5034343,26123,68,2026-02-24T16:59:30Z,23,Comedy,Cah ndeso46
XADo5k5fCig,She became a mummy after failing to answer 😱😭 #blackpink #jennie #lisa #rosé #jisoo #shorts #kpop,2026-02-22T05:16:45Z,3974649,26938,687,2026-02-24T16:59:30Z,24,Entertainment,sseunjx
rcbTSJlT06c,DIY Brick Wall Hack Using a Sponge | Easy Home Makeover #facts #shots,2026-02-18T05:50:04Z,9485668,0,100,2026-02-24T17:02:35Z,22,People & Blogs,Facto Find
ROpD5G4yoeQ,How A Rat Bounty Made The Plague Worse 😨,2026-02-18T13:30:34Z,10166720,549026,4484,2026-02-24T17:02:35Z,19,Travel & Events,Zack D. Films
uYBHcSXt6-A,Be a reason for someone’s smile 🙏😊                  #humanity #shorts #shortsvideo,2026-02-20T16:47:33Z,9972101,292375,2897,2026-02-24T17:02:35Z,22,People & Blogs,Deepak Swami
oRyNOY_aVNU,Crafted a beautiful ❤️ Mini Mosque with Miftah AI Vision ✨🕌 #shorts #trending #aiart #youtubeshorts,2026-02-21T16:48:15Z,7170365,65559,183,2026-02-24T17:02:35Z,22,People & Blogs,Daniel
lQ7xDGtrF88,"Introducing the ""VitaWear SmartBand,"" a next-generation wearablegadget#shortsfeed#trending",2026-02-20T03:13:33Z,3814510,0,112,2026-02-24T17:02:35Z,22,People & Blogs,Viral S2K
iS7VK6-udNY,Salute Indian Army😭🙏 | Mere Desh Ke Veer Jawan Ke Zindagi😭🙏 | #youtubeshorts #indianarmy #armystatus,2026-02-20T02:50:00Z,3767894,22526,7,2026-02-24T17:02:35Z,24,Entertainment,Muskan Indian Army
dxRobE48CJ4,Dad Built a Brick Bear to Catch Thieves! 🧱🐻😱#shortsfeed,2026-02-20T06:28:12Z,3329440,0,2,2026-02-24T17:02:35Z,24,Entertainment,Nadeem K Fact
mUyPKQh2sHM,Stripping the Green: The Machine That Combs a Log Clean of Limbs,2026-02-21T07:54:19Z,5061786,5711,8,2026-02-24T17:02:35Z,22,People & Blogs,The Rustic Pantry
MnPzLt78pSA,Creating a Garden Under a Tree,2026-02-21T12:35:01Z,4305643,28578,237,2026-02-24T17:02:35Z,22,People & Blogs,Home FlowerX
buBwUrL-UE4,Why 50 Cent Thinks the Grammys are a JOKE 😱 #Shorts,2026-02-19T02:27:44Z,6196130,38868,2061,2026-02-24T17:02:35Z,24,Entertainment,Heartfelt Chronicles
8U9M-B2rH_k,❤️ QUEM FEZ A MELHOR TREND DE CASAL? ❤️ #shortsviral #drburguerquiz,2026-02-19T13:00:16Z,4780818,37340,2057,2026-02-24T17:02:35Z,24,Entertainment,DrBurguerQuiz
gOrvAFrRhIA,Mi papa se convierte en Therian,2026-02-20T18:30:07Z,3200499,118967,1849,2026-02-24T17:02:35Z,27,Education,Mujerdebuenapasta
Tbz35Mc8pzE,Not making History but Creating a Better Future.. | Raj Shamani #Shorts #inspiration,2026-02-20T12:20:00Z,3244522,120116,876,2026-02-24T17:02:35Z,22,People & Blogs,Raj Shamani
rV25sba6xl0,And we will see the quad god a final time at Milano Cortina 2026 🌟⛸️ #MilanFigureSkating,2026-02-20T19:05:56Z,9611144,47784,229,2026-02-24T17:02:35Z,17,Sports,Olympics
smScQC5uezo,"Do This Daily for a Perfect Jawline, Neck & Posture ✨️ | Black Friday Glow Up#glowup #blackfridayDo",2026-02-19T13:58:41Z,5593325,24889,146,2026-02-24T17:02:35Z,22,People & Blogs,glowflexher 
4pAtMQZYWMs,A cena que os policias acharam parecia Cena de Filme de terror!,2026-02-20T07:15:00Z,2865467,197810,1270,2026-02-24T17:02:35Z,20,Gaming,Sev7n Games OFICIAL
hMGK9sAV8Xw,“Can we make a picture” 🇩🇪🎨,2026-02-20T16:28:14Z,3076159,226634,1344,2026-02-24T17:02:35Z,23,Comedy,liamcarps
vckKzbqiwaE,How to not wash your hair for a long time #parody #relatable #hair #haircare #culture #hairstyle,2026-02-19T20:00:00Z,2933273,123280,1108,2026-02-24T17:02:35Z,22,People & Blogs,Hannasaur
27HWcNHr-mY,"After mixing the golden mask in the clay, I got a light mask. #shorts #viral #tranding #video",2026-02-20T14:05:00Z,3225761,0,7,2026-02-24T17:02:35Z,24,Entertainment,Mirotha Ke Vlog
KPg2QKoUo8I,The EX. How we got Married? | Based on a True Story #shorts #shortsfeed #wedding #marraige #comedy,2026-02-19T15:32:03Z,2899856,48925,134,2026-02-24T17:02:35Z,23,Comedy,Mrandmrsmoorthy
Mo-QmF16AlE,ABUELA QUE IBA A QUEBRAR A LOS MILLONARIOS! 🤑🤯#shorts #curiosidades,2026-02-19T22:27:20Z,3106785,121275,127,2026-02-24T17:02:35Z,24,Entertainment,BlancoMC
8uQb9r9rmzo,😱 A Promoção Que Deu Errado! #curiosidades,2026-02-18T22:01:43Z,3341170,72139,125,2026-02-24T17:02:35Z,24,Entertainment,Guilherme Sandmann
Hpt6iacMFtE,Finally being a Murderer 😈 #roblox #murdermystery2 #robloxshorts,2026-02-20T10:30:07Z,3700692,52319,776,2026-02-24T17:02:35Z,22,People & Blogs,Suri
gz0qujxOwng,He Lied To Get In The NFL…😱🏈,2026-02-20T06:31:34Z,3267742,55565,229,2026-02-24T17:02:35Z,22,People & Blogs,BoltMotivation
rOo9guKuTv0,Making RATATOUILLE from the MOVIE?!,2026-02-21T18:36:38Z,3267905,103591,521,2026-02-24T17:02:35Z,24,Entertainment,Little Remy Food 🐭🍝
#NAME?,Un círculo perfecto en 30 segundos… ¡o estás despedido! 😳,2026-02-20T12:36:32Z,3340833,49215,160,2026-02-24T17:02:35Z,24,Entertainment,Hechos No Contados
c1y3XWNaVrk,“I have half a million dollars for you” 🥹❤️,2026-02-22T22:15:29Z,2840350,165257,8128,2026-02-24T17:02:35Z,24,Entertainment,Jimmy Darts
Vqa2i6-YkYA,Checa las caídas de nivel con una lata de refresco,2026-02-21T02:21:31Z,2960599,38219,341,2026-02-24T17:02:35Z,27,Education,Vinny the twister
xm6DNr4IbXE,Alysa LIU won gold but she is cheering and comforting a young girl who just got her first medal 🥹,2026-02-21T16:33:08Z,3492703,77005,652,2026-02-24T17:02:35Z,22,People & Blogs,POPVEIN
gtIoiHG5bnw,9-1-1 Season 1 (2018) | A Firefighter Solves It with Four Burgers #shorts,2026-02-20T10:57:45Z,3262725,67082,94,2026-02-24T17:02:35Z,1,Film & Animation,FlickThrob
AKnPJyCTV-A,Biker Recalls The Moment A Cop Said His Bike Would Be Crushed,2026-02-20T22:22:43Z,2961000,62802,749,2026-02-24T17:02:35Z,22,People & Blogs,OnlyCopz
4o50DFQWgG0,A fan waited hours for Sabrina Carpenter to do this🤯🔥,2026-02-20T18:30:25Z,3210106,81570,164,2026-02-24T17:02:35Z,20,Gaming,TABS VICTORY
vA8XNqRQyDw,"Every day, Viktor applies for a visa, while Frank keeps trying to have him detained. #movie #film",2026-02-20T16:15:12Z,3122774,130955,956,2026-02-24T17:02:35Z,22,People & Blogs,Visual Case
KcEK_z5H1AY,"Aos 53 anos, cantor Latino surge acompanhado de sua namorada, a Barbie do Brasil, VEJA O MOMENTO",2026-02-21T00:00:19Z,3592711,17093,647,2026-02-24T17:02:35Z,22,People & Blogs,John Erik
foIOW-_Doz4,A MAYA ACHA QUE É MC! 🎤 #mansaomovie,2026-02-19T17:30:10Z,2797453,211249,338,2026-02-24T17:02:35Z,24,Entertainment,Vini Theophilo
mqEDQQi-ZUU,На свидание собрался,2026-02-20T15:29:44Z,2884925,33917,489,2026-02-24T17:02:35Z,22,People & Blogs,Равиль Дукат
4JMTbSpa4wg,"Cuma pakai keranjang, dapat banyak belut #shorts #shortvideo #belut",2026-02-20T11:02:19Z,3788252,10443,24,2026-02-24T17:02:35Z,24,Entertainment,jeema channel
qMAIVrpupm0,EL NOOB CREÓ UN POZO PARA TSUNAMIS EN STEAL A BRAINROT ROBLOX 😱 - Creditos YOURROBLOXNOOB - #shorts,2026-02-19T19:45:50Z,2619385,47796,93,2026-02-24T17:02:35Z,24,Entertainment,Swaggy
9IaL6hAhCYw,hopefully me when i become a mom,2026-02-21T00:15:00Z,3565555,52889,214,2026-02-24T17:02:35Z,22,People & Blogs,KalogerasRuby
MVOi81qpbrs,Do you wanna build a snowman #snow #frozen,2026-02-20T19:47:54Z,2953019,19623,36,2026-02-24T17:02:35Z,22,People & Blogs,Mariam Marks
j28BKh-aczU,The Lollypop Experience be like! 🤣🤣,2026-02-21T17:30:21Z,3458954,56210,939,2026-02-24T17:02:35Z,22,People & Blogs,BlobbyClips
Hyh_1ovkJiI,The Biggest Lie About Diamonds,2026-02-20T01:33:57Z,3114088,52308,418,2026-02-24T17:02:35Z,27,Education,Zver
PWR2g167sBk,The transformation of a thousand-year-old white snake into a dragon,2026-02-17T21:38:26Z,3024903,129875,1185,2026-02-24T17:02:35Z,22,People & Blogs,Movies With Jack
nNN7PtebuKk,ADHDers unite in the comments 💥 #adhd #shorts #cuteanimation,2026-02-19T20:02:38Z,2878269,125694,4009,2026-02-24T17:02:35Z,1,Film & Animation,DillybyDally 
kY3bcytO2_8,Minecraft Vs Real Life in the Nether🔥#blender #minecraft #3dart #3danimation #satisfying,2026-02-22T05:30:20Z,3270754,19058,39,2026-02-24T17:02:35Z,20,Gaming,Nim3D
jhqPJ5IHyJw,Bit by a Snake… A Fatal Mistake? 🐍😱 #linhchihihi #messyclassroom #schoolcrush #schooldrama,2026-02-20T10:01:09Z,2779249,68550,130,2026-02-24T17:02:35Z,22,People & Blogs,Linh Chi
DMpiDJbfo84,He Brought Home a Stolen Chicken… But Dad’s One Joke Ruined Everything!,2026-02-19T15:18:00Z,2978306,0,4,2026-02-24T17:02:35Z,22,People & Blogs,Explore Visuals
7x00K83aLuA,Smart Design Turns The Smallest Bedroom Into A Luxury Space #shorts,2026-02-18T11:55:01Z,2771276,38958,315,2026-02-24T17:02:35Z,22,People & Blogs,Home Graphix
S8bl_fthwCA,“Girls with courage becomes a woman with power.” Girls outpull boys tug-of-war at Sanskar Academy !,2026-02-21T12:27:56Z,2818741,81091,1393,2026-02-24T17:02:35Z,25,News & Politics,Hindupedia
IKi6o8MiOHw,EXPULSARON A PAOLO DE LA ESCUELA😭,2026-02-20T21:12:06Z,2464194,91526,727,2026-02-24T17:02:35Z,22,People & Blogs,Leo Study
BfRS2Tu6LJk,eu vou comprar uma PORSCHE,2026-02-21T23:00:11Z,2111717,79918,995,2026-02-24T17:02:42Z,24,Entertainment,Sou Mrp
U_4VJtqDioI,Trasladan cuerpos del CJNG a instalaciónes de la FGR en fuerte operativo,2026-02-22T21:59:56Z,1073374,6174,1159,2026-02-24T17:02:42Z,25,News & Politics,Grupo Fórmula
AYNmI-YPqGQ,Клюшка за 17 тысяч 😳,2026-02-21T13:50:25Z,2349204,32505,216,2026-02-24T17:02:42Z,22,People & Blogs,FilmBytes
Xc-Gi9PEuCY,GANÓ a la EXPERTA en su PRIMER INTENTO 🤔🤯 #shorts #win  #curiosidades #divertido #japon #wow,2026-02-21T22:01:05Z,2362967,59265,158,2026-02-24T17:02:42Z,24,Entertainment,AprendeYDivierTT
QlSUo1s5YKg,Mom Tried To Kiss Him… He Said ‘I Have A Girlfriend! 😭😂 #funny #funnybabies #shorts #interview,2026-02-21T18:04:29Z,2086001,47932,254,2026-02-24T17:02:42Z,22,People & Blogs,RiseCrafted
CAj3GTOzjZM,JUVENTUS-COMO 0-2 | HIGHLIGHTS | Como Stun Bianconeri! | Serie A 2025/26,2026-02-21T16:53:59Z,1023948,16143,1907,2026-02-24T17:02:42Z,17,Sports,Serie A
IogKHN0Tshs,🥹 He was BULLIED by a wild cat,2026-02-19T13:11:56Z,1917306,36224,330,2026-02-24T17:02:42Z,24,Entertainment,Taylors Wild Diary
yJoYwkNF5uo,"Abraham POR FIN LLEGÓ a la TABLA, pero el TOP 1 se VENGÓ?! ☠️💀",2026-02-22T01:47:00Z,1936822,0,652,2026-02-24T17:02:42Z,20,Gaming,SANTYPRO
BaVbTzr3-8E,Breaking: A Scientist Known For Discovering Water On A Distant Planet Has Been Shot.,2026-02-21T21:46:00Z,3565311,25950,1146,2026-02-24T17:02:42Z,22,People & Blogs,Wholesome Gramps
WO9FuyrcCG8,Le Tiré Admin Panel A Sammy!,2026-02-21T23:48:00Z,2108464,43665,374,2026-02-24T17:02:42Z,20,Gaming,Drakonite
qCadJJT_XjU,Steal a Brainrot Admin Abuse (Taco Tuesday),2026-02-18T00:16:53Z,951261,10449,112,2026-02-24T17:02:42Z,20,Gaming,KreekCraft
nV6bfANN3A0,How to Defend Against a Stick Attack | Self Defense Tips 🥋 #Short#viralvideo,2026-02-19T15:17:53Z,2033333,7547,8,2026-02-24T17:02:42Z,24,Entertainment,chinu thakor 
WB75QVaptnc,El Abrahaham conoce a su suscriptor más humilde | #elabrahaham #shorts,2026-02-21T21:18:26Z,1930243,27375,999,2026-02-24T17:02:42Z,20,Gaming,Lo Mejor De Abrahaham
L--lt12cNOo,Semana a Semana… E O Milagre Foi Ganhando Tamanho 💛👶,2026-02-22T19:15:01Z,1948868,27795,96,2026-02-24T17:02:42Z,,Unknown,
N8AlWpcH7ng,Please focus solely on driving while operating a vehicle#foryou #theresident #shorts,2026-02-21T20:07:00Z,1943520,86338,474,2026-02-24T17:02:42Z,24,Entertainment,Deandre Mcquille
aoOUJ_-QiIQ,A for apple | अ से अनार | abcd | Phonics song for nursery,2026-02-21T02:30:05Z,966477,1513,0,2026-02-24T17:02:42Z,27,Education,Kids Gyan
8-f2aMaCr8g,Sometimes our past relationships doesn’t have to be toxic but a good lesson for moving on in life❤️✨,2026-02-22T05:18:36Z,1598283,55175,223,2026-02-24T17:02:42Z,24,Entertainment,Honest Kakima
Am-MkvxIfPA,Feeding a Giant Prawn! 🦐,2026-02-21T14:57:29Z,2046745,27064,563,2026-02-24T17:02:42Z,24,Entertainment,Curious as Hell
uEUJl6HvASc,Alysa Liu Ended a 24-Year Olympic Curse with This Gold Medal 🥇 #youtubeshorts #shorts #figureskating,2026-02-21T15:25:29Z,1667153,36783,626,2026-02-24T17:02:42Z,22,People & Blogs,Sarah Sports
bFhmMPWdK3Q,Nadie sabe quién sorprendió a quién hasta ver el final,2026-02-21T02:30:37Z,2207666,29473,151,2026-02-24T17:02:42Z,22,People & Blogs,Jon Sinache
RVsHbEt25A4,WHAT A GAME! Scrabble Slam Word Board Game Challenge!,2026-02-22T00:22:43Z,1877495,54978,246,2026-02-24T17:02:42Z,20,Gaming,Kenny Haller
7_sJi5xtamI,Bhago😅Mercedes Built the CLR GTR at $2.5🥰only a few lucky drivers experienced power#reelschallenge,2026-02-21T09:46:03Z,1887386,9214,5,2026-02-24T17:02:42Z,22,People & Blogs,Azhar Shorts
9HGYH4rn2xM,Broma de la cachetada falsa a therian 😂😂,2026-02-21T19:10:21Z,1653209,16715,162,2026-02-24T17:02:42Z,22,People & Blogs,El Tamalerito
#NAME?,Lily finds a 🐝 in need and then Violet comes along 😅,2026-02-22T08:50:40Z,1622782,4928,55,2026-02-24T17:02:42Z,24,Entertainment,Mist4Ember
NA-Eni_JpYA,PASSEI A NOITE NA ANTIGA MANSÃO DOS ROSA *Algo sobrenatural apareceu !,2026-02-23T21:00:20Z,867843,18774,1087,2026-02-24T17:02:42Z,20,Gaming,Leozinn 077
5PONjXQA31U,Minuto a minuto: así fue el operativo contra ‘El Mencho’,2026-02-23T14:03:56Z,847340,12936,2553,2026-02-24T17:02:42Z,24,Entertainment,Grupo Fórmula
zi1XHiHjSXM,"He Built Me a $1,500 Mystery Bag… Was It a Mistake? | 1500ドルのミステリーバッグ",2026-02-22T04:11:30Z,1570536,32098,220,2026-02-24T17:02:42Z,24,Entertainment,South Florida Pokemon
H8CJ6DRIc9I,ELIMINADO??? QUEM COMPLETAR A PALAVRA PERDE??,2026-02-21T22:30:04Z,1665704,65702,178,2026-02-24T17:02:42Z,23,Comedy,CLEPTON
3Bo4p_AoYXU,Approached a Hyd girl for portraits 📸 #telugu  #snapbychance  #photography,2026-02-21T14:59:45Z,1356136,28391,135,2026-02-24T17:02:42Z,22,People & Blogs,SnapByChance
YMOhxPwQCjo,This peacock losses his egg | But a kind farmer help him 😱🫡 #shorts #respect #ytshorts,2026-02-22T02:44:37Z,1558359,15170,20,2026-02-24T17:02:42Z,24,Entertainment,Antariksh Yatra
PAPl4O1m1d0,a bunch of clumsy thieves.#joker #shorts,2026-02-21T13:00:41Z,1910847,13965,25,2026-02-24T17:02:42Z,22,People & Blogs,Untitled Joker
359YiQYhEyE,If a tsunami happens in 2026 🌊,2026-02-22T17:37:27Z,1941809,26069,841,2026-02-24T17:02:42Z,24,Entertainment,Ramo Akh
bS7iQ6P2zrA,I Got These New Divine Brainrots in Steal A Brainrot...,2026-02-21T21:09:48Z,1621506,19418,1303,2026-02-24T17:02:42Z,20,Gaming,Wixor
qKjKBrY0Yu8,ELBERR THE ROBOT GOT A NEW FORM..,2026-02-17T20:39:49Z,815681,20583,4428,2026-02-24T17:02:42Z,20,Gaming,Aimin
xn8R7TN64uI,Nataplumita se lleva a su Papá en la calle 😂 #risas #humor #memes,2026-02-22T01:54:57Z,2126144,9449,14,2026-02-24T17:02:42Z,24,Entertainment,La familia Buchona
O0pAd1bJ_iQ,Only by putting patients first can one become a good doctor.,2026-02-21T16:00:36Z,1615912,78762,439,2026-02-24T17:02:42Z,22,People & Blogs,Michael Anderson
v0F6jZWSbes,Rhia Didn’t Give Sierra a Turn?! 😮 Sierra Felt Sad 💛,2026-02-21T18:31:15Z,2052943,9799,0,2026-02-24T17:02:42Z,24,Entertainment,Sierra and Rhia English
uECoj8IJnCo,A MAN tried to TRICK ME from PRISON #roblox #berry,2026-02-22T04:56:07Z,1693505,52500,182,2026-02-24T17:02:42Z,20,Gaming,PairBlox
DJViAmhagiY,DJ & KYRIE GOT INTO A BIG FIGHT,2026-02-17T22:03:09Z,787186,15130,988,2026-02-24T17:02:42Z,24,Entertainment,The Prince Family Clubhouse
ybxXISisl04,Saat keramas banyak kepiting tersangkut di rambutnya,2026-02-22T03:30:00Z,1537756,14955,15,2026-02-24T17:02:42Z,22,People & Blogs,Shouko
GUKXpETrVbs,🎥  Una sicaria que no teme y jamas  perdona MALNACIDA - PELICULA COMPLETA español NARCOS 🎬,2026-02-17T22:00:06Z,763823,5498,296,2026-02-24T17:02:42Z,1,Film & Animation,OLA STUDIOS TV
tKiiw_JYn78,"ABATEN a ""EL MENCHO"": ESCOLTAS INTENTARON RESCATAR SU CUERPO, en TAPALPA, JALISCO.",2026-02-22T18:12:36Z,759171,10725,1838,2026-02-24T17:02:42Z,25,News & Politics,LAS NOTICIAS CON EL MEXA
5eWR0m1co6A,NUNCA TE CRUCES A UN PAYASO MEXICANO... ARGENTINOS MUEREN DE LA RISA! #shorts #humor,2026-02-22T01:00:13Z,1741211,16316,64,2026-02-24T17:02:42Z,24,Entertainment,Cachorro Free
0hSAwT7Ildw,I Secretly Worked As A Janitor,2026-02-21T18:15:01Z,1277804,78994,947,2026-02-24T17:02:42Z,24,Entertainment,Sambucha
A3_sk66S10Y,"Kash Patel Parties in Italy, SCOTUS Strikes Down Tariffs, Trump to Release UFO Files: A Closer Look",2026-02-24T02:00:18Z,760344,27264,1534,2026-02-24T17:02:42Z,23,Comedy,Late Night with Seth Meyers
6PFvSeyZQPU,Quão rápido você precisaria correr para andar sobre a água?,2026-02-21T23:35:01Z,1265323,65320,621,2026-02-24T17:02:42Z,22,People & Blogs,Eskelletox
tbItrPsMdyE,🎵  PRIMEIRO OU ÚLTIMO? 🎵  * A Música dos Opostos! #shorts #educaçãoinfantil,2026-02-21T15:01:20Z,1763151,13836,0,2026-02-24T17:02:42Z,24,Entertainment,HORA DO MOSTARDA 
e77iGQh_T1Y,que chido voy a ser tío 🤑 #random #memes #humor,2026-02-21T21:00:15Z,1575566,45733,521,2026-02-24T17:02:42Z,23,Comedy,Tio Golden
D34Ly_0L1N4,A million #MilanoCortina2026 dreams are keeping us awake! ✨,2026-02-21T23:22:48Z,1528729,24357,180,2026-02-24T17:02:42Z,17,Sports,Olympics
p7XwXHTIPcA,Trading a NOOBINI to a DRAGON in 1 Hour in Steal a Brainrot..,2026-02-23T18:40:23Z,752742,12324,1570,2026-02-24T17:02:42Z,20,Gaming,CaylusBlox
Lhd8TgKRJkk,He Thought It Was Just A Game He Was Wrong 😱🔥 #suspense,2026-02-20T17:00:40Z,4831968,169307,5136,2026-02-24T17:02:54Z,22,People & Blogs,Akai Scope
uXRD26hzFAA,Doey Plays Hide and Seek on the Farm! 🚜 #playtime | Wolf Joe | 파피플레이타임,2026-02-18T21:00:58Z,4419558,94209,333,2026-02-24T17:02:54Z,20,Gaming,Wolf Joe Toons
9dDRwBUSKo8,Minta bagi penggaris permen,2026-02-22T07:01:34Z,3056451,23134,8,2026-02-24T17:02:54Z,22,People & Blogs,Ardipetto
4emT0f-xc6k,Would you press the BUTTON to be a MILLIONAIRE High On Life 2 Easter egg?!  #easteregg #highonlife2,2026-02-20T20:54:48Z,2513695,80166,598,2026-02-24T17:02:54Z,20,Gaming,Captain Eggcellent But Shorter
52FDYR8aCx4,The Roaster Gets Roasted🤣Sudheer Echoes Sumanth Prabhas Only to Get Slammed by Rana!#shorts #funny,2026-02-20T01:32:00Z,3227628,0,32,2026-02-24T17:02:54Z,1,Film & Animation,HV entertaiments
iTthERDguMA,Cruella Sprayed Peper In His Eyes To Steal A Dalmatian !,2026-02-21T13:08:11Z,2919762,27021,49,2026-02-24T17:02:54Z,22,People & Blogs,AIHeroicStories
K2sDKLRGjEQ,La pequeña Nicole es puesta a prueba. #elasombrosomundodegumball #gumball,2026-02-20T15:00:30Z,3100999,175778,358,2026-02-24T17:02:54Z,22,People & Blogs,Diarios de Gumbal
FJ4xhbC6ue0,This lost Tesla key opened a random car… but HOW?! 🚗 #trendingshorts,2026-02-19T12:50:36Z,2836769,14082,4,2026-02-24T17:02:54Z,22,People & Blogs,Rizzexplain
k0buYMOZTT8,El secreto para proteger a la vaca es este imán 🐄😯,2026-02-21T16:00:54Z,2108062,0,3047,2026-02-24T17:02:54Z,24,Entertainment,REY HUB🦁
sp00DspoQzI,LOS BROS REACCIONAMOS A TIKBROS! #4 🎨,2026-02-17T18:10:00Z,1495769,48981,4480,2026-02-24T17:02:54Z,20,Gaming,ElAbrahaham
72lBf2ncrb4,"They Ruined His Skates, He Fed the Kitten Anyway 🥺🛼🐱",2026-02-18T00:02:31Z,2543454,62263,580,2026-02-24T17:02:54Z,1,Film & Animation,The GPT Stories
SCepyjf7_Po,FIZ A MASHA E O URSO DOS ELEMENTOS *Os Rosa gostaram ?,2026-02-17T21:06:42Z,1464271,42205,1407,2026-02-24T17:02:54Z,20,Gaming,Leozinn 077
hRh0BYiTz5Q,ENTENDIÓ lo que PASABA justo a TIEMPO 🫣🤣 #shorts #divertido #fail #humor #curiosidades,2026-02-21T00:01:13Z,2733667,51097,127,2026-02-24T17:02:54Z,24,Entertainment,AprendeYDivierTT
ZKVQbihnNXY,Aquel a quien menosprecias podría ser el héroe que necesitarás mañana,2026-02-21T12:00:54Z,2755021,84441,537,2026-02-24T17:02:54Z,2,Autos & Vehicles,Pablo Rafael
13YQNS5EStw,Popular Indian educator Khan Sir recently made a bold comment about the dowry,2026-02-22T06:30:01Z,6916157,48716,1581,2026-02-24T17:02:54Z,24,Entertainment,TrendVerse
YPOfYntrrcU,Your fingers are actually a clock,2026-02-20T18:33:58Z,2494667,103395,621,2026-02-24T17:02:54Z,28,Science & Technology,Mark Rober
DfaOswg-vCc,CAMBIO A MI NOVIA POR MI HIJA EN SAN VALENTÍN 😱💔,2026-02-18T00:11:58Z,1451491,28928,5192,2026-02-24T17:02:54Z,24,Entertainment,Mau McMahon
oc2SGpj_psg,집에 오자마자 깜짝 놀라 오열한 여성,2026-02-19T08:01:02Z,2766965,10879,148,2026-02-24T17:02:54Z,24,Entertainment,동동덕
iP1DrzuhtMk,"Ilia does a backflip just for fun at the Olympics Figure Skating Exhibition Gala, Milano Cortina🤯🫶",2026-02-22T04:36:42Z,2851796,70768,1138,2026-02-24T17:02:54Z,19,Travel & Events,"Lighttravelsfaster - Eileen Rhein, Esq."
2MVO99S7Bnk,NOS ATRAPA EL PAYASO en Roblox Scary Shawarma Kiosk con PaolazGames,2026-02-17T19:34:34Z,1436636,22324,2053,2026-02-24T17:02:54Z,20,Gaming,Lyna
dXqd3yrHVuA,His Hit Nearly Made Me Lose The Secret Block,2026-02-21T09:35:24Z,2585079,0,216,2026-02-24T17:02:54Z,20,Gaming,poggi
8BxYuNOY9EM,美容室でおじいさんを見下していた客,2026-02-20T10:00:00Z,3015161,83056,220,2026-02-24T17:02:54Z,22,People & Blogs,ネット旅行
Rk7AnJ7bIAc,ME RECHAZAN EN STEAL A BRAINROT  #roblox #robaunbrainrot,2026-02-20T23:18:42Z,2626105,59206,2250,2026-02-24T17:02:54Z,20,Gaming,SoyLugoBlox
EWN4iuNIPDg,O QUE MUDOU COM A CHEGADA DA OLÍVIA? 🤔,2026-02-21T21:15:18Z,2229228,101703,1737,2026-02-24T17:02:54Z,22,People & Blogs,Pai da Mia
bcUKXhh_htU,Asteroid learned a new trick 🤩,2026-02-20T14:41:41Z,3362348,25519,556,2026-02-24T17:02:54Z,15,Pets & Animals,Nathan Kessel
H7l0t5EYhvw,🤖 THE DAY THE ROBOTS DIED 🚨 (Bruce Willis Action Sci-Fi Breakdown),2026-02-18T09:11:50Z,2512301,13917,103,2026-02-24T17:02:54Z,1,Film & Animation,FilmFables
qJeLKg9WPaI,What a intresting game between them 😱❤️ @triggeredinsaan  #liveinsaan #shorts,2026-02-21T02:45:00Z,2978237,17508,37,2026-02-24T17:02:54Z,22,People & Blogs,Triggered Anaya 
ERrfh2cJbQo,He Built a Hidden Underground Tree Bunker… Then a Bear Showed Up 🐻🔥,2026-02-20T00:20:51Z,2538155,14748,36,2026-02-24T17:02:54Z,22,People & Blogs,Hidden Ground
bSQsDrmZL3g,Juntaron a un lobo domesticado con un pitbull #animals #perros,2026-02-19T21:14:40Z,3009903,35981,222,2026-02-24T17:02:54Z,15,Pets & Animals,Soy Fabuloso 
5ZCnsjeU_50,turning myself into a 90s desi bebot 🪩 || Tejasvi Rajput || #ytshorts,2026-02-20T14:13:25Z,2344501,71371,570,2026-02-24T17:02:54Z,22,People & Blogs,Tejasvi Rajput
jRqVPzasInY,Hari yang mantap hari pertama puasa #ytshorts,2026-02-19T08:03:51Z,3532669,13717,16,2026-02-24T17:02:54Z,22,People & Blogs,Ardipetto
iNzeT3KTT3k,Stokes Twins Por Qué Nunca Rechaces a Tanner😳,2026-02-21T07:09:15Z,3022652,33330,540,2026-02-24T17:02:54Z,24,Entertainment,Fan de los Twins
ifnQnbbe5Po,He put on a show during the timeout 😮‍💨 (via @MiamiHurricanesAllAccess),2026-02-21T00:45:42Z,3009293,54110,486,2026-02-24T17:02:54Z,17,Sports,Bleacher Report
IxMqQqLf12Q,"""Bruce Lee - One Kick. The Flame Never Stood A Chance.",2026-02-21T01:00:33Z,3352545,35636,485,2026-02-24T17:02:54Z,24,Entertainment,Isholives
4-RjudC5eu8,VIRAL 🐕‍🦺🤣 Firulais vs Therian. ¿A quién le vas?,2026-02-22T11:32:47Z,2927966,51474,1802,2026-02-24T17:02:54Z,10,Music,Barraganista
oFh9q_ft7Eo,wow😱picked oyster🐙making a pearl🦪 jewllery#shorts#viralvideo#100k,2026-02-20T14:16:10Z,2627922,29017,78,2026-02-24T17:02:54Z,,Unknown,
wrIX81cHmWg,You can literally make a knife out of anything,2026-02-19T05:54:50Z,2869169,33857,153,2026-02-24T17:02:54Z,20,Gaming,ATAUD
F5gj9GduVlk,He Climbed Into a Hanging Tree Cabin… Then Wolves Surrounded Him 🐺🌲,2026-02-19T20:19:15Z,2407357,19660,120,2026-02-24T17:02:54Z,22,People & Blogs,I Left the Noise
YmcpaBDSiMw,"the $100 rescue that stopped a $10,000 property loss #shorts",2026-02-20T23:23:07Z,2504662,80995,1844,2026-02-24T17:02:54Z,15,Pets & Animals,Fauna Archives
nf3I90iVnlo,The Babies Kept in a Mysterious Los Angeles Mansion,2026-02-19T21:39:16Z,2455779,87189,2078,2026-02-24T17:02:54Z,24,Entertainment,The New Yorker
qcSonhTHqUo,"This was a HUGE mess but so fun, let me know if you’re going to want the final result of both",2026-02-20T23:52:32Z,1954102,34998,1130,2026-02-24T17:02:54Z,22,People & Blogs,Kirra Lee
exMplWWAr94,Testing the Morality of AI Ambulance 🚑♖️,2026-02-20T08:45:29Z,2746042,51998,1268,2026-02-24T17:02:54Z,22,People & Blogs,Þolemod
NCxl7-ZSIwU,do NOT have a mime for a roommate,2026-02-19T19:18:26Z,2535428,140532,455,2026-02-24T17:02:54Z,23,Comedy,Cool Guyz Online
T0DV3pMHXhw,"Minecraft, But I Can't Touch Something That Starts With The Letter ""S""",2026-02-21T17:00:45Z,2667418,44022,812,2026-02-24T17:02:54Z,20,Gaming,iShoya Shorts
WhIJSY6CCSc,Cc cumples el 29 de febrero 🥴😂 uds conocen a alguien así #comedia #29defebrero #cumpleaños #humor,2026-02-20T10:52:24Z,2296790,50958,355,2026-02-24T17:02:54Z,22,People & Blogs,aum aim
PFgbxFAT5fI,Noob Vs Pro Vs Legend😱 In Steal A Brainrot Roblox!,2026-02-20T19:45:12Z,2547982,11417,142,2026-02-24T17:02:54Z,20,Gaming,ParthyBlox
_tBtqyisJ-M,Aiunii diciendole a mami qué hermoso está su vestido.  #artista #baby #funny #venezuela,2026-02-20T23:15:19Z,3022121,14019,56,2026-02-24T17:02:54Z,22,People & Blogs,Noti Wheelers
L-MLDKjJYIA,It was a nice one too! 😏 #ww2 #history #reenacting #shortsfeed,2026-02-19T17:52:14Z,2145721,60851,247,2026-02-24T17:02:54Z,24,Entertainment,Echoes Of The Past
fS7kGAnfN_Y,"Antes de morir, Eric Dane envió mensajes de despedida a las 3 personas más importantes de su vida.",2026-02-20T23:59:20Z,2540318,48089,333,2026-02-24T17:02:54Z,22,People & Blogs,Top Celebridades
iMh9qa5dC2Y,Daddy put on baby slipper and fixed in a second 🤣🤗🤪 #shorts #viralvideo #funnyshorts #trending,2026-02-20T13:26:00Z,3139407,0,0,2026-02-24T17:02:54Z,22,People & Blogs,Misti Happy Lifestyle Games & Shorts
SlIUCAL-A6o,It’s all in the bends and folds,2026-02-19T20:03:38Z,9174419,168494,1030,2026-02-24T17:03:02Z,27,Education,Author Ceramics Workshops
sVj4DdU9Eh8,GUESS THE NUMBER GAME🔥❤️ PT.4 SHE FINALLY WON #viral #couples,2026-02-19T20:01:18Z,9946730,307310,1464,2026-02-24T17:03:02Z,20,Gaming,Blaise 
7wM28u1Om5g,POV: Generating A New World From Nothing vs Emoji Reaction #shorts #meme #minecraft,2026-02-18T15:57:21Z,7479719,150911,380,2026-02-24T17:03:02Z,20,Gaming,Beeevids
hlbbugMNWLI,Black ceilings are the new thing! #alecpaints #diy,2026-02-21T17:59:55Z,8620237,194338,1237,2026-02-24T17:03:02Z,26,Howto & Style,Alecpaints
-7XZZOR08BA,🍎🔥💥Mercedes built the CLR GTR at $2.5M — only a few lucky drivers ever experienced its power,2026-02-21T14:00:00Z,8283713,0,0,2026-02-24T17:03:02Z,22,People & Blogs,Babu Bhaiya
dOjHsLoT1Es,He played a prank on his best friend.,2026-02-18T20:51:31Z,5425519,229203,817,2026-02-24T17:03:02Z,22,People & Blogs,9-1-1 house
81F04kA75dQ,She grabbed a Orange N64 for crazy cheap 🤘🤘🔥 #retrojakes #retrogaming #fyp #nintendo #videogames,2026-02-21T18:04:30Z,2201350,71921,1389,2026-02-24T17:03:02Z,22,People & Blogs,Retro Jakes
H5NGPOxLD1M,3 Bite Momo Challenge – Win ₹5000! #shorts #challenge #foodchallenge,2026-02-19T13:33:13Z,2119033,41921,114,2026-02-24T17:03:02Z,22,People & Blogs,The Challenger Pradip
YufjVbw_6Ok,ENFRENTÉ A MIS AMIGOS A VER QUIÉN ME CONOCE MÁS - DELFINES vs MAGENTAS,2026-02-17T18:46:49Z,1327716,35621,2121,2026-02-24T17:03:02Z,24,Entertainment,MARIANA
UEP3dtgueuo,só a criança mais educada pode vencer #ftv #filmes #cenasnarradas,2026-02-21T13:51:52Z,2262105,42813,421,2026-02-24T17:03:02Z,22,People & Blogs,DANIEL FLIXX 
kwZwZZ60hjc,A menina quer brincar de cozinhar com seus bichinhos 😲🐶,2026-02-21T19:15:02Z,3264075,15189,7,2026-02-24T17:03:02Z,24,Entertainment,Zord Facts
G2A0bS6s_Y4,A paralisia do sono vem assustando pessoas e já atingiu famosos como Maisa e Whindersson Nunes 😱💤,2026-02-21T15:30:08Z,5090839,17039,707,2026-02-24T17:03:02Z,22,People & Blogs,Fofoquei sem querer
vrXePfnr-jo,Su Hija Sorprendió a Toda la Carrera Cuando Hizo Esto…,2026-02-19T21:30:12Z,2364248,63939,264,2026-02-24T17:03:02Z,24,Entertainment,visuesp
azvq9Te1mog,A Mira pegou o vestido da Rumi,2026-02-20T20:03:59Z,2312501,136680,666,2026-02-24T17:03:02Z,24,Entertainment,Epic Toon
ipBFZMTXAZU,GTA 5 Spiderman create a new swimming pool #gta5 #gta #shorts #shortsfeed #spiderman #ironman,2026-02-20T01:30:42Z,2468520,0,3,2026-02-24T17:03:02Z,20,Gaming,Krrish 
bq_Q1wd91bs,MI BASE COMO YOUTUBER DE ESCAPA DEL TSUNAMI,2026-02-22T18:12:58Z,1755425,66839,5672,2026-02-24T17:03:02Z,20,Gaming,Ler0vYT
XFBHGxIUSus,A Homenagem Mais Linda Que Um Casamento Já Teve 😭🎬,2026-02-20T14:00:49Z,2480736,50234,55,2026-02-24T17:03:02Z,,Unknown,
lOsFl2PojwA,Pastor denounces Trump & says being a Conservative DOES NOT make you a Christian!🙌 #trump #shorts,2026-02-19T18:07:05Z,2344678,52198,2007,2026-02-24T17:03:02Z,22,People & Blogs,Angelica's Clips
9SixYyJ7U-M,Girls when they have a pimple,2026-02-22T02:36:57Z,3023459,63213,1875,2026-02-24T17:03:02Z,22,People & Blogs,Nick Wilkins
tNrGEU7sNaI,FIZ um TAPETE pra um DOG TRABALHADOR ⛽️🐕,2026-02-21T12:36:22Z,2172457,76969,381,2026-02-24T17:03:02Z,22,People & Blogs,Igor Cafofo
eQLcO_9jJrQ,"The 60-Meter Pink Rabbit That Fell From the Sky: The Story of ""Hase"" 🐰⛰️ #history",2026-02-19T18:58:28Z,2798440,62332,548,2026-02-24T17:03:02Z,27,Education,True Fairytale
tFxeBSVPuJM,Si vas a ir de vacaciones a Cancún y quieres rentar un yate de lujo contáctanos 🔥🏝🛳 #cancun #yate,2026-02-20T12:22:44Z,2181416,39778,1270,2026-02-24T17:03:02Z,22,People & Blogs,Yatezzitos México
Q3AqyltQgic,Talking little tom is on duty a short story😂🌊,2026-02-21T23:30:09Z,3835784,0,5,2026-02-24T17:03:02Z,22,People & Blogs,A Message From God
IzqoyzBYUBk,Bacon boy have a crush on noodle girl…😭🥹| hear me now trend #robloxshorts #roblox #shorts #gaming,2026-02-20T13:00:37Z,3311286,29548,170,2026-02-24T17:03:02Z,20,Gaming,Liilacbubbles
6obb03UMijs,I got a legal letter from the wealthiest city in Minnesota about this youtube video,2026-02-19T23:25:37Z,2013924,49330,959,2026-02-24T17:03:02Z,24,Entertainment,Chris the Producer
nWHe86SsxMg,What If 007n7 Turned Into a Baby? 🤔 | Roblox Animation #forsaken #funny #memes #shorts,2026-02-20T02:18:59Z,2646671,59467,612,2026-02-24T17:03:02Z,22,People & Blogs,Cupyx
efqBHqg30GI,Así se impresiona a un jefe,2026-02-20T20:32:56Z,2358817,25363,24,2026-02-24T17:03:02Z,27,Education,Mr Por Pepe
eo6efWn1F6I,Танец Легонг: карьера до 13 лет 😳,2026-02-21T14:01:02Z,2743312,37545,249,2026-02-24T17:03:02Z,28,Science & Technology,Мозговзрыв
IGQfdeUR1co,The Deadly Force Behind a Dock Line: What You Don’t See #funfacts #funknowledge #sciencefacts,2026-02-18T00:24:54Z,2252869,27979,100,2026-02-24T17:03:02Z,22,People & Blogs,Jordan Goldman
t2b6hUIeYk8,They Laughed at Her Old Bike... She Built a Supercar From Palm Leaves 😱🔥 #shorts #ai,2026-02-18T12:40:01Z,2223216,47265,51,2026-02-24T17:03:02Z,24,Entertainment,ShivuToons animation
tdaB4XKO3EI,A Hero For This...,2026-02-20T03:30:57Z,2000527,138950,10888,2026-02-24T17:03:02Z,25,News & Politics,Trish Regan
TiZXMGdqL18,😰 This was not a swing but a net in which all the children were trapped!,2026-02-20T12:30:42Z,2347187,11462,8,2026-02-24T17:03:02Z,24,Entertainment,Dramisa 
nmKTn8mRV_w,Someone poked me in the butt.😂🤣daily life of a couple  #funny  #couple,2026-02-19T14:01:23Z,2961880,7080,18,2026-02-24T17:03:02Z,23,Comedy,Mon Family
wtY0jdGIuiA,This Ship Chain Is Heavier Than a Car? 😱 | 1 Link = 3 Tons! #shorts #ocean,2026-02-19T14:57:36Z,2086012,40578,218,2026-02-24T17:03:02Z,24,Entertainment,GyaanXplain
Z3ipjFsG3hA,Lol haha! Trump Makes FUN Of Army Of China! The Pool Statement #shorts,2026-02-22T14:30:20Z,2017685,140890,1193,2026-02-24T17:03:02Z,27,Education,FactTechz
rikzxkCE3R8,Healthy ah irukkanum. Tasty ah irukkanum. Aathi anna always finds a way for every amma out there ❤️,2026-02-20T13:51:03Z,2521976,88736,229,2026-02-24T17:03:02Z,26,Howto & Style,Cookd
AeL5TeXddF4,COMENTA A QUÉ CIUDAD VAS A VER A AITANA 😍​🤣​,2026-02-19T09:00:14Z,3003220,9772,367,2026-02-24T17:03:02Z,22,People & Blogs,Club de Fans Aitana
x6ZskQ9fcTc,The Soldier Who Adopted a Girl,2026-02-20T16:01:30Z,2498504,64225,338,2026-02-24T17:03:02Z,22,People & Blogs,Rennrat
GIv4Z8bS_E4,Hubby is such a CHEATER!!  😡 #mcdonalds #fastfood #foodchallege #coupleschallenge #couple,2026-02-21T21:31:26Z,2083993,43513,713,2026-02-24T17:03:02Z,24,Entertainment,KristinAndJamil
7-V7mjlwpQw,NUNCA ENTRES DENTRO DEL BRAINROT 67 COMPLETO (ROBLOX),2026-02-17T21:15:01Z,1191975,33135,879,2026-02-24T17:03:02Z,20,Gaming,Chuy Mine
usmgfcu1Amk,Construction field | Grizzy & the lemmings | 30' Compilation | 🐻🐹 Cartoon for Kids,2026-02-20T11:01:45Z,1204516,4599,0,2026-02-24T17:03:02Z,1,Film & Animation,Grizzy & les Lemmings
R4sm6c312fc,WHO SHOULD LIVE IN A CAGE?😂,2026-02-20T02:13:00Z,2789625,0,26,2026-02-24T17:03:02Z,22,People & Blogs,JULI_PROETO
QFGQAJyDe1A,NO APUNTE EL LÁSER A UNA ARAÑA CON CRÍAS,2026-02-21T19:31:22Z,1915058,97433,127,2026-02-24T17:03:02Z,24,Entertainment,iTeczio
OcDib27Mg1c,Building a cozy shelter inside a massive forest log #survival #diy #forest,2026-02-21T19:53:59Z,2368513,54418,722,2026-02-24T17:03:02Z,22,People & Blogs,Inspiring Ideas
_RX3N0MLSYU,Fábio pagou a bola de basquete atoa kkk #meme #comedia #engraçado #humor #risos #casal,2026-02-21T21:10:00Z,2323964,47609,206,2026-02-24T17:03:02Z,22,People & Blogs,A ruiva da roça / Fabio Castro
HyvTUOp_2Jk,Battle of the Bulge (1965) | Explosive trap turns the tide for the Allies 💥🔥🚛,2026-02-20T09:10:23Z,2311248,12298,97,2026-02-24T17:03:02Z,24,Entertainment,02 Nguyen
dCLuJjPF5Io,A Horse Sat Calmly During His Prayer 🐎🤍✨#shorts #youtubeshorts #islamicvideo #foryou,2026-02-18T04:30:00Z,3633827,51087,209,2026-02-24T17:03:02Z,27,Education,Haider Shorts 
KfD_EULI-FM,Based on a True Story,2026-02-20T14:37:28Z,2311789,54858,1309,2026-02-24T17:03:02Z,22,People & Blogs,kkokkoramen
t3v5kfcFYvI,Tyrants who had a Tragic Past 🦖,2026-02-21T20:56:44Z,2258948,75258,836,2026-02-24T17:03:02Z,24,Entertainment,Farzan Films
N8wNOv43gc0,"Give a snake a crown, it’s still a snake. #fakefriends #motivationalvideo #bestquotes #storytelling",2026-02-20T12:52:56Z,2442063,38434,179,2026-02-24T17:03:02Z,20,Gaming,Ayush Jilewa
jj9N0pF9q7Y,I Built a Secret Underwater Container Room ✨,2026-02-24T00:15:04Z,19203707,165162,269,2026-02-25T13:33:17Z,24,Entertainment,Home Magic
o4o48HzJAbE,Is He The King Of Giant Snacks? 👑🤔🍿,2026-02-19T19:00:51Z,17676337,0,1530,2026-02-25T13:33:17Z,22,People & Blogs,STARTYSON
O90LnfGibJU,She cooks with a tennis racket.. #shorts #shortsfeed #youtubeshorts #cringe #lifehack #comedy #funny,2026-02-20T19:39:58Z,16889299,394833,9121,2026-02-25T13:33:17Z,22,People & Blogs,LouisAyy
GmAYooOx27s,A surprise gift for Tani #funny #scaryteacher3d,2026-02-21T12:00:33Z,19002168,93129,33,2026-02-25T13:33:17Z,1,Film & Animation,Brainrot Family
mb_ZpMEHSDs,¿Cual puede mover a RUMI? 😱😅,2026-02-20T21:20:21Z,12598439,451977,1272,2026-02-25T13:33:17Z,24,Entertainment,Leo Show 
59y_NOPOvR0,She attempts to do a handstand for 100 seconds!,2026-02-18T16:12:21Z,14027761,461986,1726,2026-02-25T13:33:17Z,10,Music,Saif Shawaf
IL2Empf--M8,This PREGNANT WOMAN Built a ROCK FOREST ROOM With a PANORAMIC GLASS FLOOR OVER A RIVER,2026-02-22T10:16:28Z,14808158,139449,94,2026-02-25T13:33:17Z,22,People & Blogs,Wild Digs
lqDc5ZmIq-o,Do you have a backup? | Bullet Train | MATADORA (Super Slowed),2026-02-19T16:16:53Z,10381840,224453,1114,2026-02-25T13:33:17Z,22,People & Blogs,Zeroone
mj9p90JRZTQ,As a KID vs As an ADULT,2026-02-23T12:01:15Z,13054019,150221,892,2026-02-25T13:33:17Z,24,Entertainment,MiniMoochi
_iX-pUnfMO4,Never Climb a Tree from a Tiger | #facts #animal,2026-02-23T13:55:05Z,12632031,150500,165,2026-02-25T13:33:17Z,27,Education,FactRound_My
nDCkMoO716c,Erling & Neymar made a fake pool 😤😰,2026-02-22T01:01:02Z,9183262,234884,809,2026-02-25T13:33:17Z,22,People & Blogs,MOMIN BRO 900K
Vh725A2oBYA,Beggar Was Actually a Millionaire ~ Vihan and Kiara Love Story #love #lovestory,2026-02-19T00:30:26Z,10083967,0,214,2026-02-25T13:33:17Z,24,Entertainment,Facto Hoshiyar
n99FImR2KvE,Building a secret Underground Luxury Cabin Hidden in a Mud Hill,2026-02-20T13:31:01Z,10293178,82666,210,2026-02-25T13:33:17Z,22,People & Blogs,ASMAR Houses 
NRgyrz7ctZ8,Tabla bajaoBuilt the CLR GTR at $2.5 🏡M only a few lucky drivers experienced power 😅🍓#reelschallenge,2026-02-21T12:30:35Z,13126560,0,6,2026-02-25T13:33:17Z,24,Entertainment,Atika Our Moni
EyX99ii476g,A Gift of Light from Tiny Friends 💫,2026-02-20T10:00:32Z,9080211,128633,0,2026-02-25T13:33:17Z,15,Pets & Animals,もこまるファミリー【赤ちゃんと猫2匹との暮らし】
KaUuPNYHFNg,I Built a School in Mexico,2026-02-22T17:00:00Z,8752778,405469,8125,2026-02-25T13:33:17Z,24,Entertainment,MrBeast
So0l0-IBi8s,Ronaldo took a heart shaped photo in the sand! #ronaldo #cosplay,2026-02-22T20:00:20Z,12392696,42240,67,2026-02-25T13:33:17Z,24,Entertainment,HOPPER
FwslooI6PHU,Bu guru nemuin penyimpanan hp rahasia di kelas,2026-02-22T10:24:06Z,9084343,57641,90,2026-02-25T13:33:17Z,22,People & Blogs,YogaS
CPhYswFKPgM,Se salvó de algo terrible gracias a su hermanita,2026-02-22T18:44:11Z,8409031,87240,155,2026-02-25T13:33:17Z,22,People & Blogs,Jesus Sulbaran
uboJNeP0iOg,He Tried to Be a Hero… and Fell in the Lake,2026-02-23T15:20:38Z,7663430,0,10,2026-02-25T13:33:17Z,24,Entertainment,CurioVerse
n9u0TrBbspQ,Choose a pair of sandals 🥰🧦🦶🏻 Leather foot slippers 🥰🦶🏼🥰 #love #viralvideoshorts #trendingshorts,2026-02-21T07:43:35Z,10887130,37565,11,2026-02-25T13:33:17Z,24,Entertainment,BaBa Toys
TOHy45TrwbY,Eagle Saves a Mystery Egg from a Kangaroo #halo #eagle #eggs #crow #kangaroo #cbum,2026-02-22T12:32:39Z,7744133,98581,52,2026-02-25T13:33:17Z,22,People & Blogs,MrMonkeyBoy
67FAkfetUU8,Never Underestimate the Quiet One 👇,2026-02-22T13:02:51Z,8474340,249351,2080,2026-02-25T13:33:17Z,24,Entertainment,mdscae
5aOP2kQJ9ts,Las idols les dan regalos a las minis #comedy,2026-02-22T02:11:06Z,8171526,86103,3208,2026-02-25T13:33:17Z,23,Comedy,Señorita Influencer
lj29icrsBew,How The Piltdown Man Fooled Scientists 😮,2026-02-22T21:00:43Z,7088246,272696,2812,2026-02-25T13:33:17Z,19,Travel & Events,Zack D. Films
gxY8bi5shSk,Even though Nawaz is a senior actor but still went and greeted them with so much humbleness #viral,2026-02-23T04:24:20Z,9240054,101142,346,2026-02-25T13:33:17Z,10,Music,Saurav Thakur
LywI1eDq09o,The Power of a Father’s Love || Vlogs❤️,2026-02-20T03:26:01Z,6337633,0,353,2026-02-25T13:33:17Z,22,People & Blogs,FactsBanglaFacts
M_ynbAQAR0M,Introducing the VitaWear SmartBand a next-generation wearable gadgetb #kareenakapoorkhan,2026-02-20T06:12:37Z,9159680,41076,49,2026-02-25T13:33:17Z,24,Entertainment,Bebo Rani 
dxX6d9vujwY,Mercedes Built the CLR GTR at $2.5 🏡M only a few lucky drivers experienced power🍓😅#reelschallenge,2026-02-23T13:23:16Z,7278351,52302,14,2026-02-25T13:33:17Z,22,People & Blogs,Abdul Wahid2m
nc1n9y-MOlY,Peacock Saves a Mystery Egg from a Elephant #halo #peacock #eggs #elephant #parrot #cbum,2026-02-23T13:05:04Z,7054808,95717,53,2026-02-25T13:33:17Z,22,People & Blogs,MrMonkeyBoy
KSRvGauojWQ,He Brought Milk for His Princess… But She Won with a Clever Watermelon Trick,2026-02-22T11:46:21Z,8192438,0,18,2026-02-25T13:33:17Z,24,Entertainment,Happy L story 
qKA4iWWXhkI,Why is everyone curious about this? 🤔❓The movie title is at the end.#Shorts#movie,2026-02-22T06:56:17Z,5891467,195265,3208,2026-02-25T13:33:17Z,24,Entertainment,Atlas4074
LxIXNj0_DLU,The Leopard That Ate Over 100 People 😨,2026-02-22T13:30:19Z,6741061,335910,2584,2026-02-25T13:33:17Z,19,Travel & Events,Zack D. Films
GMbjf6eL_Q0,#movie The Final Stand: Machine Gun Fury Meets a Knife in Eddington's Brutal Climax,2026-02-22T11:10:18Z,5855614,59344,648,2026-02-25T13:33:17Z,1,Film & Animation,Cindy
VJ1SPVL65Ig,"They Different Down Here, I seen a police car on swangaz Sunday #houston #cars  #amp #explore",2026-02-19T17:30:33Z,6379856,260985,9810,2026-02-25T13:33:17Z,10,Music,Always Make Profit Music Group
UCyup_8ZQyY,Adiós APAGA la VELA 🥀 #mrrelevante #momentostristes #culturapop,2026-02-21T18:08:14Z,6284579,162528,7145,2026-02-25T13:33:17Z,1,Film & Animation,MrRelevante
b1YaSFTriNw,Transforming a Homeless Shelter into a Luxury Tiny Home!,2026-02-22T17:01:01Z,6739210,83959,157,2026-02-25T13:33:17Z,22,People & Blogs,HyperBuild Timelapse
c-fAWEopkpw,A Mahadev Idol Was Found in the Trash And a Miracle Happened #harharmahadev #god#lesson#shorts,2026-02-22T15:42:32Z,6323905,0,481,2026-02-25T13:33:17Z,1,Film & Animation,IshTatva
80L5wifc7PA,Ranking the most impressive sounds ever.,2026-02-20T10:16:57Z,6149523,139343,304,2026-02-25T13:33:17Z,22,People & Blogs,MrStan
5_mxKXbMm9g,The wife nobody expected..! (Cr: @berniezx10alderman /IG)  #bikerlife #shorts #fyp #ragebait,2026-02-21T20:24:51Z,6013016,0,7156,2026-02-25T13:33:17Z,22,People & Blogs,Pengo - بينقو
ovlGl71WfIE,Naruto changed his way of disposing of trash after encountering a kitten#shorts #naruto,2026-02-22T13:21:58Z,6438350,56756,171,2026-02-25T13:33:17Z,24,Entertainment,Naruto AI
teY6kciRYVQ,Is that a girl or a boy looking in the background?後ろで見てるのは女の子？男の子？ #cosplay #zootopia2 #zootopia,2026-02-22T10:39:13Z,8892991,35696,544,2026-02-25T13:33:17Z,24,Entertainment,だんくんTV
EPFVwLN4iYE,¿Cómo detectar a un policía falso? REAL vs FAKE,2026-02-23T21:00:15Z,5322717,239055,775,2026-02-25T13:33:17Z,27,Education,Ley De Mike
R-gvenWlR4s,How A Salon Hair Wash Can Lead To A Stroke 😨,2026-02-24T13:30:30Z,5140212,195843,2828,2026-02-25T13:33:17Z,19,Travel & Events,Zack D. Films
WtjFoNqef5Y,Grandma Built a Dream Bamboo House After the Hut Collapsed 🏠 | 📖 Mini Wood Toys | #ai #craft #love,2026-02-20T06:30:31Z,4836045,0,70,2026-02-25T13:33:17Z,24,Entertainment,Timeless Wooden Art
lrdMvR5kewg,ヤンキーに絡まれた⁉︎#サッカー,2026-02-22T09:00:56Z,5908815,112238,666,2026-02-25T13:33:17Z,17,Sports,アシフットボール-葦フットボール
XtZQfbGY0ZI,Your Hot Neighbor asks you for a Favor,2026-02-21T13:01:02Z,4735133,231562,690,2026-02-25T13:33:17Z,1,Film & Animation,Plan3
DeQuZ9iWlSU,This Is How You “Reprogram” a Bee Colony 👑,2026-02-21T08:00:15Z,5418869,89435,266,2026-02-25T13:33:17Z,28,Science & Technology,COSMIC PITH
7DQNDpGPL1s,Le robé a mi amigo 😬 #shorts,2026-02-22T20:14:32Z,4109031,185439,1359,2026-02-25T13:33:17Z,23,Comedy,Jexs
kIHVD27R-10,La Triste Historia de un RECHAZADO 🥀 #mrrelevante #momentostristes #culturapop,2026-02-22T17:08:53Z,5017324,138786,4021,2026-02-25T13:33:17Z,1,Film & Animation,MrRelevante
Lu9JNtEq4_0,Adopted by a Lion 🦁❤️,2026-02-18T21:30:05Z,13807315,146176,1090,2026-02-25T13:35:49Z,22,People & Blogs,BravePaws
b-D5HIhiqx8,Monkey’s Mud Bike MELTS in Rain… Then He Builds a Desert Plane to Save Everyone! 😱✈️,2026-02-21T13:00:57Z,14257373,90648,7,2026-02-25T13:35:49Z,24,Entertainment,Storive Studios
lznB-3TdTww,El Creador Spawneó Lucky Blocks Divinos ⚜️🔥,2026-02-20T10:01:14Z,10014401,420347,548,2026-02-25T13:35:49Z,20,Gaming,Hackean2
tsO4rvrppfA,Make a lot of Sooji papad in water 😅 #shortsfeed #viral #cookingvlog #soojipapad #holi,2026-02-20T15:35:53Z,9019552,111535,191,2026-02-25T13:35:49Z,26,Howto & Style,Sweety's Kitchen
SRDwc6iYqRg,TEMPLO de la FORTUNA es la SUERTE de UNA PERSONA 🤫🤣 #shorts #curiosidades #china #humor #divertido,2026-02-22T20:01:01Z,9983111,133636,331,2026-02-25T13:35:49Z,24,Entertainment,AprendeYDivierTT
tPjnC9D0Qq0,"""एक बहन, एक धोखा… और भाई का गुस्सा!""🫡.#shorts",2026-02-19T13:43:59Z,4517207,124014,789,2026-02-25T13:35:49Z,1,Film & Animation,TANNU EXPLAIN 
uhw20gpbtsA,Esta Chica Me Va A Volver Loco Con Las Bebidas 😂😱,2026-02-23T17:01:25Z,5178575,73757,82,2026-02-25T13:35:49Z,22,People & Blogs,YoSoyCactus
e3s-LOXx-sI,Meeting the Special Guest at Lily Lovebraids Tea Party 👀,2026-02-19T21:22:32Z,4159403,138103,3659,2026-02-25T13:35:49Z,20,Gaming,Tasty Husbands
QwCwDe8jaO0,Цепь на карьерном самосвале #факты #технологии,2026-02-22T14:05:02Z,5362519,28117,178,2026-02-25T13:35:49Z,22,People & Blogs,Kozy Mozy Production
zElBQhOlKPg,A “skin tag” may not be a skin tag 👀,2026-02-20T12:40:42Z,6745771,20245,216,2026-02-25T13:35:49Z,22,People & Blogs,dr.lindaxing
fvyfpaXpxts,Grey's Anatomy (2005) | A Bomb Inside the Patient 😱💣🏥,2026-02-20T09:10:15Z,5171962,236516,1136,2026-02-25T13:35:49Z,1,Film & Animation,Ronan Steele
1EL2wx7H5Qk,Asi castigan a los JUGUETES MALOS.... #drsackgaming #parati #horror #feedshorts #poppyplaytime,2026-02-19T22:38:34Z,5075897,53890,575,2026-02-25T13:35:49Z,24,Entertainment,Dr. Sack Gaming
vOhKkNr0Lq8,Hiding as a BLACKSMITH Structure!,2026-02-22T14:48:09Z,4333487,167291,967,2026-02-25T13:35:49Z,20,Gaming,CoffeeFuelledGenius
e1rXoz2Du1I,Jesus vs. Satanás: Apenas 1% dos que amam a Deus verão este vídeo de bênção😂 ✅✝️↔️❌👹 #Deus #Jesus✨🔔,2026-02-22T14:00:55Z,4119865,0,611,2026-02-25T13:35:49Z,22,People & Blogs,God's Message Today 0.2
RwO6hLVM6oA,Ranking Best I'm Just A Baby Trend Part 1 #shortsviral,2026-02-19T23:00:49Z,4436388,66763,112,2026-02-25T13:35:49Z,24,Entertainment,Homie Rank
FA4tBhTrO3U,Broguin drowned in the ice water PART 11  #roblox,2026-02-22T11:16:23Z,3854012,95516,1427,2026-02-25T13:35:49Z,20,Gaming,CocoLocoWyd
zf6jQ2otnDE,Sorprendi a mi mamá ❤️😱 #shorts #video #youtubeshorts #comedy,2026-02-19T02:37:25Z,5226539,37029,1407,2026-02-25T13:35:49Z,24,Entertainment,Soy Marie Oficial 
GZGEBxEvj_Y,It was such a vibe 🤣🤣🤣 #trending #comedy #funny #viralvideo,2026-02-20T21:43:34Z,6127472,20953,111,2026-02-25T13:35:49Z,10,Music,THE ROCK OF AFRICA
1qmemqVffI0,“The ending is really hilarious🎀🤣💯 #shortsfeed,2026-02-21T07:18:49Z,4782846,0,133,2026-02-25T13:35:49Z,24,Entertainment,editsbyRS
f48ev3b2wYs,From Printing X-Rays to… ? A Heartwarming Job Hunt,2026-02-22T14:00:53Z,4443959,177365,357,2026-02-25T13:35:49Z,22,People & Blogs,Cathy Bechtelar
IPR1SVN9Y3U,The clown overthought it.#joker #shorts,2026-02-20T12:00:24Z,4375190,30687,80,2026-02-25T13:35:49Z,22,People & Blogs,Untitled Joker
uB92_9V65Po,He Made a Secret Drawer… And No One Expected This! 😱,2026-02-23T06:29:59Z,4198589,0,33,2026-02-25T13:35:49Z,24,Entertainment,Dastan
ZFsrw_7FjoM,I built a hidden luxury storm bunker under a U.S. backyard,2026-02-20T14:12:58Z,4869879,40641,884,2026-02-25T13:35:49Z,26,Howto & Style,Build Rescue Lab
iHaiYFi0kE0,The PROTOTYPE'S True Identity In Poppy Playtime Is HEARTBREAKING 🤡#shorts,2026-02-21T13:01:13Z,3669179,114405,822,2026-02-25T13:35:49Z,20,Gaming,Reapz
ck97ejftbJE,She Found A 1500 Year Old Sword In A Lake 😮,2026-02-22T20:00:21Z,20152335,826278,4379,2026-02-25T13:48:26Z,19,Travel & Events,Zack D. Films
UrA4Z7P5qgI,Paso a paso del Operativo que culminó con la muerte de “El Mencho”: Defensa - Estrictamente Personal,2026-02-23T14:42:03Z,1589817,11795,1885,2026-02-25T13:48:26Z,25,News & Politics,NMás
iwhgeBAx3gQ,"SCORE A PENALTY, WIN $1,000: LEGENDS EDITION",2026-02-23T17:01:06Z,1539971,47731,1312,2026-02-25T13:48:26Z,17,Sports,KSI
NbRn5mML32Q,Falling asleep on a flight takes me forever.,2026-02-21T19:11:21Z,8711908,26853,379,2026-02-25T13:48:26Z,22,People & Blogs,Anya Matusevich
#NAME?,Mamá le dio agua a Sonu 😱🤣,2026-02-20T15:55:00Z,3895161,38815,20,2026-02-25T13:55:35Z,22,People & Blogs,EpicCorto
a7jMtiTVuu8,Bar Brawl MASTERCLASS! Casey Bowman Wrecks 8 Thugs With a BEER! | Ninja#short #movie,2026-02-20T14:49:52Z,4141716,36516,215,2026-02-25T13:55:35Z,1,Film & Animation,Bella4
4Z8sYYw5tio,Ini Solusi Cerdas atau Sedang Menghindari Hidup Sendiri?,2026-02-19T10:00:09Z,4511482,55880,537,2026-02-25T13:55:35Z,22,People & Blogs,Aku Lewat
GGqywGnFzvk,😡 PROFESSORA EMILY EXPULSOU A AMY ROSE DA ESCOLA(TADINHA!😭😭),2026-02-21T14:25:08Z,4004101,87771,287,2026-02-25T13:55:35Z,22,People & Blogs,ninezinHISTORiaIA
qQqysj7Kwzo,"Todo pai teme esse dia, mas a filha deu a notícia… #humor",2026-02-21T00:08:04Z,4952625,73425,1184,2026-02-25T13:55:35Z,22,People & Blogs,Victao Edits
v3Usydj1RiM,POV: Escaping a Bear Into a Hidden Bunker,2026-02-22T23:30:18Z,4031439,29074,78,2026-02-25T13:55:35Z,22,People & Blogs,Mythic Shelter
LCLA2-GdYNo,What a big motorcycle brother,2026-02-22T12:16:59Z,5036954,19358,15,2026-02-25T13:55:35Z,24,Entertainment,FunVillage41
99py5WSQOu8,ade jadi anak sketboard😅🤣🤣🤣 #trandingshorts,2026-02-18T21:03:54Z,4788013,22206,168,2026-02-25T13:55:35Z,24,Entertainment,ade & kk
GaFRr7QHkEI,“When Dad Pretends to Feed a Panda Just to Make His Daughter Eat!” 🐼😂,2026-02-22T15:52:30Z,3779286,0,12,2026-02-25T13:55:35Z,24,Entertainment,Cr Fact
0o5GlC_SlC4,Güvenlik ile motorcunun medeni konuşması 🙄,2026-02-20T16:00:02Z,3552784,78806,933,2026-02-25T13:55:35Z,24,Entertainment,Zeytinsen
JbJBSpJdynw,Por Qué Disparan Flechas A Novia😨,2026-02-22T19:00:26Z,4091435,38698,47,2026-02-25T13:55:35Z,22,People & Blogs,Numbat Shortz
Giq7Vs34WGo,"Introducing the ""VitalWear SmartBand,"" a next-generation wearable gadget",2026-02-20T10:19:57Z,4527798,0,53,2026-02-25T13:55:35Z,24,Entertainment,Mr fun facts
neHgy5GwTjY,This Parrot Just Wanted to Be a Mom 🦜💛,2026-02-24T03:13:53Z,3221263,65327,605,2026-02-25T13:55:35Z,22,People & Blogs,Infi's Diary
VyY5FowPEPQ,TANKER REACT We Took a Heart Sand Photo! #kpopdemonhunters #huntrix #kpop #cosplay,2026-02-21T17:00:49Z,5613020,17417,11,2026-02-25T13:55:35Z,22,People & Blogs,TANKER
zQh4dFPrekQ,Sonic destroy Eggman car 💀😱 | Sonic the hedgehog | #sonic #edit #shorts #animation,2026-02-22T22:00:51Z,4052000,26287,135,2026-02-25T13:55:35Z,24,Entertainment,Ranedits
NksOjUslxOg,#movie In this gripping deep dive into the 2007 thriller The Brave One,2026-02-19T12:21:23Z,3561672,74445,508,2026-02-25T13:55:35Z,29,Nonprofits & Activism,American Premiere
QF--WodKE3w,Terra Formars (2016) | Serum Injection Begins – Humanity Evolves to Face the Roach Army 🧬,2026-02-23T11:18:36Z,3427835,38030,115,2026-02-25T13:55:35Z,1,Film & Animation,Beenle
KgeJnAwS-zQ,POV: you’re doing soundcheck…and a 10 year old DJ takes your job🔥.  #darbuka #rodolphemanoukian #dj,2026-02-18T20:03:07Z,3466267,68227,378,2026-02-25T13:55:35Z,22,People & Blogs,Rodolphe Manoukian
NMezK_S0sEs,Ibu ayam diperban? Anak ayam panik cari biangkeroknya🤣❕,2026-02-20T11:31:25Z,4119232,17535,5,2026-02-25T13:55:35Z,24,Entertainment,Nara_Dewi
bFQgOLnTbPU,How modern parents raise a child,2026-02-21T23:00:51Z,2834574,55966,188,2026-02-25T13:55:35Z,24,Entertainment,Loren Stories
GAO3-M6CoTE,Pagal Mercedes Built the CLR GTR at $2.5 M only a few lucky drivers experienced power#reelschallenge,2026-02-24T01:00:16Z,5422829,16281,3,2026-02-25T13:55:35Z,24,Entertainment,BILU BEASTX
paI9ekf8fwY,How to Turn a $20M Ask Into a $70M Deal  #bigbang #lol #comedy #thebigbangtheory  #shorts,2026-02-20T16:22:48Z,3946276,81131,342,2026-02-25T13:55:35Z,20,Gaming,Tasmia Gaming
7tRilROVq28,Estos perros hicieron lo imposible por volver a casa,2026-02-21T17:25:00Z,3113571,55582,74,2026-02-25T13:55:35Z,22,People & Blogs,Archivo Curioso
4Rcr9H7qr7k,The Ultimate Laugh Challenge: Top Funny Clips! 😂 #boomnationtv #funny #comedy #memes,2026-02-19T15:00:14Z,3219480,0,734,2026-02-25T13:55:35Z,23,Comedy,Boom nation tv
vv_FnKy3p2Q,I dived 50ft to save my dog from a sinking car... 🌉😱 #rescue,2026-02-21T21:09:35Z,3548542,48505,194,2026-02-25T13:55:35Z,24,Entertainment,ZooPhenomena
U_dTVwsLxWw,Her First Time as a Mom 🥹🐾,2026-02-21T12:30:42Z,3218867,55491,116,2026-02-25T13:55:35Z,24,Entertainment,L Facts
CsTjkRi3tQg,Leozinn 077💡Reclamou Do Patinete Para a Vovó!😱,2026-02-22T17:30:03Z,3002066,51447,49,2026-02-25T13:55:35Z,24,Entertainment,Timer Quiz
EZRLTkv-TWs,подписки и разбитое сердце,2026-02-22T11:00:00Z,3252991,92967,587,2026-02-25T13:55:35Z,22,People & Blogs,ПОСЛЕДНЯЯ ИЗВИЛИНА
InSvvMGZqUw,The truth of a Corvette spare tire,2026-02-23T18:15:52Z,3739264,75536,1059,2026-02-25T13:55:35Z,2,Autos & Vehicles,Exotic Rubber
SjqzpgH9LVs,He does miracles A🤪🤔🌟#amen#prayer #shorts#deus #jesus #bible,2026-02-21T08:40:47Z,3916021,15022,6,2026-02-25T13:55:35Z,24,Entertainment,OG•Madhuxzy
yFkQRcwBbtQ,Dedektif Cücük Otelde 🔎🫆🕵️‍♀️,2026-02-22T12:11:04Z,3445214,18835,91,2026-02-25T13:55:35Z,22,People & Blogs,Selin Nila
dKPPI-CfX3Y,📍Adele stops her concert to help a fan pull off the ultimate surprise proposal 💍,2026-02-18T19:41:30Z,2657681,157847,1172,2026-02-25T13:55:35Z,10,Music,Billboard Nigeria
5Acm8oqS80s,Atropel*do por um Trem,2026-02-23T22:53:54Z,3043851,149383,1359,2026-02-25T13:55:35Z,27,Education,"Investiga, Pinhel! "
sFbs_8T85zU,"Awalnya Zonk, Jebakan Kedua Berisi Ikan Mirip Buaya dan Koi!",2026-02-23T09:01:13Z,2961917,25375,48,2026-02-25T13:55:35Z,15,Pets & Animals,Uj Official 
#NAME?,A disabled duckling helps his cat friend #DuckRescue #CuteAnimal #AnimalRescue,2026-02-21T15:13:54Z,3738778,10679,14,2026-02-25T13:55:35Z,24,Entertainment,Vikashnisha kushwaha official
aHB3IebUpoY,Spiderman and Hulk play a prank on Hulkbuster 🤣 🤣 🤣,2026-02-21T13:00:00Z,3304656,20708,10,2026-02-25T13:55:35Z,22,People & Blogs,SpideyFat
tJJ6PQLUTc0,how to make a youtube thumbnail!,2026-02-22T19:15:03Z,3944983,91911,801,2026-02-25T13:55:35Z,24,Entertainment,Shumby
90rgeXm6JGM,"Essa criança tomou a decisão certa, mas o professor foi mais esperto 😂 #shorts",2026-02-21T16:30:06Z,3771974,42852,68,2026-02-25T13:55:35Z,24,Entertainment,Doutor Shorts
25G0CIlTwPg,What my Vietnamese family eats in a day,2026-02-22T12:21:03Z,3036708,144411,1462,2026-02-25T13:55:35Z,22,People & Blogs,Uyen Ninh
s7JQsdF60x8,He’s a Legend 😤,2026-02-22T12:01:21Z,2748308,96882,3354,2026-02-25T13:55:35Z,23,Comedy,Onevilage
iLB3Dc3YeRw,Kasihan Uangnya Ikut Hangus,2026-02-21T12:43:52Z,3155578,0,469,2026-02-25T13:55:35Z,24,Entertainment,Nur Hamka Channel
m3iFQo9vAxo,The Prehistoric Hunter With A Half-Body-Length Neck,2026-02-23T17:30:00Z,4726615,27312,228,2026-02-25T13:55:35Z,27,Education,Jaqqs
CXUN0vA3juo,His Dead Dog Sent the New Puppy a Message 😭😭,2026-02-22T13:04:19Z,2868219,134943,530,2026-02-25T13:55:35Z,20,Gaming,Near
Gqd2aXYuvAU,The CEO Owner OF ChatGPT is Crazzzzyyy! Sam Altman Facts #shorts,2026-02-22T14:30:20Z,2553326,139554,1323,2026-02-25T13:55:35Z,27,Education,FactTechz
TQ0b_mxeHDc,I SURPRISED MY BROTHER WITH AN AVOCADO COSTUME 🥑😭 #brother #halloween #foryou #shorts,2026-02-22T09:02:57Z,2482032,20512,413,2026-02-25T13:55:35Z,24,Entertainment,SodaSneakSally
Au-5X7F7wbI,The crosshair stepped on a landmine#shorts #viral #trending #shortvideo #starwars,2026-02-22T11:31:00Z,3218396,137209,841,2026-02-25T13:55:35Z,1,Film & Animation,Thorne Frame
pMxK4a0P1dE,Digan A #comedy,2026-02-23T16:45:43Z,3192380,35830,227,2026-02-25T13:55:35Z,23,Comedy,Señorita Influencer
uZmMKJ-P2Ec,Where Is the Best Seat on a Plane 🤔,2026-02-21T14:01:30Z,2860819,70938,253,2026-02-25T13:55:35Z,1,Film & Animation,NYKentertain
8q1X-KvbCTY,Cara Paling Gila Merilis Album Musik,2026-02-21T03:00:07Z,3259042,0,30,2026-02-25T13:55:35Z,24,Entertainment,RMDzone
eO1jrR28CIc,A small help can change someone's whole life. ❤️,2026-02-19T13:16:35Z,3235885,0,184,2026-02-25T13:55:35Z,24,Entertainment,ForgeCine AI
wliH0fJvRtk,WATCH FULL Trump State of the Union 2026,2026-02-25T05:15:14Z,53210,3265,831,2026-02-25T13:57:07Z,25,News & Politics,LiveNOW from FOX
LZ3olKqXU4A,Happiness Kisses Raven | There was a Cute Girl in the Hero’s Party,2026-02-24T18:00:31Z,35493,1460,58,2026-02-25T13:57:07Z,1,Film & Animation,Crunchyroll
jG-97ngp8r8,A Girls Hustle (Episode 3) Why TK Hustle,2026-02-25T01:43:43Z,9113,535,0,2026-02-25T13:57:07Z,1,Film & Animation,X2
K0iS-uI4ozU,The Terror of the Mysterious Cage😱 #wwe #wrestling #shorts,2026-02-20T06:00:30Z,4428246,59024,38,2026-02-25T13:57:07Z,24,Entertainment,Wrestling Secrets BD 
#NAME?,These Artists can ONLY Draw with an Eraser,2026-02-22T15:13:31Z,3274331,192860,1090,2026-02-25T13:57:07Z,24,Entertainment,SLEW
4CExrrW67Wo,POV You Are in a Bunker Inside a Massive Tree 🌳 #survival,2026-02-21T16:26:05Z,3737740,38210,315,2026-02-25T13:57:07Z,24,Entertainment,Ryuzel Zel
9o_rwyvHD8A,ATI ka bhootMercedes Built the CLR GTR at $2.5😅only a few lucky drivers experienced#reelschallenge,2026-02-21T01:00:24Z,3750280,13943,1,2026-02-25T13:57:07Z,22,People & Blogs,Bukhari King
DOgydV01YJ8,"Introducing the ""VitalWear SmartBand,"" a next-generation wearable gadget🎉 part 381",2026-02-23T05:38:12Z,3049262,0,300,2026-02-25T13:57:07Z,22,People & Blogs,Official Mohit Bhind
DIQoQ_bsAtY,Mom Making Sure I'm Asleep On A School Night.,2026-02-22T15:30:07Z,3837583,116712,915,2026-02-25T13:57:07Z,23,Comedy,Ryan HD
vQbecz1KpLc,🇮🇳 lioness destroys a Brit over #Kohinoor! #briefchaat #indianjewels #sonekichidiya #britishroyals,2026-02-21T05:01:21Z,2858350,80383,4201,2026-02-25T13:57:07Z,22,People & Blogs,BriefChaat
Io4wnUqdwWc,Es un genio este payaso #humor #shorts #viral,2026-02-20T21:30:00Z,3495996,26344,163,2026-02-25T13:57:07Z,24,Entertainment,Mark MirandaPLUS
jzKneuS_JRc,"""When a coat is made for just one person... it's destined to become a legend."" #shorts #trending",2026-02-19T10:03:22Z,4834308,73473,784,2026-02-25T13:57:07Z,22,People & Blogs,editorial 7
FQEB_2-1nqE,Hice Reprobar A 30 Niños ⚠️,2026-02-22T21:00:25Z,2815098,66131,315,2026-02-25T13:57:07Z,24,Entertainment,Skydimers
__-873xbT3o,Monkeys Worshipping Hanuman Ji Inside a Cave 😱🚩🙏 | Devotion Scene #hanuman #jaishreeram #shorts,2026-02-19T15:21:03Z,3566476,66874,355,2026-02-25T13:57:07Z,22,People & Blogs,mythoxpov
toXszdnHxXE,This Love Note Has a Backup Plan! 🤣🤣,2026-02-20T19:05:00Z,3681586,107193,1108,2026-02-25T13:57:07Z,22,People & Blogs,BlobbyClips
Boa5rdSArd0,The Most Well Preserved Mummy Ever Found,2026-02-22T16:10:03Z,2481319,191047,1299,2026-02-25T13:57:07Z,25,News & Politics,Cleo Abram
XmYbidHhTGo,Si Roba Un Brainrot Fuera Al Revés,2026-02-22T15:00:00Z,2616580,56098,14646,2026-02-25T13:57:07Z,20,Gaming,Juega Jesús
QOb-A4Ej1cE,Por Esto Nunca Grabes Sola en un parking vacío a Media Noche 😱👻,2026-02-22T17:00:00Z,2413784,72941,2020,2026-02-25T13:57:07Z,24,Entertainment,sdiux
ojyzVnUVfvA,This Is Why Loud Superbikes Aren’t Always a Good Idea!,2026-02-21T00:30:46Z,2817173,74091,1512,2026-02-25T13:57:07Z,24,Entertainment,Ayush ingle
fmieoSTI_yY,LIVE: Trump delivers State of the Union address (full speech),2026-02-25T06:51:31Z,1383195,12436,636,2026-02-25T13:57:07Z,25,News & Politics,Associated Press
dO_K3l76Xd4,El Abrahaham le regala 500 dólares a Hollman por error | #elabrahaham #shorts,2026-02-23T20:57:16Z,2485642,52415,540,2026-02-25T13:57:07Z,20,Gaming,Lo Mejor De Abrahaham
0BW6OX-84Og,Intentó robar el coche a la persona equivocada!🤣 #peliculas #series #shorts,2026-02-21T22:20:00Z,3056469,0,391,2026-02-25T13:57:07Z,1,Film & Animation,Neromerta
JqZ4oa2taw0,Help Me Save My Friend!,2026-02-21T14:00:34Z,2224239,74450,423,2026-02-25T13:57:07Z,24,Entertainment,Alan's Universe
vOwF5LtWQUU,Bocil kribo beruntung banget nemu rangka sepeda #shorts #reactionvideo #react #eldanboy,2026-02-21T11:15:05Z,2846589,11400,40,2026-02-25T13:57:07Z,10,Music,EL DAN BOY
h_VZ0N5HTjo,it's just a tank going in circle ⭕🛞,2026-02-21T02:07:30Z,4350918,0,1093,2026-02-25T13:57:07Z,22,People & Blogs,Z Y A N 02
vypf0uhpfCk,She Turned a Police Chase Into a Game of Bumper Cars,2026-02-21T20:24:57Z,2538683,43871,2116,2026-02-25T13:57:07Z,24,Entertainment,ReelzChannel
xS36brV-Exg,Ever seen a horse race like this 🤣🔥 Mississippi is different 🤞,2026-02-21T14:58:10Z,2944596,52691,3129,2026-02-25T13:57:07Z,17,Sports,Sportz Clipz TV
RY7EpSp2KTI,He built a Riverside hidden bunker 🏞️ #satisfying #transformation #diy #construction #bunker,2026-02-21T10:26:35Z,2935787,17353,129,2026-02-25T13:57:07Z,22,People & Blogs,RenovMan
FBk1SkFOj_g,Seeing Ilia Malinin & Adam Siao Him Fa do a synchronised BACKFLIP at the OLYMPICS Exhibition Gala🤯,2026-02-22T07:06:19Z,2680494,67929,531,2026-02-25T13:57:07Z,19,Travel & Events,"Lighttravelsfaster - Eileen Rhein, Esq."
ZAUl-4L-sy4,A Conversation That Feels Too Familiar in 2025 👇,2026-02-23T13:04:42Z,2566597,90951,1953,2026-02-25T13:57:07Z,24,Entertainment,mdscae
anT4nCxx6Qk,O astronauta mágico que perdeu a paciência!,2026-02-21T15:26:48Z,2691975,20881,18,2026-02-25T13:57:07Z,22,People & Blogs,Shortszeras 
2_WUzugPtmI,El tiro libre más difícil de concentrarse 😂🏀,2026-02-19T15:00:07Z,2646541,46703,702,2026-02-25T13:57:07Z,17,Sports,Entrénate para la Vida
J1e8Ux_RL3Y,“Viral! Pengakuan Mengejutkan Anak Tentang Ibu Tirinya Sebelum Tutp  Us*a”,2026-02-21T00:10:03Z,5370668,14438,770,2026-02-25T13:57:07Z,24,Entertainment,Fafa family 
f8Lc_ee2BPA,A world where everyone speaks only the truth.,2026-02-20T21:40:25Z,2414918,101730,526,2026-02-25T13:57:07Z,22,People & Blogs,9-1-1 house
2oHYYau4F3Q,""" Bro Casually Jumped Off A Cliff "" - Tom Cruise Edit | Mission Impossible | Loucura Letal Slowed",2026-02-20T10:22:35Z,1808137,0,84,2026-02-25T13:57:07Z,22,People & Blogs,ICON EDITZ
q5142LEh3Tc,JALAN SESUAI WARNA DADU!!,2026-02-23T10:15:11Z,2041951,25530,39,2026-02-25T13:57:07Z,24,Entertainment,Yudist Ardhana
tvMJTErjf20,From cute ladki to Anti - what a turn! 🤣😂🎀💯 #shortsfeed,2026-02-21T08:24:00Z,2267832,0,79,2026-02-25T13:57:07Z,24,Entertainment,editsbyRS
usj8gpiehAY,A Mother Even Works in Dirty Sewers to Save Her Sick Son.,2026-02-21T12:43:28Z,2613896,39876,116,2026-02-25T13:57:07Z,22,People & Blogs,SurvEcho
S7Z0dyge2Po,cows made a surprise visit to the shop pushed some items and walked out calmly...🐮 #shorts,2026-02-21T14:20:06Z,2205485,43582,443,2026-02-25T13:57:07Z,24,Entertainment,contentkikami
FDiH-7heBlo,"Introducing the “CrickoWear Pro Band,” a revolutionary next-generation smart wearable🎉",2026-02-24T00:51:58Z,3085491,29671,350,2026-02-25T13:57:07Z,17,Sports,CrickBox11
U3_EhDTctPk,✨HODAAA✨Contexto Solo yo puedo molestad a mi hermano😂#comedy#skit#Pov#Foryou,2026-02-21T01:01:21Z,2272904,38299,77,2026-02-25T13:57:07Z,22,People & Blogs,lsjmmmm
L1XPa9Qvp4g,they build a house inside the tree #shortvideo,2026-02-21T10:45:04Z,2797822,0,15,2026-02-25T13:57:07Z,22,People & Blogs,Top 3 Viral
alsykOBdhp4,menemukan sarung tangan ajaib di pinggir jalan.,2026-02-22T04:47:00Z,2644376,13097,3,2026-02-25T13:57:07Z,24,Entertainment,Vlog Vampir
zCGGg9tBi9c,Alysa Liu Walked Away From Skating… and Came Back a Champion 🥇,2026-02-21T00:31:10Z,2461716,65165,435,2026-02-25T13:57:07Z,1,Film & Animation,Heartsnreels
l60_D-S2OO4,Lisa becomes a magician... #thesimpsons #thesimpsons #funny,2026-02-21T04:29:00Z,1972899,53315,168,2026-02-25T13:57:07Z,22,People & Blogs,Myth_analyst
IuuvPLo-xCc,Pierde recompensa por no regresar cartera a millonario 😭 lloramos,2026-02-20T03:12:39Z,2111511,54646,411,2026-02-25T13:57:07Z,22,People & Blogs,Fernando Ayuda
ArgSFl8kRMA,A Simple Gesture That Changed the Moment wood working art_hand crafts_#shorts,2026-02-23T02:35:21Z,2085831,49127,37,2026-02-25T13:57:07Z,1,Film & Animation,Trendy Facts 
u8acGf21Bic,SORPRENDIÓ a TODOS con esta GENIAL IDEA para DECORAR el JARDÍN de su CASA,2026-02-20T17:30:00Z,2616955,29116,129,2026-02-25T13:57:07Z,24,Entertainment,Juan Perez
4xTW3NxK5qs,A Million Ways to d*e in The West (2014) | Duell zwischen Clinch und Stark,2026-02-21T15:04:10Z,2187110,52052,122,2026-02-25T13:57:07Z,22,People & Blogs,Story of the day
gk2xexSzONc,I Didn’t Expect This From A Kids Adjustment…,2026-02-20T20:55:01Z,2065958,54354,1224,2026-02-25T13:57:07Z,24,Entertainment,Dr. Holden Stanfill
FSg5864Yuyg,If an Introvert turns into a Extrovert,2026-02-22T04:01:33Z,3136526,31463,63,2026-02-25T13:59:53Z,22,People & Blogs,tufffdt
lekAYYHrboE,a north korean escapee found my video,2026-02-22T16:01:00Z,3359515,145112,1580,2026-02-25T13:59:53Z,24,Entertainment,RoyalPear
hNmyplywKFg,O rei foi desafiado no jogo do reflexo #shorts,2026-02-18T21:00:47Z,2898044,25170,20,2026-02-25T13:59:53Z,24,Entertainment,Capitaobritto
a5T-G6epuw8,Learning to Share: Chris and Mike’s Sharing is Caring story,2026-02-21T10:00:00Z,1566879,4140,0,2026-02-25T13:59:53Z,24,Entertainment,Chris kids show
zxPMhRQnI84,Patrick Jane Gets Caught Vandalizing the Bathroom #shorts,2026-02-21T14:22:14Z,2346021,124126,584,2026-02-25T13:59:53Z,22,People & Blogs,floxseditz
IJJIgwI-mT8,The Tool That Creates a Perfect Y Weave Pattern ⚒️ #shorts,2026-02-22T19:03:49Z,3483778,39802,613,2026-02-25T13:59:53Z,22,People & Blogs,Invention
VOVHxyObM-g,When the Queen is getting ready in the bathroom #Milliebobbybrown,2026-02-22T01:29:54Z,2837712,36361,324,2026-02-25T13:59:53Z,22,People & Blogs,Celeb Quill
SudT7jK4RTE,The Dumbest Solution For The USA! 😭😭,2026-02-21T18:00:34Z,3102719,91279,2342,2026-02-25T13:59:53Z,22,People & Blogs,BlobbyClips
l99Wxk3UNdo,"My mom raised me as a single mother, never knowing who my father was because of the circumstances",2026-02-21T11:23:17Z,2318217,13344,42,2026-02-25T13:59:53Z,24,Entertainment,Silk Glow Channel 
7nbIcNYYCCU,Venom vs. Dog Fighters | The Most BRUTAL Scene in The Last Dance (2024) 🔥,2026-02-19T13:53:06Z,2156552,24905,54,2026-02-25T13:59:53Z,22,People & Blogs,Scene Analysis
veG00J9JA-c,The Final Boss Of Negotiation 🤝,2026-02-23T01:03:25Z,2438169,83855,371,2026-02-25T13:59:53Z,24,Entertainment,ItsFrankyBoi
yDSnfjEIUO0,Quick Trick to Draw a Crab! 🦀🤯 #linhchihihi #messyclassroom #schoolcrush #schooldrama,2026-02-23T10:01:24Z,2354680,59358,123,2026-02-25T13:59:53Z,22,People & Blogs,Linh Chi
xgqaLUAQRe0,When Your Suspension Is Expensive Than A Lamborghini ☠️,2026-02-21T12:39:12Z,2774681,0,697,2026-02-25T13:59:53Z,2,Autos & Vehicles,Sh1ft Hub
w04ISULJwL4,Referee Gave a Red Card to a player 😹⚽ | Funniest Football Moment #football #soccer,2026-02-21T14:26:46Z,3969023,6026,137,2026-02-25T13:59:53Z,22,People & Blogs,Paw Panda
NJX4LBUjjDg,Reed Roof Thatching by a Craftsman’s Hands: The Fixing and Smoothing Process,2026-02-22T15:36:21Z,4128261,8435,39,2026-02-25T13:59:53Z,22,People & Blogs,HardCraft Vision
dpTTo__v4KE,David Miller! What a player 😭| Princy Parikh #india #cricket #indvssa #t20worldcup #icc #worldcup,2026-02-23T03:24:13Z,2261869,31763,217,2026-02-25T13:59:53Z,22,People & Blogs,Princy Parikh
kgurFXQ5MZA,AURA Moment in Steal a Brainrot #roblox #robloxshorts #trending #shorts #usa,2026-02-21T16:44:15Z,2279639,51396,585,2026-02-25T13:59:53Z,20,Gaming,Tomaa
Xs0HZOTuZZg,ele deu o Ouro pro Rival?,2026-02-23T21:58:49Z,2499122,141587,1681,2026-02-25T13:59:53Z,27,Education,"Investiga, Pinhel! "
MAwwocBjxoY,Puxaram o boné de um Streamer fitness e teve a calvice exposta,2026-02-24T01:15:20Z,2246138,128005,1780,2026-02-25T13:59:53Z,20,Gaming,Sev7n Games OFICIAL
C3ar8SAwO6I,El Cartel de México Bloquea a un Motociclista (LandonBishoff),2026-02-23T01:05:42Z,2387949,70066,402,2026-02-25T13:59:53Z,2,Autos & Vehicles,NixR34
zMRsSdeLgHg,The first outfit is actually a dance costume believe it or not (not a cheer uni),2026-02-21T07:50:58Z,2465151,47255,320,2026-02-25T13:59:53Z,17,Sports,Rylie Shaw 
K0xriVXFFUk,Vio el FUTURO 👀📺 #mrrelevante #momentosépicos #culturapop,2026-02-23T00:35:59Z,1808988,75915,1406,2026-02-25T13:59:53Z,1,Film & Animation,MrRelevante
olhzlBN7wEw,"Introducing the ""VitalWear SmartBand,"" a next-generation wearable gadget😭",2026-02-22T00:12:48Z,2871144,32283,239,2026-02-25T13:59:53Z,24,Entertainment,Nishal Man
_aWqT5dKY2E,Why Ice Cream Was Better as a Kid! 🤔🤔,2026-02-23T22:16:23Z,2509552,52642,198,2026-02-25T13:59:53Z,22,People & Blogs,BlobbyClips
fFCe7uqTl9c,"Denzel Washington: It's just a movie, it ain't that big a deal.",2026-02-19T23:30:47Z,2065206,51462,1539,2026-02-25T13:59:53Z,27,Education,TheWealthrive
prD-zbe5n_k,She Turned Into A Mummy Just For Fun 😍😍 #blackpink #kpop #lisa #jennie #jisooo #rose,2026-02-21T04:30:23Z,2769634,10426,152,2026-02-25T13:59:53Z,22,People & Blogs,Your Zesty
8WoMayPrNnc,UNEXPECTED job for a 14yo? 🤯 Ep. 511 🪜,2026-02-21T19:35:44Z,2173853,78781,726,2026-02-25T13:59:53Z,27,Education,Max Klymenko
3w1yOcYPDh4,Shalini makes a graceful entry at the JFW Movie Awards 2026.🤩😍,2026-02-21T09:33:34Z,2147475,43743,106,2026-02-25T13:59:53Z,24,Entertainment,JFW Binge
0uvZZt8aNCs,Steal a brainrot PUBLIC SERVER RAGEBAIT 💀,2026-02-22T15:24:34Z,2397676,15203,210,2026-02-25T13:59:53Z,20,Gaming,Sxzxr
Ec9cV40DBzk,The Ancient Trick That Turns Ice Into a Treasure,2026-02-21T07:45:00Z,2431907,48733,421,2026-02-25T13:59:53Z,24,Entertainment,Earth's Journal
FNi3BiSXxPM,El niño mato a sus padre por un Xbox 😱,2026-02-22T00:30:00Z,2025115,63597,385,2026-02-25T13:59:53Z,24,Entertainment,Daarl Shortz
jIUqxDoJp5E,THE SHARK WITH A SNAKE'S MOUTH,2026-02-20T18:01:01Z,3680398,32248,603,2026-02-25T13:59:53Z,22,People & Blogs,Vortex Revelations
kw5c9hgtyPE,동생에게 주인이 생겼습니다,2026-02-21T05:33:44Z,3414122,26000,229,2026-02-25T13:59:53Z,24,Entertainment,오늘은너
CtjqG758juA,This Wedding Just Took a Wild Turn 😬🔨#therookie #tvshow #crimeseries,2026-02-23T14:00:17Z,2357072,120550,356,2026-02-25T13:59:53Z,22,People & Blogs,Amine27
_chWxkj6EA4,THE LAST BOX CHANGED EVERYTHING 😱🤯,2026-02-22T00:00:46Z,2174406,100698,2452,2026-02-25T13:59:53Z,23,Comedy,LazyDevv
eyKnudJUndA,猫に優しい国・トルコのシェフ❤️ #shortvideo #トルコ　#野良猫,2026-02-21T09:00:53Z,1790519,19010,223,2026-02-25T13:59:53Z,24,Entertainment,ゆっくりキ〇ガイ
ZeNnJuRj9bA,Khoảnh khắc vỡ òa hạnh phúc của người mẹ 🥰❤️,2026-02-21T13:15:05Z,2403771,24176,92,2026-02-25T13:59:53Z,22,People & Blogs,Mỗi Ngày Một Chút
LUsMcedzZyI,Dada arrested jalpari but a boy saved jalpari from dada.       #dada #diamonds  #shorts  #cartoon,2026-02-21T07:55:58Z,1813235,17270,8,2026-02-25T13:59:53Z,22,People & Blogs,Satories House
q7rJa648LUQ,How A Tiny Rock Can Crack A Helmet And Break Bones,2026-02-23T11:12:46Z,4013157,19603,145,2026-02-25T13:59:53Z,22,People & Blogs,Jaqqsa
yUoe1Yg3xN4,Can't Wait For Hero Barbarian Barrel 💀,2026-02-21T15:24:46Z,2144189,44410,643,2026-02-25T13:59:53Z,20,Gaming,MORTEIRO
jgF26i5j7x4,El Chico Les Hizo Una Broma A Todos Sus Amigos ❤️,2026-02-22T21:10:32Z,2135959,66729,149,2026-02-25T13:59:53Z,22,People & Blogs,Parthenatos
KwPWSUBR1nk,El TOCINO AMABLE FUÉ AGRADECIDO Gracias a ESTOS BRAINROTS! 💔😥,2026-02-22T00:34:00Z,1931040,0,391,2026-02-25T13:59:53Z,20,Gaming,SANTYPRO
UeEQxAVDFfE,Volvi a romper mi telefono nuevo? 🤯😱🥶🤩,2026-02-23T22:41:39Z,1890538,61529,946,2026-02-25T13:59:53Z,20,Gaming,Diosdado Juarez
PDSpHyytVCs,La Salsa Más Aterciopelada del Mundo,2026-02-23T22:07:55Z,1633271,126462,854,2026-02-25T13:59:53Z,22,People & Blogs,GastonGBG
#NAME?,LIVE Monologue: A Dark Speech Filled With Divisive Lies | USA Women's Hockey Gets A Better Offer,2026-02-25T06:20:48Z,965859,51745,2806,2026-02-25T13:59:53Z,24,Entertainment,The Late Show with Stephen Colbert
91-HDdVWidQ,A los 9 años me secuestraron y me entrenaron para matar | Beto #Penitencia 177 #entrevista #México,2026-02-24T14:00:07Z,926606,35154,4464,2026-02-25T13:59:53Z,22,People & Blogs,Penitencia
oDBlhitCh08,Steal a Brainrot Taco Tuesday,2026-02-25T00:12:01Z,913453,8953,35,2026-02-25T13:59:53Z,20,Gaming,KreekCraft
dLanLQkGXlc,O Palhaço Pegou a Bala e Levou Ela Pra Floresta!! *ela sobreviveu?,2026-02-24T21:40:11Z,892464,46065,3927,2026-02-25T13:59:53Z,20,Gaming,Taspio
jmdpINE0ttQ,O será que aconteceu aqui? 😳 @A@ApolloSantviral #tutorial #entretenimento,2026-02-24T02:11:37Z,2534852,11723,25,2026-02-25T13:59:53Z,24,Entertainment,Mayca Brasil
8sAVQWKgMjg,Baby Keem - Birds & the Bees (Official Video),2026-02-23T20:15:01Z,800268,70028,4454,2026-02-25T13:59:53Z,10,Music,BabyKeemVEVO
Nl747nirBEY,ye kya Howa Mercedes Built the CLR GTR at $2.5 M only few lucky drivers experienced #reelschallenge,2026-02-22T13:00:47Z,22064921,72620,12,2026-02-25T14:00:07Z,22,People & Blogs,Shah G
lDaX8qWe-_g,Cambio a su Hija por un Plato de Comida #drama #tv #movie #novela #historias,2026-02-20T18:54:00Z,6161990,144508,726,2026-02-25T14:00:07Z,22,People & Blogs,Josias Mosquera
U5b3pFGSvSk,The secret of the clown.#joker #shorts,2026-02-21T16:00:41Z,7362129,65755,48,2026-02-25T14:00:07Z,22,People & Blogs,Untitled Joker
lMAXFOLFLng,The BEST MAGIC REACTION with THROBBIN vs THE FLASHER 😱 #magic #funny #youtubeshorts #fyp,2026-02-21T16:59:24Z,5176884,262439,1832,2026-02-25T14:00:07Z,24,Entertainment,Tyler Sherwin
uIQAeZa-HbE,입원 중에 가스 새는거 감지하고 신고한 디시인,2026-02-20T23:01:12Z,2603742,38368,694,2026-02-25T14:00:07Z,22,People & Blogs,레리리
c3UATdEm9KY,vijay is really a gentleman ♥️🥰 #aliabhatt #deepikapadukone #bollywood #viralshorts,2026-02-21T16:06:06Z,3387587,0,65,2026-02-25T14:00:07Z,24,Entertainment,Filmy Raftaar 
tmhrqr8Ueyk,El Día que Le Detuve Un Golpe a Mi Papá😱😱,2026-02-23T22:36:22Z,2032473,83672,920,2026-02-25T14:00:07Z,20,Gaming,Alex Crashers
ck2oFuAsjUk,I shot with FIRE for a video 🔥!! #shorts #bts,2026-02-21T09:37:35Z,2060938,0,21,2026-02-25T14:00:07Z,22,People & Blogs,Komal Soni
YZUNElBC1XU,💍¡La boda estaba a punto de cancelarse… pero este vestido salvó su honor en el último segundo! 😱👗✨,2026-02-21T15:30:23Z,1786201,0,2937,2026-02-25T14:00:07Z,22,People & Blogs,Zentero
sstZa0Wy0KA,Le moment où il a su que c’était LUI 🐶 #shorts,2026-02-22T21:14:07Z,2253418,83567,314,2026-02-25T14:00:07Z,22,People & Blogs,FlixFollower
j3ouFqgoe9w,NUNCA TE CRUCES A UN PAYASO MEXICANO... ARGENTINOS SE PARTEN DE RISA! #shorts #humor,2026-02-22T21:24:53Z,2199434,30511,162,2026-02-25T14:00:07Z,24,Entertainment,Cachorro Free
CLrBtYZ5IHA,A Little Hero with a Big Heart,2026-02-23T14:40:00Z,1730638,31084,666,2026-02-25T14:00:07Z,1,Film & Animation,Mr Explainer
lvFvYh2ROWo,Cuando pides mucha salsa 🤣 #shorts,2026-02-22T02:30:29Z,1956534,15972,37,2026-02-25T14:00:07Z,22,People & Blogs,Cristofher Hernandez
V9dmkpbJiYo,MILAN-COMO | HIGHLIGHTS | Paz and Leao Shine in Milan | SERIE A 2025/26,2026-02-18T22:33:46Z,968757,14301,455,2026-02-25T14:00:07Z,17,Sports,Serie A
QQ2jXHt3LH4,Vegeta Saved Goku in the Craziest Way! 🚁🔥 Emotional Story #shorts #goku,2026-02-23T07:56:20Z,1257121,53085,98,2026-02-25T14:00:07Z,24,Entertainment,DM Originative
Ao_jPcLgToA,DO NOT GO TO THE KPOP DEMON HUNTERS CONCERT AT 3 AM...,2026-02-21T19:00:06Z,722258,15037,3908,2026-02-25T14:00:07Z,20,Gaming,The Besties 
OTwkAsvCnDo,"DRUMS OF THE MASQUERADE(EKWEDIKE)(New Movie)FREDERICK LEONARD, LIZZY GOLD 2026 Latest Nigerian movie",2026-02-23T16:00:37Z,733573,14877,2321,2026-02-25T14:00:07Z,24,Entertainment,SUNYRICHY NOLLYTV
zG3GVg_hQ_o,"BREAKING: Armed man shot, killed at Mar-a-Lago, Secret Service says",2026-02-22T14:11:32Z,698398,13296,5942,2026-02-25T14:00:07Z,25,News & Politics,Fox News
Rj9Gturk6rQ,Жительница Воронежа устала от запретов! Каждое утро что-то новое,2026-02-23T17:00:00Z,1058952,46534,5513,2026-02-25T14:00:07Z,25,News & Politics,Лига Свободных Наций
TiArx5AoZKk,ENTENDA A M0RTE DE EL MENCHO E AS CONSEQUÊNCIAS NAS RUAS MEXICANAS,2026-02-23T00:21:26Z,665326,39140,1917,2026-02-25T14:00:07Z,22,People & Blogs,Iconografia da História
Geh1ZEjkaeM,"ITZY ""THAT'S A NO NO"" (FULL CAM VER.) @ 'TUNNEL VISION' in SEOUL",2026-02-23T11:00:11Z,681598,46721,1777,2026-02-25T14:00:07Z,24,Entertainment,ITZY
7rb20Iqc54A,Every Spider-Man Best-Friend Becomes A Villain,2026-02-23T23:30:03Z,1074472,38512,215,2026-02-25T14:00:07Z,24,Entertainment,COCO
qq1x6u__ddU,GUESS CAR EATER AND MORE EATERS HUNTERS BEHIND THE DOOR LIMINAL HOTEL Garry's Mod,2026-02-23T02:10:30Z,5246115,22833,8,2026-02-25T14:02:26Z,20,Gaming,ZOOWAKE - Games
1MY_PxGZlDk,Mikhail Shaidorov steals the show! 🐼🔥 Ps: Keep an eye for a surprise guest at the end 👀,2026-02-22T00:56:50Z,4656464,37260,324,2026-02-25T14:02:26Z,17,Sports,Olympics
ee0m6ZEuTK4,Se Robaron Las Pipsas 🍕,2026-02-20T21:00:47Z,4758846,86859,517,2026-02-25T14:02:26Z,24,Entertainment,Skydimers
m03K_vgpTUE,It’s an entire operation😂,2026-02-19T21:01:01Z,4281461,80651,627,2026-02-25T14:02:26Z,23,Comedy,Onevilage
tE-DhND4iMU,This Man Became a Hero in Seconds 👏,2026-02-22T14:05:02Z,4221747,0,5,2026-02-25T14:02:26Z,22,People & Blogs,Jazzy Voice
KX-0neakyvA,EL PROTOTIPO NUNCA QUISO DAÑAR A POPPY EN POPPY PLAYTIME CAPITULO 5 😱👀,2026-02-22T17:49:56Z,2990778,91187,926,2026-02-25T14:02:26Z,20,Gaming,Magmuh
i6Zr5cm3gu4,He Threw the Cat Away… But What Happened Next Will Make You Cry 🥺🐾 #demariki,2026-02-22T14:01:05Z,2831952,16309,24,2026-02-25T14:02:26Z,22,People & Blogs,Demariki
BJjXPWUJqj8,A stress reliever as a stress reliever?? #stress #stressrelief #health #blood #nurse,2026-02-19T16:12:42Z,2342158,8823,46,2026-02-25T14:02:26Z,22,People & Blogs,Olivia Jaymes
bIX5nhIlXP4,🔥 That Smile Was a Warning,2026-02-21T01:30:25Z,2431960,0,0,2026-02-25T14:02:26Z,24,Entertainment,UFCplus
YeymIQ-NEvM,Ancient Script Found Written on a Live Pigeon 😮,2026-02-22T14:00:52Z,2424540,21213,237,2026-02-25T14:02:26Z,28,Science & Technology,MrScoopz
rWB1ya_X0Yg,"SE EU FALAR A LETRA ""E"" O VÍDEO ACABA",2026-02-22T22:35:09Z,2002409,71802,1581,2026-02-25T14:02:26Z,24,Entertainment,Ronazim
65yeHaWjn-o,Ya se con quién me voy a casar 🤣 #comedia  #youtubeshorts  #sketch  #shortvideo #humor,2026-02-23T08:06:36Z,2216820,20115,83,2026-02-25T14:02:26Z,22,People & Blogs,爆爆爆
dRyDUbgINwM,This Kind Man Helped a Pigeon 🕊️❤️,2026-02-23T02:45:04Z,2018923,22573,86,2026-02-25T14:02:26Z,22,People & Blogs,Infi's Diary
G4phnhGZ1cQ,EU reacciona a muerte de “El Mencho”; ofrecía recompensa de 15 mdd,2026-02-22T20:12:46Z,745230,4764,302,2026-02-25T14:02:26Z,25,News & Politics,EXCELSIOR
sESPjzVklno,How to say comfortable? sound more like a native speaker  #englishpronunciation,2026-02-23T11:42:10Z,1125800,10173,111,2026-02-25T14:02:26Z,27,Education,English with Steve Ford
vuljXWYv0oc,2 birds on a wire trend 🥹🪽- Cadel and Mia #shorts,2026-02-23T12:33:41Z,1468608,28977,1051,2026-02-25T14:02:26Z,22,People & Blogs,Cadel and Mia
X9dPnQhsICE,"Abaten a Nemesio Oseguera, “El Mencho”, líder del CJNG, en operativo en Tapalpa, Jalisco",2026-02-22T17:59:30Z,602409,0,1418,2026-02-25T14:02:26Z,25,News & Politics,El Universal
EZgtndQZjiY,The demon has been taught a lesson#Jesus#christ#Daemon,2026-02-23T11:00:31Z,935296,10952,10,2026-02-25T14:02:26Z,22,People & Blogs,The hand of God
2gvSzBnIzD8,LA VENGANZA IMPLACABLE DE HARFUCH! A 6 AÑOS DE SU ATENTADO!,2026-02-23T16:11:50Z,516258,22300,1335,2026-02-25T14:02:26Z,25,News & Politics,The Mexican Family
rRDkA-07ygo,We Built a BUNKER to HIDE from GOO GOO GAGA..(Brookhaven),2026-02-23T15:43:47Z,509664,12396,1233,2026-02-25T14:02:26Z,20,Gaming,Angelazz Brookhaven
xgDVm419fIQ,Leavitt puts Mexican cartels on NOTICE: Do not 'lay a finger' on US citizens,2026-02-24T13:45:16Z,492865,9477,3325,2026-02-25T14:02:26Z,25,News & Politics,Fox News
aGyYKXlGzas,Fanum Trolls Cashier For A Discount 😂,2026-02-23T20:27:22Z,958765,39887,178,2026-02-25T14:02:26Z,24,Entertainment,Fanum Live
x7lqoQhF57E,El atentado del CJNG a García Harfuch cambió las reglas en México,2026-02-23T03:16:00Z,471874,3180,360,2026-02-25T14:02:26Z,25,News & Politics,NMás
VF_cgn6_72k,🚨 COCHE BOMBA EN JALISCO ABATE A CAPITÁN DE LA GUARDIA NACIONAL,2026-02-24T20:26:05Z,461410,16614,1934,2026-02-25T14:02:26Z,25,News & Politics,The Mexican Family
KCkc9siATIA,Masha and the Bear 2026 🤔 Guess the Food❓Best episodes cartoon collection 🎬,2026-02-24T09:00:00Z,462316,522,0,2026-02-25T14:02:26Z,1,Film & Animation,Masha and The Bear
khN8qZkiz1s,New details on man fatally shot at Trump's Mar-a-Lago,2026-02-22T23:00:22Z,447250,3489,3099,2026-02-25T14:02:26Z,25,News & Politics,ABC News
QHL53DZj4_c,The Americano Was A Product Of World War 2 #funfact,2026-02-24T17:00:42Z,839087,53918,701,2026-02-25T14:02:26Z,24,Entertainment,Doug Sharpe
MG88tVgsSzY,Minuto a Minuto: La Muerte de “El Mencho”,2026-02-22T22:04:45Z,587806,18336,383,2026-02-25T14:02:26Z,25,News & Politics,N+ UNIVISION
y0BrXsKd6m4,Ukraine Just STARTED a Fire Russia Can’t STOP… Putin Can Only Watch It BURN,2026-02-24T15:01:42Z,444355,11056,476,2026-02-25T14:02:26Z,25,News & Politics,The Military Show
MQvBlNgl4MY,‘Humiliated’ Beatrice & Eugenie ‘in a state’ as questions grow over what they knew about Epstein?,2026-02-20T19:00:30Z,428363,6873,2969,2026-02-25T14:02:26Z,25,News & Politics,The Sun
T3zwwXL_1Vk,😱Grow a Garden 2 ВЫШЕЛ! Я СТАЛ АДМИНОМ в GARDEN HORIZONS и ВЫБИЛ ДИВАЙН!,2026-02-23T04:00:32Z,410816,13179,2368,2026-02-25T14:02:26Z,20,Gaming,FixEye - Роблокс
m6QjnIZlCGs,🏁🏎️👧🏻 Daddy Builds a Race Track for His Daughter 🚗 🎮 💖 #shorts,2026-02-23T10:15:08Z,726763,4736,4,2026-02-25T14:02:26Z,24,Entertainment,Linh Nhi Shorts
d8U_VPUlGFA,🎶 On My Belly 🎶 On My Belly 🎶 There’s a Belly Button! 🎶,2026-02-23T12:01:00Z,854991,8439,0,2026-02-25T14:02:26Z,27,Education,Cocomelon - Nursery Rhymes
9W5jzKSBCtE,'The Five' ROASTS Newsom and AOC,2026-02-24T00:45:02Z,396763,9805,1698,2026-02-25T14:02:26Z,25,News & Politics,Fox News
qltp0tlGHWc,🧊💜👑Rumi ⚔️ Mira😈 | ¡Ayuda a Rumi a convertirse en la Reina del Hielo! ❄️🥺 #kpopdemonhunters #shorts,2026-02-22T15:01:31Z,697673,19593,127,2026-02-25T14:02:26Z,24,Entertainment,Crónicas de Huntrix
1KVIoXetq9o,mein LETZTES STEAL A BRAINROT VIDEO...,2026-02-20T13:30:01Z,361467,9432,2100,2026-02-25T14:02:26Z,20,Gaming,Standart Skill
H1kO_6yXLGg,"NEW: Authorities identify man who was shot, killed at Mar-a-Lago",2026-02-22T17:15:00Z,346501,5787,2117,2026-02-25T14:02:26Z,25,News & Politics,Fox News
3NvAkCGyOU4,NO WAY MARVEL RIVALS HAS A DC COUNTERPART 😭😭😭,2026-02-23T18:02:22Z,750359,25309,664,2026-02-25T14:02:26Z,20,Gaming,Khyomaru
i87U6HuESeA,Knight of the Seven Kingdoms Finale BREAKDOWN - Every Game of Thrones Easter Egg,2026-02-23T03:40:00Z,336561,8628,858,2026-02-25T14:02:26Z,1,Film & Animation,ScreenCrush
hcNIoh2efeo,Vivir con miedo… ¿a dónde se va uno? #elmexitachi #shorts #short,2026-02-24T02:59:58Z,676336,18973,223,2026-02-25T14:02:26Z,22,People & Blogs,elmexitachi
li8F6tjYZDU,ROMA-CREMONESE | HIGHLIGHTS | Brilliant Display At The Olimpico | Serie A 2025/26,2026-02-22T22:31:57Z,315438,6254,196,2026-02-25T14:02:26Z,17,Sports,Serie A
Wj-zZC5vrnE,PUTIN Is in the Same Position as HITLER on His Last Day… It’s OVER!,2026-02-23T20:00:21Z,309037,9933,872,2026-02-25T14:02:26Z,25,News & Politics,The Military Show
#NAME?,Adley & Niko JAPAN CANDY CHALLENGE!! a Funny night Rating Rare Japanese Candies 1 star to 5 Stars ⭐,2026-02-20T20:59:40Z,299602,2528,612,2026-02-25T14:02:26Z,24,Entertainment,A for Adley - Learning & Fun
6TZ5V_17xXM,I built a beaver dam in a forest #diy #outdoors #homestead #nature #beaverdam #forest #beavers,2026-02-23T19:13:14Z,548905,10133,168,2026-02-25T14:02:26Z,26,Howto & Style,SageSmokeSurvival
jTkT8UoqHE0,KABRITA REACCION A ANGI FIRE 😱 ELLA JURA 🙏 Angi Fire (VIDEO OFICIAL🛐),2026-02-20T22:00:03Z,293459,10539,774,2026-02-25T14:02:26Z,22,People & Blogs,Kabritaa
5gVggOgInd0,A Casa do Dragão - Temporada 3 | Teaser Oficial | HBO Max,2026-02-19T16:02:37Z,290614,9696,732,2026-02-25T14:02:26Z,1,Film & Animation,HBO Max Brasil
_EyUYdKdodQ,Essa iniciativa representa a Casa dos Campeões 🏆 🫡 #maxtitanium #casadoscampeoes #fisiculturismo,2026-02-23T22:27:04Z,466998,20853,128,2026-02-25T14:02:26Z,17,Sports,Max Titanium
bCHqheb0Ilo,Los primeros 18 participantes comienzan a conocerse - Gran Hermano 2026,2026-02-24T04:16:47Z,269022,1624,489,2026-02-25T14:02:26Z,24,Entertainment,Gran Hermano Argentina
ecdgD4XS6AY,‘Gutfeld!’: This guy is a STAR...,2026-02-24T05:15:08Z,269758,8026,675,2026-02-25T14:02:26Z,25,News & Politics,Fox News
U4aM6DpJQxQ,Having a PET SLEEP OVER in Minecraft!,2026-02-23T14:00:36Z,265945,2850,348,2026-02-25T14:02:26Z,20,Gaming,Dash
AENBKj5175g,"Third day of the New Year – Wishing you peace, warmth in your family a year filled with happiness.",2026-02-19T13:00:30Z,50925772,663561,715,2026-02-25T16:30:52Z,26,Howto & Style,BYB Academy
EGddu3Romps,Teacher Tried to Catch the Gate Kicker… But Every Student Had a Crazy Excuse,2026-02-20T09:28:42Z,50310627,0,49,2026-02-25T16:30:52Z,24,Entertainment,Happy L story 
4qFLuUlx4SI,How Fast Can You Stop A KPop Demon?,2026-02-20T13:33:37Z,35817205,564838,1555,2026-02-25T16:30:52Z,22,People & Blogs,Stokes Twins
IvqWwQJndYc,Chi é Elodie in confronto a Shakira ? 😍#shakira #elodie #confronto #concerto #fan #cantante #fans,2026-02-18T22:00:17Z,56353005,155320,1001,2026-02-25T16:30:52Z,22,People & Blogs,OoK
HSU6L2IYlpA,She became a mummy. she became a mummy for fun!❤️,2026-02-17T14:00:32Z,41419781,0,2172,2026-02-25T16:30:52Z,22,People & Blogs,Red
4tzBDynpQ1E,They turned a muddy clearing into a bamboo paradise #transformation #satisfying,2026-02-18T18:45:00Z,35278815,641597,4759,2026-02-25T16:30:52Z,22,People & Blogs,Inspiring Ideas
ZgNkU0EgbmY,Can a 100 Pound Kettlebell Stop a 50 Cal?,2026-02-18T16:10:49Z,41377836,853608,4603,2026-02-25T16:30:52Z,22,People & Blogs,Yee Yee Life
yCGsrkdddoE,"A Mansão do meu cachorro desabou, então acabei dando uma casa simples improvisada para ele 😱🏠",2026-02-20T22:40:01Z,34197545,166261,1816,2026-02-25T16:30:52Z,15,Pets & Animals,Kitem AI Dogs Oficial
WP1LBZMF1L0,Simran enters a Moneyless World🌎💸😱|Simran Makhija| #shorts #school #schoollife #funny #comedy,2026-02-19T00:30:27Z,29487074,277422,147,2026-02-25T16:30:52Z,22,People & Blogs,Simran Makhija
ncNl1Qu_dDE,When Military Training Turns Into a Comedy Show,2026-02-19T07:30:20Z,33307800,0,262,2026-02-25T16:30:52Z,24,Entertainment,CurioVerse
TZurFnKJNns,包丁ができるまでHow a Knife is Made,2026-02-18T12:00:58Z,27362261,372009,3992,2026-02-25T16:30:52Z,24,Entertainment,研師Ryota
28dq4f6MBZ0,"Officer saves old lady from a 250,000$ SCAM",2026-02-18T18:34:37Z,21070961,928645,18374,2026-02-25T16:30:52Z,22,People & Blogs,Patrol Log
IWz9qdq_EnA,No one is born with a dark heart ♥ #viral #status #funnyexpression,2026-02-19T05:47:26Z,20989800,0,555,2026-02-25T16:30:52Z,24,Entertainment,Yash
ArvNDr9Cdbs,These people have built a luxury home #shortsvideo,2026-02-18T09:21:00Z,21572244,0,109,2026-02-25T16:30:52Z,22,People & Blogs,Shorts With Sai 2
sEITEY7x7Tg,What Happens to Your Grip If You Squeeze a Hand Gripper for 30 Days?,2026-02-19T04:30:38Z,24694896,393162,440,2026-02-25T16:30:52Z,17,Sports,Skull Yogi
S_9F_sLCjW0,Pain of Having a Stepmom🥹 #stepmomlife #jagritipahwa #stepparents #realitycheck #treatchildrenwell,2026-02-17T13:28:55Z,19427255,385299,928,2026-02-25T16:30:52Z,23,Comedy,Jagriti Pahwa
7Q9SQN-uXGo,Never Ride a Bicycle Without Brakes 😱,2026-02-17T12:05:00Z,21626495,0,30,2026-02-25T16:30:52Z,22,People & Blogs,Jazzy Voice
D13XpZl8ncw,Mercedes Built the CLR GTR at $2.5 🏡 M only a few lucky drivers experienced power 😅🍓#reelschallenge,2026-02-19T05:33:30Z,37026867,0,39,2026-02-25T16:30:52Z,22,People & Blogs,Ai Desi Suparman
83hTFo-NTJo,40 Min Breath Hold 🔥🔥 | The Titan | MATADORA - DJ Asul (slowed) #trending #shorts,2026-02-19T18:00:14Z,21993515,504075,545,2026-02-25T16:30:52Z,22,People & Blogs,Shefasiu
Kq_JFZAYgEw,LNF - Sweet Little Sister Helps Build a LEGO Toy 🥰 #shorts,2026-02-19T13:15:03Z,24915033,186961,290,2026-02-25T16:30:52Z,24,Entertainment,Linh Nhi Family
BOlXbshBAcY,When my kids wants a snack,2026-02-17T20:50:22Z,19820906,83872,136,2026-02-25T16:30:52Z,22,People & Blogs,Lauren Agans
LBBcyMP3bvs,Last one was a DISASTER,2026-02-19T03:45:01Z,17033595,311826,1428,2026-02-25T16:30:52Z,22,People & Blogs,RandomDude
zMdTLEsPtVo,They Saved a Lonely Monkey 🐒,2026-02-22T00:07:00Z,15958719,0,877,2026-02-25T16:30:52Z,15,Pets & Animals,Facto Heart
4Ak_ddguqMw,POV: Snow Forest Shelter – What Happens After the Door Closes? ❄️🚪,2026-02-19T23:30:05Z,19823801,191823,494,2026-02-25T16:30:52Z,22,People & Blogs,Mythic Shelter
#NAME?,He Became a Lobster Dad 🦞🥹 #shorts,2026-02-17T19:44:43Z,15621140,372473,2503,2026-02-25T16:30:52Z,22,People & Blogs,Infi's Diary
#NAME?,Este hombre salvo a todos Los animals del tsunami,2026-02-17T22:44:13Z,15224815,246182,2018,2026-02-25T16:30:52Z,22,People & Blogs,Miccobi ai
PfrJkSQV_HE,Tikung Folding Fence: Smart Trick to Secure a House in a Narrow Land,2026-02-17T12:15:16Z,27938716,122270,828,2026-02-25T16:30:52Z,22,People & Blogs,The busy person
Dlwu-IY0Ajg,Eve hırsız girince köpekler vs kediler,2026-02-18T07:30:13Z,18760181,70505,69,2026-02-25T16:30:52Z,24,Entertainment,BETER BÖCÜK TÜRKİYE
nbr6iJOFxck,They Saved a Lonely Panda 🐼,2026-02-18T00:17:00Z,13004863,0,1131,2026-02-25T16:30:52Z,15,Pets & Animals,Facto Heart
XeoNQ-Qstxo,How Scientists Filmed A Ladybug’s Hidden Wings 🧐,2026-02-21T22:30:06Z,15163446,733102,3114,2026-02-25T16:30:52Z,19,Travel & Events,Zack D. Films
lLtOtMKdvWo,Penguin Saves a Mystery Egg from a Bear #penguin #eggs #owl #bear #cbum,2026-02-18T12:46:04Z,14434284,226557,97,2026-02-25T16:30:52Z,22,People & Blogs,MrMonkeyBoy
v6ZGT4ppzkk,Nahi khaonga Mercedes Built the CLR GTR at $2.5😱 only a few lucky drivers experienced#reelschallenge,2026-02-18T11:05:00Z,22757030,131245,23,2026-02-25T16:30:52Z,22,People & Blogs,Gajju.1000
IHWlvwu8t1w,The Mandalorian and Grogu | Official Trailer | In Theaters May 22,2026-02-17T14:00:19Z,10360580,131558,8931,2026-02-25T16:30:52Z,24,Entertainment,Star Wars
sb6UyV5SGs0,GRWM in a casual evening look ✨,2026-02-18T14:16:47Z,12561903,129356,343,2026-02-25T16:30:52Z,22,People & Blogs,mnsee.fashnlife
hPaKlFUvnr8,This Man Built a House No Thief Can Crack wood working art_hand crafts_#shorts,2026-02-20T04:27:51Z,18471049,224484,281,2026-02-25T16:30:52Z,1,Film & Animation,Trendy Facts 
jLD5Ovx739s,Safety First While Riding a Scooter! 🛴🛑 Sierra Teaches Rhia 💛,2026-02-18T19:30:15Z,24190908,108425,0,2026-02-25T16:30:52Z,24,Entertainment,Sierra and Rhia English
4ppxMFHQ9MY,They Built a $2M Container House Underwater 🌊😳,2026-02-20T01:25:06Z,14984736,154861,2034,2026-02-25T16:30:52Z,28,Science & Technology,SurfaceFlow
AP-Q8DAUvLE,Hiding as a TRAPDOOR!,2026-02-18T12:48:27Z,11656814,407290,2208,2026-02-25T16:30:52Z,20,Gaming,CoffeeFuelledGenius
dnYyNC0o1So,When you try to steal an air compressor but the roof crew came prepared with lumber and nail guns 😭,2026-02-19T21:13:49Z,11762136,149015,6261,2026-02-25T16:30:52Z,22,People & Blogs,More Than Laughs
Npd-gHXEduw,🌳🔥 I Built a Hidden Tree House Inside a Giant Tree | Satisfying Cabin Build Timelapse,2026-02-18T17:23:02Z,14914525,229931,1503,2026-02-25T16:30:52Z,26,Howto & Style,RenovaTime
oIGNFO2kGWI,I Put an Aquarium in My Living Room Floor?! 🌊🐠 Ocean 3D Floor #OddlySatisfying #Aquarium #EpoxyFloor,2026-02-20T20:00:00Z,12485540,82990,198,2026-02-25T16:30:52Z,24,Entertainment,All That Epoxy
UHmSqnpchps,脳がバグる色んな神童まとめ,2026-02-20T03:30:33Z,13066198,221884,1004,2026-02-25T16:30:52Z,22,People & Blogs,何もなかつた
xTokoZUERuk,The Teen Who Fought The Nazis 😮,2026-02-18T20:30:21Z,11930855,861211,5807,2026-02-25T16:30:52Z,19,Travel & Events,Zack D. Films
yapKgtrAyPY,El Perro Que Estafó A Todos 😧,2026-02-20T18:01:12Z,13744674,218814,366,2026-02-25T16:30:52Z,24,Entertainment,Dan
Q807tnfXvvA,JANDEL IS BACK? - GROW A GARDEN | ROBLOX ANIMATION,2026-02-20T05:17:50Z,12953062,198809,7751,2026-02-25T16:30:52Z,20,Gaming,GH'S
IG_neYL3oCs,مين هنا برج الاسد؟😱,2026-02-18T12:21:00Z,13380159,72906,109,2026-02-25T16:30:52Z,15,Pets & Animals,Mohamed Elyamany 
fuHkWonUYsY,Can He Get a Kiss?,2026-02-20T13:01:14Z,11056494,321995,219,2026-02-25T16:30:52Z,24,Entertainment,Zhong
LrBq-ZVZDe0,POV: When A Stranger Back Stabs You  #fashion #prom #dressess #formaldress #promdress #dressootd,2026-02-17T14:45:04Z,12324083,274844,586,2026-02-25T16:30:52Z,22,People & Blogs,Milivine Studio
sL_OcKykegA,"KID HAS A $15,000 GENGAR CHAIN?  #cardshow #vendorpov #pokemoncards #pokemon #gengar #funny",2026-02-17T19:36:21Z,11734410,298349,2857,2026-02-25T16:30:52Z,20,Gaming,westcollectsx
cc_F6SuECPE,POV: You Have a SECRET Weapon in Shawarma Kiosk Roblox 😂,2026-02-18T03:14:33Z,11407264,168882,189,2026-02-25T16:30:52Z,20,Gaming,nothayus
jgUx1Dxweaw,Best Dancer For A Reason 🔥💯 #bollywood #hrithikroshan #shorts #trending,2026-02-18T13:50:43Z,10533472,176316,146,2026-02-25T16:30:52Z,24,Entertainment,AMANHRX 
zdpd1qFlR-Y,Make A Word Challenge Gone Wrong,2026-02-20T12:01:43Z,11326120,210611,3933,2026-02-25T16:30:52Z,24,Entertainment,MiniMoochi
#NAME?,Ever seen a dancing pony? Wait till the end🦄  #dance #trend #sweden,2026-02-17T17:15:15Z,12165660,111250,1555,2026-02-25T16:30:52Z,22,People & Blogs,Isabell afro
qCUN5ZkBoAw,takala😰Mercedes Built the CLR GTR at $2.5🤡only a few lucky drivers experienced power🌲#reelschallenge,2026-02-20T09:52:00Z,17854614,0,11,2026-02-25T16:30:52Z,22,People & Blogs,A1 facts 5M
2Su4-AJtr8Y,That Was Not A Bark😂 #ishowspeed #kaicenat #edit,2026-02-20T23:48:34Z,11267142,224390,1421,2026-02-25T16:30:52Z,24,Entertainment,Goofy Recaps
1xGVoBKK9Xc,Bruce Lee kicks an arrow mid-air. No warning. Pure speed.,2026-02-18T07:00:04Z,12098393,43105,84,2026-02-25T16:30:52Z,22,People & Blogs,Kung Fu Mighty
Xp8bFu8pmMk,🎃 A Luxury Home Built Inside a Simple Pumpkin 🏠✨,2026-02-21T07:37:02Z,8796035,0,63,2026-02-25T16:30:52Z,22,People & Blogs,Facts Oppy
PREzdpuXxb4,"The human body transports water, greening the desert is a funny special effect",2026-02-21T05:00:26Z,17283604,59460,25,2026-02-25T16:30:52Z,24,Entertainment,Kayvan Nanditama
#NAME?,HE WAS 1v1 WITH THE KEEPER… THEN THIS HAPPENED!😱 #futebol #goalkeeper #footballshorts,2026-02-17T16:15:00Z,13220822,11674,47,2026-02-25T16:30:52Z,24,Entertainment,GoalMad Football
kpgOXvhawws,How Thick Would A Cast Need To Be To Stop A Bullet 🤔,2026-02-21T13:30:56Z,9161819,309284,2148,2026-02-25T16:30:52Z,19,Travel & Events,Zack D. Films
gYGI63LH9Uo,Cuando tu hijo deja claro a quién quiere más delante de todos,2026-02-19T21:00:55Z,10307594,179960,479,2026-02-25T16:30:52Z,22,People & Blogs,Jon Sinache
tJXeFAGLhr8,Lyna y Larin Junior visitaron a un mago 🧙‍♂️,2026-02-17T19:09:41Z,10844343,66463,52,2026-02-25T16:30:52Z,24,Entertainment,Wekas
HqRL_bz9suk,A Cruel Betrayal and the Golden Retriever Who Refused to Let Go,2026-02-19T01:55:40Z,11894461,54599,246,2026-02-25T16:30:52Z,22,People & Blogs,Sigma Rescue
AeL7G4csR1E,Building a Secret Underwater Container Room 🏠,2026-02-22T00:15:00Z,10747673,106577,223,2026-02-25T16:30:52Z,24,Entertainment,Home Magic
z7R8v2w3D_A,Transforming a Mound into a Luxury Underground Room – Hyper-Lapse Build,2026-02-20T14:09:07Z,10249989,163284,410,2026-02-25T16:30:52Z,24,Entertainment,Quite Homes
VnedT-8sHOc,I Pretended To Be A Wax Figure,2026-02-19T18:15:07Z,9676946,458680,3139,2026-02-25T16:30:52Z,24,Entertainment,Sambucha
jHbGX8APjWM,POV You Found a Secret Bunker in the Forest #survival,2026-02-17T23:30:14Z,10008047,81098,327,2026-02-25T16:30:52Z,22,People & Blogs,Mythic Shelter
ZVrEaT8R5L4,SALVÓ A SU CERDITO 🥹,2026-02-18T00:03:27Z,9908210,219813,3478,2026-02-25T16:30:52Z,20,Gaming,elElias
lLhVf_DEwKY,Les presento a las IDOLS #comedy,2026-02-17T15:08:20Z,11217399,161991,20607,2026-02-25T16:30:52Z,23,Comedy,Señorita Influencer
8lXEiPJeQvI,La Profesora Se Sorprendió Al Grabar A Sus Alumnos En Secreto ❤️,2026-02-17T19:02:01Z,8558917,127742,151,2026-02-25T16:30:52Z,22,People & Blogs,Parthenatos
cAXnxiHgYLo,That One Bro With a Spear #usa,2026-02-19T18:30:49Z,9656499,79687,500,2026-02-25T16:30:52Z,20,Gaming,Kajuto
shoF4s1V4Kw,Flying a Class better than First Class #singaporeairlines #firstclass #suites #flight,2026-02-20T18:09:36Z,12131559,174437,1152,2026-02-25T16:30:52Z,19,Travel & Events,Damon Geis
65aQZwX89Bk,She Gave Her Son a 3D Pen… Then She Walked Into His Room 🤯,2026-02-19T16:57:00Z,9525972,137751,14923,2026-02-25T16:30:52Z,22,People & Blogs,Funtale
Tjj0bcAgN9U,Turtoise was having a great day until... 🐢#truestory,2026-02-20T06:00:42Z,8995938,107916,511,2026-02-25T16:30:52Z,24,Entertainment,wholesomesque
VH1cwfleTro,The Cuban Pilot Who Defected With A MiG-29 To America,2026-02-18T17:25:19Z,10369139,305970,5108,2026-02-25T16:30:52Z,22,People & Blogs,Underground Bullets
7OTHPYWdDhc,"This poor puppy has no cash to buy a food of plate, so rich puppies making fun of him #animahal",2026-02-20T12:30:01Z,10118215,149641,874,2026-02-25T16:30:52Z,15,Pets & Animals,Ani Mahal
KHfS-oqxwi0,Cortei a armadilha da planta carnívora?!😱 #shorts,2026-02-18T02:02:56Z,7698630,285462,1660,2026-02-25T16:30:52Z,24,Entertainment,Gabrielmiranda_ofc
599zPZj_yQI,qual o MÁXIMO que o celular bloqueia por ERRAR A SENHA?,2026-02-20T23:00:00Z,9931579,206845,1733,2026-02-25T16:30:52Z,24,Entertainment,Giuliana Mafra
twsKdgvDxo4,Hiding as a GATE!,2026-02-19T09:35:57Z,10545081,290355,1957,2026-02-25T16:30:52Z,20,Gaming,CoffeeFuelledGenius
OCKocEl_2BA,He OPENS a BLUE WHEEL OF CHEESE,2026-02-20T15:30:25Z,9561266,288339,2356,2026-02-25T16:30:52Z,23,Comedy,Lionfield
jK-_-BBfgAY,¿A Quién Salvarías?💔😢 #kpop #rumi,2026-02-17T14:44:27Z,8372397,261354,601,2026-02-25T16:30:52Z,22,People & Blogs,Vaya Historia!
qtySq8iQqLc,A good relationship requires effort to maintain.#shorts,2026-02-19T10:21:58Z,8822571,366921,5242,2026-02-25T16:30:52Z,22,People & Blogs,ShadowHarbor 
x1JBLVQDY7s,He Climbed A Building To Rescue A Child 😱,2026-02-20T20:30:09Z,8634089,584555,6474,2026-02-25T16:30:52Z,19,Travel & Events,Zack D. Films
UCHRs6IYG50,When Ederson Became a Midfielder 😂,2026-02-17T19:23:23Z,9315848,97336,211,2026-02-25T16:30:52Z,22,People & Blogs,OffsideShorts90
TJykDaWPs8M,Elder Sister Teaches His Young Sisters Like A Mother 🥹,2026-02-18T02:00:25Z,8002683,0,53235,2026-02-25T16:30:52Z,22,People & Blogs,saifu ke shorts
UZNshSF7ckw,A EMILLY CAIU DA ESCADA EM UMA GRAVAÇÃO *Ela ta bem ?,2026-02-20T15:00:11Z,4195741,82356,5617,2026-02-25T16:30:52Z,28,Science & Technology,Emilly Vick
GighSdrzF4Q,Silent SOS Saved a Life 🌟#rumilife,2026-02-20T12:30:22Z,8046167,149169,704,2026-02-25T16:30:52Z,23,Comedy,Rumi Life
w_B6znHQBoU,This Guy Accidentally Ended Up in a Music Video,2026-02-19T20:11:34Z,10720880,161229,394,2026-02-25T16:30:52Z,24,Entertainment,Hublot Baggins
ALlHMMEOs_4,Ranking The Funniest Make A Word Challenge 🤣💀 Part 4,2026-02-20T20:08:34Z,7595648,222473,1628,2026-02-25T16:30:52Z,22,People & Blogs,sylpd
Mwqmd6JMTBI,Me encontré con un ¿THERIAN?,2026-02-18T20:00:00Z,6297542,281625,8658,2026-02-25T16:30:52Z,20,Gaming,Iraa
_diDNxI9lkM,Watch Water Turn Into a Glowing Ice Lantern in Freezing Air! ❄️✨,2026-02-17T12:30:17Z,7080169,0,21,2026-02-25T16:30:52Z,24,Entertainment,Facts Ki Story
ssu_1ljppoA,A roupa 🐘🦊🐷 Emilly Vick💗Ketlen💜Leozinho💡,2026-02-17T21:15:06Z,7698565,137268,320,2026-02-25T16:30:52Z,22,People & Blogs,Super Aventura
vJk33ppCaAI,This Golf Gadget Is Banned for a Reason 😳,2026-02-18T13:01:51Z,9102435,87701,121,2026-02-25T16:30:52Z,27,Education,Mindsy
otgNWj4OI4Q,Police Officer Gives Kids a Moment They Will Never Forget…,2026-02-21T19:27:26Z,7619262,215302,1423,2026-02-25T16:30:52Z,22,People & Blogs,Crisis Cams
FAFE4cgt7vE,Simran enters a Powerless World🌎💪🏻😱|Simran Makhija| #shorts #school #schoollife #funny #comedy,2026-02-20T00:30:24Z,7509824,89718,56,2026-02-25T16:30:52Z,22,People & Blogs,Simran Makhija
ik_LrOYA5Y8,Este truco loco obligó a la iglesia a comprar su casa 😱🐷 #shorts,2026-02-20T15:07:33Z,9772226,0,357,2026-02-25T16:30:52Z,24,Entertainment,sir janbaa
8Lu_hl-r88w,You don’t get a BETTER high protein snack than this 🫡🇿🇦 (67g protein/100g) #mealprep,2026-02-19T16:52:03Z,8552394,206325,3521,2026-02-25T16:30:52Z,17,Sports,Noel Deyzel
cRgBCNJ9g74,This Is NOT a Reflection… It’s Twins 👬🔥,2026-02-18T03:30:27Z,9036177,107829,304,2026-02-25T16:30:52Z,22,People & Blogs,MC REPEAT
m6_s6ANu3E8,Putting Ai Police Through a Moral Test 🚔⚖️,2026-02-17T13:06:54Z,7537255,125994,2049,2026-02-25T16:30:52Z,22,People & Blogs,Þolemod
2FPDWMvolfw,Who else has a separate stomach for desserts? #itbelikethat #justforlaughs #motherson #dessert #yum,2026-02-20T04:23:46Z,7892388,217067,526,2026-02-25T16:30:52Z,22,People & Blogs,Michelle Tiang
Q51mbsIB1GY,Will KFC Fill The Worlds Biggest Bucket?,2026-02-17T16:00:41Z,64566808,1726616,2745,2026-02-25T16:30:52Z,24,Entertainment,DanCookedIt
SkXEOg9-pwg,…and the reaction speaks for itself 🫶🥇,2026-02-20T19:10:34Z,35436920,386535,1446,2026-02-25T16:30:52Z,17,Sports,Olympics
6zD2tmUokmI,Kanye Samples Like A Boss,2026-02-19T00:00:18Z,30553679,538299,3587,2026-02-25T16:30:52Z,24,Entertainment,ePianoh
kCEZ4s7dKQo,Shower under an Umbrella😂 傘の下でシャワーを浴びる,2026-02-20T01:01:01Z,29500260,83326,22,2026-02-25T16:30:52Z,24,Entertainment,TTINY BOY
_TLaN8h2Ms0,What you choose the durian ladder 🪜 🥑,2026-02-17T15:01:40Z,26655334,95226,15,2026-02-25T16:30:52Z,22,People & Blogs,Thong To Short Fun
6_LD7s4d234,He deserves an Olympic medal 🔥#olympics#winterolympics2026 #winterolympics #video #figureskating,2026-02-18T00:50:07Z,20026745,348127,1433,2026-02-25T16:30:52Z,17,Sports,Ian Gunther
Xto32bRZPwA,When An Arab Serves Indian Food,2026-02-21T11:08:12Z,24135872,701272,3716,2026-02-25T16:30:52Z,19,Travel & Events,Khalid Al Ameri
D8ilttqEW2k,Which animal cause the most damage #shorts,2026-02-17T18:42:50Z,12593301,170608,892,2026-02-25T16:30:52Z,22,People & Blogs,VITMI
0qDo88oZD34,嫌がらせ行為を目撃した教師のガチ対応,2026-02-19T02:00:01Z,9310347,185029,2232,2026-02-25T16:30:52Z,1,Film & Animation,一分世界
97yKWpq1ykQ,a pessoa MAIS BAIXA do mundo,2026-02-21T15:00:00Z,8347800,175015,1506,2026-02-25T16:30:52Z,24,Entertainment,Giuliana Mafra
yH20Z2FsGzw,He turned an awkward moment into a sweet one ❤😍... #priyankachopra #nickjonas #shraddhakapoor #edit,2026-02-18T10:06:20Z,8936179,71440,145,2026-02-25T16:30:52Z,1,Film & Animation,Filmy Beats 
bvTXF49udAY,A HISTÓRIA DE SUPERAÇÃO DA GIULIANA MAFRA - Peraltas Comedy #giuliana #peraltascomedy #shots,2026-02-17T15:01:04Z,7617309,226454,5347,2026-02-25T16:30:52Z,23,Comedy,Peraltas Comedy 
8erQRvNBNeQ,I’m Never Buying a Robot Vacuum Again! 📉 Roomba Fail,2026-02-17T17:49:40Z,9610642,18792,1383,2026-02-25T16:30:52Z,24,Entertainment,Dahiyane Bilgiler
JG5-JPaBQvU,Fizeram bullying no colégio com a minha filha...,2026-02-19T17:00:19Z,7658142,71048,404,2026-02-25T16:30:52Z,24,Entertainment,Kelvin & Marina l Casal do Humor
1vFMjwLRCh4,Use a bucket to splash paint on the hood. #เคาะพ่นสี #ช่างทำสีรถยนต์ #automotive,2026-02-20T02:14:57Z,9547812,28197,646,2026-02-25T16:30:52Z,22,People & Blogs,อุไร การะจักร
KnATPoaNMc0,a baby who is a thirsty dog,2026-02-18T05:17:08Z,7057281,64942,576,2026-02-25T16:30:52Z,22,People & Blogs,Tiny Smile Studio
1Kf7rH7YIh8,Esta abuela se disfrazaba todos los días para hacer sonreír a su marido #shorts,2026-02-19T23:00:02Z,6859232,0,26023,2026-02-25T16:30:52Z,24,Entertainment,sir janbaa
kdYXK06iFbc,La Chica Más Amable Del Mundo 😯❤️,2026-02-21T15:01:20Z,7559280,153203,382,2026-02-25T16:30:52Z,24,Entertainment,El Chico Estrella 🌟
DkBIlBKr_w4,A Father’s Love for His Son and Daughter 🥹❤️,2026-02-17T14:33:06Z,6417488,125754,269,2026-02-25T16:30:52Z,10,Music,Teddy Dear
pD2rC0jMvtE,ele Bateu o Recorde e Continuou,2026-02-19T19:03:41Z,6898938,439423,1806,2026-02-25T16:30:52Z,27,Education,"Investiga, Pinhel! "
CawIWxOnACA,Batman really turned into a kid and still kept his rizz at zero... 😭🥀 #dc #shorts #memes,2026-02-21T13:49:42Z,8892929,425593,2324,2026-02-25T16:30:52Z,22,People & Blogs,SafeHaven
A3tSCIhqj_Y,Minecraft In a MILLION Years...,2026-02-22T03:22:28Z,8470855,287120,1705,2026-02-25T16:30:52Z,20,Gaming,Fangorn
NW6GIiN1xvk,"The One You Look Down On, Might Be The Hero You'll Need Tomorrow #lifelessons",2026-02-20T22:31:34Z,7365301,194189,2307,2026-02-25T16:30:52Z,,Unknown,
K1WL00Qu6Hk,📡🛑 Can Radar Find a Body Hidden in Cement?,2026-02-20T19:34:11Z,7530900,283575,2585,2026-02-25T16:30:52Z,28,Science & Technology,Zero Theory
z9AWzvLFxQo,Transformaron una cuchara en un recogedor,2026-02-18T01:30:57Z,7952254,29076,53,2026-02-25T16:30:52Z,24,Entertainment,Nocheon
kl8UCmCIpSU,Yes or No? (Make a random drink challenge) Part 98,2026-02-17T22:00:54Z,7459731,277067,921,2026-02-25T16:30:52Z,24,Entertainment,Godfrey Twins
ThU6LK8xEdE,Gold medalist Alysa Liu has a BLAST in the exhibition gala | Winter Olympics 2026 | NBC Sports,2026-02-21T22:35:45Z,3818466,111258,2986,2026-02-25T16:30:52Z,17,Sports,NBC Sports
rrICaz6RxBA,KEKUATAN ISTIQOMAH SHOLAT WALAU PUN DI AREA NASRANI,2026-02-20T09:53:58Z,17519352,48181,1281,2026-02-25T16:30:52Z,22,People & Blogs,Raja Ryzal Kelayang
chTNXwVQg0Y,Este Artista Engañó A Tu Cerebro En Segundos 😵 #tonyfranco,2026-02-19T23:00:50Z,7572379,189724,484,2026-02-25T16:30:52Z,22,People & Blogs,Tonyfrancog
#NAME?,Hiding as a CLOUD Until My Friend Notices!,2026-02-20T16:59:46Z,5552009,185215,1198,2026-02-25T16:30:52Z,20,Gaming,CoffeeFuelledGenius
4n2HTFDoEC8,Girl robbed a statue thief 😮 | RESPECT |,2026-02-19T02:06:02Z,6464113,0,25,2026-02-25T16:30:52Z,24,Entertainment,Respect Boron
Sskh-A_0w9c,A hitman walks in on the ultimate bro moment... and has NO idea how to process it. 😂🫘,2026-02-21T10:30:22Z,6964559,152284,360,2026-02-25T16:30:52Z,1,Film & Animation,Fae Plunkett
MPuqvgdIQz0,I Got a New MOM?,2026-02-22T13:00:39Z,7114682,160224,122,2026-02-25T16:30:52Z,24,Entertainment,Zhong
Ir58FFWLyQ8,A bañarse con agua fría 🚿 #alemania #humor #alemana #colombia #cultura,2026-02-18T17:56:29Z,6188322,78952,763,2026-02-25T16:30:52Z,22,People & Blogs,Jose y Maggi
5a6YDUdQUE0,NO DEJES CAER A RUMI😰💔,2026-02-19T01:25:09Z,6722953,59978,33,2026-02-25T16:30:52Z,24,Entertainment,Roythithi
ieFSsRr-dAc,Dirt bikes need registration and a plate... #shorts,2026-02-17T14:30:46Z,5483237,230581,3217,2026-02-25T16:30:52Z,24,Entertainment,Throttlehead
W4h-zPiK1aM,Building a Highway Bridge on a Vertical Cliff | Real Engineering,2026-02-18T20:46:11Z,7385745,0,264,2026-02-25T16:30:52Z,22,People & Blogs,GeoRevive
TfrOPI5AM10,Kalian juga punya kan celengan seperti ini? #shortvideo,2026-02-17T23:36:37Z,7181776,69670,0,2026-02-25T16:30:52Z,22,People & Blogs,Ninis marsela
MCx6ngtDveQ,"Meu irmão Vinícios APRENDENDO A LAÇAR, Treinando laçando nóis #irmãos #humor #familia #laço #feliz",2026-02-17T21:00:19Z,5788660,98771,410,2026-02-25T16:30:52Z,22,People & Blogs,A ruiva da roça / Fabio Castro
R6zZrUHFrI0,The Woman Who Poisoned Her Own Lookalike 😨,2026-02-21T15:30:28Z,6036957,295566,2009,2026-02-25T16:30:52Z,19,Travel & Events,Zack D. Films
I3DS8Jp023Y,A Coconut with Striking Color Contrast,2026-02-17T18:01:13Z,6738007,101824,131,2026-02-25T16:30:52Z,22,People & Blogs,CoCo
q_-dV6ZHxJw,você respira MELHOR que a maioria?,2026-02-19T23:00:00Z,10800797,137306,635479,2026-02-25T16:30:52Z,24,Entertainment,Giuliana Mafra
DDB5BWxIZ1Q,Bhikari Chal Mercedes Built the CLR GTR at $2.5M only a few lucky drivers experienced#reelschallenge,2026-02-20T08:00:13Z,8076009,26679,9,2026-02-25T16:30:52Z,22,People & Blogs,Monster Reaction
4ujJzFjvFag,Never Do This at a Water Slide! 😱,2026-02-21T07:35:41Z,7691200,0,11,2026-02-25T16:30:52Z,27,Education,Facto Knock
o_uc2XK-45I,A Wild Wolf Begged Me for Help… I Couldn’t Believe Why,2026-02-18T20:05:06Z,6826688,68406,232,2026-02-25T16:30:52Z,24,Entertainment,Cooked Content
QqCbYMrOPmI,He Built a Fence… THROUGH His Neighbor’s Garage! 😳🔨,2026-02-18T01:01:48Z,6075559,111047,969,2026-02-25T16:30:52Z,22,People & Blogs,Case Dismissed
KfFkrVR1Hr8,"Introducing the ""VitalWear SmartBand,"" a next-generation wearable gadget🎉 part 377",2026-02-22T06:03:37Z,7669527,0,335,2026-02-25T16:30:52Z,22,People & Blogs,Official Mohit Bhind
aWIBC40SM0k,Bullies Mocked a Small Kid… Until His Cop Dad Showed Up 👮‍♂️🔥,2026-02-17T16:08:23Z,5310864,0,11821,2026-02-25T16:30:52Z,22,People & Blogs,Cyberjao
m0BFZkPsoWY,Twenty One Pilots - Drag Path (Official Video),2026-02-17T23:02:14Z,3225985,257254,11560,2026-02-25T16:30:52Z,10,Music,twenty one pilots
xGc78O6FUpk,The Principal Called ☎️,2026-02-18T16:47:23Z,6521719,229977,1894,2026-02-25T16:30:52Z,22,People & Blogs,Meatlicious
6_Gk66rtNvo,China Just Built a 28km Underwater Tunnel Cutting Travel Time to 30 Minutes ❤️‍🩹,2026-02-20T15:30:08Z,17728178,236617,3580,2026-02-25T16:30:52Z,10,Music,Endless Love
ZnUx1fDagBc,Así NO llegaré a Mi Base....💀 #roblox,2026-02-18T19:22:30Z,5827509,180146,299,2026-02-25T16:30:52Z,24,Entertainment,Rtres
LZNo-479W4s,Mi Amigo Es Un Therian !!😱🤯,2026-02-19T17:33:34Z,5205116,122424,2084,2026-02-25T16:30:52Z,24,Entertainment,YOLO AVENTURAS
3ai5XCIIlj4,My Dog Risked Everything to Save a Bear Cub 🥺🐾 #animalrescue #emotional #animals,2026-02-20T16:31:22Z,6963062,0,1832,2026-02-25T16:30:52Z,22,People & Blogs,AniStory
94_EzFJniQc,He Taught Her To Become A Sniper 🥶 | Leon The Professional | #shorts,2026-02-19T16:32:48Z,5510874,96630,411,2026-02-25T16:30:52Z,1,Film & Animation,HYPEFLIX
7l36sprUB00,"""How Much for the Entire Night?"" Negotiation Gone Wild | ""It's a New York Savings and Loan Check...",2026-02-18T07:26:19Z,6460378,156154,1809,2026-02-25T16:30:52Z,1,Film & Animation,DysonEdit-z4h
miMXLq6c0wk,A Husband’s Desperate Revenge,2026-02-18T13:01:31Z,5697512,152083,136,2026-02-25T16:30:52Z,22,People & Blogs,aiStory008_01
etB6_TOjxCk,Una SEÑORA COREANA me llevó a su CASA 🇰🇷😳,2026-02-20T01:44:20Z,5204506,171317,444,2026-02-25T16:30:52Z,10,Music,Camila Merchant
itEM-IZFxSs,He’s a hidden leaves ninja #stitch #funny #shorts,2026-02-18T00:41:03Z,5838447,168716,2027,2026-02-25T16:30:52Z,22,People & Blogs,Mick’s Life
6jMhFSNpJuY,Mercedes Built the CLR GTR at $2.5 🏡 M only a few lucky drivers experienced power 😅🍓#reelschallenge,2026-02-21T02:30:05Z,6484560,0,5,2026-02-25T16:30:52Z,24,Entertainment,Masuma Official Shorts
I_xP8TjA45E,¿Podrá su mamá reconocer a Rumi? 🤔 Jinu Vs Mira Vs Rumi,2026-02-18T18:35:45Z,6682784,280805,696,2026-02-25T16:30:52Z,24,Entertainment,Firey Football Sp 
3T4YGqKlYEY,La hermana mayor crió a sus dos hermanas menores ❤️ #shorts,2026-02-18T21:30:00Z,6792591,59708,133,2026-02-25T16:30:52Z,22,People & Blogs,Benzoza
-9n5NSwvNyA,unique way to open a coconut,2026-02-17T09:09:18Z,5909344,36754,12,2026-02-25T16:30:52Z,26,Howto & Style,Lagot Tv
2XY4W7ZyPms,"The Old Man Built a Bamboo JCB, Won a Prize, and Helped Poor People's #shorts #ai #craft #humanity",2026-02-19T13:11:46Z,5257787,0,84,2026-02-25T16:30:52Z,27,Education,আলোর ডাক
dBKDE0mJ8qo,Ranking The Best I'm Just A Baby Trend (new) #shortsviral,2026-02-19T16:12:01Z,5119212,72966,596,2026-02-25T16:30:52Z,24,Entertainment,Panzu
c5VA3_pdzM4,12m subs complicated Mercedes Built 😅only a few lucky drivers experienced power#reelschallenge,2026-02-21T14:49:35Z,11077383,0,2,2026-02-25T16:30:52Z,22,People & Blogs,koko Atika
DjH425dDePU,"Introducing the ""VitalWear SmartBand,"" a next-generation wearable gadget",2026-02-19T03:57:22Z,8359397,99752,198,2026-02-25T16:30:52Z,22,People & Blogs,susanta Shorts video 
MAOhJws6aug,@seppseats great recipe! #mushroom #sandwich #vegan #plantbased,2026-02-21T01:51:12Z,4470071,288911,3506,2026-02-25T16:30:52Z,22,People & Blogs,The Plant Slant
5Pm0XuIfx-E,Rumi ketemu boneka jadi jadian 😱 #kpopdemonhunters #rumi,2026-02-17T14:00:11Z,6137896,61383,10,2026-02-25T16:30:52Z,24,Entertainment,Riki Darmawan
FYaB_b2Hm2A,El truco de las esposas de esta chica dejó sin palabras a la policía 🔥 #prank #funny #cops,2026-02-19T21:16:08Z,6560953,176476,319,2026-02-25T16:30:52Z,24,Entertainment,Pablo Pol
VBq-u6bj-D4,Un hombre que fue a cortar leña en la colina  rescató por casualidad a un gatito. #animales #animals,2026-02-18T00:37:25Z,6233779,118231,426,2026-02-25T16:30:52Z,15,Pets & Animals,Apus
4Cua_ErIuFY,Ranking The Best Make a Word Challenge Moments,2026-02-20T13:19:16Z,5049568,52281,244,2026-02-25T16:30:52Z,15,Pets & Animals,Voidem Ranking
Ov_s4ukdC-4,Why Is American Food Built Different (In the Worst Way)?,2026-02-20T23:45:17Z,6758591,293460,15908,2026-02-25T16:30:52Z,26,Howto & Style,OptimalHealth
NXhpDEhOuCI,Nastya is helping her little friend find a super nanny,2026-02-18T08:00:32Z,2907610,3239,0,2026-02-25T16:30:52Z,24,Entertainment,Like Nastya
0xtwybfuS4M,"A ""Star Wars"" Fan Who Died Tackling The UNC Charlotte Shooter Has Been Honored As A Jedi",2026-02-21T19:30:00Z,10208828,136316,1478,2026-02-25T16:30:52Z,22,People & Blogs,GojoSxn
HEuMlEt36x4,Don Frye imitating Sydney Sweeney at a UFC event will never not be funny 😭,2026-02-21T14:12:48Z,5626557,87870,516,2026-02-25T16:30:52Z,22,People & Blogs,POPVEIN
goVekf4Iqco,Гениальный способ идеально выровнять пол без бетона,2026-02-20T04:30:24Z,5966775,32136,1275,2026-02-25T16:30:52Z,28,Science & Technology,ParanormX
_iUO020VIaA,좀 심한 보디빌더,2026-02-17T23:00:43Z,5734525,76886,436,2026-02-25T16:30:52Z,1,Film & Animation,볼것
cSo_I7w0-kY,Genius DIY: Converting An Old Bike Into A Dual-Cylinder Air Motor 🌬️,2026-02-19T17:28:49Z,7276822,15033,148,2026-02-25T16:30:52Z,28,Science & Technology,Peace Working Shorts
5NjWCJXX4wM,A Hellish Treatment Method… It Hurts Before It Heals 😨🏥#movie #shorts,2026-02-20T10:20:34Z,6763733,197021,891,2026-02-25T16:30:52Z,1,Film & Animation,BriannaCole
os-bbISnCPY,"""He wanted a chocolate, but then... 😱🤢""",2026-02-19T15:00:14Z,5177648,0,7,2026-02-25T16:30:52Z,24,Entertainment,FACTLY TANISH
HFcYwqvKs80,A Poor Mom’s Biggest Gift for Her Child 🥺❤️🎁 #aivideo #puppymahel #gugufilms #animahal,2026-02-20T13:00:35Z,5187681,54841,102,2026-02-25T16:30:52Z,22,People & Blogs,GUGU FILMS🎬
TUpKEQ5pqm8,Olvidan A Chico En Prision 😧,2026-02-21T17:00:44Z,5566551,122940,204,2026-02-25T16:30:52Z,24,Entertainment,Dan
MNfJAQ_AV9M,HEART-STOPPING RESCUE: Saving a Puppy from a Medieval Village to a Zoo Gorilla Pit!,2026-02-17T16:24:05Z,4384460,67005,501,2026-02-25T16:30:52Z,22,People & Blogs,GoofBalls
r4pezU-cO-I,狩り中の猫、完全に馬扱いされる。,2026-02-19T05:13:14Z,6391662,100769,905,2026-02-25T16:30:52Z,24,Entertainment,lala time
3Gf-5rlmZcw,one minit me a saree nikal deti hun....  #bollywood #np_edittz #viralshorts,2026-02-18T09:15:01Z,5630558,40380,10,2026-02-25T16:30:52Z,24,Entertainment,np_edittz
HL8WN2L3EmI,Cuci baju di putar sepeda!!,2026-02-17T11:15:02Z,7059589,24295,4,2026-02-25T16:30:52Z,15,Pets & Animals,Yuki Rupat
4aLfMfP0M84,😱 I Saved a Cat From a Medieval Guillotine…🐱,2026-02-18T21:40:34Z,4852858,81175,814,2026-02-25T16:30:52Z,15,Pets & Animals,AnimalsSaver 
RT3lD_TKQO8,a story of princess dress 👗 ~ mini wood toy-woodworking art skill /wood / hand crafts/ #shorts,2026-02-21T02:43:13Z,7161305,0,4,2026-02-25T16:30:52Z,24,Entertainment,gaming mind
n8NQVMS0ylw,Hoy diecinueve de febrero la tierra llegó a la mitad de su vida,2026-02-20T00:40:00Z,4500339,97589,1527,2026-02-25T16:30:52Z,24,Entertainment,Khe! de Ketz
gJCstXcRZwE,"A Motorcycle, A Dream, A Family ❤️🏍️#shorts  #movieclips #film",2026-02-19T12:15:00Z,6406233,200396,458,2026-02-25T16:30:52Z,1,Film & Animation,SoulshareTV
S80d2udNyX0,ジャンケンを実写化した結果がこちら,2026-02-19T09:48:26Z,6527246,104473,402,2026-02-25T16:30:52Z,24,Entertainment,2ch面白すぎワロタw
9t5m33ccUYA,The Uncomfortable Truth About Ozempic,2026-02-17T14:59:14Z,2502213,113459,15203,2026-02-25T16:30:52Z,27,Education,Kurzgesagt – In a Nutshell
zJJ1ADrxTEI,A estratégia de defesa mais inesperada #curioso #bichos #animais,2026-02-19T07:31:30Z,5204075,117761,1506,2026-02-25T16:30:52Z,15,Pets & Animals,ANIMALANDIA
imJglPFlMoU,NI SIQUIERA llegaban a TOCAR el BALÓN 🤠🤣 #shorts #curiosidades #divertido #deporte #risas #futbol,2026-02-21T20:01:01Z,4968038,73203,219,2026-02-25T16:30:52Z,24,Entertainment,AprendeYDivierTT
AoM4ZL9JiH4,He Found a Huge Beehive in His Wall 🐝🧱 #shorts,2026-02-22T02:26:53Z,5263607,48575,153,2026-02-25T16:30:52Z,22,People & Blogs,Infi's Diary
ZOiaEIaHBrQ,A Woman's Life 😢 । Swesufe Love Status । #shorts#song#movie,2026-02-21T03:57:35Z,6351571,0,221,2026-02-25T16:30:52Z,1,Film & Animation,Swesufe Love Status
9huc38TDyIE,FIZ UMA MÚSICA COM EMOJIS?! 🤖🪥,2026-02-20T15:00:15Z,6632749,45562,123,2026-02-25T16:30:52Z,22,People & Blogs,Cacau Haxkar
QRfZdB5K0yo,UMA MÃE DISSE QUE A FILHA NUNCA IA COMPRAR UM SUPER CARRO,2026-02-17T23:00:36Z,5194203,149936,478,2026-02-25T16:30:52Z,24,Entertainment,Weise2
ypVlb5PwkvA,Music Mercedes Built the CLR GTR at $2.5 😅 M only a few lucky drivers experienced #reelschallenge,2026-02-20T07:05:00Z,6524073,0,9,2026-02-25T16:30:52Z,22,People & Blogs,Faheem Ullah
96qzPVYOpyE,Escondí a MrBeast en mi video (y nadie se dio cuenta).,2026-02-22T00:06:42Z,11773726,325993,2536,2026-02-25T16:30:52Z,24,Entertainment,GONZOK
5Fnu3I4IRpI,#movie He's right behind you🔪👻 | The Invisible Man (2020),2026-02-18T11:22:15Z,9574986,83067,608,2026-02-25T16:30:52Z,1,Film & Animation,Bednarski 
17mV5NsZpos,I Hid Real Gold at a Football Stadium,2026-02-18T13:39:16Z,9107088,142201,307,2026-02-25T16:30:52Z,17,Sports,John Nellis
OC9SwMtaqIQ,The First Offer Is Almost Never the Best One 👇,2026-02-17T20:02:51Z,10081392,207705,380,2026-02-25T16:30:52Z,24,Entertainment,mdscae
8myfQaem1zY,Rumi Está En El Hospital!,2026-02-17T20:06:00Z,7722175,287367,750,2026-02-25T16:30:52Z,24,Entertainment,Karla Bustillos
41V19HJSmvU,Choose a pair of sandals 🧦🥰🦶🏻 Leather foot slippers 🥰🦶🏼🧦 #love #viralvideoshorts #trendingshorts,2026-02-17T09:42:36Z,11008651,38787,8,2026-02-25T16:30:52Z,24,Entertainment,BaBa Toys
l-9H3i_ojis,He's gone mad; he's keeping a Burmese python as a pet💀,2026-02-18T17:01:16Z,5463716,193081,1036,2026-02-25T16:30:52Z,22,People & Blogs,Denisio Czelusniaki
TEgQI3x0eMM,This is a painful challenge!,2026-02-21T12:00:44Z,6191408,50144,88,2026-02-25T16:30:52Z,17,Sports,Volleyball Remix
gfOam_0Ttnk,👩🏻‍🎨🖼️ She Melted Skittles to Draw a Cake 🤪🕺🏻🏆,2026-02-20T20:54:41Z,4561752,36428,0,2026-02-25T16:30:52Z,23,Comedy,BorisKateFamily
ylKZcvgdiqE,A regra é clara: ferrou! 🤡 #humor  #casal #trolagem,2026-02-19T22:53:05Z,4854779,62588,603,2026-02-25T16:30:52Z,10,Music,Music Cuts BR
9Ybp4O9EeOc,Always watch the mirrors while driving and be careful using a potty on a highway. #trucking #pickup,2026-02-22T00:37:20Z,9007777,77675,3480,2026-02-25T16:30:52Z,2,Autos & Vehicles,Alan Trucker
EtFsLW2CpeY,A disabled duckling helps his cat friend 🐥apreew #DuckRescue #CuteAnimal #AnimalRescue,2026-02-21T13:00:32Z,4519316,28259,23,2026-02-25T16:30:52Z,27,Education,facts punam
A4rlqqpxhdc,Never in a million years Jeff 😅 #jeffdaniels #sandwich,2026-02-22T03:18:45Z,4377094,168834,5193,2026-02-25T16:30:52Z,22,People & Blogs,The Plant Slant
bhRetAmTCyA,¿Que Barco Moverá a Spiderman? 🕸️🚤,2026-02-22T22:11:22Z,4783135,136660,675,2026-02-25T16:30:52Z,24,Entertainment,Alejo Igoa
Rh4LTMMccMM,"They Broke This Pug’s Pogo Stick, He Still Fed a Hungry Kitten 😭",2026-02-21T23:44:11Z,3874712,48769,524,2026-02-25T16:30:52Z,1,Film & Animation,The GPT Stories
#NAME?,What Happens If You Land On a Cloud‼️😱☁️ #shorts,2026-02-21T22:13:38Z,5775041,88622,261,2026-02-25T16:30:52Z,22,People & Blogs,Sqrion
y9ck6QY-PTM,She Asked the Question Too Fast 👇,2026-02-21T07:02:16Z,5814581,134104,1370,2026-02-25T16:30:52Z,24,Entertainment,mdscae
wZOBW5HZc4k,I MADE A BLUE WATERMELON 😱,2026-02-18T18:31:30Z,5200891,63808,297,2026-02-25T16:30:52Z,20,Gaming,Savage Vlogs
DtJ0fKGCTNU,Nicola Coughlan Would Make Such a Wonderful Mother #bridgerton,2026-02-21T19:49:47Z,6735635,94742,333,2026-02-25T16:30:52Z,22,People & Blogs, The Shady Mic
V09ol13IakU,Mother's Love Give you a Golden Super Car !!,2026-02-22T02:18:55Z,4136625,89301,94,2026-02-25T16:30:52Z,22,People & Blogs,Ahad
KDrAYZl104I,❤️   Red 👀 she's always a VIBE ❤️ Comment ⬇️,2026-02-19T03:02:09Z,5625095,69272,635,2026-02-25T16:30:52Z,22,People & Blogs,Step At Home
r004YL91Nx8,頭空っぽで見れる釣りまとめ,2026-02-18T05:01:02Z,4781829,66242,262,2026-02-25T16:30:52Z,22,People & Blogs,何もなかつた
gaLvpAaVnP0,pov: you are a brainrot (escape tsunami for brainrots) #roblox,2026-02-20T03:00:47Z,4668627,44075,303,2026-02-25T16:30:52Z,20,Gaming,NicoBlox
LjMocl0hBvc,Michael Bennett’s AGT Performance Hits Deep With a Story of Loss and Love,2026-02-18T01:27:29Z,6740456,131864,2045,2026-02-25T16:30:52Z,24,Entertainment,Tears and Talents
3-EgL9gl3QQ,el AMIGO sabía LO QUE IBA a PASAR 🤫🤣 #shorts #fail #divertido #humor #risas #autos,2026-02-22T00:01:10Z,5004920,42092,70,2026-02-25T16:30:52Z,24,Entertainment,AprendeYDivierTT
l6WknPWASBQ,LE AVIENTAN ESTO A LUIS ANGEL EL FLACO #luisangelelflaco #virals #viralvideo #shorts,2026-02-20T20:00:40Z,6253707,37083,191,2026-02-25T16:30:52Z,10,Music,Music News Oficial
u8CeECBN9is,“How Raw Pressery Built a 500 Crore Brand… Then Lost It” #shorts,2026-02-20T10:32:34Z,7415717,0,214,2026-02-25T16:30:52Z,27,Education,Shubham Rajput
VDYWq7oNXXQ,"Introducing the ""VitalWear SmartBand,"" a next-generation wearable gadget🎉🎉 part 374",2026-02-21T12:25:18Z,5755428,0,80,2026-02-25T16:30:52Z,22,People & Blogs,Official Mohit Bhind
lue-0gSSfRc,Fantastic a Goal☠️🚀🔥 #eafc24 #eafifa #shorts #football #trending #funny #edit #viralvideo #viral,2026-02-21T15:00:07Z,5591564,13926,44,2026-02-25T16:30:52Z,17,Sports,MNCR7
okxSW7ctuzU,地面に立てなかった馬が再び走れるまで！,2026-02-20T23:00:52Z,3884566,59540,446,2026-02-25T16:30:52Z,24,Entertainment,ショート劇場
2VV9m_S410I,Extracting the soul from coffee,2026-02-20T18:14:43Z,3824810,218970,4733,2026-02-25T16:30:52Z,28,Science & Technology,NileRed
Y2wX5x8lp-0,Becoming a mermaid is not easy.,2026-02-19T14:25:52Z,6861816,0,126,2026-02-25T16:30:52Z,24,Entertainment,Apna Scenario
seVCCBZ87MM,Young Man Prays for a Wife to Join Him in Salah | Heartfelt Ramadan Moment #islam #prayer #ramadan,2026-02-21T04:53:18Z,8307186,103063,136,2026-02-25T16:30:52Z,24,Entertainment,"Hoor Collection
"
39rygjIpeq8,"Introducing the ""VitalWear SmartBand,"" a next-generation wearable gadget,",2026-02-18T02:04:27Z,5047231,35105,22,2026-02-25T16:30:52Z,22,People & Blogs,Happy Toons
udztNa2l5Rk,Beautiful Reunion with a Cygnet and Its Swan Parents ❤️,2026-02-19T16:01:21Z,3965769,143088,2849,2026-02-25T16:30:52Z,15,Pets & Animals,We Love Animals
txZqy1ikb9k,THIS BEDROOM IS INSANE 😳 3D Basketball Epoxy Floor with a Plot Twist #epoxy #homerenovation #shorts,2026-02-21T01:32:13Z,4421975,20828,37,2026-02-25T16:30:52Z,24,Entertainment,Pure Space Alchemy
qZ_1C4mi9JM,From Simplicity to a Better Life 🥺🤲😇#shorts #adindapuzzle,2026-02-21T08:04:45Z,8938305,126944,432,2026-02-25T16:30:52Z,22,People & Blogs,Adinda puzzle art
SCsLclxfaI8,I Found a Siberian lion Nursing on My dog... 😱🐕‍🦺,2026-02-18T17:42:07Z,4756452,127423,490,2026-02-25T16:30:52Z,15,Pets & Animals,Hashmoo
734twB8TO3Y,¿Cuántos Globos pueden DETENER a RUMI? 🤔,2026-02-19T21:31:16Z,3647804,94956,245,2026-02-25T16:30:52Z,24,Entertainment,Leo Show 
25J98xaR6x8,La Niña Quiere Jugar A Cocinar Con Sus Mascotas 😲🐶,2026-02-20T17:00:07Z,5888160,29180,20,2026-02-25T16:30:52Z,22,People & Blogs,YoSoyCactus
OoA4xLPfpEY,Обидно что вы думаете что я читерю,2026-02-20T13:00:00Z,4196204,130922,761,2026-02-25T16:30:52Z,22,People & Blogs,ПОСЛЕДНЯЯ ИЗВИЛИНА
92BIPdjS8K8,When section C student comes in section A 😂 Part - 1 #shortvideos,2026-02-21T09:59:01Z,6562187,28251,59,2026-02-25T16:30:52Z,22,People & Blogs,Adang Deangel
yNfilTp9Gjg,Jinu is a true hero！🐙🐙🐙#kpopdemonhunters​  #kpop​ #jinu​ #rumi​ #spidermanps5​  #shorts​,2026-02-18T13:17:30Z,4266672,93967,105,2026-02-25T16:30:52Z,22,People & Blogs,irfan bin jakaria 989
gTsoKTq0lhc,QUANDO A MÃE NÃO CONSEGUE PERGUNTAR NOS FILMES,2026-02-19T23:01:01Z,4537276,230637,2279,2026-02-25T16:30:52Z,24,Entertainment,O Victor Magalhães
ALqdC_V-tpw,Simran enters a Crazy World🤪🌍😵‍💫|Simran Makhija| #shorts #school #schoollife #funny #comedy,2026-02-22T00:30:09Z,5134287,65198,82,2026-02-25T16:30:52Z,22,People & Blogs,Simran Makhija
HYAHiGJNphE,Help Herobrine Gain Power and Slash Them With a Sword - Minecraft Animation #shorts,2026-02-19T00:00:30Z,4579451,176856,83,2026-02-25T16:30:52Z,1,Film & Animation,BuddyCreeper
IarPPCbexSo,Hide & Seek: Cleaning a Sheep Pelt the Old Way 🧶🐏,2026-02-21T01:00:17Z,10219246,11145,116,2026-02-25T16:30:52Z,28,Science & Technology,Discovery and Learning
ffVisJIagXM,TIKTOKER CONFIESA ENGAÑAR a sus SEGUIDORES 🙀 BELLA DUEÑAS,2026-02-18T17:50:31Z,3829740,61490,218,2026-02-25T16:30:52Z,24,Entertainment,SnowFlake Freak
Dm0h8_Mcrjc,A quién le salió mejor? ❤️,2026-02-18T16:38:26Z,6465851,28889,56,2026-02-25T16:30:52Z,10,Music,Andrea Gálvez
MysfMAf4ByE,A Father’s Protective Instinct in Action. ❤️🛡️,2026-02-17T17:27:21Z,4663009,0,1046,2026-02-25T16:30:52Z,22,People & Blogs,Earthvision
lc5GVw46ywY,"A Small Town, A Big Dream",2026-02-21T00:15:08Z,11018788,289744,1760,2026-02-25T16:30:52Z,1,Film & Animation,StoryFrame Studios
7e3HLMpiQxE,"Kelihatannya Cuma Tali, Tapi Bisa Mematikan ⁉️",2026-02-20T21:49:00Z,13256348,54994,5,2026-02-25T16:30:52Z,22,People & Blogs,Tentang Semesta
iLJbQtTU4o4,Mount Everest is NOT the Tallest Mountain,2026-02-17T16:09:09Z,4929011,253887,3538,2026-02-25T16:30:52Z,25,News & Politics,Cleo Abram
Kx_IMMEeu8g,Silversmith a ring with me from a vintage plate and spoon!,2026-02-18T00:44:20Z,4559202,126079,291,2026-02-25T16:30:52Z,22,People & Blogs,Euphoria Rings
5x8S8tUmJhs,A Peaceful Act of Pure Devotion #lordshiva,2026-02-19T06:58:12Z,3466512,73212,47,2026-02-25T16:30:52Z,27,Education,Dharm Sagar
ius6Aaw3Gkk,Bro Left His Soul For A Second. #guitar #shorts #meme,2026-02-20T20:30:06Z,4890206,0,748,2026-02-25T16:30:52Z,24,Entertainment,JOB PETER 𝄞
pR0WCee5zdI,A Snow Leopard Chased Him Into My Tent. He Never Left♥️,2026-02-21T02:01:00Z,3845812,51233,776,2026-02-25T16:30:52Z,15,Pets & Animals,Soft Souls
zLVnf_AVMPw,It was supposed to be a secret 😭,2026-02-20T23:14:50Z,4635535,247832,1413,2026-02-25T16:30:52Z,23,Comedy,John Casterline
0eHaPMyygUc,La pelota mágica que siempre vuelve… ¡y hace feliz a todos🤯 #shorts #ytshorts,2026-02-19T21:30:00Z,4776837,0,16,2026-02-25T16:30:52Z,24,Entertainment,Siuu Factory
p_d4rhLQ09I,Agent Couldn’t Believe Emily Got Left Hanging 3 Times In A Row! 😭✌️,2026-02-18T23:19:45Z,5150127,144826,418,2026-02-25T16:30:52Z,22,People & Blogs,Succesful Celebrity
rt4pt0kx0P4,This Teen Survived a Carnival Ride Disaster 😱🎢,2026-02-19T18:01:04Z,3516711,83400,2951,2026-02-25T16:30:52Z,22,People & Blogs,Zone D' Film
7t-4Hca53Xc,Todos queremos un vecino colaborador,2026-02-18T01:00:09Z,4520947,38229,76,2026-02-25T16:30:52Z,22,People & Blogs,Jon Sinache
Y-rXzP9ciAw,This Ribbon Worm Hides a Weapon 🪱,2026-02-19T17:00:48Z,4456611,16166,301,2026-02-25T16:30:52Z,28,Science & Technology,MrScoopz
Sz9ssXVeN9Y,WE ARE CRINGE GUYS😂| A romantic interview with visakh & jayapriya | Vanitha,2026-02-19T10:30:30Z,4058034,76390,129,2026-02-25T16:30:52Z,24,Entertainment,VANITHA
dBF4d9idNfA,I Found a Ocean Epoxy Floor in Illusion 😱🌊 | Survival House step by step #shorts,2026-02-21T09:45:04Z,2957118,55891,36,2026-02-25T16:30:52Z,22,People & Blogs,Fact chat
E5XDvD86HQU,Saat Ayah Menjadi Superhero Air! 😆💧!!#shorts,2026-02-19T17:30:02Z,4076794,0,1965,2026-02-25T16:30:52Z,24,Entertainment,Snow in
PSuwC37uhu4,ELE FEZ TUDO QUE A MÃE DELE PEDIU PRA ELE FAZER EM UM AUDIO SÓ QUE AO CONTRÁRIO 😅,2026-02-20T01:48:39Z,4602772,66486,0,2026-02-25T16:30:52Z,27,Education,Vinicius da Ilha
Mz8gytGwuAY,These Elders Don't Even Have A Chance... #shorts,2026-02-18T21:30:34Z,3535496,35403,2836,2026-02-25T16:30:52Z,22,People & Blogs,Wishness
tsGClZ2aEyI,A High Mountain Has a Higher Mountain #studentlife #lovestory,2026-02-19T12:27:32Z,3835571,64040,79,2026-02-25T16:30:52Z,22,People & Blogs,Ho Sear Class
npjcdUk9EWw,“What a PC chip looks like under a microscope💀” #pcgaming #benchmark #rtx5050 #gtx1080ti,2026-02-20T05:55:21Z,5931773,73964,1219,2026-02-25T16:30:52Z,28,Science & Technology,Hardware Nf
VfoK03Z6vsA,A Worthy End for a Good Person 😢✨  #scaryteacher3d #funny #animation #marvel,2026-02-18T06:41:30Z,4531982,118868,49,2026-02-25T16:30:52Z,24,Entertainment,Good Kid animation 3D
iahWnqljOEQ,This Salesman Uses A Fake Phone Call To Trick His Clients Into The Sale,2026-02-21T19:00:00Z,7209327,278557,753,2026-02-25T16:30:52Z,27,Education,Creating Wealth
kGI3tqbVcqE,A little life update ❤️ on why I’ve been slow to create content #storytime,2026-02-17T15:25:37Z,3599700,117389,590,2026-02-25T16:30:52Z,26,Howto & Style,thefurnituredr by lilly 
Kev1uIbZTGs,Terraformars (2016) | Surrounded by Roach-Men – A Squad Faces Extinction on Mars 🐜🔥,2026-02-20T11:10:11Z,3854662,42147,126,2026-02-25T16:30:52Z,1,Film & Animation,Beenle
OPqnc03F0go,SHE DROPPED HER PURSE OFF A CLIFF 😳⛰️#shorts,2026-02-20T18:50:50Z,4066554,43149,108,2026-02-25T16:30:52Z,22,People & Blogs,BikeLife Connor
LkJ-LJZcgls,💁🏻‍♀️🖼️She Created a Beautiful Beaded Artwork — and Won 🏆🕺🏻,2026-02-19T20:56:39Z,3743277,35151,0,2026-02-25T16:30:52Z,23,Comedy,BorisKateFamily
jzA1wifFGoc,¡PELEA! TRAICIONÓ a ABRAM😱│TODO FUE FALSO,2026-02-19T21:18:01Z,3499191,54856,501,2026-02-25T16:30:52Z,24,Entertainment,ELPOLLOXD
Ldn1FSRKHX4,"This Teen Survived a 3,000 Foot Skydive Disaster 😱🪂",2026-02-20T18:00:19Z,3178920,69577,3531,2026-02-25T16:30:52Z,22,People & Blogs,Zone D' Film
GlzkDyeyRdA,The Character Who Went Through The Most Pain! 😆😆,2026-02-21T19:00:11Z,4941106,95275,12307,2026-02-25T16:30:52Z,22,People & Blogs,BlobbyClips
Z0FqLezman8,Poor man was mocked for having a wooden toy gun #shorts,2026-02-18T13:48:34Z,3627578,31605,0,2026-02-25T16:30:52Z,22,People & Blogs,Payman
hXCcGTeci38,A NAMORADA MAIS GENTIL DO MUNDO? 😳🍰,2026-02-19T20:27:49Z,3803109,64635,733,2026-02-25T16:30:52Z,24,Entertainment,TV VNC - VOCÊ NÃO CRÊ 
gLb0_kho-YI,POV: Feeding a Hawk 🍟  #babyfunny #babyshorts #newborn,2026-02-18T22:00:42Z,4115476,20131,103,2026-02-25T16:30:52Z,24,Entertainment,Baby Noah
sKBzpspW79M,What would happen if you had a Raptor in Ancient Rome?,2026-02-19T14:26:20Z,3744714,101398,818,2026-02-25T16:30:52Z,22,People & Blogs,Fameflick
#NAME?,I Made a Beautiful Rose Bouquet Using Tissue Paper & Mask 😍♻️ #handmaderoses #youtubeshorts,2026-02-19T15:25:59Z,4634509,47124,124,2026-02-25T16:30:52Z,26,Howto & Style,Ruby's Creation
c9xibmisF3M,#movie TRAPPED BEHIND THE INVISIBLE WALL 🌲 A Woman's Terrifying Isolation in The Wall (2012),2026-02-20T12:32:11Z,3549625,30845,252,2026-02-25T16:30:52Z,1,Film & Animation,Bednarski 
80gZzWVAxOA,He Escaped a Maximum Security Prison With 3 Months Left… Just to See Her | White Collar S1#movie,2026-02-18T11:27:37Z,3931031,135554,324,2026-02-25T16:30:52Z,24,Entertainment,Movie Recap HQ
7a17BLQ5aHw,National Security (2003) | Earl Panics Over a Wasp,2026-02-20T11:41:56Z,3780110,111127,490,2026-02-25T16:30:52Z,1,Film & Animation,Chloer
3I6X4Aizr4I,El momento en que Barnaby volvió a confiar ❤️🐶,2026-02-19T19:30:01Z,9284924,85942,930,2026-02-25T16:30:52Z,24,Entertainment,Storiee Of Hope
S1248Y0oLuI,WHEN A SUPERPOWER BECAME A JOKE,2026-02-18T17:59:30Z,7720261,24777,519,2026-02-25T16:30:52Z,24,Entertainment,The Uncle Sheriff
t07wqEm5mR8,Satisfying Woodturning: Making a Dhol Drum from a Log,2026-02-17T15:30:39Z,4772336,35131,84,2026-02-25T16:30:52Z,2,Autos & Vehicles,Green Men Making
fmugJYkAXjg,Cereal with water is not that bad.. 🥸 #diy #baking making a green clover cookie pizza,2026-02-21T18:00:42Z,3250822,142384,2219,2026-02-25T16:30:52Z,22,People & Blogs,Serena Neel
uocrN3RAb5I,A Dangerous Prank 😂#funny #memes #cat #trending,2026-02-19T18:48:41Z,6753562,89464,158,2026-02-25T16:30:52Z,24,Entertainment,Rio Catblast
MhrA_hIwtj8,Haste Will Come At A Price [SUNNY KIND] #sunnykind #kindness #lifelessons #karma #justice,2026-02-19T15:00:40Z,5190263,20186,36,2026-02-25T16:30:52Z,27,Education,SUNNY KIND
AW7Ax2sgvjs,They dance like a machine👽🔥#Blackpink#jennie #Lisa#Blink#ASHHBLINK#Shorts#kpop,2026-02-18T13:01:08Z,3899481,68497,291,2026-02-25T16:30:52Z,22,People & Blogs,ASHH BLINK
GJY_p9EhIGY,Momen Terakhir yang Tanpa Sadar di Rekam YouTuber,2026-02-20T06:00:22Z,4184185,0,125,2026-02-25T16:30:52Z,28,Science & Technology,DurbanFLY
jNU1VLi8VDg,El único pan que no quería ser elegido 🍞😨 #youtubeshorts,2026-02-20T01:35:26Z,3439635,79078,159,2026-02-25T16:30:52Z,24,Entertainment,Benji Curioso
W_CM50wIgFU,Living inside a square for 24 Ghanta Bengali mini blog #shorts #24challenge ￼,2026-02-20T02:15:05Z,4118739,35748,162,2026-02-25T16:30:52Z,22,People & Blogs,BabonVlogs
#NAME?,Leg dich NICHT mit einem LABRADOR an 😳,2026-02-17T15:16:22Z,4103093,28617,107,2026-02-25T16:30:52Z,23,Comedy,Fabi und Sam
bRW8A3-ohYo,ALGUIEN DEMOSTRÓ a las CHICAS que ERA MAS RÁPIDO que CAYLUS en Escapar del TSUNAMI! 💀☠️,2026-02-21T00:32:56Z,3208773,0,1022,2026-02-25T16:30:52Z,20,Gaming,SANTYPRO
9FQVttf9NFo,Building a Secret MAN CAVE,2026-02-18T16:57:00Z,21243345,220936,840,2026-02-25T16:30:52Z,26,Howto & Style,Not Your Basic Builds
433UAhFKtuc,I Built a Secret Jungle Bunker for my CAT 🐈,2026-02-19T16:30:01Z,19746439,100951,103,2026-02-25T16:30:52Z,26,Howto & Style,Not Your Basic Builds
7p0WsmajFyI,Built a Stunning Dream Mosque with Miftah AI Vision ✨🕌 #shorts #viral #aiart #youtubeshorts,2026-02-20T04:29:01Z,18101045,136097,220,2026-02-25T16:30:52Z,22,People & Blogs,Daniel
C5XAmjQSS1M,MY DOG SAVED ANOTHER DOG IN A TSUNAMI 😳🌊,2026-02-21T00:53:15Z,12921402,222894,1606,2026-02-25T16:30:52Z,22,People & Blogs,WildFrame
sx5TfTa97pw,Los Perros Se Enfrentaron Al Desafío De Natación 😱,2026-02-21T23:00:58Z,12264327,219012,598,2026-02-25T16:30:52Z,24,Entertainment,El Chico Estrella 🌟
S3oNZ4AT1sI,When Your Living Room Has a Crocodile Pond 😱 #satisfying #design #shorts,2026-02-19T19:00:22Z,10093927,57133,67,2026-02-25T16:30:52Z,22,People & Blogs,DEEP DESIGN
2FBpwJ5--i8,😱!My dog ran into a Sandstorm Alone to Save my Cat!🐕,2026-02-19T19:07:13Z,9111850,175786,1922,2026-02-25T16:30:52Z,15,Pets & Animals,AnimalsSaver 
3t9FOhr01Yc,"""The light hiding a big secret... 😱🚨""",2026-02-20T11:52:45Z,9433332,0,6,2026-02-25T16:30:52Z,22,People & Blogs,Oh So Fact
Ax8PrqMBFN0,Qué Le Pasó a Este Tigrito? 😰🐅,2026-02-21T21:00:00Z,7202662,210702,420,2026-02-25T16:30:52Z,15,Pets & Animals,BeluHistorias
synzqfZVJyc,The Glass Bridge Broke… Or Was It All Just a Prank?! 😱🔥,2026-02-20T12:45:38Z,11031884,39878,9,2026-02-25T16:30:52Z,24,Entertainment,BuzzFun Clips
RSyA4IJKlS0,Esta Madre Protegió A Sus Hijos Con Su Vida 😯❤️,2026-02-19T01:45:04Z,7240733,196788,654,2026-02-25T16:30:52Z,24,Entertainment,El Chico Estrella 🌟
L-i62zjI3Qc,Love by a Spell… Or Love Itself? 😳❤️ #linhchihihi #messyclassroom #schoolcrush #schooldrama,2026-02-22T10:00:27Z,10543169,255233,321,2026-02-25T16:30:52Z,22,People & Blogs,Linh Chi
ySXaLoXOYXw,BELI PUTRI DUYUNG BESAR? | NURRAYNI25,2026-02-23T03:01:03Z,7569346,79552,282,2026-02-25T16:30:52Z,24,Entertainment,nurrayni25
jEow8BxL_sA,This Man FOUND a Rare Lobster 🦞♥️,2026-02-19T01:13:19Z,6404981,98824,426,2026-02-25T16:30:52Z,24,Entertainment,GJShortz
pHNLn9tnRTs,🐶💥 ¡Rottweiler destruye su coche para salvar a su dueña de una serpiente venenosa! 🐍❤️ #animals,2026-02-18T17:01:28Z,6233909,199006,1864,2026-02-25T16:30:52Z,22,People & Blogs,trendinganimals🥳
pvzLDbMXX0U,A Cow & Her Calf Were Crying… Then a Giant Parrot Did the Impossible 😢✨#ai #cow #totalaivideob007,2026-02-20T04:14:07Z,5804157,134667,357,2026-02-25T16:30:52Z,22,People & Blogs,TotalAiVideoB007
t3YtAUcJtJg,Go swimming in a pool full of giant spiny fish #funny #funnyvideo #monster #swimmingpool #shorts,2026-02-20T14:31:23Z,7207922,20352,57,2026-02-25T16:30:52Z,24,Entertainment,Meme Pets
0HmTh8jpQdI,I Found a Giant Pumpkin Turning Into Cat Luxury House 😻🎃🏠 | Survival House Step by Step”86 #shorts,2026-02-22T10:00:07Z,6653782,0,13,2026-02-25T16:30:52Z,22,People & Blogs,OX FACT BABU
HNYh5FKYPGo,ஆம்லெட் ஆக வேண்டிய முட்டை! ஆபரேஷன் செய்து உயிர் கொடுத்த பாசம்! | Hatching a Broken Duck Egg,2026-02-19T14:45:02Z,6880409,156412,107,2026-02-25T16:30:52Z,24,Entertainment,Prabhu Lingam
7MJM8NKIC6E,An elegant entremet (modern mousse cake),2026-02-21T02:05:53Z,5746642,336692,1197,2026-02-25T16:30:52Z,24,Entertainment,Jess Wang Pastry
oRGDNf5oaFk,Epstein Crony Andrew Faces Consequences | Trump's A-List Peace Board | Did Obama Leak Alien Intel?,2026-02-20T04:50:00Z,3100570,96810,5987,2026-02-25T16:30:52Z,24,Entertainment,The Late Show with Stephen Colbert
9IPHpIHHsFY,"how to draw letter ""A"" Which one is your level?",2026-02-19T11:14:17Z,9288475,121185,561,2026-02-25T16:30:52Z,27,Education,condsty
KmTeF66iRb4,Which animal cause the most damage #shorts,2026-02-20T18:11:23Z,5605676,78774,646,2026-02-25T16:30:52Z,22,People & Blogs,VITMI
e_Qg59Uz4EI,12m subs complicated Mercedes Built the CLR GTR at $2.5 😅only a fexperienced power#reelschallenge,2026-02-20T01:02:00Z,9334787,0,1,2026-02-25T16:30:52Z,22,People & Blogs,CHHOTU KI MASTii
RDbmqTIeTZ4,Шкаф с двойным дном 😏,2026-02-21T20:14:00Z,7603534,81534,915,2026-02-25T16:30:52Z,22,People & Blogs,FilmBytes
XUQ6J2vRANQ,नोटों की गड्डी का राज#shorts,2026-02-21T15:40:00Z,7057887,60942,51,2026-02-25T16:30:52Z,24,Entertainment,"BrainWave AI
"
Df1OSbQ4248,😳🚔 rappers with the most mugshots,2026-02-20T05:16:48Z,6335689,119531,2320,2026-02-25T16:30:52Z,10,Music,Music Media
JXXP5BNfJ8w,The Penguin That Actually Loves Going to the Vet,2026-02-21T21:41:45Z,7432994,191079,1813,2026-02-25T16:30:52Z,24,Entertainment,Bob the Bear
I5o0Fz1vU7I,Jutta Leerdam won the Olympic gold medal and set a new record once again.#jakepaul #skating,2026-02-19T17:39:25Z,5002332,60014,638,2026-02-25T16:30:52Z,22,People & Blogs,Nicol Ferdinand
58-cGGqTPRY,GUESS BUS AND CAR EATERS BEHIND THE DOOR LIMINAL HOTEL Garry's Mod,2026-02-20T03:02:16Z,6345927,26753,14,2026-02-25T16:30:52Z,20,Gaming,ZOOWAKE - Games
LazaBSByyDM,Bro's Mom is the real Villain! 🤣 #youtubeshorts #shorts #batman #superman #dccomics,2026-02-23T01:11:00Z,8074075,246698,1128,2026-02-25T16:30:52Z,24,Entertainment,Dreaming Monkey 
wgS2RZbX3vY,Steak gave him best surprise ever A Rainbow dragon....❤😊!!#stealabrainrot#roblox#shortsfeed,2026-02-19T14:49:07Z,4427657,0,423,2026-02-25T16:30:52Z,22,People & Blogs,Primebloxe
NyHCXRPnFEI,Car Eater Wants To Help The Meal ? #shorts,2026-02-20T04:09:00Z,5805398,25329,15,2026-02-25T16:30:52Z,20,Gaming,ZOOWAKE - Games
cFYND4gMrWg,Mokel di Rumah Kosong Dipergoki Ustad… Eh Ternyata Ustadnya Ikut Mokel 😭🤣 #ramadanwithyoutube,2026-02-20T04:50:18Z,4934113,48425,110,2026-02-25T16:30:52Z,24,Entertainment,Efunk Pecihat
Kn4oXHBnp54,When You Can't Explain A Bruise,2026-02-20T13:00:39Z,5242258,126196,332,2026-02-25T16:30:52Z,24,Entertainment,Lyanna Kea
8-6oZykcQaw,Asking For An Eggless Omelette Has To Be The Most Absurd Way To Ask For An Egg White Omelette 🍳🥚,2026-02-21T18:15:00Z,9314113,266267,1408,2026-02-25T16:30:52Z,22,People & Blogs,ViralSanity
Vzi-Rzy4e98,Ready for a marathon? Intelligent Marathon Mode keeps every step on track. #HuaweiLaunch,2026-02-19T08:00:02Z,3098617,67,4,2026-02-25T16:30:52Z,28,Science & Technology,Huawei Mobile
z7XnKb8RJek,A disabled duckling helps his cat friend 🐥 #DuckRescue #CuteAnimal #AnimalRescue #joker #shortvideo,2026-02-18T05:20:31Z,4215183,28121,4,2026-02-25T16:30:52Z,20,Gaming,ARJUN_FACTS
RYzz3G0sP7E,The Old Man Helped the Poor People's So a Cruel Man Burned His Boat #shorts #ai #craft #humanity,2026-02-21T13:08:11Z,5382074,0,73,2026-02-25T16:30:52Z,27,Education,আলোর ডাক
oHyP1-KtsyQ,When you cough a little in front of your mom😂😮‍💨,2026-02-20T10:01:16Z,6367371,24569,44,2026-02-25T16:30:52Z,22,People & Blogs,Karina 
ipiAoiotvYI,How to say chocolate and vegetable? sound more like a native speaker  #englishpronunciation,2026-02-18T12:01:15Z,4837520,30434,349,2026-02-25T16:30:52Z,27,Education,English with Steve Ford
bY1EJZhsIUI,He Found Over 7 Million Dollars In A Storage Unit 😱,2026-02-19T18:31:00Z,4101151,270041,2150,2026-02-25T16:30:52Z,19,Travel & Events,Zack D. Films
kU8ER-zfs7A,The naughty boy took the umbrella 😳,2026-02-20T10:00:00Z,4399159,31027,19,2026-02-25T16:30:52Z,24,Entertainment,Shihab's dream
M0c-Gs34n-M,Le pegué un chicle en el cabello a miranda😭😱😰😪,2026-02-19T21:43:22Z,3605157,215406,4878,2026-02-25T16:30:52Z,20,Gaming,Diosdado Juarez
zyijgiK7NeE,A Story Of Rabbit Groundnut🐇😱~ mini wood toy-woodworking art skill /wood / hand crafts/ #shorts,2026-02-21T07:30:37Z,4335052,0,0,2026-02-25T16:30:52Z,22,People & Blogs,Hyper Genix
OOVOOpC1GKE,REACT MoriMura - QUANDO A CASA TÁ SUJA E VC VAI DEITAR NA SUA CAMA 😹,2026-02-20T14:00:41Z,4621461,47153,209,2026-02-25T16:30:52Z,22,People & Blogs,Kaizen Andrade
vgtmGE2l7z4,Encostei em um inscrito da gringa,2026-02-21T23:34:24Z,5604031,237127,6327,2026-02-25T16:30:52Z,24,Entertainment,Ronazim
RonepZHsPnI,Vụ va chạm sặc mùi thuốc súng | Rì Còn Viu #riconviu,2026-02-19T12:01:42Z,4254597,57094,428,2026-02-25T16:30:52Z,22,People & Blogs,Rì Còn Viu
gFx2AHv4rtY,Why This Dog Walks Like He’s on a Secret Mission,2026-02-22T15:30:20Z,5548862,40078,539,2026-02-25T16:30:52Z,24,Entertainment,Disaster Strucks
Mqc2RFrObzw,Can a Goalkeeper Save With Every Body Part?🍑,2026-02-21T18:05:56Z,4350727,56924,70,2026-02-25T16:30:52Z,17,Sports,J_Tekkz
kfOrPy2V5fk,The ONLY BOY In A ODER POOL PARTY,2026-02-20T11:01:17Z,1850507,17556,663,2026-02-25T16:30:52Z,20,Gaming,Zoomy
xTc7MqP552g,"Matan a Nemesio Oseguera Cervantes, alias ‘El Mencho’, en un operativo en México",2026-02-22T19:32:13Z,1639969,10886,1207,2026-02-25T16:30:52Z,25,News & Politics,Noticias Telemundo
cMwKc4uhEc8,Help the girl,2026-02-20T15:00:00Z,9499956,46690,13,2026-02-25T16:30:52Z,24,Entertainment,Mert Boo
ipCsigAEibg,When You Block The Tusnami To Steal Brainrots In Escape Tusnami For Brainrots,2026-02-21T20:30:08Z,8899460,65667,151,2026-02-25T16:30:52Z,1,Film & Animation,Agbaps Shorts
Ux0KQblBi3g,DON'T Hit The Real Rumi 💥,2026-02-20T17:30:56Z,7352925,196302,441,2026-02-25T16:30:52Z,22,People & Blogs,NichLmao
rNNfpbQ748w,How The Poo-lock Works 🤔,2026-02-22T18:31:14Z,7163116,200532,4723,2026-02-25T16:30:52Z,19,Travel & Events,Zack D. Films
aVhxWcyxRx8,Jumping into the final ❄️🇨🇳 #MilanFigureSkating,2026-02-19T16:27:20Z,17219844,97183,427,2026-02-25T16:30:52Z,17,Sports,Olympics
rH9W7inTwuQ,GUESS MORE CAR EATER BEHIND THE DOOR LIMINAL HOTEL Garry's Mod,2026-02-22T02:09:40Z,8033033,34997,12,2026-02-25T16:30:52Z,20,Gaming,ZOOWAKE - Games
NykhRSSaR7I,Si te queda la zapatilla te conviertes en una princesa,2026-02-19T22:37:31Z,5807653,74503,0,2026-02-25T16:30:52Z,22,People & Blogs,JOSUE & ORIANA
nWQf52VgXnk,My best friend The Otter! #shorts #short #fyp #otter #pets #wildlife ￼,2026-02-18T15:03:45Z,6210736,143155,2107,2026-02-25T16:30:52Z,24,Entertainment,Chandler's Wild Life
N1LXcP50HYs,The most tiring part is cleaning up after every failed take 🫠#cartransition #djiosmo360,2026-02-19T03:53:34Z,5414796,33151,170,2026-02-25T16:30:52Z,22,People & Blogs,Gigi Cheoh
7-ZvHxWEUTM,Little dog worked hard to become a guide dog,2026-02-18T02:34:04Z,5132558,0,44,2026-02-25T16:30:52Z,1,Film & Animation,Black Man
nKWJXzj9FvE,Mercedes Built the CLR GTR at $2.5 🏡 M only a few lucky drivers experienced power 😅🍓#reelschallenge,2026-02-19T01:00:58Z,5468080,150356,2113,2026-02-25T16:30:52Z,24,Entertainment,Gaffarpur vale
J5AyNKJH7Zw,El día que un estudiante superó al director,2026-02-21T16:02:50Z,4885217,87562,332,2026-02-25T16:30:52Z,24,Entertainment,Hechos No Contados
uO8RexR_Cko,It was stuck there for a reason 😂 #shorts,2026-02-19T13:52:10Z,4701820,26735,50,2026-02-25T16:30:52Z,22,People & Blogs,Ella’s Voice
sbY31kxvye4,Ranking the BEST Peekaboo Hair Trend Part 2 👀 (new),2026-02-22T13:59:14Z,3356058,95878,395,2026-02-25T16:30:52Z,22,People & Blogs,KrunchyEgg
npXL2vTqKko,Jungle Cave Survival Before the Stormy Night 🌩️ ASMR Build #asmr #cave,2026-02-21T21:48:49Z,4677655,32276,117,2026-02-25T16:30:52Z,26,Howto & Style,Royal Home Transformations
7bozsuE_U6k,DEIXEI A LILY NO VÁCUO ATÉ ELA SURTAR 😳 #poppyplaytimecapítulo5,2026-02-21T15:00:12Z,5247364,132094,1526,2026-02-25T16:30:52Z,20,Gaming,Mestre Bananão
K6GWQGu9qPs,The Ultimate Sniper Decoy Trap!,2026-02-21T16:57:25Z,9811227,155113,190,2026-02-25T16:30:52Z,1,Film & Animation,Kisah Sinema
eAlWjzdXH18,"The bird's nest is finished🏠, but it built a nest next to my house🐦💔🪺",2026-02-18T02:53:26Z,3958775,49752,251,2026-02-25T16:30:52Z,1,Film & Animation,KindHeroes
HYt8AGeotwI,Salish Gifts Her Dad a Car,2026-02-21T21:14:07Z,4265030,71893,693,2026-02-25T16:30:52Z,22,People & Blogs,Maximus Editorious
VMSrsLoNWXQ,Successfully removed a Hijab Pin  from an 18 year old’s stomach via Endoscopy,2026-02-21T11:41:27Z,3551494,102810,916,2026-02-25T16:30:52Z,22,People & Blogs,Dr Nazrul Surgeon
0ts8cDAj9Co,Not Just a Diamond… Look Closer! 💎👀  #cute #funny #kpopfunny #kpop #action,2026-02-21T12:00:56Z,3003731,86422,168,2026-02-25T16:30:52Z,1,Film & Animation,EsMeow_Shorts
p1esD9n9WkA,POV Everyday you have to spend a certain amount of words…#funny #pov #viral #storytime,2026-02-20T14:25:02Z,3782568,35923,122,2026-02-25T16:30:52Z,22,People & Blogs,shaker saeed
k8TMh6yVDdE,How A Royal Meeting Ended In A Poop Disaster 🤢,2026-02-21T18:31:05Z,3885490,250548,4713,2026-02-25T16:30:52Z,19,Travel & Events,Zack D. Films
yDTaTcvv4oY,The Tiniest Apartment Turned Into A Fully Functional Home,2026-02-19T11:55:01Z,4127390,98848,1101,2026-02-25T16:30:52Z,22,People & Blogs,Home Graphix
5ss5kgMQyDM,Buah 1 kebon pun ga buat lambung penuh 🥺,2026-02-20T15:27:59Z,3490210,43317,969,2026-02-25T16:30:52Z,22,People & Blogs,Aldo Wijaya
55sx44sACXc,Revealing What's Inside The Famous House 🏠,2026-02-22T00:22:28Z,4431072,73275,364,2026-02-25T16:30:52Z,24,Entertainment,ItsFrankyBoi
V48w6QfEVXw,POV Surviving in a Treehouse During a Snowstorm - #survival #satisfying,2026-02-20T23:30:21Z,3846683,45398,156,2026-02-25T16:30:52Z,22,People & Blogs,Mythic Shelter
zWRnQz-i94k,The Wait: Hatching Chicks in a Temperature-Controlled Incubator 🐣🔆,2026-02-21T18:15:14Z,6161182,9473,32,2026-02-25T16:30:52Z,28,Science & Technology,Discovery and Learning
bPpuTPZHhSU,You got a wife ❤️🤣. #funny #couple #trendingreels #trendingsong #trendingnow #trendingshorts,2026-02-19T01:47:12Z,3802288,35053,115,2026-02-25T16:30:52Z,23,Comedy,Lado
nCOU5lk5AHE,Planting Flavor: Hand-Setting Garlic Shoots in the Field 🧑🌾🌿,2026-02-22T03:01:01Z,6226177,5211,7,2026-02-25T16:30:52Z,28,Science & Technology,Discovery and Learning
X7MLV0pu4_U,We Forgot Someone at The Hotel… But Didn’t Notice!,2026-02-19T18:27:42Z,4188934,36166,112,2026-02-25T16:30:52Z,24,Entertainment,Karma Kings
Q_iK3Fv-owQ,A todos lados quiere ir conmigo 😂🤣 #shorts #video #youtubeshorts #comedy,2026-02-20T23:39:03Z,5733928,19353,0,2026-02-25T16:30:52Z,24,Entertainment,Soy Marie Oficial 
PfmCLVm9fEw,The Moment These Two Words Are Heard… Everything Changes 😳,2026-02-20T13:15:07Z,3793214,122302,446,2026-02-25T16:30:52Z,22,People & Blogs,WowFacts 
P_r7QcDKxwQ,QUE PASARÍA SI DESPEDIMOS A LARRY? 💀💥👀 #shorts #parati  #sabiasque,2026-02-22T11:15:50Z,2382849,82557,481,2026-02-25T16:30:52Z,24,Entertainment,dexit
PGZA9e71s60,Poppy Playtime Capítulo 5 DECEPCIONÓ a TODOS😔🥀,2026-02-19T23:24:56Z,2730554,156465,5308,2026-02-25T16:30:52Z,20,Gaming,Soy Thalas
PutkuotHiMY,Why North Korea's Basketball Rules Would Break the NBA 🏀⚡️,2026-02-21T04:10:00Z,5632308,55823,1099,2026-02-25T16:30:52Z,22,People & Blogs,History Exposed Shorts 
74ujhypV48o,LOS NOMBRES MÁS RAROS QUE PADRES LES PUSIERON A SUS HIJOS,2026-02-23T01:34:19Z,3480494,38447,569,2026-02-25T16:30:52Z,24,Entertainment,eliaaaaaaaaaaas
BKffgQK21q8,"this is the deep dark, which is a deep dark 😂😂😂😂😂😂😂😂😂😂😂😂😂😂😂😂😂😂😂😂😂😂😂😂😂😂😂😂😂😂😂😂😂😂😂😂😂😂😂😂😂😂😂😂😂😂😂😂😂😂😂😂😂😂😂😂",2026-02-20T16:00:00Z,3575511,150528,1866,2026-02-25T16:30:52Z,24,Entertainment,camman18
FsM92HO_KtY,How People With Different IQ Avoid A Speeding Ticket,2026-02-19T20:30:02Z,3970783,57813,101,2026-02-25T16:30:52Z,1,Film & Animation,Agbaps Shorts
fnttZIDRp5I,"5,000 Spheres Under the Ice in Antarctica",2026-02-20T15:55:13Z,2990758,128850,1515,2026-02-25T16:30:52Z,25,News & Politics,Cleo Abram
91RrTfkDxmw,EuroTrip (2004) | Train seat panic with the Italian guy 😂🚆,2026-02-20T09:10:34Z,3768583,46036,1289,2026-02-25T16:30:52Z,24,Entertainment,FlickTales7
JVzy1adDCNA,A MÃE VINGATIVA,2026-02-20T21:00:19Z,3974934,47390,86,2026-02-25T16:30:52Z,24,Entertainment,Irmãos Lemos
qX3IwcuxQl8,I Found a Big Pumpkin in Luxury House 😱🎃🏠 | Survival House Step by Step”63 #shorts​,2026-02-21T05:00:45Z,3501839,0,4,2026-02-25T16:30:52Z,24,Entertainment,Tm Facto World
9noRBYPuySI,FREE BRAINROT IN ESCAPE A TSUNAMI FOR BRAINROTS?? Pt.4 😳 #huydutroblox #tsunamibrainrot #roblox,2026-02-20T10:12:27Z,2585387,58749,2123,2026-02-25T16:30:52Z,20,Gaming,sc7ry.
UGtQCbSRh9E,CEWEK INI NEMU BATU EMAS! RAHASIANYA BIKIN SYOK!,2026-02-21T05:08:04Z,3077581,33711,54,2026-02-25T16:30:52Z,22,People & Blogs,dani tube
QCbnrXC0EdQ,El ORIGEN de HUGO 🥀☠️ #mrrelevante #videojuegos,2026-02-20T15:00:46Z,3553463,83170,703,2026-02-25T16:30:52Z,20,Gaming,Soy RELEVANTE
x3mAvSvOLpM,This time the father won a lot 🤣🤣 #funny #comedy #shorts,2026-02-19T00:11:37Z,6391793,33739,83,2026-02-25T16:30:52Z,23,Comedy,Cah ndeso46
XADo5k5fCig,She became a mummy after failing to answer 😱😭 #blackpink #jennie #lisa #rosé #jisoo #shorts #kpop,2026-02-22T05:16:45Z,4774702,29543,746,2026-02-25T16:30:52Z,24,Entertainment,sseunjx
rcbTSJlT06c,DIY Brick Wall Hack Using a Sponge | Easy Home Makeover #facts #shots,2026-02-18T05:50:04Z,9727998,0,105,2026-02-25T16:30:52Z,22,People & Blogs,Facto Find
ROpD5G4yoeQ,How A Rat Bounty Made The Plague Worse 😨,2026-02-18T13:30:34Z,10449542,561239,4587,2026-02-25T16:30:52Z,19,Travel & Events,Zack D. Films
uYBHcSXt6-A,Be a reason for someone’s smile 🙏😊                  #humanity #shorts #shortsvideo,2026-02-20T16:47:33Z,13591845,394908,3864,2026-02-25T16:30:52Z,22,People & Blogs,Deepak Swami
oRyNOY_aVNU,Crafted a beautiful ❤️ Mini Mosque with Miftah AI Vision ✨🕌 #shorts #trending #aiart #youtubeshorts,2026-02-21T16:48:15Z,9213261,82219,243,2026-02-25T16:30:52Z,22,People & Blogs,Daniel
lQ7xDGtrF88,"Introducing the ""VitaWear SmartBand,"" a next-generation wearablegadget#shortsfeed#trending",2026-02-20T03:13:33Z,6416406,0,181,2026-02-25T16:30:52Z,22,People & Blogs,Viral S2K
iS7VK6-udNY,Salute Indian Army😭🙏 | Mere Desh Ke Veer Jawan Ke Zindagi😭🙏 | #youtubeshorts #indianarmy #armystatus,2026-02-20T02:50:00Z,3890740,23160,7,2026-02-25T16:30:52Z,24,Entertainment,Muskan Indian Army
dxRobE48CJ4,Dad Built a Brick Bear to Catch Thieves! 🧱🐻😱#shortsfeed,2026-02-20T06:28:12Z,3827766,0,2,2026-02-25T16:30:52Z,24,Entertainment,Nadeem K Fact
mUyPKQh2sHM,Stripping the Green: The Machine That Combs a Log Clean of Limbs,2026-02-21T07:54:19Z,5169548,5871,9,2026-02-25T16:30:52Z,22,People & Blogs,The Rustic Pantry
MnPzLt78pSA,Creating a Garden Under a Tree,2026-02-21T12:35:01Z,5399575,35017,268,2026-02-25T16:30:52Z,22,People & Blogs,Home FlowerX
buBwUrL-UE4,Why 50 Cent Thinks the Grammys are a JOKE 😱 #Shorts,2026-02-19T02:27:44Z,6527764,41164,2201,2026-02-25T16:30:52Z,24,Entertainment,Heartfelt Chronicles
8U9M-B2rH_k,❤️ QUEM FEZ A MELHOR TREND DE CASAL? ❤️ #shortsviral #drburguerquiz,2026-02-19T13:00:16Z,4806224,37531,2066,2026-02-25T16:30:52Z,24,Entertainment,DrBurguerQuiz
gOrvAFrRhIA,Mi papa se convierte en Therian,2026-02-20T18:30:07Z,3292222,121022,1875,2026-02-25T16:30:52Z,27,Education,Mujerdebuenapasta
Tbz35Mc8pzE,Not making History but Creating a Better Future.. | Raj Shamani #Shorts #inspiration,2026-02-20T12:20:00Z,3312877,122680,892,2026-02-25T16:30:52Z,22,People & Blogs,Raj Shamani
rV25sba6xl0,And we will see the quad god a final time at Milano Cortina 2026 🌟⛸️ #MilanFigureSkating,2026-02-20T19:05:56Z,9613722,47799,229,2026-02-25T16:30:52Z,17,Sports,Olympics
smScQC5uezo,"Do This Daily for a Perfect Jawline, Neck & Posture ✨️ | Black Friday Glow Up#glowup #blackfridayDo",2026-02-19T13:58:41Z,5701139,25323,151,2026-02-25T16:30:52Z,22,People & Blogs,glowflexher 
4pAtMQZYWMs,A cena que os policias acharam parecia Cena de Filme de terror!,2026-02-20T07:15:00Z,2914432,200329,1286,2026-02-25T16:30:52Z,20,Gaming,Sev7n Games OFICIAL
hMGK9sAV8Xw,“Can we make a picture” 🇩🇪🎨,2026-02-20T16:28:14Z,3463332,246964,1445,2026-02-25T16:30:52Z,23,Comedy,liamcarps
vckKzbqiwaE,How to not wash your hair for a long time #parody #relatable #hair #haircare #culture #hairstyle,2026-02-19T20:00:00Z,3086886,128452,1149,2026-02-25T16:30:52Z,22,People & Blogs,Hannasaur
27HWcNHr-mY,"After mixing the golden mask in the clay, I got a light mask. #shorts #viral #tranding #video",2026-02-20T14:05:00Z,3340512,0,7,2026-02-25T16:30:52Z,24,Entertainment,Mirotha Ke Vlog
KPg2QKoUo8I,The EX. How we got Married? | Based on a True Story #shorts #shortsfeed #wedding #marraige #comedy,2026-02-19T15:32:03Z,3009750,50504,139,2026-02-25T16:30:52Z,23,Comedy,Mrandmrsmoorthy
Mo-QmF16AlE,ABUELA QUE IBA A QUEBRAR A LOS MILLONARIOS! 🤑🤯#shorts #curiosidades,2026-02-19T22:27:20Z,3251400,126824,133,2026-02-25T16:30:52Z,24,Entertainment,BlancoMC
8uQb9r9rmzo,😱 A Promoção Que Deu Errado! #curiosidades,2026-02-18T22:01:43Z,3454827,73841,128,2026-02-25T16:30:52Z,24,Entertainment,Guilherme Sandmann
Hpt6iacMFtE,Finally being a Murderer 😈 #roblox #murdermystery2 #robloxshorts,2026-02-20T10:30:07Z,4776838,63096,903,2026-02-25T16:30:52Z,22,People & Blogs,Suri
gz0qujxOwng,He Lied To Get In The NFL…😱🏈,2026-02-20T06:31:34Z,3477261,58675,241,2026-02-25T16:30:52Z,22,People & Blogs,BoltMotivation
rOo9guKuTv0,Making RATATOUILLE from the MOVIE?!,2026-02-21T18:36:38Z,3630519,112756,547,2026-02-25T16:30:52Z,24,Entertainment,Little Remy Food 🐭🍝
#NAME?,Un círculo perfecto en 30 segundos… ¡o estás despedido! 😳,2026-02-20T12:36:32Z,3415750,50219,162,2026-02-25T16:30:52Z,24,Entertainment,Hechos No Contados
c1y3XWNaVrk,“I have half a million dollars for you” 🥹❤️,2026-02-22T22:15:29Z,3363556,198069,10206,2026-02-25T16:30:52Z,24,Entertainment,Jimmy Darts
Vqa2i6-YkYA,Checa las caídas de nivel con una lata de refresco,2026-02-21T02:21:31Z,3754231,48186,414,2026-02-25T16:30:52Z,27,Education,Vinny the twister
xm6DNr4IbXE,Alysa LIU won gold but she is cheering and comforting a young girl who just got her first medal 🥹,2026-02-21T16:33:08Z,3712974,81373,685,2026-02-25T16:30:52Z,22,People & Blogs,POPVEIN
gtIoiHG5bnw,9-1-1 Season 1 (2018) | A Firefighter Solves It with Four Burgers #shorts,2026-02-20T10:57:45Z,3774555,74744,103,2026-02-25T16:30:52Z,1,Film & Animation,FlickThrob
AKnPJyCTV-A,Biker Recalls The Moment A Cop Said His Bike Would Be Crushed,2026-02-20T22:22:43Z,4260348,98344,1006,2026-02-25T16:30:52Z,22,People & Blogs,OnlyCopz
4o50DFQWgG0,A fan waited hours for Sabrina Carpenter to do this🤯🔥,2026-02-20T18:30:25Z,3243972,82160,166,2026-02-25T16:30:52Z,20,Gaming,TABS VICTORY
vA8XNqRQyDw,"Every day, Viktor applies for a visa, while Frank keeps trying to have him detained. #movie #film",2026-02-20T16:15:12Z,4382946,185767,1178,2026-02-25T16:30:52Z,22,People & Blogs,Visual Case
KcEK_z5H1AY,"Aos 53 anos, cantor Latino surge acompanhado de sua namorada, a Barbie do Brasil, VEJA O MOMENTO",2026-02-21T00:00:19Z,3941603,18174,675,2026-02-25T16:30:52Z,22,People & Blogs,John Erik
foIOW-_Doz4,A MAYA ACHA QUE É MC! 🎤 #mansaomovie,2026-02-19T17:30:10Z,2992340,223732,364,2026-02-25T16:30:52Z,24,Entertainment,Vini Theophilo
mqEDQQi-ZUU,На свидание собрался,2026-02-20T15:29:44Z,3364907,38282,540,2026-02-25T16:30:52Z,22,People & Blogs,Равиль Дукат
4JMTbSpa4wg,"Cuma pakai keranjang, dapat banyak belut #shorts #shortvideo #belut",2026-02-20T11:02:19Z,4656264,13122,44,2026-02-25T16:30:52Z,24,Entertainment,jeema channel
qMAIVrpupm0,EL NOOB CREÓ UN POZO PARA TSUNAMIS EN STEAL A BRAINROT ROBLOX 😱 - Creditos YOURROBLOXNOOB - #shorts,2026-02-19T19:45:50Z,2737652,49891,99,2026-02-25T16:30:52Z,24,Entertainment,Swaggy
9IaL6hAhCYw,hopefully me when i become a mom,2026-02-21T00:15:00Z,3741241,55271,216,2026-02-25T16:30:52Z,22,People & Blogs,KalogerasRuby
MVOi81qpbrs,Do you wanna build a snowman #snow #frozen,2026-02-20T19:47:54Z,3205940,21315,37,2026-02-25T16:30:52Z,22,People & Blogs,Mariam Marks
j28BKh-aczU,The Lollypop Experience be like! 🤣🤣,2026-02-21T17:30:21Z,3521018,56971,949,2026-02-25T16:30:52Z,22,People & Blogs,BlobbyClips
Hyh_1ovkJiI,The Biggest Lie About Diamonds,2026-02-20T01:33:57Z,3348808,55630,444,2026-02-25T16:30:52Z,27,Education,Zver
PWR2g167sBk,The transformation of a thousand-year-old white snake into a dragon,2026-02-17T21:38:26Z,3293093,140365,1336,2026-02-25T16:30:52Z,22,People & Blogs,Movies With Jack
nNN7PtebuKk,ADHDers unite in the comments 💥 #adhd #shorts #cuteanimation,2026-02-19T20:02:38Z,2956200,127626,4122,2026-02-25T16:30:52Z,1,Film & Animation,DillybyDally 
kY3bcytO2_8,Minecraft Vs Real Life in the Nether🔥#blender #minecraft #3dart #3danimation #satisfying,2026-02-22T05:30:20Z,3612938,20433,41,2026-02-25T16:30:52Z,20,Gaming,Nim3D
jhqPJ5IHyJw,Bit by a Snake… A Fatal Mistake? 🐍😱 #linhchihihi #messyclassroom #schoolcrush #schooldrama,2026-02-20T10:01:09Z,3042889,73210,134,2026-02-25T16:30:52Z,22,People & Blogs,Linh Chi
DMpiDJbfo84,He Brought Home a Stolen Chicken… But Dad’s One Joke Ruined Everything!,2026-02-19T15:18:00Z,3033610,0,4,2026-02-25T16:30:52Z,22,People & Blogs,Explore Visuals
7x00K83aLuA,Smart Design Turns The Smallest Bedroom Into A Luxury Space #shorts,2026-02-18T11:55:01Z,3092115,42976,338,2026-02-25T16:30:52Z,22,People & Blogs,Home Graphix
S8bl_fthwCA,“Girls with courage becomes a woman with power.” Girls outpull boys tug-of-war at Sanskar Academy !,2026-02-21T12:27:56Z,3136349,89329,1491,2026-02-25T16:30:52Z,25,News & Politics,Hindupedia
IKi6o8MiOHw,EXPULSARON A PAOLO DE LA ESCUELA😭,2026-02-20T21:12:06Z,2627459,96945,760,2026-02-25T16:30:52Z,22,People & Blogs,Leo Study
BfRS2Tu6LJk,eu vou comprar uma PORSCHE,2026-02-21T23:00:11Z,2635020,99201,1078,2026-02-25T16:30:52Z,24,Entertainment,Sou Mrp
U_4VJtqDioI,Trasladan cuerpos del CJNG a instalaciónes de la FGR en fuerte operativo,2026-02-22T21:59:56Z,1107158,6231,1164,2026-02-25T16:30:52Z,25,News & Politics,Grupo Fórmula
AYNmI-YPqGQ,Клюшка за 17 тысяч 😳,2026-02-21T13:50:25Z,2749320,36073,235,2026-02-25T16:30:52Z,22,People & Blogs,FilmBytes
Xc-Gi9PEuCY,GANÓ a la EXPERTA en su PRIMER INTENTO 🤔🤯 #shorts #win  #curiosidades #divertido #japon #wow,2026-02-21T22:01:05Z,2368622,59306,159,2026-02-25T16:30:52Z,24,Entertainment,AprendeYDivierTT
QlSUo1s5YKg,Mom Tried To Kiss Him… He Said ‘I Have A Girlfriend! 😭😂 #funny #funnybabies #shorts #interview,2026-02-21T18:04:29Z,2791515,63499,322,2026-02-25T16:30:52Z,22,People & Blogs,RiseCrafted
CAj3GTOzjZM,JUVENTUS-COMO 0-2 | HIGHLIGHTS | Como Stun Bianconeri! | Serie A 2025/26,2026-02-21T16:53:59Z,1040892,16314,1923,2026-02-25T16:30:52Z,17,Sports,Serie A
IogKHN0Tshs,🥹 He was BULLIED by a wild cat,2026-02-19T13:11:56Z,2332047,41265,358,2026-02-25T16:30:52Z,24,Entertainment,Taylors Wild Diary
yJoYwkNF5uo,"Abraham POR FIN LLEGÓ a la TABLA, pero el TOP 1 se VENGÓ?! ☠️💀",2026-02-22T01:47:00Z,2087400,0,669,2026-02-25T16:30:52Z,20,Gaming,SANTYPRO
BaVbTzr3-8E,Breaking: A Scientist Known For Discovering Water On A Distant Planet Has Been Shot.,2026-02-21T21:46:00Z,4073490,29403,1257,2026-02-25T16:30:52Z,22,People & Blogs,Wholesome Gramps
WO9FuyrcCG8,Le Tiré Admin Panel A Sammy!,2026-02-21T23:48:00Z,2386608,47315,396,2026-02-25T16:30:52Z,20,Gaming,Drakonite
qCadJJT_XjU,Steal a Brainrot Admin Abuse (Taco Tuesday),2026-02-18T00:16:53Z,951374,10450,112,2026-02-25T16:30:52Z,20,Gaming,KreekCraft
nV6bfANN3A0,How to Defend Against a Stick Attack | Self Defense Tips 🥋 #Short#viralvideo,2026-02-19T15:17:53Z,2135345,7898,8,2026-02-25T16:30:52Z,24,Entertainment,chinu thakor 
WB75QVaptnc,El Abrahaham conoce a su suscriptor más humilde | #elabrahaham #shorts,2026-02-21T21:18:26Z,2265411,29983,1077,2026-02-25T16:30:52Z,20,Gaming,Lo Mejor De Abrahaham
N8AlWpcH7ng,Please focus solely on driving while operating a vehicle#foryou #theresident #shorts,2026-02-21T20:07:00Z,2356013,100337,514,2026-02-25T16:30:52Z,24,Entertainment,Deandre Mcquille
aoOUJ_-QiIQ,A for apple | अ से अनार | abcd | Phonics song for nursery,2026-02-21T02:30:05Z,1593717,1832,0,2026-02-25T16:30:52Z,27,Education,Kids Gyan
8-f2aMaCr8g,Sometimes our past relationships doesn’t have to be toxic but a good lesson for moving on in life❤️✨,2026-02-22T05:18:36Z,1773051,59158,235,2026-02-25T16:30:52Z,24,Entertainment,Honest Kakima
Am-MkvxIfPA,Feeding a Giant Prawn! 🦐,2026-02-21T14:57:29Z,2068900,27283,562,2026-02-25T16:30:52Z,24,Entertainment,Curious as Hell
uEUJl6HvASc,Alysa Liu Ended a 24-Year Olympic Curse with This Gold Medal 🥇 #youtubeshorts #shorts #figureskating,2026-02-21T15:25:29Z,1692005,37209,630,2026-02-25T16:30:52Z,22,People & Blogs,Sarah Sports
bFhmMPWdK3Q,Nadie sabe quién sorprendió a quién hasta ver el final,2026-02-21T02:30:37Z,2998954,35822,169,2026-02-25T16:30:52Z,22,People & Blogs,Jon Sinache
RVsHbEt25A4,WHAT A GAME! Scrabble Slam Word Board Game Challenge!,2026-02-22T00:22:43Z,2447569,65424,288,2026-02-25T16:30:52Z,20,Gaming,Kenny Haller
7_sJi5xtamI,Bhago😅Mercedes Built the CLR GTR at $2.5🥰only a few lucky drivers experienced power#reelschallenge,2026-02-21T09:46:03Z,1891491,9224,5,2026-02-25T16:30:52Z,22,People & Blogs,Azhar Shorts
9HGYH4rn2xM,Broma de la cachetada falsa a therian 😂😂,2026-02-21T19:10:21Z,2307412,24647,237,2026-02-25T16:30:52Z,22,People & Blogs,El Tamalerito
#NAME?,Lily finds a 🐝 in need and then Violet comes along 😅,2026-02-22T08:50:40Z,2055717,6444,60,2026-02-25T16:30:52Z,24,Entertainment,Mist4Ember
NA-Eni_JpYA,PASSEI A NOITE NA ANTIGA MANSÃO DOS ROSA *Algo sobrenatural apareceu !,2026-02-23T21:00:20Z,1291310,24113,1288,2026-02-25T16:30:52Z,20,Gaming,Leozinn 077
5PONjXQA31U,Minuto a minuto: así fue el operativo contra ‘El Mencho’,2026-02-23T14:03:56Z,958486,13536,2641,2026-02-25T16:30:52Z,24,Entertainment,Grupo Fórmula
zi1XHiHjSXM,"He Built Me a $1,500 Mystery Bag… Was It a Mistake? | 1500ドルのミステリーバッグ",2026-02-22T04:11:30Z,1894417,38581,242,2026-02-25T16:30:52Z,24,Entertainment,South Florida Pokemon
H8CJ6DRIc9I,ELIMINADO??? QUEM COMPLETAR A PALAVRA PERDE??,2026-02-21T22:30:04Z,1768748,69255,180,2026-02-25T16:30:52Z,23,Comedy,CLEPTON
3Bo4p_AoYXU,Approached a Hyd girl for portraits 📸 #telugu  #snapbychance  #photography,2026-02-21T14:59:45Z,1356124,28374,135,2026-02-25T16:30:52Z,22,People & Blogs,SnapByChance
YMOhxPwQCjo,This peacock losses his egg | But a kind farmer help him 😱🫡 #shorts #respect #ytshorts,2026-02-22T02:44:37Z,1716266,16348,21,2026-02-25T16:30:52Z,24,Entertainment,Antariksh Yatra
PAPl4O1m1d0,a bunch of clumsy thieves.#joker #shorts,2026-02-21T13:00:41Z,2367625,16398,29,2026-02-25T16:30:52Z,22,People & Blogs,Untitled Joker
359YiQYhEyE,If a tsunami happens in 2026 🌊,2026-02-22T17:37:27Z,1982769,26346,711,2026-02-25T16:30:52Z,24,Entertainment,Ramo Akh
bS7iQ6P2zrA,I Got These New Divine Brainrots in Steal A Brainrot...,2026-02-21T21:09:48Z,1683531,20090,1317,2026-02-25T16:30:52Z,20,Gaming,Wixor
qKjKBrY0Yu8,ELBERR THE ROBOT GOT A NEW FORM..,2026-02-17T20:39:49Z,830384,20747,4481,2026-02-25T16:30:52Z,20,Gaming,Aimin
xn8R7TN64uI,Nataplumita se lleva a su Papá en la calle 😂 #risas #humor #memes,2026-02-22T01:54:57Z,3414230,14114,20,2026-02-25T16:30:52Z,24,Entertainment,La familia Buchona
O0pAd1bJ_iQ,Only by putting patients first can one become a good doctor.,2026-02-21T16:00:36Z,2220386,112423,561,2026-02-25T16:30:52Z,22,People & Blogs,Michael Anderson
v0F6jZWSbes,Rhia Didn’t Give Sierra a Turn?! 😮 Sierra Felt Sad 💛,2026-02-21T18:31:15Z,2070961,9848,0,2026-02-25T16:30:52Z,24,Entertainment,Sierra and Rhia English
uECoj8IJnCo,A MAN tried to TRICK ME from PRISON #roblox #berry,2026-02-22T04:56:07Z,2294299,65169,233,2026-02-25T16:30:52Z,20,Gaming,PairBlox
DJViAmhagiY,DJ & KYRIE GOT INTO A BIG FIGHT,2026-02-17T22:03:09Z,813950,15424,996,2026-02-25T16:30:52Z,24,Entertainment,The Prince Family Clubhouse
ybxXISisl04,Saat keramas banyak kepiting tersangkut di rambutnya,2026-02-22T03:30:00Z,1564577,15376,15,2026-02-25T16:30:52Z,22,People & Blogs,Shouko
GUKXpETrVbs,🎥  Una sicaria que no teme y jamas  perdona MALNACIDA - PELICULA COMPLETA español NARCOS 🎬,2026-02-17T22:00:06Z,803250,5698,308,2026-02-25T16:30:52Z,1,Film & Animation,OLA STUDIOS TV
tKiiw_JYn78,"ABATEN a ""EL MENCHO"": ESCOLTAS INTENTARON RESCATAR SU CUERPO, en TAPALPA, JALISCO.",2026-02-22T18:12:36Z,765877,10755,1839,2026-02-25T16:30:52Z,25,News & Politics,LAS NOTICIAS CON EL MEXA
5eWR0m1co6A,NUNCA TE CRUCES A UN PAYASO MEXICANO... ARGENTINOS MUEREN DE LA RISA! #shorts #humor,2026-02-22T01:00:13Z,1869113,17159,67,2026-02-25T16:30:52Z,24,Entertainment,Cachorro Free
0hSAwT7Ildw,I Secretly Worked As A Janitor,2026-02-21T18:15:01Z,1296023,79992,955,2026-02-25T16:30:52Z,24,Entertainment,Sambucha
A3_sk66S10Y,"Kash Patel Parties in Italy, SCOTUS Strikes Down Tariffs, Trump to Release UFO Files: A Closer Look",2026-02-24T02:00:18Z,958723,31145,1681,2026-02-25T16:30:52Z,23,Comedy,Late Night with Seth Meyers
6PFvSeyZQPU,Quão rápido você precisaria correr para andar sobre a água?,2026-02-21T23:35:01Z,1445376,72887,721,2026-02-25T16:30:52Z,22,People & Blogs,Eskelletox
tbItrPsMdyE,🎵  PRIMEIRO OU ÚLTIMO? 🎵  * A Música dos Opostos! #shorts #educaçãoinfantil,2026-02-21T15:01:20Z,1783699,14062,0,2026-02-25T16:30:52Z,24,Entertainment,HORA DO MOSTARDA 
e77iGQh_T1Y,que chido voy a ser tío 🤑 #random #memes #humor,2026-02-21T21:00:15Z,2251554,62575,661,2026-02-25T16:30:52Z,23,Comedy,Tio Golden
D34Ly_0L1N4,A million #MilanoCortina2026 dreams are keeping us awake! ✨,2026-02-21T23:22:48Z,1543197,24561,180,2026-02-25T16:30:52Z,17,Sports,Olympics
p7XwXHTIPcA,Trading a NOOBINI to a DRAGON in 1 Hour in Steal a Brainrot..,2026-02-23T18:40:23Z,1056503,14966,1712,2026-02-25T16:30:52Z,20,Gaming,CaylusBlox
Lhd8TgKRJkk,He Thought It Was Just A Game He Was Wrong 😱🔥 #suspense,2026-02-20T17:00:40Z,5484282,192367,5772,2026-02-25T16:30:52Z,22,People & Blogs,Akai Scope
uXRD26hzFAA,Doey Plays Hide and Seek on the Farm! 🚜 #playtime | Wolf Joe | 파피플레이타임,2026-02-18T21:00:58Z,4850440,101341,350,2026-02-25T16:30:52Z,20,Gaming,Wolf Joe Toons
9dDRwBUSKo8,Minta bagi penggaris permen,2026-02-22T07:01:34Z,4713682,35469,12,2026-02-25T16:30:52Z,22,People & Blogs,Ardipetto
4emT0f-xc6k,Would you press the BUTTON to be a MILLIONAIRE High On Life 2 Easter egg?!  #easteregg #highonlife2,2026-02-20T20:54:48Z,2778149,87961,653,2026-02-25T16:30:52Z,20,Gaming,Captain Eggcellent But Shorter
52FDYR8aCx4,The Roaster Gets Roasted🤣Sudheer Echoes Sumanth Prabhas Only to Get Slammed by Rana!#shorts #funny,2026-02-20T01:32:00Z,3583088,0,36,2026-02-25T16:30:52Z,1,Film & Animation,HV entertaiments
iTthERDguMA,Cruella Sprayed Peper In His Eyes To Steal A Dalmatian !,2026-02-21T13:08:11Z,2923438,27127,49,2026-02-25T16:30:52Z,22,People & Blogs,AIHeroicStories
K2sDKLRGjEQ,La pequeña Nicole es puesta a prueba. #elasombrosomundodegumball #gumball,2026-02-20T15:00:30Z,3659611,203043,395,2026-02-25T16:30:52Z,22,People & Blogs,Diarios de Gumbal
FJ4xhbC6ue0,This lost Tesla key opened a random car… but HOW?! 🚗 #trendingshorts,2026-02-19T12:50:36Z,2908288,14472,4,2026-02-25T16:30:52Z,22,People & Blogs,Rizzexplain
k0buYMOZTT8,El secreto para proteger a la vaca es este imán 🐄😯,2026-02-21T16:00:54Z,2117233,0,3082,2026-02-25T16:30:52Z,24,Entertainment,REY HUB🦁
sp00DspoQzI,LOS BROS REACCIONAMOS A TIKBROS! #4 🎨,2026-02-17T18:10:00Z,1545277,50126,4562,2026-02-25T16:30:52Z,20,Gaming,ElAbrahaham
72lBf2ncrb4,"They Ruined His Skates, He Fed the Kitten Anyway 🥺🛼🐱",2026-02-18T00:02:31Z,2605213,63500,587,2026-02-25T16:30:52Z,1,Film & Animation,The GPT Stories
SCepyjf7_Po,FIZ A MASHA E O URSO DOS ELEMENTOS *Os Rosa gostaram ?,2026-02-17T21:06:42Z,1482682,42483,1411,2026-02-25T16:30:52Z,20,Gaming,Leozinn 077
hRh0BYiTz5Q,ENTENDIÓ lo que PASABA justo a TIEMPO 🫣🤣 #shorts #divertido #fail #humor #curiosidades,2026-02-21T00:01:13Z,2867325,52134,128,2026-02-25T16:30:52Z,24,Entertainment,AprendeYDivierTT
ZKVQbihnNXY,Aquel a quien menosprecias podría ser el héroe que necesitarás mañana,2026-02-21T12:00:54Z,2758799,84517,539,2026-02-25T16:30:52Z,2,Autos & Vehicles,Pablo Rafael
13YQNS5EStw,Popular Indian educator Khan Sir recently made a bold comment about the dowry,2026-02-22T06:30:01Z,7816854,53239,1717,2026-02-25T16:30:52Z,24,Entertainment,TrendVerse
YPOfYntrrcU,Your fingers are actually a clock,2026-02-20T18:33:58Z,2646643,108822,646,2026-02-25T16:30:52Z,28,Science & Technology,Mark Rober
DfaOswg-vCc,CAMBIO A MI NOVIA POR MI HIJA EN SAN VALENTÍN 😱💔,2026-02-18T00:11:58Z,1503384,29635,5330,2026-02-25T16:30:52Z,24,Entertainment,Mau McMahon
oc2SGpj_psg,집에 오자마자 깜짝 놀라 오열한 여성,2026-02-19T08:01:02Z,2976008,11445,154,2026-02-25T16:30:52Z,24,Entertainment,동동덕
iP1DrzuhtMk,"Ilia does a backflip just for fun at the Olympics Figure Skating Exhibition Gala, Milano Cortina🤯🫶",2026-02-22T04:36:42Z,2970070,72888,1202,2026-02-25T16:30:52Z,19,Travel & Events,"Lighttravelsfaster - Eileen Rhein, Esq."
2MVO99S7Bnk,NOS ATRAPA EL PAYASO en Roblox Scary Shawarma Kiosk con PaolazGames,2026-02-17T19:34:34Z,1478631,22919,2071,2026-02-25T16:30:52Z,20,Gaming,Lyna
dXqd3yrHVuA,His Hit Nearly Made Me Lose The Secret Block,2026-02-21T09:35:24Z,2655976,0,218,2026-02-25T16:30:52Z,20,Gaming,poggi
8BxYuNOY9EM,美容室でおじいさんを見下していた客,2026-02-20T10:00:00Z,3642626,98084,256,2026-02-25T16:30:52Z,22,People & Blogs,ネット旅行
Rk7AnJ7bIAc,ME RECHAZAN EN STEAL A BRAINROT  #roblox #robaunbrainrot,2026-02-20T23:18:42Z,3111860,67798,2354,2026-02-25T16:30:52Z,20,Gaming,SoyLugoBlox
EWN4iuNIPDg,O QUE MUDOU COM A CHEGADA DA OLÍVIA? 🤔,2026-02-21T21:15:18Z,2399134,106367,1807,2026-02-25T16:30:52Z,22,People & Blogs,Pai da Mia
bcUKXhh_htU,Asteroid learned a new trick 🤩,2026-02-20T14:41:41Z,3570561,25851,565,2026-02-25T16:30:52Z,15,Pets & Animals,Nathan Kessel
H7l0t5EYhvw,🤖 THE DAY THE ROBOTS DIED 🚨 (Bruce Willis Action Sci-Fi Breakdown),2026-02-18T09:11:50Z,2842915,15519,120,2026-02-25T16:30:52Z,1,Film & Animation,FilmFables
qJeLKg9WPaI,What a intresting game between them 😱❤️ @triggeredinsaan  #liveinsaan #shorts,2026-02-21T02:45:00Z,2980396,17513,37,2026-02-25T16:30:52Z,22,People & Blogs,Triggered Anaya 
ERrfh2cJbQo,He Built a Hidden Underground Tree Bunker… Then a Bear Showed Up 🐻🔥,2026-02-20T00:20:51Z,2664265,15221,36,2026-02-25T16:30:52Z,22,People & Blogs,Hidden Ground
bSQsDrmZL3g,Juntaron a un lobo domesticado con un pitbull #animals #perros,2026-02-19T21:14:40Z,3517886,40730,256,2026-02-25T16:30:52Z,15,Pets & Animals,Soy Fabuloso 
5ZCnsjeU_50,turning myself into a 90s desi bebot 🪩 || Tejasvi Rajput || #ytshorts,2026-02-20T14:13:25Z,2445324,72986,593,2026-02-25T16:30:52Z,22,People & Blogs,Tejasvi Rajput
jRqVPzasInY,Hari yang mantap hari pertama puasa #ytshorts,2026-02-19T08:03:51Z,3687859,14246,16,2026-02-25T16:30:52Z,22,People & Blogs,Ardipetto
iNzeT3KTT3k,Stokes Twins Por Qué Nunca Rechaces a Tanner😳,2026-02-21T07:09:15Z,4326069,45148,706,2026-02-25T16:30:52Z,24,Entertainment,Fan de los Twins
ifnQnbbe5Po,He put on a show during the timeout 😮‍💨 (via @MiamiHurricanesAllAccess),2026-02-21T00:45:42Z,3259280,57609,522,2026-02-25T16:30:52Z,17,Sports,Bleacher Report
IxMqQqLf12Q,"""Bruce Lee - One Kick. The Flame Never Stood A Chance.",2026-02-21T01:00:33Z,4457710,49339,644,2026-02-25T16:30:52Z,24,Entertainment,Isholives
4-RjudC5eu8,VIRAL 🐕‍🦺🤣 Firulais vs Therian. ¿A quién le vas?,2026-02-22T11:32:47Z,3245808,56370,2060,2026-02-25T16:30:52Z,10,Music,Barraganista
wrIX81cHmWg,You can literally make a knife out of anything,2026-02-19T05:54:50Z,3491437,41231,163,2026-02-25T16:30:52Z,20,Gaming,ATAUD
F5gj9GduVlk,He Climbed Into a Hanging Tree Cabin… Then Wolves Surrounded Him 🐺🌲,2026-02-19T20:19:15Z,2408199,19665,120,2026-02-25T16:30:52Z,22,People & Blogs,I Left the Noise
YmcpaBDSiMw,"the $100 rescue that stopped a $10,000 property loss #shorts",2026-02-20T23:23:07Z,2865980,97724,2286,2026-02-25T16:30:52Z,15,Pets & Animals,Fauna Archives
nf3I90iVnlo,The Babies Kept in a Mysterious Los Angeles Mansion,2026-02-19T21:39:16Z,2611110,97231,2561,2026-02-25T16:30:52Z,24,Entertainment,The New Yorker
qcSonhTHqUo,"This was a HUGE mess but so fun, let me know if you’re going to want the final result of both",2026-02-20T23:52:32Z,1994126,35366,1153,2026-02-25T16:30:52Z,22,People & Blogs,Kirra Lee
exMplWWAr94,Testing the Morality of AI Ambulance 🚑♖️,2026-02-20T08:45:29Z,2918639,55829,1330,2026-02-25T16:30:52Z,22,People & Blogs,Þolemod
NCxl7-ZSIwU,do NOT have a mime for a roommate,2026-02-19T19:18:26Z,2841267,158763,489,2026-02-25T16:30:52Z,23,Comedy,Cool Guyz Online
T0DV3pMHXhw,"Minecraft, But I Can't Touch Something That Starts With The Letter ""S""",2026-02-21T17:00:45Z,2913154,48637,859,2026-02-25T16:30:52Z,20,Gaming,iShoya Shorts
WhIJSY6CCSc,Cc cumples el 29 de febrero 🥴😂 uds conocen a alguien así #comedia #29defebrero #cumpleaños #humor,2026-02-20T10:52:24Z,2371691,52783,363,2026-02-25T16:30:52Z,22,People & Blogs,aum aim
PFgbxFAT5fI,Noob Vs Pro Vs Legend😱 In Steal A Brainrot Roblox!,2026-02-20T19:45:12Z,3014871,12775,158,2026-02-25T16:30:52Z,20,Gaming,ParthyBlox
_tBtqyisJ-M,Aiunii diciendole a mami qué hermoso está su vestido.  #artista #baby #funny #venezuela,2026-02-20T23:15:19Z,3707199,16192,67,2026-02-25T16:30:52Z,22,People & Blogs,Noti Wheelers
L-MLDKjJYIA,It was a nice one too! 😏 #ww2 #history #reenacting #shortsfeed,2026-02-19T17:52:14Z,2314820,66984,258,2026-02-25T16:30:52Z,24,Entertainment,Echoes Of The Past
fS7kGAnfN_Y,"Antes de morir, Eric Dane envió mensajes de despedida a las 3 personas más importantes de su vida.",2026-02-20T23:59:20Z,2585935,49003,335,2026-02-25T16:30:52Z,22,People & Blogs,Top Celebridades
iMh9qa5dC2Y,Daddy put on baby slipper and fixed in a second 🤣🤗🤪 #shorts #viralvideo #funnyshorts #trending,2026-02-20T13:26:00Z,3161477,0,0,2026-02-25T16:30:52Z,22,People & Blogs,Misti Happy Lifestyle Games & Shorts
SlIUCAL-A6o,It’s all in the bends and folds,2026-02-19T20:03:38Z,10385005,195492,1177,2026-02-25T16:30:52Z,27,Education,Author Ceramics Workshops
sVj4DdU9Eh8,GUESS THE NUMBER GAME🔥❤️ PT.4 SHE FINALLY WON #viral #couples,2026-02-19T20:01:18Z,10380185,318635,1520,2026-02-25T16:30:52Z,20,Gaming,Blaise 
7wM28u1Om5g,POV: Generating A New World From Nothing vs Emoji Reaction #shorts #meme #minecraft,2026-02-18T15:57:21Z,7974984,158922,409,2026-02-25T16:30:52Z,20,Gaming,Beeevids
hlbbugMNWLI,Black ceilings are the new thing! #alecpaints #diy,2026-02-21T17:59:55Z,10134772,227862,1414,2026-02-25T16:30:52Z,26,Howto & Style,Alecpaints
-7XZZOR08BA,🍎🔥💥Mercedes built the CLR GTR at $2.5M — only a few lucky drivers ever experienced its power,2026-02-21T14:00:00Z,9382599,0,0,2026-02-25T16:30:52Z,22,People & Blogs,Babu Bhaiya
dOjHsLoT1Es,He played a prank on his best friend.,2026-02-18T20:51:31Z,5702011,238811,841,2026-02-25T16:30:52Z,22,People & Blogs,9-1-1 house
81F04kA75dQ,She grabbed a Orange N64 for crazy cheap 🤘🤘🔥 #retrojakes #retrogaming #fyp #nintendo #videogames,2026-02-21T18:04:30Z,3099335,95201,2000,2026-02-25T16:30:52Z,22,People & Blogs,Retro Jakes
H5NGPOxLD1M,3 Bite Momo Challenge – Win ₹5000! #shorts #challenge #foodchallenge,2026-02-19T13:33:13Z,2254830,45281,120,2026-02-25T16:30:52Z,22,People & Blogs,The Challenger Pradip
YufjVbw_6Ok,ENFRENTÉ A MIS AMIGOS A VER QUIÉN ME CONOCE MÁS - DELFINES vs MAGENTAS,2026-02-17T18:46:49Z,1398583,36532,2176,2026-02-25T16:30:52Z,24,Entertainment,MARIANA
UEP3dtgueuo,só a criança mais educada pode vencer #ftv #filmes #cenasnarradas,2026-02-21T13:51:52Z,2411116,45618,434,2026-02-25T16:30:52Z,22,People & Blogs,DANIEL FLIXX 
kwZwZZ60hjc,A menina quer brincar de cozinhar com seus bichinhos 😲🐶,2026-02-21T19:15:02Z,3714984,17149,9,2026-02-25T16:30:52Z,24,Entertainment,Zord Facts
G2A0bS6s_Y4,A paralisia do sono vem assustando pessoas e já atingiu famosos como Maisa e Whindersson Nunes 😱💤,2026-02-21T15:30:08Z,5940461,18983,784,2026-02-25T16:30:52Z,22,People & Blogs,Fofoquei sem querer
vrXePfnr-jo,Su Hija Sorprendió a Toda la Carrera Cuando Hizo Esto…,2026-02-19T21:30:12Z,2640420,71308,302,2026-02-25T16:30:52Z,24,Entertainment,visuesp
azvq9Te1mog,A Mira pegou o vestido da Rumi,2026-02-20T20:03:59Z,2406851,141568,686,2026-02-25T16:30:52Z,24,Entertainment,Epic Toon
ipBFZMTXAZU,GTA 5 Spiderman create a new swimming pool #gta5 #gta #shorts #shortsfeed #spiderman #ironman,2026-02-20T01:30:42Z,3036414,0,3,2026-02-25T16:30:52Z,20,Gaming,Krrish 
bq_Q1wd91bs,MI BASE COMO YOUTUBER DE ESCAPA DEL TSUNAMI,2026-02-22T18:12:58Z,1887317,70902,5907,2026-02-25T16:30:52Z,20,Gaming,Ler0vYT
lOsFl2PojwA,Pastor denounces Trump & says being a Conservative DOES NOT make you a Christian!🙌 #trump #shorts,2026-02-19T18:07:05Z,2731328,61187,2361,2026-02-25T16:30:52Z,22,People & Blogs,Angelica's Clips
9SixYyJ7U-M,Girls when they have a pimple,2026-02-22T02:36:57Z,3156887,65197,1947,2026-02-25T16:30:52Z,22,People & Blogs,Nick Wilkins
tNrGEU7sNaI,FIZ um TAPETE pra um DOG TRABALHADOR ⛽️🐕,2026-02-21T12:36:22Z,2405324,84677,416,2026-02-25T16:30:52Z,22,People & Blogs,Igor Cafofo
eQLcO_9jJrQ,"The 60-Meter Pink Rabbit That Fell From the Sky: The Story of ""Hase"" 🐰⛰️ #history",2026-02-19T18:58:28Z,3180021,68553,588,2026-02-25T16:30:52Z,27,Education,True Fairytale
tFxeBSVPuJM,Si vas a ir de vacaciones a Cancún y quieres rentar un yate de lujo contáctanos 🔥🏝🛳 #cancun #yate,2026-02-20T12:22:44Z,2639436,50638,1521,2026-02-25T16:30:52Z,22,People & Blogs,Yatezzitos México
Q3AqyltQgic,Talking little tom is on duty a short story😂🌊,2026-02-21T23:30:09Z,3995645,0,5,2026-02-25T16:30:52Z,22,People & Blogs,A Message From God
IzqoyzBYUBk,Bacon boy have a crush on noodle girl…😭🥹| hear me now trend #robloxshorts #roblox #shorts #gaming,2026-02-20T13:00:37Z,3690479,32067,176,2026-02-25T16:30:52Z,20,Gaming,Liilacbubbles
6obb03UMijs,I got a legal letter from the wealthiest city in Minnesota about this youtube video,2026-02-19T23:25:37Z,2067592,50546,993,2026-02-25T16:30:52Z,24,Entertainment,Chris the Producer
nWHe86SsxMg,What If 007n7 Turned Into a Baby? 🤔 | Roblox Animation #forsaken #funny #memes #shorts,2026-02-20T02:18:59Z,2731037,61070,619,2026-02-25T16:30:52Z,22,People & Blogs,Cupyx
efqBHqg30GI,Así se impresiona a un jefe,2026-02-20T20:32:56Z,2534283,26825,27,2026-02-25T16:30:52Z,27,Education,Mr Por Pepe
eo6efWn1F6I,Танец Легонг: карьера до 13 лет 😳,2026-02-21T14:01:02Z,3144725,42302,294,2026-02-25T16:30:52Z,28,Science & Technology,Мозговзрыв
IGQfdeUR1co,The Deadly Force Behind a Dock Line: What You Don’t See #funfacts #funknowledge #sciencefacts,2026-02-18T00:24:54Z,2535761,31276,112,2026-02-25T16:30:52Z,22,People & Blogs,Jordan Goldman
t2b6hUIeYk8,They Laughed at Her Old Bike... She Built a Supercar From Palm Leaves 😱🔥 #shorts #ai,2026-02-18T12:40:01Z,2247748,47874,52,2026-02-25T16:30:52Z,24,Entertainment,ShivuToons animation
tdaB4XKO3EI,A Hero For This...,2026-02-20T03:30:57Z,2077099,144972,11417,2026-02-25T16:30:52Z,25,News & Politics,Trish Regan
TiZXMGdqL18,😰 This was not a swing but a net in which all the children were trapped!,2026-02-20T12:30:42Z,2401244,11662,8,2026-02-25T16:30:52Z,24,Entertainment,Dramisa 
nmKTn8mRV_w,Someone poked me in the butt.😂🤣daily life of a couple  #funny  #couple,2026-02-19T14:01:23Z,3082465,7370,18,2026-02-25T16:30:52Z,23,Comedy,Mon Family
wtY0jdGIuiA,This Ship Chain Is Heavier Than a Car? 😱 | 1 Link = 3 Tons! #shorts #ocean,2026-02-19T14:57:36Z,2389831,47810,251,2026-02-25T16:30:52Z,24,Entertainment,GyaanXplain
Z3ipjFsG3hA,Lol haha! Trump Makes FUN Of Army Of China! The Pool Statement #shorts,2026-02-22T14:30:20Z,2621165,174393,1382,2026-02-25T16:30:52Z,27,Education,FactTechz
rikzxkCE3R8,Healthy ah irukkanum. Tasty ah irukkanum. Aathi anna always finds a way for every amma out there ❤️,2026-02-20T13:51:03Z,2794713,95245,240,2026-02-25T16:30:52Z,26,Howto & Style,Cookd
AeL5TeXddF4,COMENTA A QUÉ CIUDAD VAS A VER A AITANA 😍​🤣​,2026-02-19T09:00:14Z,3297894,10383,378,2026-02-25T16:30:52Z,22,People & Blogs,Club de Fans Aitana
x6ZskQ9fcTc,The Soldier Who Adopted a Girl,2026-02-20T16:01:30Z,2567041,65351,346,2026-02-25T16:30:52Z,22,People & Blogs,Rennrat
GIv4Z8bS_E4,Hubby is such a CHEATER!!  😡 #mcdonalds #fastfood #foodchallege #coupleschallenge #couple,2026-02-21T21:31:26Z,2403401,47967,768,2026-02-25T16:30:52Z,24,Entertainment,KristinAndJamil
7-V7mjlwpQw,NUNCA ENTRES DENTRO DEL BRAINROT 67 COMPLETO (ROBLOX),2026-02-17T21:15:01Z,1212534,33707,889,2026-02-25T16:30:52Z,20,Gaming,Chuy Mine
usmgfcu1Amk,Construction field | Grizzy & the lemmings | 30' Compilation | 🐻🐹 Cartoon for Kids,2026-02-20T11:01:45Z,1321045,4915,0,2026-02-25T16:30:52Z,1,Film & Animation,Grizzy & les Lemmings
R4sm6c312fc,WHO SHOULD LIVE IN A CAGE?😂,2026-02-20T02:13:00Z,2916227,0,27,2026-02-25T16:30:52Z,22,People & Blogs,JULI_PROETO
QFGQAJyDe1A,NO APUNTE EL LÁSER A UNA ARAÑA CON CRÍAS,2026-02-21T19:31:22Z,1937361,99213,132,2026-02-25T16:30:52Z,24,Entertainment,iTeczio
OcDib27Mg1c,Building a cozy shelter inside a massive forest log #survival #diy #forest,2026-02-21T19:53:59Z,2762244,66480,918,2026-02-25T16:30:52Z,22,People & Blogs,Inspiring Ideas
_RX3N0MLSYU,Fábio pagou a bola de basquete atoa kkk #meme #comedia #engraçado #humor #risos #casal,2026-02-21T21:10:00Z,2548020,50980,217,2026-02-25T16:30:52Z,22,People & Blogs,A ruiva da roça / Fabio Castro
HyvTUOp_2Jk,Battle of the Bulge (1965) | Explosive trap turns the tide for the Allies 💥🔥🚛,2026-02-20T09:10:23Z,2469448,13141,99,2026-02-25T16:30:52Z,24,Entertainment,02 Nguyen
dCLuJjPF5Io,A Horse Sat Calmly During His Prayer 🐎🤍✨#shorts #youtubeshorts #islamicvideo #foryou,2026-02-18T04:30:00Z,3991558,55241,229,2026-02-25T16:30:52Z,27,Education,Haider Shorts 
KfD_EULI-FM,Based on a True Story,2026-02-20T14:37:28Z,2369363,56621,1349,2026-02-25T16:30:52Z,22,People & Blogs,kkokkoramen
t3v5kfcFYvI,Tyrants who had a Tragic Past 🦖,2026-02-21T20:56:44Z,2268064,75561,843,2026-02-25T16:30:52Z,24,Entertainment,Farzan Films
N8wNOv43gc0,"Give a snake a crown, it’s still a snake. #fakefriends #motivationalvideo #bestquotes #storytelling",2026-02-20T12:52:56Z,2540557,39806,184,2026-02-25T16:30:52Z,20,Gaming,Ayush Jilewa
jj9N0pF9q7Y,I Built a Secret Underwater Container Room ✨,2026-02-24T00:15:04Z,19715671,167555,274,2026-02-25T16:30:52Z,24,Entertainment,Home Magic
o4o48HzJAbE,Is He The King Of Giant Snacks? 👑🤔🍿,2026-02-19T19:00:51Z,17886889,0,1540,2026-02-25T16:30:52Z,22,People & Blogs,STARTYSON
O90LnfGibJU,She cooks with a tennis racket.. #shorts #shortsfeed #youtubeshorts #cringe #lifehack #comedy #funny,2026-02-20T19:39:58Z,16985068,396482,9152,2026-02-25T16:30:52Z,22,People & Blogs,LouisAyy
GmAYooOx27s,A surprise gift for Tani #funny #scaryteacher3d,2026-02-21T12:00:33Z,19237074,94439,33,2026-02-25T16:30:52Z,1,Film & Animation,Brainrot Family
mb_ZpMEHSDs,¿Cual puede mover a RUMI? 😱😅,2026-02-20T21:20:21Z,12621189,453199,1274,2026-02-25T16:30:52Z,24,Entertainment,Leo Show 
59y_NOPOvR0,She attempts to do a handstand for 100 seconds!,2026-02-18T16:12:21Z,14073830,464689,1735,2026-02-25T16:30:52Z,10,Music,Saif Shawaf
IL2Empf--M8,This PREGNANT WOMAN Built a ROCK FOREST ROOM With a PANORAMIC GLASS FLOOR OVER A RIVER,2026-02-22T10:16:28Z,15546444,149294,103,2026-02-25T16:30:52Z,22,People & Blogs,Wild Digs
lqDc5ZmIq-o,Do you have a backup? | Bullet Train | MATADORA (Super Slowed),2026-02-19T16:16:53Z,10711967,229496,1126,2026-02-25T16:30:52Z,22,People & Blogs,Zeroone
mj9p90JRZTQ,As a KID vs As an ADULT,2026-02-23T12:01:15Z,13375293,153769,900,2026-02-25T16:30:52Z,24,Entertainment,MiniMoochi
_iX-pUnfMO4,Never Climb a Tree from a Tiger | #facts #animal,2026-02-23T13:55:05Z,13656046,166273,177,2026-02-25T16:30:52Z,27,Education,FactRound_My
nDCkMoO716c,Erling & Neymar made a fake pool 😤😰,2026-02-22T01:01:02Z,9183647,234872,809,2026-02-25T16:30:52Z,22,People & Blogs,MOMIN BRO 900K
Vh725A2oBYA,Beggar Was Actually a Millionaire ~ Vihan and Kiara Love Story #love #lovestory,2026-02-19T00:30:26Z,10305149,0,215,2026-02-25T16:30:52Z,24,Entertainment,Facto Hoshiyar
n99FImR2KvE,Building a secret Underground Luxury Cabin Hidden in a Mud Hill,2026-02-20T13:31:01Z,10303335,82744,210,2026-02-25T16:30:52Z,22,People & Blogs,ASMAR Houses 
NRgyrz7ctZ8,Tabla bajaoBuilt the CLR GTR at $2.5 🏡M only a few lucky drivers experienced power 😅🍓#reelschallenge,2026-02-21T12:30:35Z,13301893,0,6,2026-02-25T16:30:52Z,24,Entertainment,Atika Our Moni
EyX99ii476g,A Gift of Light from Tiny Friends 💫,2026-02-20T10:00:32Z,9084290,128688,0,2026-02-25T16:30:52Z,15,Pets & Animals,もこまるファミリー【赤ちゃんと猫2匹との暮らし】
KaUuPNYHFNg,I Built a School in Mexico,2026-02-22T17:00:00Z,8872663,410644,8244,2026-02-25T16:30:52Z,24,Entertainment,MrBeast
So0l0-IBi8s,Ronaldo took a heart shaped photo in the sand! #ronaldo #cosplay,2026-02-22T20:00:20Z,12398866,42254,67,2026-02-25T16:30:52Z,24,Entertainment,HOPPER
FwslooI6PHU,Bu guru nemuin penyimpanan hp rahasia di kelas,2026-02-22T10:24:06Z,9380676,58422,91,2026-02-25T16:30:52Z,22,People & Blogs,YogaS
CPhYswFKPgM,Se salvó de algo terrible gracias a su hermanita,2026-02-22T18:44:11Z,8498232,88605,155,2026-02-25T16:30:52Z,22,People & Blogs,Jesus Sulbaran
uboJNeP0iOg,He Tried to Be a Hero… and Fell in the Lake,2026-02-23T15:20:38Z,7701264,0,11,2026-02-25T16:30:52Z,24,Entertainment,CurioVerse
n9u0TrBbspQ,Choose a pair of sandals 🥰🧦🦶🏻 Leather foot slippers 🥰🦶🏼🥰 #love #viralvideoshorts #trendingshorts,2026-02-21T07:43:35Z,11122447,38475,11,2026-02-25T16:30:52Z,24,Entertainment,BaBa Toys
TOHy45TrwbY,Eagle Saves a Mystery Egg from a Kangaroo #halo #eagle #eggs #crow #kangaroo #cbum,2026-02-22T12:32:39Z,7875579,100351,53,2026-02-25T16:30:52Z,22,People & Blogs,MrMonkeyBoy
67FAkfetUU8,Never Underestimate the Quiet One 👇,2026-02-22T13:02:51Z,8683246,254430,2132,2026-02-25T16:30:52Z,24,Entertainment,mdscae
5aOP2kQJ9ts,Las idols les dan regalos a las minis #comedy,2026-02-22T02:11:06Z,8217796,86995,3243,2026-02-25T16:30:52Z,23,Comedy,Señorita Influencer
lj29icrsBew,How The Piltdown Man Fooled Scientists 😮,2026-02-22T21:00:43Z,7149906,274126,2835,2026-02-25T16:30:52Z,19,Travel & Events,Zack D. Films
gxY8bi5shSk,Even though Nawaz is a senior actor but still went and greeted them with so much humbleness #viral,2026-02-23T04:24:20Z,9522952,104922,360,2026-02-25T16:30:52Z,10,Music,Saurav Thakur
LywI1eDq09o,The Power of a Father’s Love || Vlogs❤️,2026-02-20T03:26:01Z,6366296,0,354,2026-02-25T16:30:52Z,22,People & Blogs,FactsBanglaFacts
M_ynbAQAR0M,Introducing the VitaWear SmartBand a next-generation wearable gadgetb #kareenakapoorkhan,2026-02-20T06:12:37Z,9204183,41355,49,2026-02-25T16:30:52Z,24,Entertainment,Bebo Rani 
dxX6d9vujwY,Mercedes Built the CLR GTR at $2.5 🏡M only a few lucky drivers experienced power🍓😅#reelschallenge,2026-02-23T13:23:16Z,7431871,53276,14,2026-02-25T16:30:52Z,22,People & Blogs,Abdul Wahid2m
nc1n9y-MOlY,Peacock Saves a Mystery Egg from a Elephant #halo #peacock #eggs #elephant #parrot #cbum,2026-02-23T13:05:04Z,7179948,98375,54,2026-02-25T16:30:52Z,22,People & Blogs,MrMonkeyBoy
KSRvGauojWQ,He Brought Milk for His Princess… But She Won with a Clever Watermelon Trick,2026-02-22T11:46:21Z,8770492,0,20,2026-02-25T16:30:52Z,24,Entertainment,Happy L story 
qKA4iWWXhkI,Why is everyone curious about this? 🤔❓The movie title is at the end.#Shorts#movie,2026-02-22T06:56:17Z,6049829,200521,3297,2026-02-25T16:30:52Z,24,Entertainment,Atlas4074
LxIXNj0_DLU,The Leopard That Ate Over 100 People 😨,2026-02-22T13:30:19Z,6855541,339525,2618,2026-02-25T16:30:52Z,19,Travel & Events,Zack D. Films
GMbjf6eL_Q0,#movie The Final Stand: Machine Gun Fury Meets a Knife in Eddington's Brutal Climax,2026-02-22T11:10:18Z,6100963,61888,673,2026-02-25T16:30:52Z,1,Film & Animation,Cindy
VJ1SPVL65Ig,"They Different Down Here, I seen a police car on swangaz Sunday #houston #cars  #amp #explore",2026-02-19T17:30:33Z,6430521,262951,9876,2026-02-25T16:30:52Z,10,Music,Always Make Profit Music Group
UCyup_8ZQyY,Adiós APAGA la VELA 🥀 #mrrelevante #momentostristes #culturapop,2026-02-21T18:08:14Z,6301218,163177,7190,2026-02-25T16:30:52Z,1,Film & Animation,MrRelevante
b1YaSFTriNw,Transforming a Homeless Shelter into a Luxury Tiny Home!,2026-02-22T17:01:01Z,7137489,93614,162,2026-02-25T16:30:52Z,22,People & Blogs,HyperBuild Timelapse
c-fAWEopkpw,A Mahadev Idol Was Found in the Trash And a Miracle Happened #harharmahadev #god#lesson#shorts,2026-02-22T15:42:32Z,6323994,0,481,2026-02-25T16:30:52Z,1,Film & Animation,IshTatva
80L5wifc7PA,Ranking the most impressive sounds ever.,2026-02-20T10:16:57Z,6430485,148404,322,2026-02-25T16:30:52Z,22,People & Blogs,MrStan
5_mxKXbMm9g,The wife nobody expected..! (Cr: @berniezx10alderman /IG)  #bikerlife #shorts #fyp #ragebait,2026-02-21T20:24:51Z,6111831,0,7244,2026-02-25T16:30:52Z,22,People & Blogs,Pengo - بينقو
ovlGl71WfIE,Naruto changed his way of disposing of trash after encountering a kitten#shorts #naruto,2026-02-22T13:21:58Z,6788544,58973,179,2026-02-25T16:30:52Z,24,Entertainment,Naruto AI
teY6kciRYVQ,Is that a girl or a boy looking in the background?後ろで見てるのは女の子？男の子？ #cosplay #zootopia2 #zootopia,2026-02-22T10:39:13Z,8994783,35974,548,2026-02-25T16:30:52Z,24,Entertainment,だんくんTV
EPFVwLN4iYE,¿Cómo detectar a un policía falso? REAL vs FAKE,2026-02-23T21:00:15Z,5361257,241618,790,2026-02-25T16:30:52Z,27,Education,Ley De Mike
R-gvenWlR4s,How A Salon Hair Wash Can Lead To A Stroke 😨,2026-02-24T13:30:30Z,5368986,200232,2886,2026-02-25T16:30:52Z,19,Travel & Events,Zack D. Films
WtjFoNqef5Y,Grandma Built a Dream Bamboo House After the Hut Collapsed 🏠 | 📖 Mini Wood Toys | #ai #craft #love,2026-02-20T06:30:31Z,4856516,0,70,2026-02-25T16:30:52Z,24,Entertainment,Timeless Wooden Art
lrdMvR5kewg,ヤンキーに絡まれた⁉︎#サッカー,2026-02-22T09:00:56Z,5983163,113020,669,2026-02-25T16:30:52Z,17,Sports,アシフットボール-葦フットボール
XtZQfbGY0ZI,Your Hot Neighbor asks you for a Favor,2026-02-21T13:01:02Z,4767406,233515,693,2026-02-25T16:30:52Z,1,Film & Animation,Plan3
DeQuZ9iWlSU,This Is How You “Reprogram” a Bee Colony 👑,2026-02-21T08:00:15Z,5458116,90125,266,2026-02-25T16:30:52Z,28,Science & Technology,COSMIC PITH
7DQNDpGPL1s,Le robé a mi amigo 😬 #shorts,2026-02-22T20:14:32Z,4136644,187120,1365,2026-02-25T16:30:52Z,23,Comedy,Jexs
kIHVD27R-10,La Triste Historia de un RECHAZADO 🥀 #mrrelevante #momentostristes #culturapop,2026-02-22T17:08:53Z,5043478,139744,4052,2026-02-25T16:30:52Z,1,Film & Animation,MrRelevante
Lu9JNtEq4_0,Adopted by a Lion 🦁❤️,2026-02-18T21:30:05Z,13964540,148007,1103,2026-02-25T16:30:52Z,22,People & Blogs,BravePaws
b-D5HIhiqx8,Monkey’s Mud Bike MELTS in Rain… Then He Builds a Desert Plane to Save Everyone! 😱✈️,2026-02-21T13:00:57Z,15045014,95224,8,2026-02-25T16:30:52Z,24,Entertainment,Storive Studios
lznB-3TdTww,El Creador Spawneó Lucky Blocks Divinos ⚜️🔥,2026-02-20T10:01:14Z,10129078,425251,554,2026-02-25T16:30:52Z,20,Gaming,Hackean2
tsO4rvrppfA,Make a lot of Sooji papad in water 😅 #shortsfeed #viral #cookingvlog #soojipapad #holi,2026-02-20T15:35:53Z,9156665,113081,192,2026-02-25T16:30:52Z,26,Howto & Style,Sweety's Kitchen
SRDwc6iYqRg,TEMPLO de la FORTUNA es la SUERTE de UNA PERSONA 🤫🤣 #shorts #curiosidades #china #humor #divertido,2026-02-22T20:01:01Z,10023904,134204,332,2026-02-25T16:30:52Z,24,Entertainment,AprendeYDivierTT
tPjnC9D0Qq0,"""एक बहन, एक धोखा… और भाई का गुस्सा!""🫡.#shorts",2026-02-19T13:43:59Z,4553988,125783,795,2026-02-25T16:30:52Z,1,Film & Animation,TANNU EXPLAIN 
uhw20gpbtsA,Esta Chica Me Va A Volver Loco Con Las Bebidas 😂😱,2026-02-23T17:01:25Z,5259881,75671,83,2026-02-25T16:30:52Z,22,People & Blogs,YoSoyCactus
e3s-LOXx-sI,Meeting the Special Guest at Lily Lovebraids Tea Party 👀,2026-02-19T21:22:32Z,4209275,139292,3695,2026-02-25T16:30:52Z,20,Gaming,Tasty Husbands
QwCwDe8jaO0,Цепь на карьерном самосвале #факты #технологии,2026-02-22T14:05:02Z,5445981,28426,179,2026-02-25T16:30:52Z,22,People & Blogs,Kozy Mozy Production
zElBQhOlKPg,A “skin tag” may not be a skin tag 👀,2026-02-20T12:40:42Z,6835888,20444,217,2026-02-25T16:30:52Z,22,People & Blogs,dr.lindaxing
fvyfpaXpxts,Grey's Anatomy (2005) | A Bomb Inside the Patient 😱💣🏥,2026-02-20T09:10:15Z,5346263,247238,1171,2026-02-25T16:30:52Z,1,Film & Animation,Ronan Steele
1EL2wx7H5Qk,Asi castigan a los JUGUETES MALOS.... #drsackgaming #parati #horror #feedshorts #poppyplaytime,2026-02-19T22:38:34Z,5089486,54144,579,2026-02-25T16:30:52Z,24,Entertainment,Dr. Sack Gaming
vOhKkNr0Lq8,Hiding as a BLACKSMITH Structure!,2026-02-22T14:48:09Z,4377773,168625,971,2026-02-25T16:30:52Z,20,Gaming,CoffeeFuelledGenius
e1rXoz2Du1I,Jesus vs. Satanás: Apenas 1% dos que amam a Deus verão este vídeo de bênção😂 ✅✝️↔️❌👹 #Deus #Jesus✨🔔,2026-02-22T14:00:55Z,4198352,0,621,2026-02-25T16:30:52Z,22,People & Blogs,God's Message Today 0.2
RwO6hLVM6oA,Ranking Best I'm Just A Baby Trend Part 1 #shortsviral,2026-02-19T23:00:49Z,4481116,67168,112,2026-02-25T16:30:52Z,24,Entertainment,Homie Rank
FA4tBhTrO3U,Broguin drowned in the ice water PART 11  #roblox,2026-02-22T11:16:23Z,3874579,96531,1429,2026-02-25T16:30:52Z,20,Gaming,CocoLocoWyd
zf6jQ2otnDE,Sorprendi a mi mamá ❤️😱 #shorts #video #youtubeshorts #comedy,2026-02-19T02:37:25Z,5353715,38378,1438,2026-02-25T16:30:52Z,24,Entertainment,Soy Marie Oficial 
GZGEBxEvj_Y,It was such a vibe 🤣🤣🤣 #trending #comedy #funny #viralvideo,2026-02-20T21:43:34Z,6460683,22042,114,2026-02-25T16:30:52Z,10,Music,THE ROCK OF AFRICA
1qmemqVffI0,“The ending is really hilarious🎀🤣💯 #shortsfeed,2026-02-21T07:18:49Z,4853087,0,135,2026-02-25T16:30:52Z,24,Entertainment,editsbyRS
f48ev3b2wYs,From Printing X-Rays to… ? A Heartwarming Job Hunt,2026-02-22T14:00:53Z,4661402,188501,383,2026-02-25T16:30:52Z,22,People & Blogs,Cathy Bechtelar
IPR1SVN9Y3U,The clown overthought it.#joker #shorts,2026-02-20T12:00:24Z,4384620,30728,80,2026-02-25T16:30:52Z,22,People & Blogs,Untitled Joker
uB92_9V65Po,He Made a Secret Drawer… And No One Expected This! 😱,2026-02-23T06:29:59Z,4288586,0,34,2026-02-25T16:30:52Z,24,Entertainment,Dastan
ZFsrw_7FjoM,I built a hidden luxury storm bunker under a U.S. backyard,2026-02-20T14:12:58Z,5480726,46254,990,2026-02-25T16:30:52Z,26,Howto & Style,Build Rescue Lab
iHaiYFi0kE0,The PROTOTYPE'S True Identity In Poppy Playtime Is HEARTBREAKING 🤡#shorts,2026-02-21T13:01:13Z,3727261,116531,830,2026-02-25T16:30:52Z,20,Gaming,Reapz
ck97ejftbJE,She Found A 1500 Year Old Sword In A Lake 😮,2026-02-22T20:00:21Z,20310820,831463,4418,2026-02-25T16:30:52Z,19,Travel & Events,Zack D. Films
UrA4Z7P5qgI,Paso a paso del Operativo que culminó con la muerte de “El Mencho”: Defensa - Estrictamente Personal,2026-02-23T14:42:03Z,1592360,11819,1887,2026-02-25T16:30:52Z,25,News & Politics,NMás
iwhgeBAx3gQ,"SCORE A PENALTY, WIN $1,000: LEGENDS EDITION",2026-02-23T17:01:06Z,1597552,48982,1336,2026-02-25T16:30:52Z,17,Sports,KSI
NbRn5mML32Q,Falling asleep on a flight takes me forever.,2026-02-21T19:11:21Z,8712921,26853,379,2026-02-25T16:30:52Z,22,People & Blogs,Anya Matusevich
#NAME?,Mamá le dio agua a Sonu 😱🤣,2026-02-20T15:55:00Z,3906193,38954,20,2026-02-25T16:30:52Z,22,People & Blogs,EpicCorto
a7jMtiTVuu8,Bar Brawl MASTERCLASS! Casey Bowman Wrecks 8 Thugs With a BEER! | Ninja#short #movie,2026-02-20T14:49:52Z,4205648,37334,217,2026-02-25T16:30:52Z,1,Film & Animation,Bella4
4Z8sYYw5tio,Ini Solusi Cerdas atau Sedang Menghindari Hidup Sendiri?,2026-02-19T10:00:09Z,4646625,57146,547,2026-02-25T16:30:52Z,22,People & Blogs,Aku Lewat
GGqywGnFzvk,😡 PROFESSORA EMILY EXPULSOU A AMY ROSE DA ESCOLA(TADINHA!😭😭),2026-02-21T14:25:08Z,4005158,88014,287,2026-02-25T16:30:52Z,22,People & Blogs,ninezinHISTORiaIA
qQqysj7Kwzo,"Todo pai teme esse dia, mas a filha deu a notícia… #humor",2026-02-21T00:08:04Z,4989302,73811,1188,2026-02-25T16:30:52Z,22,People & Blogs,Victao Edits
v3Usydj1RiM,POV: Escaping a Bear Into a Hidden Bunker,2026-02-22T23:30:18Z,4033942,29130,78,2026-02-25T16:30:52Z,22,People & Blogs,Mythic Shelter
LCLA2-GdYNo,What a big motorcycle brother,2026-02-22T12:16:59Z,5180918,19879,16,2026-02-25T16:30:52Z,24,Entertainment,FunVillage41
99py5WSQOu8,ade jadi anak sketboard😅🤣🤣🤣 #trandingshorts,2026-02-18T21:03:54Z,4830043,22480,171,2026-02-25T16:30:52Z,24,Entertainment,ade & kk
GaFRr7QHkEI,“When Dad Pretends to Feed a Panda Just to Make His Daughter Eat!” 🐼😂,2026-02-22T15:52:30Z,3842330,0,12,2026-02-25T16:30:52Z,24,Entertainment,Cr Fact
0o5GlC_SlC4,Güvenlik ile motorcunun medeni konuşması 🙄,2026-02-20T16:00:02Z,3624924,80608,952,2026-02-25T16:30:52Z,24,Entertainment,Zeytinsen
JbJBSpJdynw,Por Qué Disparan Flechas A Novia😨,2026-02-22T19:00:26Z,4092295,38729,47,2026-02-25T16:30:52Z,22,People & Blogs,Numbat Shortz
Giq7Vs34WGo,"Introducing the ""VitalWear SmartBand,"" a next-generation wearable gadget",2026-02-20T10:19:57Z,4598635,0,53,2026-02-25T16:30:52Z,24,Entertainment,Mr fun facts
neHgy5GwTjY,This Parrot Just Wanted to Be a Mom 🦜💛,2026-02-24T03:13:53Z,3333616,67796,628,2026-02-25T16:30:52Z,22,People & Blogs,Infi's Diary
VyY5FowPEPQ,TANKER REACT We Took a Heart Sand Photo! #kpopdemonhunters #huntrix #kpop #cosplay,2026-02-21T17:00:49Z,5626904,17460,11,2026-02-25T16:30:52Z,22,People & Blogs,TANKER
zQh4dFPrekQ,Sonic destroy Eggman car 💀😱 | Sonic the hedgehog | #sonic #edit #shorts #animation,2026-02-22T22:00:51Z,4191716,27190,139,2026-02-25T16:30:52Z,24,Entertainment,Ranedits
NksOjUslxOg,#movie In this gripping deep dive into the 2007 thriller The Brave One,2026-02-19T12:21:23Z,3606241,75095,516,2026-02-25T16:30:52Z,29,Nonprofits & Activism,American Premiere
QF--WodKE3w,Terra Formars (2016) | Serum Injection Begins – Humanity Evolves to Face the Roach Army 🧬,2026-02-23T11:18:36Z,3490509,38712,117,2026-02-25T16:30:52Z,1,Film & Animation,Beenle
KgeJnAwS-zQ,POV: you’re doing soundcheck…and a 10 year old DJ takes your job🔥.  #darbuka #rodolphemanoukian #dj,2026-02-18T20:03:07Z,3509558,69265,380,2026-02-25T16:30:52Z,22,People & Blogs,Rodolphe Manoukian
NMezK_S0sEs,Ibu ayam diperban? Anak ayam panik cari biangkeroknya🤣❕,2026-02-20T11:31:25Z,4210414,17697,5,2026-02-25T16:30:52Z,24,Entertainment,Nara_Dewi
bFQgOLnTbPU,How modern parents raise a child,2026-02-21T23:00:51Z,2846818,56192,188,2026-02-25T16:30:52Z,24,Entertainment,Loren Stories
GAO3-M6CoTE,Pagal Mercedes Built the CLR GTR at $2.5 M only a few lucky drivers experienced power#reelschallenge,2026-02-24T01:00:16Z,5423881,16235,3,2026-02-25T16:30:52Z,24,Entertainment,BILU BEASTX
paI9ekf8fwY,How to Turn a $20M Ask Into a $70M Deal  #bigbang #lol #comedy #thebigbangtheory  #shorts,2026-02-20T16:22:48Z,4034026,82862,345,2026-02-25T16:30:52Z,20,Gaming,Tasmia Gaming
7tRilROVq28,Estos perros hicieron lo imposible por volver a casa,2026-02-21T17:25:00Z,3114375,55649,74,2026-02-25T16:30:52Z,22,People & Blogs,Archivo Curioso
4Rcr9H7qr7k,The Ultimate Laugh Challenge: Top Funny Clips! 😂 #boomnationtv #funny #comedy #memes,2026-02-19T15:00:14Z,3342367,0,759,2026-02-25T16:30:52Z,23,Comedy,Boom nation tv
vv_FnKy3p2Q,I dived 50ft to save my dog from a sinking car... 🌉😱 #rescue,2026-02-21T21:09:35Z,3881304,53340,210,2026-02-25T16:30:52Z,24,Entertainment,ZooPhenomena
U_dTVwsLxWw,Her First Time as a Mom 🥹🐾,2026-02-21T12:30:42Z,3347956,58715,121,2026-02-25T16:30:52Z,24,Entertainment,L Facts
CsTjkRi3tQg,Leozinn 077💡Reclamou Do Patinete Para a Vovó!😱,2026-02-22T17:30:03Z,3005255,51608,49,2026-02-25T16:30:52Z,24,Entertainment,Timer Quiz
EZRLTkv-TWs,подписки и разбитое сердце,2026-02-22T11:00:00Z,3260557,93107,588,2026-02-25T16:30:52Z,22,People & Blogs,ПОСЛЕДНЯЯ ИЗВИЛИНА
InSvvMGZqUw,The truth of a Corvette spare tire,2026-02-23T18:15:52Z,3816952,76289,1073,2026-02-25T16:30:52Z,2,Autos & Vehicles,Exotic Rubber
SjqzpgH9LVs,He does miracles A🤪🤔🌟#amen#prayer #shorts#deus #jesus #bible,2026-02-21T08:40:47Z,3976493,15210,6,2026-02-25T16:30:52Z,24,Entertainment,OG•Madhuxzy
yFkQRcwBbtQ,Dedektif Cücük Otelde 🔎🫆🕵️‍♀️,2026-02-22T12:11:04Z,3551154,19625,91,2026-02-25T16:30:52Z,22,People & Blogs,Selin Nila
dKPPI-CfX3Y,📍Adele stops her concert to help a fan pull off the ultimate surprise proposal 💍,2026-02-18T19:41:30Z,2685873,160219,1197,2026-02-25T16:30:52Z,10,Music,Billboard Nigeria
5Acm8oqS80s,Atropel*do por um Trem,2026-02-23T22:53:54Z,3085453,152930,1386,2026-02-25T16:30:52Z,27,Education,"Investiga, Pinhel! "
sFbs_8T85zU,"Awalnya Zonk, Jebakan Kedua Berisi Ikan Mirip Buaya dan Koi!",2026-02-23T09:01:13Z,3066507,26938,49,2026-02-25T16:30:52Z,15,Pets & Animals,Uj Official 
#NAME?,A disabled duckling helps his cat friend #DuckRescue #CuteAnimal #AnimalRescue,2026-02-21T15:13:54Z,3746382,10725,14,2026-02-25T16:30:52Z,24,Entertainment,Vikashnisha kushwaha official
aHB3IebUpoY,Spiderman and Hulk play a prank on Hulkbuster 🤣 🤣 🤣,2026-02-21T13:00:00Z,3411545,21478,13,2026-02-25T16:30:52Z,22,People & Blogs,SpideyFat
tJJ6PQLUTc0,how to make a youtube thumbnail!,2026-02-22T19:15:03Z,3959999,92320,802,2026-02-25T16:30:52Z,24,Entertainment,Shumby
90rgeXm6JGM,"Essa criança tomou a decisão certa, mas o professor foi mais esperto 😂 #shorts",2026-02-21T16:30:06Z,3780779,43006,68,2026-02-25T16:30:52Z,24,Entertainment,Doutor Shorts
25G0CIlTwPg,What my Vietnamese family eats in a day,2026-02-22T12:21:03Z,3063590,145627,1484,2026-02-25T16:30:52Z,22,People & Blogs,Uyen Ninh
s7JQsdF60x8,He’s a Legend 😤,2026-02-22T12:01:21Z,2802415,98679,3378,2026-02-25T16:30:52Z,23,Comedy,Onevilage
iLB3Dc3YeRw,Kasihan Uangnya Ikut Hangus,2026-02-21T12:43:52Z,3260506,0,474,2026-02-25T16:30:52Z,24,Entertainment,Nur Hamka Channel
m3iFQo9vAxo,The Prehistoric Hunter With A Half-Body-Length Neck,2026-02-23T17:30:00Z,4878537,27898,230,2026-02-25T16:30:52Z,27,Education,Jaqqs
CXUN0vA3juo,His Dead Dog Sent the New Puppy a Message 😭😭,2026-02-22T13:04:19Z,2874537,135197,531,2026-02-25T16:30:52Z,20,Gaming,Near
Gqd2aXYuvAU,The CEO Owner OF ChatGPT is Crazzzzyyy! Sam Altman Facts #shorts,2026-02-22T14:30:20Z,2578900,141029,1343,2026-02-25T16:30:52Z,27,Education,FactTechz
TQ0b_mxeHDc,I SURPRISED MY BROTHER WITH AN AVOCADO COSTUME 🥑😭 #brother #halloween #foryou #shorts,2026-02-22T09:02:57Z,2501033,20751,417,2026-02-25T16:30:52Z,24,Entertainment,SodaSneakSally
Au-5X7F7wbI,The crosshair stepped on a landmine#shorts #viral #trending #shortvideo #starwars,2026-02-22T11:31:00Z,3240330,137977,853,2026-02-25T16:30:52Z,1,Film & Animation,Thorne Frame
pMxK4a0P1dE,Digan A #comedy,2026-02-23T16:45:43Z,3210452,36109,229,2026-02-25T16:30:52Z,23,Comedy,Señorita Influencer
uZmMKJ-P2Ec,Where Is the Best Seat on a Plane 🤔,2026-02-21T14:01:30Z,2868550,71342,255,2026-02-25T16:30:52Z,1,Film & Animation,NYKentertain
8q1X-KvbCTY,Cara Paling Gila Merilis Album Musik,2026-02-21T03:00:07Z,3407311,0,31,2026-02-25T16:30:52Z,24,Entertainment,RMDzone
eO1jrR28CIc,A small help can change someone's whole life. ❤️,2026-02-19T13:16:35Z,3322949,0,192,2026-02-25T16:30:52Z,24,Entertainment,ForgeCine AI
wliH0fJvRtk,WATCH FULL Trump State of the Union 2026,2026-02-25T05:15:14Z,104951,5061,1330,2026-02-25T16:30:52Z,25,News & Politics,LiveNOW from FOX
LZ3olKqXU4A,Happiness Kisses Raven | There was a Cute Girl in the Hero’s Party,2026-02-24T18:00:31Z,37176,1498,77,2026-02-25T16:30:52Z,1,Film & Animation,Crunchyroll
jG-97ngp8r8,A Girls Hustle (Episode 3) Why TK Hustle,2026-02-25T01:43:43Z,10056,565,0,2026-02-25T16:30:52Z,1,Film & Animation,X2
K0iS-uI4ozU,The Terror of the Mysterious Cage😱 #wwe #wrestling #shorts,2026-02-20T06:00:30Z,4472506,60282,38,2026-02-25T16:30:52Z,24,Entertainment,Wrestling Secrets BD 
#NAME?,These Artists can ONLY Draw with an Eraser,2026-02-22T15:13:31Z,3301886,195423,1105,2026-02-25T16:30:52Z,24,Entertainment,SLEW
4CExrrW67Wo,POV You Are in a Bunker Inside a Massive Tree 🌳 #survival,2026-02-21T16:26:05Z,3742534,38287,316,2026-02-25T16:30:52Z,24,Entertainment,Ryuzel Zel
9o_rwyvHD8A,ATI ka bhootMercedes Built the CLR GTR at $2.5😅only a few lucky drivers experienced#reelschallenge,2026-02-21T01:00:24Z,3868961,14588,1,2026-02-25T16:30:52Z,22,People & Blogs,Bukhari King
DOgydV01YJ8,"Introducing the ""VitalWear SmartBand,"" a next-generation wearable gadget🎉 part 381",2026-02-23T05:38:12Z,3125685,0,306,2026-02-25T16:30:52Z,22,People & Blogs,Official Mohit Bhind
DIQoQ_bsAtY,Mom Making Sure I'm Asleep On A School Night.,2026-02-22T15:30:07Z,3860355,117306,922,2026-02-25T16:30:52Z,23,Comedy,Ryan HD
vQbecz1KpLc,🇮🇳 lioness destroys a Brit over #Kohinoor! #briefchaat #indianjewels #sonekichidiya #britishroyals,2026-02-21T05:01:21Z,2898820,81407,4244,2026-02-25T16:30:52Z,22,People & Blogs,BriefChaat
Io4wnUqdwWc,Es un genio este payaso #humor #shorts #viral,2026-02-20T21:30:00Z,3554213,26916,169,2026-02-25T16:30:52Z,24,Entertainment,Mark MirandaPLUS
jzKneuS_JRc,"""When a coat is made for just one person... it's destined to become a legend."" #shorts #trending",2026-02-19T10:03:22Z,4973704,75603,814,2026-02-25T16:30:52Z,22,People & Blogs,editorial 7
FQEB_2-1nqE,Hice Reprobar A 30 Niños ⚠️,2026-02-22T21:00:25Z,2838336,66946,317,2026-02-25T16:30:52Z,24,Entertainment,Skydimers
__-873xbT3o,Monkeys Worshipping Hanuman Ji Inside a Cave 😱🚩🙏 | Devotion Scene #hanuman #jaishreeram #shorts,2026-02-19T15:21:03Z,3755945,72508,372,2026-02-25T16:30:52Z,22,People & Blogs,mythoxpov
toXszdnHxXE,This Love Note Has a Backup Plan! 🤣🤣,2026-02-20T19:05:00Z,3687430,107346,1109,2026-02-25T16:30:52Z,22,People & Blogs,BlobbyClips
Boa5rdSArd0,The Most Well Preserved Mummy Ever Found,2026-02-22T16:10:03Z,2500233,192477,1309,2026-02-25T16:30:52Z,25,News & Politics,Cleo Abram
XmYbidHhTGo,Si Roba Un Brainrot Fuera Al Revés,2026-02-22T15:00:00Z,2627297,56465,14721,2026-02-25T16:30:52Z,20,Gaming,Juega Jesús
QOb-A4Ej1cE,Por Esto Nunca Grabes Sola en un parking vacío a Media Noche 😱👻,2026-02-22T17:00:00Z,2423649,73373,2026,2026-02-25T16:30:52Z,24,Entertainment,sdiux
ojyzVnUVfvA,This Is Why Loud Superbikes Aren’t Always a Good Idea!,2026-02-21T00:30:46Z,2877117,76535,1538,2026-02-25T16:30:52Z,24,Entertainment,Ayush ingle
fmieoSTI_yY,LIVE: Trump delivers State of the Union address (full speech),2026-02-25T06:51:31Z,1423205,12861,888,2026-02-25T16:30:52Z,25,News & Politics,Associated Press
dO_K3l76Xd4,El Abrahaham le regala 500 dólares a Hollman por error | #elabrahaham #shorts,2026-02-23T20:57:16Z,2499974,52954,548,2026-02-25T16:30:52Z,20,Gaming,Lo Mejor De Abrahaham
0BW6OX-84Og,Intentó robar el coche a la persona equivocada!🤣 #peliculas #series #shorts,2026-02-21T22:20:00Z,3120811,0,396,2026-02-25T16:30:52Z,1,Film & Animation,Neromerta
JqZ4oa2taw0,Help Me Save My Friend!,2026-02-21T14:00:34Z,2264688,76371,435,2026-02-25T16:30:52Z,24,Entertainment,Alan's Universe
vOwF5LtWQUU,Bocil kribo beruntung banget nemu rangka sepeda #shorts #reactionvideo #react #eldanboy,2026-02-21T11:15:05Z,2898321,11507,40,2026-02-25T16:30:52Z,10,Music,EL DAN BOY
h_VZ0N5HTjo,it's just a tank going in circle ⭕🛞,2026-02-21T02:07:30Z,4408223,0,1098,2026-02-25T16:30:52Z,22,People & Blogs,Z Y A N 02
vypf0uhpfCk,She Turned a Police Chase Into a Game of Bumper Cars,2026-02-21T20:24:57Z,2662517,45259,2203,2026-02-25T16:30:52Z,24,Entertainment,ReelzChannel
xS36brV-Exg,Ever seen a horse race like this 🤣🔥 Mississippi is different 🤞,2026-02-21T14:58:10Z,2963846,53173,3157,2026-02-25T16:30:52Z,17,Sports,Sportz Clipz TV
RY7EpSp2KTI,He built a Riverside hidden bunker 🏞️ #satisfying #transformation #diy #construction #bunker,2026-02-21T10:26:35Z,2968030,17551,130,2026-02-25T16:30:52Z,22,People & Blogs,RenovMan
FBk1SkFOj_g,Seeing Ilia Malinin & Adam Siao Him Fa do a synchronised BACKFLIP at the OLYMPICS Exhibition Gala🤯,2026-02-22T07:06:19Z,2697995,68470,535,2026-02-25T16:30:52Z,19,Travel & Events,"Lighttravelsfaster - Eileen Rhein, Esq."
ZAUl-4L-sy4,A Conversation That Feels Too Familiar in 2025 👇,2026-02-23T13:04:42Z,2623377,93699,1990,2026-02-25T16:30:52Z,24,Entertainment,mdscae
anT4nCxx6Qk,O astronauta mágico que perdeu a paciência!,2026-02-21T15:26:48Z,2712534,21298,18,2026-02-25T16:30:52Z,22,People & Blogs,Shortszeras 
2_WUzugPtmI,El tiro libre más difícil de concentrarse 😂🏀,2026-02-19T15:00:07Z,2669366,47386,708,2026-02-25T16:30:52Z,17,Sports,Entrénate para la Vida
J1e8Ux_RL3Y,“Viral! Pengakuan Mengejutkan Anak Tentang Ibu Tirinya Sebelum Tutp  Us*a”,2026-02-21T00:10:03Z,5378949,14443,770,2026-02-25T16:30:52Z,24,Entertainment,Fafa family 
f8Lc_ee2BPA,A world where everyone speaks only the truth.,2026-02-20T21:40:25Z,2430256,102216,528,2026-02-25T16:30:52Z,22,People & Blogs,9-1-1 house
2oHYYau4F3Q,""" Bro Casually Jumped Off A Cliff "" - Tom Cruise Edit | Mission Impossible | Loucura Letal Slowed",2026-02-20T10:22:35Z,1808409,0,84,2026-02-25T16:30:52Z,22,People & Blogs,ICON EDITZ
q5142LEh3Tc,JALAN SESUAI WARNA DADU!!,2026-02-23T10:15:11Z,2159182,26440,40,2026-02-25T16:30:52Z,24,Entertainment,Yudist Ardhana
tvMJTErjf20,From cute ladki to Anti - what a turn! 🤣😂🎀💯 #shortsfeed,2026-02-21T08:24:00Z,2282198,0,79,2026-02-25T16:30:52Z,24,Entertainment,editsbyRS
usj8gpiehAY,A Mother Even Works in Dirty Sewers to Save Her Sick Son.,2026-02-21T12:43:28Z,2641394,40536,117,2026-02-25T16:30:52Z,22,People & Blogs,SurvEcho
S7Z0dyge2Po,cows made a surprise visit to the shop pushed some items and walked out calmly...🐮 #shorts,2026-02-21T14:20:06Z,2218392,43876,448,2026-02-25T16:30:52Z,24,Entertainment,contentkikami
FDiH-7heBlo,"Introducing the “CrickoWear Pro Band,” a revolutionary next-generation smart wearable🎉",2026-02-24T00:51:58Z,3106346,29818,350,2026-02-25T16:30:52Z,17,Sports,CrickBox11
U3_EhDTctPk,✨HODAAA✨Contexto Solo yo puedo molestad a mi hermano😂#comedy#skit#Pov#Foryou,2026-02-21T01:01:21Z,2286119,38445,77,2026-02-25T16:30:52Z,22,People & Blogs,lsjmmmm
L1XPa9Qvp4g,they build a house inside the tree #shortvideo,2026-02-21T10:45:04Z,2833533,0,15,2026-02-25T16:30:52Z,22,People & Blogs,Top 3 Viral
alsykOBdhp4,menemukan sarung tangan ajaib di pinggir jalan.,2026-02-22T04:47:00Z,2676276,13241,3,2026-02-25T16:30:52Z,24,Entertainment,Vlog Vampir
zCGGg9tBi9c,Alysa Liu Walked Away From Skating… and Came Back a Champion 🥇,2026-02-21T00:31:10Z,2472300,65369,435,2026-02-25T16:30:52Z,1,Film & Animation,Heartsnreels
l60_D-S2OO4,Lisa becomes a magician... #thesimpsons #thesimpsons #funny,2026-02-21T04:29:00Z,1978060,53624,169,2026-02-25T16:30:52Z,22,People & Blogs,Myth_analyst
IuuvPLo-xCc,Pierde recompensa por no regresar cartera a millonario 😭 lloramos,2026-02-20T03:12:39Z,2123555,55397,420,2026-02-25T16:30:52Z,22,People & Blogs,Fernando Ayuda
ArgSFl8kRMA,A Simple Gesture That Changed the Moment wood working art_hand crafts_#shorts,2026-02-23T02:35:21Z,2100896,49696,37,2026-02-25T16:30:52Z,1,Film & Animation,Trendy Facts 
u8acGf21Bic,SORPRENDIÓ a TODOS con esta GENIAL IDEA para DECORAR el JARDÍN de su CASA,2026-02-20T17:30:00Z,2654282,29589,132,2026-02-25T16:30:52Z,24,Entertainment,Juan Perez
4xTW3NxK5qs,A Million Ways to d*e in The West (2014) | Duell zwischen Clinch und Stark,2026-02-21T15:04:10Z,2267829,54256,125,2026-02-25T16:30:52Z,22,People & Blogs,Story of the day
gk2xexSzONc,I Didn’t Expect This From A Kids Adjustment…,2026-02-20T20:55:01Z,2076748,54883,1228,2026-02-25T16:30:52Z,24,Entertainment,Dr. Holden Stanfill
FSg5864Yuyg,If an Introvert turns into a Extrovert,2026-02-22T04:01:33Z,3246251,32932,63,2026-02-25T16:30:52Z,22,People & Blogs,tufffdt
lekAYYHrboE,a north korean escapee found my video,2026-02-22T16:01:00Z,3459139,148308,1602,2026-02-25T16:30:52Z,24,Entertainment,RoyalPear
hNmyplywKFg,O rei foi desafiado no jogo do reflexo #shorts,2026-02-18T21:00:47Z,3002141,25800,20,2026-02-25T16:30:52Z,24,Entertainment,Capitaobritto
a5T-G6epuw8,Learning to Share: Chris and Mike’s Sharing is Caring story,2026-02-21T10:00:00Z,1588097,4206,0,2026-02-25T16:30:52Z,24,Entertainment,Chris kids show
zxPMhRQnI84,Patrick Jane Gets Caught Vandalizing the Bathroom #shorts,2026-02-21T14:22:14Z,2435921,128759,601,2026-02-25T16:30:52Z,22,People & Blogs,floxseditz
IJJIgwI-mT8,The Tool That Creates a Perfect Y Weave Pattern ⚒️ #shorts,2026-02-22T19:03:49Z,3504768,40164,615,2026-02-25T16:30:52Z,22,People & Blogs,Invention
VOVHxyObM-g,When the Queen is getting ready in the bathroom #Milliebobbybrown,2026-02-22T01:29:54Z,2843917,36417,324,2026-02-25T16:30:52Z,22,People & Blogs,Celeb Quill
SudT7jK4RTE,The Dumbest Solution For The USA! 😭😭,2026-02-21T18:00:34Z,3109073,91354,2342,2026-02-25T16:30:52Z,22,People & Blogs,BlobbyClips
l99Wxk3UNdo,"My mom raised me as a single mother, never knowing who my father was because of the circumstances",2026-02-21T11:23:17Z,2318276,13344,42,2026-02-25T16:30:52Z,24,Entertainment,Silk Glow Channel 
7nbIcNYYCCU,Venom vs. Dog Fighters | The Most BRUTAL Scene in The Last Dance (2024) 🔥,2026-02-19T13:53:06Z,2184910,25296,54,2026-02-25T16:30:52Z,22,People & Blogs,Scene Analysis
veG00J9JA-c,The Final Boss Of Negotiation 🤝,2026-02-23T01:03:25Z,2465947,84944,372,2026-02-25T16:30:52Z,24,Entertainment,ItsFrankyBoi
yDSnfjEIUO0,Quick Trick to Draw a Crab! 🦀🤯 #linhchihihi #messyclassroom #schoolcrush #schooldrama,2026-02-23T10:01:24Z,2394762,60578,125,2026-02-25T16:30:52Z,22,People & Blogs,Linh Chi
xgqaLUAQRe0,When Your Suspension Is Expensive Than A Lamborghini ☠️,2026-02-21T12:39:12Z,2803376,0,701,2026-02-25T16:30:52Z,2,Autos & Vehicles,Sh1ft Hub
w04ISULJwL4,Referee Gave a Red Card to a player 😹⚽ | Funniest Football Moment #football #soccer,2026-02-21T14:26:46Z,4210974,6400,147,2026-02-25T16:30:52Z,22,People & Blogs,Paw Panda
NJX4LBUjjDg,Reed Roof Thatching by a Craftsman’s Hands: The Fixing and Smoothing Process,2026-02-22T15:36:21Z,4306707,8831,40,2026-02-25T16:30:52Z,22,People & Blogs,HardCraft Vision
dpTTo__v4KE,David Miller! What a player 😭| Princy Parikh #india #cricket #indvssa #t20worldcup #icc #worldcup,2026-02-23T03:24:13Z,2311313,32152,222,2026-02-25T16:30:52Z,22,People & Blogs,Princy Parikh
kgurFXQ5MZA,AURA Moment in Steal a Brainrot #roblox #robloxshorts #trending #shorts #usa,2026-02-21T16:44:15Z,2296361,51754,593,2026-02-25T16:30:52Z,20,Gaming,Tomaa
Xs0HZOTuZZg,ele deu o Ouro pro Rival?,2026-02-23T21:58:49Z,2553252,148604,1770,2026-02-25T16:30:52Z,27,Education,"Investiga, Pinhel! "
MAwwocBjxoY,Puxaram o boné de um Streamer fitness e teve a calvice exposta,2026-02-24T01:15:20Z,2321143,134608,1922,2026-02-25T16:30:52Z,20,Gaming,Sev7n Games OFICIAL
C3ar8SAwO6I,El Cartel de México Bloquea a un Motociclista (LandonBishoff),2026-02-23T01:05:42Z,2398341,70586,404,2026-02-25T16:30:52Z,2,Autos & Vehicles,NixR34
zMRsSdeLgHg,The first outfit is actually a dance costume believe it or not (not a cheer uni),2026-02-21T07:50:58Z,2493269,47638,326,2026-02-25T16:30:52Z,17,Sports,Rylie Shaw 
K0xriVXFFUk,Vio el FUTURO 👀📺 #mrrelevante #momentosépicos #culturapop,2026-02-23T00:35:59Z,1818141,76290,1415,2026-02-25T16:30:52Z,1,Film & Animation,MrRelevante
olhzlBN7wEw,"Introducing the ""VitalWear SmartBand,"" a next-generation wearable gadget😭",2026-02-22T00:12:48Z,3090605,34839,260,2026-02-25T16:30:52Z,24,Entertainment,Nishal Man
_aWqT5dKY2E,Why Ice Cream Was Better as a Kid! 🤔🤔,2026-02-23T22:16:23Z,2527697,52925,200,2026-02-25T16:30:52Z,22,People & Blogs,BlobbyClips
fFCe7uqTl9c,"Denzel Washington: It's just a movie, it ain't that big a deal.",2026-02-19T23:30:47Z,2099065,52590,1582,2026-02-25T16:30:52Z,27,Education,TheWealthrive
prD-zbe5n_k,She Turned Into A Mummy Just For Fun 😍😍 #blackpink #kpop #lisa #jennie #jisooo #rose,2026-02-21T04:30:23Z,2954115,11432,162,2026-02-25T16:30:52Z,22,People & Blogs,Your Zesty
8WoMayPrNnc,UNEXPECTED job for a 14yo? 🤯 Ep. 511 🪜,2026-02-21T19:35:44Z,2205193,79936,738,2026-02-25T16:30:52Z,27,Education,Max Klymenko
3w1yOcYPDh4,Shalini makes a graceful entry at the JFW Movie Awards 2026.🤩😍,2026-02-21T09:33:34Z,2153154,43880,106,2026-02-25T16:30:52Z,24,Entertainment,JFW Binge
0uvZZt8aNCs,Steal a brainrot PUBLIC SERVER RAGEBAIT 💀,2026-02-22T15:24:34Z,2436109,15370,212,2026-02-25T16:30:52Z,20,Gaming,Sxzxr
Ec9cV40DBzk,The Ancient Trick That Turns Ice Into a Treasure,2026-02-21T07:45:00Z,2538391,50363,434,2026-02-25T16:30:52Z,24,Entertainment,Earth's Journal
FNi3BiSXxPM,El niño mato a sus padre por un Xbox 😱,2026-02-22T00:30:00Z,2025724,63622,385,2026-02-25T16:30:52Z,24,Entertainment,Daarl Shortz
jIUqxDoJp5E,THE SHARK WITH A SNAKE'S MOUTH,2026-02-20T18:01:01Z,3688910,32366,603,2026-02-25T16:30:52Z,22,People & Blogs,Vortex Revelations
kw5c9hgtyPE,동생에게 주인이 생겼습니다,2026-02-21T05:33:44Z,3612005,26878,238,2026-02-25T16:30:52Z,24,Entertainment,오늘은너
CtjqG758juA,This Wedding Just Took a Wild Turn 😬🔨#therookie #tvshow #crimeseries,2026-02-23T14:00:17Z,2415532,123973,365,2026-02-25T16:30:52Z,22,People & Blogs,Amine27
_chWxkj6EA4,THE LAST BOX CHANGED EVERYTHING 😱🤯,2026-02-22T00:00:46Z,2236283,103336,2515,2026-02-25T16:30:52Z,23,Comedy,LazyDevv
eyKnudJUndA,猫に優しい国・トルコのシェフ❤️ #shortvideo #トルコ　#野良猫,2026-02-21T09:00:53Z,1795897,19061,223,2026-02-25T16:30:52Z,24,Entertainment,ゆっくりキ〇ガイ
ZeNnJuRj9bA,Khoảnh khắc vỡ òa hạnh phúc của người mẹ 🥰❤️,2026-02-21T13:15:05Z,2433219,24270,92,2026-02-25T16:30:52Z,22,People & Blogs,Mỗi Ngày Một Chút
LUsMcedzZyI,Dada arrested jalpari but a boy saved jalpari from dada.       #dada #diamonds  #shorts  #cartoon,2026-02-21T07:55:58Z,1813424,17266,8,2026-02-25T16:30:52Z,22,People & Blogs,Satories House
q7rJa648LUQ,How A Tiny Rock Can Crack A Helmet And Break Bones,2026-02-23T11:12:46Z,4036544,19671,146,2026-02-25T16:30:52Z,22,People & Blogs,Jaqqsa
yUoe1Yg3xN4,Can't Wait For Hero Barbarian Barrel 💀,2026-02-21T15:24:46Z,2151191,44586,643,2026-02-25T16:30:52Z,20,Gaming,MORTEIRO
jgF26i5j7x4,El Chico Les Hizo Una Broma A Todos Sus Amigos ❤️,2026-02-22T21:10:32Z,2152024,67854,151,2026-02-25T16:30:52Z,22,People & Blogs,Parthenatos
KwPWSUBR1nk,El TOCINO AMABLE FUÉ AGRADECIDO Gracias a ESTOS BRAINROTS! 💔😥,2026-02-22T00:34:00Z,1932874,0,392,2026-02-25T16:30:52Z,20,Gaming,SANTYPRO
UeEQxAVDFfE,Volvi a romper mi telefono nuevo? 🤯😱🥶🤩,2026-02-23T22:41:39Z,1904011,62195,955,2026-02-25T16:30:52Z,20,Gaming,Diosdado Juarez
PDSpHyytVCs,La Salsa Más Aterciopelada del Mundo,2026-02-23T22:07:55Z,1650164,128493,864,2026-02-25T16:30:52Z,22,People & Blogs,GastonGBG
#NAME?,LIVE Monologue: A Dark Speech Filled With Divisive Lies | USA Women's Hockey Gets A Better Offer,2026-02-25T06:20:48Z,1405078,66025,3614,2026-02-25T16:30:52Z,24,Entertainment,The Late Show with Stephen Colbert
91-HDdVWidQ,A los 9 años me secuestraron y me entrenaron para matar | Beto #Penitencia 177 #entrevista #México,2026-02-24T14:00:07Z,978303,38410,4853,2026-02-25T16:30:52Z,22,People & Blogs,Penitencia
oDBlhitCh08,Steal a Brainrot Taco Tuesday,2026-02-25T00:12:01Z,914178,8956,38,2026-02-25T16:30:52Z,20,Gaming,KreekCraft
dLanLQkGXlc,O Palhaço Pegou a Bala e Levou Ela Pra Floresta!! *ela sobreviveu?,2026-02-24T21:40:11Z,954150,48420,4021,2026-02-25T16:30:52Z,20,Gaming,Taspio
jmdpINE0ttQ,O será que aconteceu aqui? 😳 @A@ApolloSantviral #tutorial #entretenimento,2026-02-24T02:11:37Z,2583108,11898,25,2026-02-25T16:30:52Z,24,Entertainment,Mayca Brasil
8sAVQWKgMjg,Baby Keem - Birds & the Bees (Official Video),2026-02-23T20:15:01Z,827094,71338,4511,2026-02-25T16:30:52Z,10,Music,BabyKeemVEVO
Nl747nirBEY,ye kya Howa Mercedes Built the CLR GTR at $2.5 M only few lucky drivers experienced #reelschallenge,2026-02-22T13:00:47Z,22618902,74818,13,2026-02-25T16:30:52Z,22,People & Blogs,Shah G
lDaX8qWe-_g,Cambio a su Hija por un Plato de Comida #drama #tv #movie #novela #historias,2026-02-20T18:54:00Z,6181003,145253,728,2026-02-25T16:30:52Z,22,People & Blogs,Josias Mosquera
U5b3pFGSvSk,The secret of the clown.#joker #shorts,2026-02-21T16:00:41Z,7518623,67021,52,2026-02-25T16:30:52Z,22,People & Blogs,Untitled Joker
lMAXFOLFLng,The BEST MAGIC REACTION with THROBBIN vs THE FLASHER 😱 #magic #funny #youtubeshorts #fyp,2026-02-21T16:59:24Z,5254943,265595,1850,2026-02-25T16:30:52Z,24,Entertainment,Tyler Sherwin
uIQAeZa-HbE,입원 중에 가스 새는거 감지하고 신고한 디시인,2026-02-20T23:01:12Z,2629006,38666,700,2026-02-25T16:30:52Z,22,People & Blogs,레리리
c3UATdEm9KY,vijay is really a gentleman ♥️🥰 #aliabhatt #deepikapadukone #bollywood #viralshorts,2026-02-21T16:06:06Z,3451799,0,67,2026-02-25T16:30:52Z,24,Entertainment,Filmy Raftaar 
tmhrqr8Ueyk,El Día que Le Detuve Un Golpe a Mi Papá😱😱,2026-02-23T22:36:22Z,2045319,84390,927,2026-02-25T16:30:52Z,20,Gaming,Alex Crashers
ck2oFuAsjUk,I shot with FIRE for a video 🔥!! #shorts #bts,2026-02-21T09:37:35Z,2171208,0,21,2026-02-25T16:30:52Z,22,People & Blogs,Komal Soni
YZUNElBC1XU,💍¡La boda estaba a punto de cancelarse… pero este vestido salvó su honor en el último segundo! 😱👗✨,2026-02-21T15:30:23Z,1808833,0,2961,2026-02-25T16:30:52Z,22,People & Blogs,Zentero
sstZa0Wy0KA,Le moment où il a su que c’était LUI 🐶 #shorts,2026-02-22T21:14:07Z,2330655,86297,322,2026-02-25T16:30:52Z,22,People & Blogs,FlixFollower
j3ouFqgoe9w,NUNCA TE CRUCES A UN PAYASO MEXICANO... ARGENTINOS SE PARTEN DE RISA! #shorts #humor,2026-02-22T21:24:53Z,2220195,30851,163,2026-02-25T16:30:52Z,24,Entertainment,Cachorro Free
CLrBtYZ5IHA,A Little Hero with a Big Heart,2026-02-23T14:40:00Z,1735812,31342,667,2026-02-25T16:30:52Z,1,Film & Animation,Mr Explainer
lvFvYh2ROWo,Cuando pides mucha salsa 🤣 #shorts,2026-02-22T02:30:29Z,1966967,16208,38,2026-02-25T16:30:52Z,22,People & Blogs,Cristofher Hernandez
V9dmkpbJiYo,MILAN-COMO | HIGHLIGHTS | Paz and Leao Shine in Milan | SERIE A 2025/26,2026-02-18T22:33:46Z,968998,14303,455,2026-02-25T16:30:52Z,17,Sports,Serie A
QQ2jXHt3LH4,Vegeta Saved Goku in the Craziest Way! 🚁🔥 Emotional Story #shorts #goku,2026-02-23T07:56:20Z,1315315,55539,103,2026-02-25T16:30:52Z,24,Entertainment,DM Originative
Ao_jPcLgToA,DO NOT GO TO THE KPOP DEMON HUNTERS CONCERT AT 3 AM...,2026-02-21T19:00:06Z,726906,15150,3924,2026-02-25T16:30:52Z,20,Gaming,The Besties 
OTwkAsvCnDo,"DRUMS OF THE MASQUERADE(EKWEDIKE)(New Movie)FREDERICK LEONARD, LIZZY GOLD 2026 Latest Nigerian movie",2026-02-23T16:00:37Z,774660,15355,2362,2026-02-25T16:30:52Z,24,Entertainment,SUNYRICHY NOLLYTV
zG3GVg_hQ_o,"BREAKING: Armed man shot, killed at Mar-a-Lago, Secret Service says",2026-02-22T14:11:32Z,698535,13296,5944,2026-02-25T16:30:52Z,25,News & Politics,Fox News
Rj9Gturk6rQ,Жительница Воронежа устала от запретов! Каждое утро что-то новое,2026-02-23T17:00:00Z,1068697,47241,5603,2026-02-25T16:30:52Z,25,News & Politics,Лига Свободных Наций
TiArx5AoZKk,ENTENDA A M0RTE DE EL MENCHO E AS CONSEQUÊNCIAS NAS RUAS MEXICANAS,2026-02-23T00:21:26Z,669592,39306,1926,2026-02-25T16:30:52Z,22,People & Blogs,Iconografia da História
Geh1ZEjkaeM,"ITZY ""THAT'S A NO NO"" (FULL CAM VER.) @ 'TUNNEL VISION' in SEOUL",2026-02-23T11:00:11Z,734578,48063,1846,2026-02-25T16:30:52Z,24,Entertainment,ITZY
7rb20Iqc54A,Every Spider-Man Best-Friend Becomes A Villain,2026-02-23T23:30:03Z,1098271,39904,224,2026-02-25T16:30:52Z,24,Entertainment,COCO
qq1x6u__ddU,GUESS CAR EATER AND MORE EATERS HUNTERS BEHIND THE DOOR LIMINAL HOTEL Garry's Mod,2026-02-23T02:10:30Z,5329221,23056,8,2026-02-25T16:30:52Z,20,Gaming,ZOOWAKE - Games
1MY_PxGZlDk,Mikhail Shaidorov steals the show! 🐼🔥 Ps: Keep an eye for a surprise guest at the end 👀,2026-02-22T00:56:50Z,4657733,37288,325,2026-02-25T16:30:52Z,17,Sports,Olympics
ee0m6ZEuTK4,Se Robaron Las Pipsas 🍕,2026-02-20T21:00:47Z,4777456,87683,520,2026-02-25T16:30:52Z,24,Entertainment,Skydimers
m03K_vgpTUE,It’s an entire operation😂,2026-02-19T21:01:01Z,4291337,80835,628,2026-02-25T16:30:52Z,23,Comedy,Onevilage
tE-DhND4iMU,This Man Became a Hero in Seconds 👏,2026-02-22T14:05:02Z,4245142,0,5,2026-02-25T16:30:52Z,22,People & Blogs,Jazzy Voice
KX-0neakyvA,EL PROTOTIPO NUNCA QUISO DAÑAR A POPPY EN POPPY PLAYTIME CAPITULO 5 😱👀,2026-02-22T17:49:56Z,2998828,91490,928,2026-02-25T16:30:52Z,20,Gaming,Magmuh
i6Zr5cm3gu4,He Threw the Cat Away… But What Happened Next Will Make You Cry 🥺🐾 #demariki,2026-02-22T14:01:05Z,2876071,16638,24,2026-02-25T16:30:52Z,22,People & Blogs,Demariki
BJjXPWUJqj8,A stress reliever as a stress reliever?? #stress #stressrelief #health #blood #nurse,2026-02-19T16:12:42Z,2342808,8825,46,2026-02-25T16:30:52Z,22,People & Blogs,Olivia Jaymes
bIX5nhIlXP4,🔥 That Smile Was a Warning,2026-02-21T01:30:25Z,2443747,0,0,2026-02-25T16:30:52Z,24,Entertainment,UFCplus
YeymIQ-NEvM,Ancient Script Found Written on a Live Pigeon 😮,2026-02-22T14:00:52Z,2435681,21279,237,2026-02-25T16:30:52Z,28,Science & Technology,MrScoopz
rWB1ya_X0Yg,"SE EU FALAR A LETRA ""E"" O VÍDEO ACABA",2026-02-22T22:35:09Z,2030963,73325,1606,2026-02-25T16:30:52Z,24,Entertainment,Ronazim
65yeHaWjn-o,Ya se con quién me voy a casar 🤣 #comedia  #youtubeshorts  #sketch  #shortvideo #humor,2026-02-23T08:06:36Z,2243216,20718,88,2026-02-25T16:30:52Z,22,People & Blogs,爆爆爆
dRyDUbgINwM,This Kind Man Helped a Pigeon 🕊️❤️,2026-02-23T02:45:04Z,2055951,22886,86,2026-02-25T16:30:52Z,22,People & Blogs,Infi's Diary
G4phnhGZ1cQ,EU reacciona a muerte de “El Mencho”; ofrecía recompensa de 15 mdd,2026-02-22T20:12:46Z,746090,4765,302,2026-02-25T16:30:52Z,25,News & Politics,EXCELSIOR
sESPjzVklno,How to say comfortable? sound more like a native speaker  #englishpronunciation,2026-02-23T11:42:10Z,1163627,10499,111,2026-02-25T16:30:52Z,27,Education,English with Steve Ford
vuljXWYv0oc,2 birds on a wire trend 🥹🪽- Cadel and Mia #shorts,2026-02-23T12:33:41Z,1509162,29727,1069,2026-02-25T16:30:52Z,22,People & Blogs,Cadel and Mia
X9dPnQhsICE,"Abaten a Nemesio Oseguera, “El Mencho”, líder del CJNG, en operativo en Tapalpa, Jalisco",2026-02-22T17:59:30Z,602516,0,1418,2026-02-25T16:30:52Z,25,News & Politics,El Universal
EZgtndQZjiY,The demon has been taught a lesson#Jesus#christ#Daemon,2026-02-23T11:00:31Z,961695,11119,11,2026-02-25T16:30:52Z,22,People & Blogs,The hand of God
2gvSzBnIzD8,LA VENGANZA IMPLACABLE DE HARFUCH! A 6 AÑOS DE SU ATENTADO!,2026-02-23T16:11:50Z,520975,22423,1343,2026-02-25T16:30:52Z,25,News & Politics,The Mexican Family
rRDkA-07ygo,We Built a BUNKER to HIDE from GOO GOO GAGA..(Brookhaven),2026-02-23T15:43:47Z,533783,12748,1260,2026-02-25T16:30:52Z,20,Gaming,Angelazz Brookhaven
xgDVm419fIQ,Leavitt puts Mexican cartels on NOTICE: Do not 'lay a finger' on US citizens,2026-02-24T13:45:16Z,499050,9594,3370,2026-02-25T16:30:52Z,25,News & Politics,Fox News
aGyYKXlGzas,Fanum Trolls Cashier For A Discount 😂,2026-02-23T20:27:22Z,979330,40756,187,2026-02-25T16:30:52Z,24,Entertainment,Fanum Live
x7lqoQhF57E,El atentado del CJNG a García Harfuch cambió las reglas en México,2026-02-23T03:16:00Z,472119,3178,360,2026-02-25T16:30:52Z,25,News & Politics,NMás
VF_cgn6_72k,🚨 COCHE BOMBA EN JALISCO ABATE A CAPITÁN DE LA GUARDIA NACIONAL,2026-02-24T20:26:05Z,468986,16874,1963,2026-02-25T16:30:52Z,25,News & Politics,The Mexican Family
KCkc9siATIA,Masha and the Bear 2026 🤔 Guess the Food❓Best episodes cartoon collection 🎬,2026-02-24T09:00:00Z,540582,553,0,2026-02-25T16:30:52Z,1,Film & Animation,Masha and The Bear
khN8qZkiz1s,New details on man fatally shot at Trump's Mar-a-Lago,2026-02-22T23:00:22Z,447725,3492,3103,2026-02-25T16:30:52Z,25,News & Politics,ABC News
QHL53DZj4_c,The Americano Was A Product Of World War 2 #funfact,2026-02-24T17:00:42Z,933152,57867,741,2026-02-25T16:30:52Z,24,Entertainment,Doug Sharpe
MG88tVgsSzY,Minuto a Minuto: La Muerte de “El Mencho”,2026-02-22T22:04:45Z,589454,18422,386,2026-02-25T16:30:52Z,25,News & Politics,N+ UNIVISION
y0BrXsKd6m4,Ukraine Just STARTED a Fire Russia Can’t STOP… Putin Can Only Watch It BURN,2026-02-24T15:01:42Z,459662,11217,493,2026-02-25T16:30:52Z,25,News & Politics,The Military Show
MQvBlNgl4MY,‘Humiliated’ Beatrice & Eugenie ‘in a state’ as questions grow over what they knew about Epstein?,2026-02-20T19:00:30Z,429297,6900,2975,2026-02-25T16:30:52Z,25,News & Politics,The Sun
T3zwwXL_1Vk,😱Grow a Garden 2 ВЫШЕЛ! Я СТАЛ АДМИНОМ в GARDEN HORIZONS и ВЫБИЛ ДИВАЙН!,2026-02-23T04:00:32Z,414957,13255,2378,2026-02-25T16:30:52Z,20,Gaming,FixEye - Роблокс
m6QjnIZlCGs,🏁🏎️👧🏻 Daddy Builds a Race Track for His Daughter 🚗 🎮 💖 #shorts,2026-02-23T10:15:08Z,742807,4773,4,2026-02-25T16:30:52Z,24,Entertainment,Linh Nhi Shorts
d8U_VPUlGFA,🎶 On My Belly 🎶 On My Belly 🎶 There’s a Belly Button! 🎶,2026-02-23T12:01:00Z,887682,8776,0,2026-02-25T16:30:52Z,27,Education,Cocomelon - Nursery Rhymes
9W5jzKSBCtE,'The Five' ROASTS Newsom and AOC,2026-02-24T00:45:02Z,402058,9877,1707,2026-02-25T16:30:52Z,25,News & Politics,Fox News
qltp0tlGHWc,🧊💜👑Rumi ⚔️ Mira😈 | ¡Ayuda a Rumi a convertirse en la Reina del Hielo! ❄️🥺 #kpopdemonhunters #shorts,2026-02-22T15:01:31Z,771991,20773,142,2026-02-25T16:30:52Z,24,Entertainment,Crónicas de Huntrix
1KVIoXetq9o,mein LETZTES STEAL A BRAINROT VIDEO...,2026-02-20T13:30:01Z,362497,9448,2101,2026-02-25T16:30:52Z,20,Gaming,Standart Skill
H1kO_6yXLGg,"NEW: Authorities identify man who was shot, killed at Mar-a-Lago",2026-02-22T17:15:00Z,346546,5787,2117,2026-02-25T16:30:52Z,25,News & Politics,Fox News
3NvAkCGyOU4,NO WAY MARVEL RIVALS HAS A DC COUNTERPART 😭😭😭,2026-02-23T18:02:22Z,752127,25372,665,2026-02-25T16:30:52Z,20,Gaming,Khyomaru
i87U6HuESeA,Knight of the Seven Kingdoms Finale BREAKDOWN - Every Game of Thrones Easter Egg,2026-02-23T03:40:00Z,340234,8700,864,2026-02-25T16:30:52Z,1,Film & Animation,ScreenCrush
hcNIoh2efeo,Vivir con miedo… ¿a dónde se va uno? #elmexitachi #shorts #short,2026-02-24T02:59:58Z,680510,19106,223,2026-02-25T16:30:52Z,22,People & Blogs,elmexitachi
li8F6tjYZDU,ROMA-CREMONESE | HIGHLIGHTS | Brilliant Display At The Olimpico | Serie A 2025/26,2026-02-22T22:31:57Z,316869,6271,196,2026-02-25T16:30:52Z,17,Sports,Serie A
Wj-zZC5vrnE,PUTIN Is in the Same Position as HITLER on His Last Day… It’s OVER!,2026-02-23T20:00:21Z,310609,10008,881,2026-02-25T16:30:52Z,25,News & Politics,The Military Show
#NAME?,Adley & Niko JAPAN CANDY CHALLENGE!! a Funny night Rating Rare Japanese Candies 1 star to 5 Stars ⭐,2026-02-20T20:59:40Z,302883,2541,616,2026-02-25T16:30:52Z,24,Entertainment,A for Adley - Learning & Fun
6TZ5V_17xXM,I built a beaver dam in a forest #diy #outdoors #homestead #nature #beaverdam #forest #beavers,2026-02-23T19:13:14Z,554293,10322,172,2026-02-25T16:30:52Z,26,Howto & Style,SageSmokeSurvival
jTkT8UoqHE0,KABRITA REACCION A ANGI FIRE 😱 ELLA JURA 🙏 Angi Fire (VIDEO OFICIAL🛐),2026-02-20T22:00:03Z,295392,10603,785,2026-02-25T16:30:52Z,22,People & Blogs,Kabritaa
5gVggOgInd0,A Casa do Dragão - Temporada 3 | Teaser Oficial | HBO Max,2026-02-19T16:02:37Z,291125,9705,732,2026-02-25T16:30:52Z,1,Film & Animation,HBO Max Brasil
_EyUYdKdodQ,Essa iniciativa representa a Casa dos Campeões 🏆 🫡 #maxtitanium #casadoscampeoes #fisiculturismo,2026-02-23T22:27:04Z,480207,21758,132,2026-02-25T16:30:52Z,17,Sports,Max Titanium
bCHqheb0Ilo,Los primeros 18 participantes comienzan a conocerse - Gran Hermano 2026,2026-02-24T04:16:47Z,271491,1632,491,2026-02-25T16:30:52Z,24,Entertainment,Gran Hermano Argentina
ecdgD4XS6AY,‘Gutfeld!’: This guy is a STAR...,2026-02-24T05:15:08Z,277990,8237,696,2026-02-25T16:30:52Z,25,News & Politics,Fox News
U4aM6DpJQxQ,Having a PET SLEEP OVER in Minecraft!,2026-02-23T14:00:36Z,269731,2876,349,2026-02-25T16:30:52Z,20,Gaming,Dash
8PQ7l905aVM,President Donald J. Trump’s 2026 State of the Union Address,2026-02-25T04:33:16Z,5756300,85808,0,2026-02-25T20:34:01Z,25,News & Politics,The White House
5OpisW7FN50,Father buried his son after stealing a bike | 🥺 | अपने बेटे को दफन किया | #shorts #youtubeshorts,2026-02-20T14:00:09Z,10061879,55320,9,2026-02-25T20:34:01Z,24,Entertainment,Funxplosion
eiYUg4CuhOU,It’s honestly a daily occurrence #dental #funny #dentist #dentalassistant #dentalhumor #nurse,2026-02-19T16:19:32Z,9931818,273314,1646,2026-02-25T20:34:01Z,22,People & Blogs,megangaza
x747Tl7sHsY,小丑变成狗了？#clown #couple #shorts,2026-02-23T09:30:29Z,7116080,69185,82,2026-02-25T20:34:01Z,22,People & Blogs,小丑夫妇
ztf7Lpgc0xg,#movie Sarah Walker Proves Why She's the Deadliest Spy in Burbank: Chuck S2 Fight Breakdown,2026-02-22T11:08:24Z,7434984,74020,697,2026-02-25T20:34:01Z,1,Film & Animation, Koi
8nhDr2tKucU,🏴‍☠️👀 The REAL Reason Pirates Wore Eyepatches,2026-02-19T14:46:11Z,7160285,237523,510,2026-02-25T20:34:01Z,28,Science & Technology,Zero Theory
AUB3AN5PlXI,when you play a prank on your fishing buddy (you are the fish god) #helpmemakethismakesense,2026-02-20T16:19:16Z,6623975,57254,55,2026-02-25T20:34:01Z,24,Entertainment,zixxks
zDjUdPCLeek,Jimmy Kimmel Reacts to Donald Trump’s State of the Union Address 2026,2026-02-25T05:30:28Z,3606303,132745,6305,2026-02-25T20:34:01Z,23,Comedy,Jimmy Kimmel Live
d6NGOkY1ffc,"“A marriage without consent brings pain and unhappiness to both the woman and the man,""💔#heartbreak",2026-02-23T14:28:27Z,7079409,94809,69,2026-02-25T20:34:01Z,22,People & Blogs,RCK World
WCZw76NwGzw,Bro got a little nervous😅,2026-02-22T14:56:25Z,7542166,147067,877,2026-02-25T20:34:01Z,22,People & Blogs,Arte-Pino
xQxQ5sx8AiY,The boy delayed turning the steering for a second 😲,2026-02-23T09:30:38Z,6247016,22515,9,2026-02-25T20:34:01Z,24,Entertainment,Factsifa
AENBKj5175g,"Third day of the New Year – Wishing you peace, warmth in your family a year filled with happiness.",2026-02-19T13:00:30Z,51592960,668925,726,2026-02-25T20:34:36Z,26,Howto & Style,BYB Academy
EGddu3Romps,Teacher Tried to Catch the Gate Kicker… But Every Student Had a Crazy Excuse,2026-02-20T09:28:42Z,50779977,0,49,2026-02-25T20:34:36Z,24,Entertainment,Happy L story 
4qFLuUlx4SI,How Fast Can You Stop A KPop Demon?,2026-02-20T13:33:37Z,36264976,569947,1565,2026-02-25T20:34:36Z,22,People & Blogs,Stokes Twins
IvqWwQJndYc,Chi é Elodie in confronto a Shakira ? 😍#shakira #elodie #confronto #concerto #fan #cantante #fans,2026-02-18T22:00:17Z,56909372,156653,1008,2026-02-25T20:34:36Z,22,People & Blogs,OoK
HSU6L2IYlpA,She became a mummy. she became a mummy for fun!❤️,2026-02-17T14:00:32Z,41647445,0,2176,2026-02-25T20:34:36Z,22,People & Blogs,Red
4tzBDynpQ1E,They turned a muddy clearing into a bamboo paradise #transformation #satisfying,2026-02-18T18:45:00Z,36379132,651322,4815,2026-02-25T20:34:36Z,22,People & Blogs,Inspiring Ideas
ZgNkU0EgbmY,Can a 100 Pound Kettlebell Stop a 50 Cal?,2026-02-18T16:10:49Z,41972005,860769,4640,2026-02-25T20:34:36Z,22,People & Blogs,Yee Yee Life
yCGsrkdddoE,"A Mansão do meu cachorro desabou, então acabei dando uma casa simples improvisada para ele 😱🏠",2026-02-20T22:40:01Z,34199731,166308,1816,2026-02-25T20:34:36Z,15,Pets & Animals,Kitem AI Dogs Oficial
WP1LBZMF1L0,Simran enters a Moneyless World🌎💸😱|Simran Makhija| #shorts #school #schoollife #funny #comedy,2026-02-19T00:30:27Z,30012115,279019,147,2026-02-25T20:34:36Z,22,People & Blogs,Simran Makhija
ncNl1Qu_dDE,When Military Training Turns Into a Comedy Show,2026-02-19T07:30:20Z,34212178,0,265,2026-02-25T20:34:36Z,24,Entertainment,CurioVerse
TZurFnKJNns,包丁ができるまでHow a Knife is Made,2026-02-18T12:00:58Z,27663010,375142,4022,2026-02-25T20:34:36Z,24,Entertainment,研師Ryota
28dq4f6MBZ0,"Officer saves old lady from a 250,000$ SCAM",2026-02-18T18:34:37Z,21268263,934871,18568,2026-02-25T20:34:36Z,22,People & Blogs,Patrol Log
IWz9qdq_EnA,No one is born with a dark heart ♥ #viral #status #funnyexpression,2026-02-19T05:47:26Z,21137456,0,557,2026-02-25T20:34:36Z,24,Entertainment,Yash
ArvNDr9Cdbs,These people have built a luxury home #shortsvideo,2026-02-18T09:21:00Z,21605429,0,109,2026-02-25T20:34:36Z,22,People & Blogs,Shorts With Sai 2
sEITEY7x7Tg,What Happens to Your Grip If You Squeeze a Hand Gripper for 30 Days?,2026-02-19T04:30:38Z,25383068,400462,447,2026-02-25T20:34:36Z,17,Sports,Skull Yogi
S_9F_sLCjW0,Pain of Having a Stepmom🥹 #stepmomlife #jagritipahwa #stepparents #realitycheck #treatchildrenwell,2026-02-17T13:28:55Z,19519740,385624,929,2026-02-25T20:34:36Z,23,Comedy,Jagriti Pahwa
7Q9SQN-uXGo,Never Ride a Bicycle Without Brakes 😱,2026-02-17T12:05:00Z,21802445,0,30,2026-02-25T20:34:36Z,22,People & Blogs,Jazzy Voice
D13XpZl8ncw,Mercedes Built the CLR GTR at $2.5 🏡 M only a few lucky drivers experienced power 😅🍓#reelschallenge,2026-02-19T05:33:30Z,37191796,0,39,2026-02-25T20:34:36Z,22,People & Blogs,Ai Desi Suparman
83hTFo-NTJo,40 Min Breath Hold 🔥🔥 | The Titan | MATADORA - DJ Asul (slowed) #trending #shorts,2026-02-19T18:00:14Z,22524558,514877,555,2026-02-25T20:34:36Z,22,People & Blogs,Shefasiu
Kq_JFZAYgEw,LNF - Sweet Little Sister Helps Build a LEGO Toy 🥰 #shorts,2026-02-19T13:15:03Z,25687413,190380,291,2026-02-25T20:34:36Z,24,Entertainment,Linh Nhi Family
BOlXbshBAcY,When my kids wants a snack,2026-02-17T20:50:22Z,19955297,84334,136,2026-02-25T20:34:36Z,22,People & Blogs,Lauren Agans
LBBcyMP3bvs,Last one was a DISASTER,2026-02-19T03:45:01Z,17360086,315438,1457,2026-02-25T20:34:36Z,22,People & Blogs,RandomDude
zMdTLEsPtVo,They Saved a Lonely Monkey 🐒,2026-02-22T00:07:00Z,15970618,0,878,2026-02-25T20:34:36Z,15,Pets & Animals,Facto Heart
4Ak_ddguqMw,POV: Snow Forest Shelter – What Happens After the Door Closes? ❄️🚪,2026-02-19T23:30:05Z,20003290,194719,498,2026-02-25T20:34:36Z,22,People & Blogs,Mythic Shelter
#NAME?,He Became a Lobster Dad 🦞🥹 #shorts,2026-02-17T19:44:43Z,15689763,373684,2509,2026-02-25T20:34:36Z,22,People & Blogs,Infi's Diary
#NAME?,Este hombre salvo a todos Los animals del tsunami,2026-02-17T22:44:13Z,15280706,246614,2018,2026-02-25T20:34:36Z,22,People & Blogs,Miccobi ai
PfrJkSQV_HE,Tikung Folding Fence: Smart Trick to Secure a House in a Narrow Land,2026-02-17T12:15:16Z,28180973,122990,832,2026-02-25T20:34:36Z,22,People & Blogs,The busy person
Dlwu-IY0Ajg,Eve hırsız girince köpekler vs kediler,2026-02-18T07:30:13Z,19018491,71312,70,2026-02-25T20:34:36Z,24,Entertainment,BETER BÖCÜK TÜRKİYE
nbr6iJOFxck,They Saved a Lonely Panda 🐼,2026-02-18T00:17:00Z,13056105,0,1131,2026-02-25T20:34:36Z,15,Pets & Animals,Facto Heart
XeoNQ-Qstxo,How Scientists Filmed A Ladybug’s Hidden Wings 🧐,2026-02-21T22:30:06Z,15301959,737615,3140,2026-02-25T20:34:36Z,19,Travel & Events,Zack D. Films
lLtOtMKdvWo,Penguin Saves a Mystery Egg from a Bear #penguin #eggs #owl #bear #cbum,2026-02-18T12:46:04Z,14570442,227140,98,2026-02-25T20:34:36Z,22,People & Blogs,MrMonkeyBoy
v6ZGT4ppzkk,Nahi khaonga Mercedes Built the CLR GTR at $2.5😱 only a few lucky drivers experienced#reelschallenge,2026-02-18T11:05:00Z,23112434,131825,23,2026-02-25T20:34:36Z,22,People & Blogs,Gajju.1000
IHWlvwu8t1w,The Mandalorian and Grogu | Official Trailer | In Theaters May 22,2026-02-17T14:00:19Z,10367728,131650,8935,2026-02-25T20:34:36Z,24,Entertainment,Star Wars
sb6UyV5SGs0,GRWM in a casual evening look ✨,2026-02-18T14:16:47Z,12580630,129448,343,2026-02-25T20:34:36Z,22,People & Blogs,mnsee.fashnlife
hPaKlFUvnr8,This Man Built a House No Thief Can Crack wood working art_hand crafts_#shorts,2026-02-20T04:27:51Z,19141436,227563,282,2026-02-25T20:34:36Z,1,Film & Animation,Trendy Facts 
jLD5Ovx739s,Safety First While Riding a Scooter! 🛴🛑 Sierra Teaches Rhia 💛,2026-02-18T19:30:15Z,25223127,110944,0,2026-02-25T20:34:36Z,24,Entertainment,Sierra and Rhia English
4ppxMFHQ9MY,They Built a $2M Container House Underwater 🌊😳,2026-02-20T01:25:06Z,15182035,156302,2061,2026-02-25T20:34:36Z,28,Science & Technology,SurfaceFlow
AP-Q8DAUvLE,Hiding as a TRAPDOOR!,2026-02-18T12:48:27Z,11676350,407662,2208,2026-02-25T20:34:36Z,20,Gaming,CoffeeFuelledGenius
dnYyNC0o1So,When you try to steal an air compressor but the roof crew came prepared with lumber and nail guns 😭,2026-02-19T21:13:49Z,11899575,151001,6392,2026-02-25T20:34:36Z,22,People & Blogs,More Than Laughs
Npd-gHXEduw,🌳🔥 I Built a Hidden Tree House Inside a Giant Tree | Satisfying Cabin Build Timelapse,2026-02-18T17:23:02Z,15110674,231984,1517,2026-02-25T20:34:36Z,26,Howto & Style,RenovaTime
oIGNFO2kGWI,I Put an Aquarium in My Living Room Floor?! 🌊🐠 Ocean 3D Floor #OddlySatisfying #Aquarium #EpoxyFloor,2026-02-20T20:00:00Z,12488818,83024,198,2026-02-25T20:34:36Z,24,Entertainment,All That Epoxy
UHmSqnpchps,脳がバグる色んな神童まとめ,2026-02-20T03:30:33Z,13172338,222647,1008,2026-02-25T20:34:36Z,22,People & Blogs,何もなかつた
xTokoZUERuk,The Teen Who Fought The Nazis 😮,2026-02-18T20:30:21Z,12101212,867812,5867,2026-02-25T20:34:36Z,19,Travel & Events,Zack D. Films
yapKgtrAyPY,El Perro Que Estafó A Todos 😧,2026-02-20T18:01:12Z,13876976,221250,372,2026-02-25T20:34:36Z,24,Entertainment,Dan
Q807tnfXvvA,JANDEL IS BACK? - GROW A GARDEN | ROBLOX ANIMATION,2026-02-20T05:17:50Z,13057508,199931,7786,2026-02-25T20:34:36Z,20,Gaming,GH'S
IG_neYL3oCs,مين هنا برج الاسد؟😱,2026-02-18T12:21:00Z,13483727,73405,110,2026-02-25T20:34:36Z,15,Pets & Animals,Mohamed Elyamany 
fuHkWonUYsY,Can He Get a Kiss?,2026-02-20T13:01:14Z,11150646,324870,222,2026-02-25T20:34:36Z,24,Entertainment,Zhong
LrBq-ZVZDe0,POV: When A Stranger Back Stabs You  #fashion #prom #dressess #formaldress #promdress #dressootd,2026-02-17T14:45:04Z,12507380,277509,593,2026-02-25T20:34:36Z,22,People & Blogs,Milivine Studio
sL_OcKykegA,"KID HAS A $15,000 GENGAR CHAIN?  #cardshow #vendorpov #pokemoncards #pokemon #gengar #funny",2026-02-17T19:36:21Z,11850572,300310,2896,2026-02-25T20:34:36Z,20,Gaming,westcollectsx
cc_F6SuECPE,POV: You Have a SECRET Weapon in Shawarma Kiosk Roblox 😂,2026-02-18T03:14:33Z,11490317,169453,190,2026-02-25T20:34:36Z,20,Gaming,nothayus
jgUx1Dxweaw,Best Dancer For A Reason 🔥💯 #bollywood #hrithikroshan #shorts #trending,2026-02-18T13:50:43Z,10559790,176654,146,2026-02-25T20:34:36Z,24,Entertainment,AMANHRX 
zdpd1qFlR-Y,Make A Word Challenge Gone Wrong,2026-02-20T12:01:43Z,11416535,211588,3941,2026-02-25T20:34:36Z,24,Entertainment,MiniMoochi
#NAME?,Ever seen a dancing pony? Wait till the end🦄  #dance #trend #sweden,2026-02-17T17:15:15Z,12249142,111737,1562,2026-02-25T20:34:36Z,22,People & Blogs,Isabell afro
qCUN5ZkBoAw,takala😰Mercedes Built the CLR GTR at $2.5🤡only a few lucky drivers experienced power🌲#reelschallenge,2026-02-20T09:52:00Z,18059191,0,11,2026-02-25T20:34:36Z,22,People & Blogs,A1 facts 5M
2Su4-AJtr8Y,That Was Not A Bark😂 #ishowspeed #kaicenat #edit,2026-02-20T23:48:34Z,11623592,228972,1447,2026-02-25T20:34:36Z,24,Entertainment,Goofy Recaps
1xGVoBKK9Xc,Bruce Lee kicks an arrow mid-air. No warning. Pure speed.,2026-02-18T07:00:04Z,12173862,43231,84,2026-02-25T20:34:36Z,22,People & Blogs,Kung Fu Mighty
Xp8bFu8pmMk,🎃 A Luxury Home Built Inside a Simple Pumpkin 🏠✨,2026-02-21T07:37:02Z,8853250,0,63,2026-02-25T20:34:36Z,22,People & Blogs,Facts Oppy
PREzdpuXxb4,"The human body transports water, greening the desert is a funny special effect",2026-02-21T05:00:26Z,18013415,61072,25,2026-02-25T20:34:36Z,24,Entertainment,Kayvan Nanditama
#NAME?,HE WAS 1v1 WITH THE KEEPER… THEN THIS HAPPENED!😱 #futebol #goalkeeper #footballshorts,2026-02-17T16:15:00Z,13238602,11689,100,2026-02-25T20:34:36Z,24,Entertainment,GoalMad Football
kpgOXvhawws,How Thick Would A Cast Need To Be To Stop A Bullet 🤔,2026-02-21T13:30:56Z,9208919,310343,2154,2026-02-25T20:34:36Z,19,Travel & Events,Zack D. Films
gYGI63LH9Uo,Cuando tu hijo deja claro a quién quiere más delante de todos,2026-02-19T21:00:55Z,10451664,182071,486,2026-02-25T20:34:36Z,22,People & Blogs,Jon Sinache
tJXeFAGLhr8,Lyna y Larin Junior visitaron a un mago 🧙‍♂️,2026-02-17T19:09:41Z,10966214,67207,52,2026-02-25T20:34:36Z,24,Entertainment,Wekas
HqRL_bz9suk,A Cruel Betrayal and the Golden Retriever Who Refused to Let Go,2026-02-19T01:55:40Z,12231783,55680,249,2026-02-25T20:34:36Z,22,People & Blogs,Sigma Rescue
AeL7G4csR1E,Building a Secret Underwater Container Room 🏠,2026-02-22T00:15:00Z,10752376,106658,225,2026-02-25T20:34:36Z,24,Entertainment,Home Magic
z7R8v2w3D_A,Transforming a Mound into a Luxury Underground Room – Hyper-Lapse Build,2026-02-20T14:09:07Z,10422504,165480,414,2026-02-25T20:34:36Z,24,Entertainment,Quite Homes
VnedT-8sHOc,I Pretended To Be A Wax Figure,2026-02-19T18:15:07Z,9747206,462615,3156,2026-02-25T20:34:36Z,24,Entertainment,Sambucha
jHbGX8APjWM,POV You Found a Secret Bunker in the Forest #survival,2026-02-17T23:30:14Z,10053105,81456,328,2026-02-25T20:34:36Z,22,People & Blogs,Mythic Shelter
ZVrEaT8R5L4,SALVÓ A SU CERDITO 🥹,2026-02-18T00:03:27Z,9939102,220330,3485,2026-02-25T20:34:36Z,20,Gaming,elElias
lLhVf_DEwKY,Les presento a las IDOLS #comedy,2026-02-17T15:08:20Z,11353305,163851,20810,2026-02-25T20:34:36Z,23,Comedy,Señorita Influencer
8lXEiPJeQvI,La Profesora Se Sorprendió Al Grabar A Sus Alumnos En Secreto ❤️,2026-02-17T19:02:01Z,8587854,128119,151,2026-02-25T20:34:36Z,22,People & Blogs,Parthenatos
cAXnxiHgYLo,That One Bro With a Spear #usa,2026-02-19T18:30:49Z,9811633,80510,504,2026-02-25T20:34:36Z,20,Gaming,Kajuto
shoF4s1V4Kw,Flying a Class better than First Class #singaporeairlines #firstclass #suites #flight,2026-02-20T18:09:36Z,12860022,182113,1185,2026-02-25T20:34:36Z,19,Travel & Events,Damon Geis
65aQZwX89Bk,She Gave Her Son a 3D Pen… Then She Walked Into His Room 🤯,2026-02-19T16:57:00Z,9635415,139057,15046,2026-02-25T20:34:36Z,22,People & Blogs,Funtale
Tjj0bcAgN9U,Turtoise was having a great day until... 🐢#truestory,2026-02-20T06:00:42Z,9025406,108089,511,2026-02-25T20:34:36Z,24,Entertainment,wholesomesque
VH1cwfleTro,The Cuban Pilot Who Defected With A MiG-29 To America,2026-02-18T17:25:19Z,10510245,308279,5140,2026-02-25T20:34:36Z,22,People & Blogs,Underground Bullets
7OTHPYWdDhc,"This poor puppy has no cash to buy a food of plate, so rich puppies making fun of him #animahal",2026-02-20T12:30:01Z,10179243,149755,875,2026-02-25T20:34:36Z,15,Pets & Animals,Ani Mahal
KHfS-oqxwi0,Cortei a armadilha da planta carnívora?!😱 #shorts,2026-02-18T02:02:56Z,7713746,285907,1663,2026-02-25T20:34:36Z,24,Entertainment,Gabrielmiranda_ofc
599zPZj_yQI,qual o MÁXIMO que o celular bloqueia por ERRAR A SENHA?,2026-02-20T23:00:00Z,9985571,208190,1739,2026-02-25T20:34:36Z,24,Entertainment,Giuliana Mafra
twsKdgvDxo4,Hiding as a GATE!,2026-02-19T09:35:57Z,10806181,294909,1979,2026-02-25T20:34:36Z,20,Gaming,CoffeeFuelledGenius
OCKocEl_2BA,He OPENS a BLUE WHEEL OF CHEESE,2026-02-20T15:30:25Z,9675616,290354,2378,2026-02-25T20:34:36Z,23,Comedy,Lionfield
jK-_-BBfgAY,¿A Quién Salvarías?💔😢 #kpop #rumi,2026-02-17T14:44:27Z,8548882,266370,613,2026-02-25T20:34:36Z,22,People & Blogs,Vaya Historia!
qtySq8iQqLc,A good relationship requires effort to maintain.#shorts,2026-02-19T10:21:58Z,8910256,370123,5338,2026-02-25T20:34:36Z,22,People & Blogs,ShadowHarbor 
x1JBLVQDY7s,He Climbed A Building To Rescue A Child 😱,2026-02-20T20:30:09Z,8658419,585543,6484,2026-02-25T20:34:36Z,19,Travel & Events,Zack D. Films
UCHRs6IYG50,When Ederson Became a Midfielder 😂,2026-02-17T19:23:23Z,9425965,97985,212,2026-02-25T20:34:36Z,22,People & Blogs,OffsideShorts90
TJykDaWPs8M,Elder Sister Teaches His Young Sisters Like A Mother 🥹,2026-02-18T02:00:25Z,8049571,0,53389,2026-02-25T20:34:36Z,22,People & Blogs,saifu ke shorts
UZNshSF7ckw,A EMILLY CAIU DA ESCADA EM UMA GRAVAÇÃO *Ela ta bem ?,2026-02-20T15:00:11Z,4231233,82713,5628,2026-02-25T20:34:36Z,28,Science & Technology,Emilly Vick
GighSdrzF4Q,Silent SOS Saved a Life 🌟#rumilife,2026-02-20T12:30:22Z,8267520,152548,715,2026-02-25T20:34:36Z,23,Comedy,Rumi Life
w_B6znHQBoU,This Guy Accidentally Ended Up in a Music Video,2026-02-19T20:11:34Z,10734397,161359,394,2026-02-25T20:34:36Z,24,Entertainment,Hublot Baggins
ALlHMMEOs_4,Ranking The Funniest Make A Word Challenge 🤣💀 Part 4,2026-02-20T20:08:34Z,7728579,225700,1643,2026-02-25T20:34:36Z,22,People & Blogs,sylpd
Mwqmd6JMTBI,Me encontré con un ¿THERIAN?,2026-02-18T20:00:00Z,6384542,284000,8727,2026-02-25T20:34:36Z,20,Gaming,Iraa
_diDNxI9lkM,Watch Water Turn Into a Glowing Ice Lantern in Freezing Air! ❄️✨,2026-02-17T12:30:17Z,7130993,0,21,2026-02-25T20:34:36Z,24,Entertainment,Facts Ki Story
ssu_1ljppoA,A roupa 🐘🦊🐷 Emilly Vick💗Ketlen💜Leozinho💡,2026-02-17T21:15:06Z,7733319,137771,323,2026-02-25T20:34:36Z,22,People & Blogs,Super Aventura
vJk33ppCaAI,This Golf Gadget Is Banned for a Reason 😳,2026-02-18T13:01:51Z,9162280,88001,122,2026-02-25T20:34:36Z,27,Education,Mindsy
otgNWj4OI4Q,Police Officer Gives Kids a Moment They Will Never Forget…,2026-02-21T19:27:26Z,7645352,216047,1425,2026-02-25T20:34:36Z,22,People & Blogs,Crisis Cams
FAFE4cgt7vE,Simran enters a Powerless World🌎💪🏻😱|Simran Makhija| #shorts #school #schoollife #funny #comedy,2026-02-20T00:30:24Z,7578643,90116,56,2026-02-25T20:34:36Z,22,People & Blogs,Simran Makhija
ik_LrOYA5Y8,Este truco loco obligó a la iglesia a comprar su casa 😱🐷 #shorts,2026-02-20T15:07:33Z,10001521,0,363,2026-02-25T20:34:36Z,24,Entertainment,sir janbaa
8Lu_hl-r88w,You don’t get a BETTER high protein snack than this 🫡🇿🇦 (67g protein/100g) #mealprep,2026-02-19T16:52:03Z,8691895,208600,3566,2026-02-25T20:34:36Z,17,Sports,Noel Deyzel
cRgBCNJ9g74,This Is NOT a Reflection… It’s Twins 👬🔥,2026-02-18T03:30:27Z,9137255,108604,307,2026-02-25T20:34:36Z,22,People & Blogs,MC REPEAT
m6_s6ANu3E8,Putting Ai Police Through a Moral Test 🚔⚖️,2026-02-17T13:06:54Z,7599371,126729,2059,2026-02-25T20:34:36Z,22,People & Blogs,Þolemod
2FPDWMvolfw,Who else has a separate stomach for desserts? #itbelikethat #justforlaughs #motherson #dessert #yum,2026-02-20T04:23:46Z,7907722,217298,526,2026-02-25T20:34:36Z,22,People & Blogs,Michelle Tiang
Q51mbsIB1GY,Will KFC Fill The Worlds Biggest Bucket?,2026-02-17T16:00:41Z,64992247,1734174,2751,2026-02-25T20:34:36Z,24,Entertainment,DanCookedIt
SkXEOg9-pwg,…and the reaction speaks for itself 🫶🥇,2026-02-20T19:10:34Z,35465465,387514,1451,2026-02-25T20:34:36Z,17,Sports,Olympics
6zD2tmUokmI,Kanye Samples Like A Boss,2026-02-19T00:00:18Z,31308335,547510,3662,2026-02-25T20:34:36Z,24,Entertainment,ePianoh
kCEZ4s7dKQo,Shower under an Umbrella😂 傘の下でシャワーを浴びる,2026-02-20T01:01:01Z,29606417,83547,22,2026-02-25T20:34:36Z,24,Entertainment,TTINY BOY
_TLaN8h2Ms0,What you choose the durian ladder 🪜 🥑,2026-02-17T15:01:40Z,26848296,95636,15,2026-02-25T20:34:36Z,22,People & Blogs,Thong To Short Fun
6_LD7s4d234,He deserves an Olympic medal 🔥#olympics#winterolympics2026 #winterolympics #video #figureskating,2026-02-18T00:50:07Z,20063041,348745,1435,2026-02-25T20:34:36Z,17,Sports,Ian Gunther
Xto32bRZPwA,When An Arab Serves Indian Food,2026-02-21T11:08:12Z,25301477,717933,3816,2026-02-25T20:34:36Z,19,Travel & Events,Khalid Al Ameri
D8ilttqEW2k,Which animal cause the most damage #shorts,2026-02-17T18:42:50Z,12637899,171125,894,2026-02-25T20:34:36Z,22,People & Blogs,VITMI
0qDo88oZD34,嫌がらせ行為を目撃した教師のガチ対応,2026-02-19T02:00:01Z,9462801,186148,2247,2026-02-25T20:34:36Z,1,Film & Animation,一分世界
97yKWpq1ykQ,a pessoa MAIS BAIXA do mundo,2026-02-21T15:00:00Z,8412359,175980,1509,2026-02-25T20:34:36Z,24,Entertainment,Giuliana Mafra
yH20Z2FsGzw,He turned an awkward moment into a sweet one ❤😍... #priyankachopra #nickjonas #shraddhakapoor #edit,2026-02-18T10:06:20Z,9064584,72029,145,2026-02-25T20:34:36Z,1,Film & Animation,Filmy Beats 
bvTXF49udAY,A HISTÓRIA DE SUPERAÇÃO DA GIULIANA MAFRA - Peraltas Comedy #giuliana #peraltascomedy #shots,2026-02-17T15:01:04Z,7694069,228147,5427,2026-02-25T20:34:36Z,23,Comedy,Peraltas Comedy 
8erQRvNBNeQ,I’m Never Buying a Robot Vacuum Again! 📉 Roomba Fail,2026-02-17T17:49:40Z,9686051,18876,1385,2026-02-25T20:34:36Z,24,Entertainment,Dahiyane Bilgiler
JG5-JPaBQvU,Fizeram bullying no colégio com a minha filha...,2026-02-19T17:00:19Z,7723873,71448,408,2026-02-25T20:34:36Z,24,Entertainment,Kelvin & Marina l Casal do Humor
1vFMjwLRCh4,Use a bucket to splash paint on the hood. #เคาะพ่นสี #ช่างทำสีรถยนต์ #automotive,2026-02-20T02:14:57Z,9594215,28314,648,2026-02-25T20:34:36Z,22,People & Blogs,อุไร การะจักร
KnATPoaNMc0,a baby who is a thirsty dog,2026-02-18T05:17:08Z,7058256,64953,576,2026-02-25T20:34:36Z,22,People & Blogs,Tiny Smile Studio
1Kf7rH7YIh8,Esta abuela se disfrazaba todos los días para hacer sonreír a su marido #shorts,2026-02-19T23:00:02Z,6989084,0,26464,2026-02-25T20:34:36Z,24,Entertainment,sir janbaa
kdYXK06iFbc,La Chica Más Amable Del Mundo 😯❤️,2026-02-21T15:01:20Z,7756581,156247,385,2026-02-25T20:34:36Z,24,Entertainment,El Chico Estrella 🌟
DkBIlBKr_w4,A Father’s Love for His Son and Daughter 🥹❤️,2026-02-17T14:33:06Z,6462716,126328,270,2026-02-25T20:34:36Z,10,Music,Teddy Dear
pD2rC0jMvtE,ele Bateu o Recorde e Continuou,2026-02-19T19:03:41Z,6999209,444679,1815,2026-02-25T20:34:36Z,27,Education,"Investiga, Pinhel! "
CawIWxOnACA,Batman really turned into a kid and still kept his rizz at zero... 😭🥀 #dc #shorts #memes,2026-02-21T13:49:42Z,9058604,431505,2354,2026-02-25T20:34:36Z,22,People & Blogs,SafeHaven
A3tSCIhqj_Y,Minecraft In a MILLION Years...,2026-02-22T03:22:28Z,8666681,293656,1737,2026-02-25T20:34:36Z,20,Gaming,Fangorn
K1WL00Qu6Hk,📡🛑 Can Radar Find a Body Hidden in Cement?,2026-02-20T19:34:11Z,7772493,289994,2639,2026-02-25T20:34:36Z,28,Science & Technology,Zero Theory
z9AWzvLFxQo,Transformaron una cuchara en un recogedor,2026-02-18T01:30:57Z,7981035,29169,53,2026-02-25T20:34:36Z,24,Entertainment,Nocheon
kl8UCmCIpSU,Yes or No? (Make a random drink challenge) Part 98,2026-02-17T22:00:54Z,7506805,278212,926,2026-02-25T20:34:36Z,24,Entertainment,Godfrey Twins
ThU6LK8xEdE,Gold medalist Alysa Liu has a BLAST in the exhibition gala | Winter Olympics 2026 | NBC Sports,2026-02-21T22:35:45Z,3866341,112379,3010,2026-02-25T20:34:36Z,17,Sports,NBC Sports
rrICaz6RxBA,KEKUATAN ISTIQOMAH SHOLAT WALAU PUN DI AREA NASRANI,2026-02-20T09:53:58Z,18222593,49142,1307,2026-02-25T20:34:36Z,22,People & Blogs,Raja Ryzal Kelayang
chTNXwVQg0Y,Este Artista Engañó A Tu Cerebro En Segundos 😵 #tonyfranco,2026-02-19T23:00:50Z,7694403,192787,490,2026-02-25T20:34:36Z,22,People & Blogs,Tonyfrancog
#NAME?,Hiding as a CLOUD Until My Friend Notices!,2026-02-20T16:59:46Z,5568223,185719,1199,2026-02-25T20:34:36Z,20,Gaming,CoffeeFuelledGenius
4n2HTFDoEC8,Girl robbed a statue thief 😮 | RESPECT |,2026-02-19T02:06:02Z,6656063,0,25,2026-02-25T20:34:36Z,24,Entertainment,Respect Boron
Sskh-A_0w9c,A hitman walks in on the ultimate bro moment... and has NO idea how to process it. 😂🫘,2026-02-21T10:30:22Z,7115282,155652,365,2026-02-25T20:34:36Z,1,Film & Animation,Fae Plunkett
MPuqvgdIQz0,I Got a New MOM?,2026-02-22T13:00:39Z,7172214,161173,123,2026-02-25T20:34:36Z,24,Entertainment,Zhong
Ir58FFWLyQ8,A bañarse con agua fría 🚿 #alemania #humor #alemana #colombia #cultura,2026-02-18T17:56:29Z,6238156,79216,764,2026-02-25T20:34:36Z,22,People & Blogs,Jose y Maggi
5a6YDUdQUE0,NO DEJES CAER A RUMI😰💔,2026-02-19T01:25:09Z,6775588,60544,33,2026-02-25T20:34:36Z,24,Entertainment,Roythithi
ieFSsRr-dAc,Dirt bikes need registration and a plate... #shorts,2026-02-17T14:30:46Z,5503648,231461,3228,2026-02-25T20:34:36Z,24,Entertainment,Throttlehead
W4h-zPiK1aM,Building a Highway Bridge on a Vertical Cliff | Real Engineering,2026-02-18T20:46:11Z,7540952,0,272,2026-02-25T20:34:36Z,22,People & Blogs,GeoRevive
TfrOPI5AM10,Kalian juga punya kan celengan seperti ini? #shortvideo,2026-02-17T23:36:37Z,7222768,69738,0,2026-02-25T20:34:36Z,22,People & Blogs,Ninis marsela
MCx6ngtDveQ,"Meu irmão Vinícios APRENDENDO A LAÇAR, Treinando laçando nóis #irmãos #humor #familia #laço #feliz",2026-02-17T21:00:19Z,5846480,99210,411,2026-02-25T20:34:36Z,22,People & Blogs,A ruiva da roça / Fabio Castro
R6zZrUHFrI0,The Woman Who Poisoned Her Own Lookalike 😨,2026-02-21T15:30:28Z,6074277,296867,2012,2026-02-25T20:34:36Z,19,Travel & Events,Zack D. Films
I3DS8Jp023Y,A Coconut with Striking Color Contrast,2026-02-17T18:01:13Z,6849836,102742,132,2026-02-25T20:34:36Z,22,People & Blogs,CoCo
q_-dV6ZHxJw,você respira MELHOR que a maioria?,2026-02-19T23:00:00Z,10931865,138518,641671,2026-02-25T20:34:36Z,24,Entertainment,Giuliana Mafra
DDB5BWxIZ1Q,Bhikari Chal Mercedes Built the CLR GTR at $2.5M only a few lucky drivers experienced#reelschallenge,2026-02-20T08:00:13Z,8112002,26729,9,2026-02-25T20:34:36Z,22,People & Blogs,Monster Reaction
4ujJzFjvFag,Never Do This at a Water Slide! 😱,2026-02-21T07:35:41Z,7778182,0,11,2026-02-25T20:34:36Z,27,Education,Facto Knock
o_uc2XK-45I,A Wild Wolf Begged Me for Help… I Couldn’t Believe Why,2026-02-18T20:05:06Z,6958455,69385,237,2026-02-25T20:34:36Z,24,Entertainment,Cooked Content
QqCbYMrOPmI,He Built a Fence… THROUGH His Neighbor’s Garage! 😳🔨,2026-02-18T01:01:48Z,6092676,111257,974,2026-02-25T20:34:36Z,22,People & Blogs,Case Dismissed
KfFkrVR1Hr8,"Introducing the ""VitalWear SmartBand,"" a next-generation wearable gadget🎉 part 377",2026-02-22T06:03:37Z,7883797,0,339,2026-02-25T20:34:36Z,22,People & Blogs,Official Mohit Bhind
aWIBC40SM0k,Bullies Mocked a Small Kid… Until His Cop Dad Showed Up 👮‍♂️🔥,2026-02-17T16:08:23Z,5325408,0,11869,2026-02-25T20:34:36Z,22,People & Blogs,Cyberjao
m0BFZkPsoWY,Twenty One Pilots - Drag Path (Official Video),2026-02-17T23:02:14Z,3255199,258055,11572,2026-02-25T20:34:36Z,10,Music,twenty one pilots
xGc78O6FUpk,The Principal Called ☎️,2026-02-18T16:47:23Z,6716798,236178,1935,2026-02-25T20:34:36Z,22,People & Blogs,Meatlicious
6_Gk66rtNvo,China Just Built a 28km Underwater Tunnel Cutting Travel Time to 30 Minutes ❤️‍🩹,2026-02-20T15:30:08Z,17804867,237772,3600,2026-02-25T20:34:36Z,10,Music,Endless Love
ZnUx1fDagBc,Así NO llegaré a Mi Base....💀 #roblox,2026-02-18T19:22:30Z,5899995,181586,302,2026-02-25T20:34:36Z,24,Entertainment,Rtres
LZNo-479W4s,Mi Amigo Es Un Therian !!😱🤯,2026-02-19T17:33:34Z,5281562,123943,2098,2026-02-25T20:34:36Z,24,Entertainment,YOLO AVENTURAS
3ai5XCIIlj4,My Dog Risked Everything to Save a Bear Cub 🥺🐾 #animalrescue #emotional #animals,2026-02-20T16:31:22Z,7417140,0,1904,2026-02-25T20:34:36Z,22,People & Blogs,AniStory
94_EzFJniQc,He Taught Her To Become A Sniper 🥶 | Leon The Professional | #shorts,2026-02-19T16:32:48Z,5609870,97943,415,2026-02-25T20:34:36Z,1,Film & Animation,HYPEFLIX
7l36sprUB00,"""How Much for the Entire Night?"" Negotiation Gone Wild | ""It's a New York Savings and Loan Check...",2026-02-18T07:26:19Z,6550507,157189,1823,2026-02-25T20:34:36Z,1,Film & Animation,DysonEdit-z4h
miMXLq6c0wk,A Husband’s Desperate Revenge,2026-02-18T13:01:31Z,5703912,152195,136,2026-02-25T20:34:36Z,22,People & Blogs,aiStory008_01
etB6_TOjxCk,Una SEÑORA COREANA me llevó a su CASA 🇰🇷😳,2026-02-20T01:44:20Z,5256162,173059,451,2026-02-25T20:34:36Z,10,Music,Camila Merchant
itEM-IZFxSs,He’s a hidden leaves ninja #stitch #funny #shorts,2026-02-18T00:41:03Z,5940278,171193,2059,2026-02-25T20:34:36Z,22,People & Blogs,Mick’s Life
6jMhFSNpJuY,Mercedes Built the CLR GTR at $2.5 🏡 M only a few lucky drivers experienced power 😅🍓#reelschallenge,2026-02-21T02:30:05Z,6533181,0,5,2026-02-25T20:34:36Z,24,Entertainment,Masuma Official Shorts
I_xP8TjA45E,¿Podrá su mamá reconocer a Rumi? 🤔 Jinu Vs Mira Vs Rumi,2026-02-18T18:35:45Z,7003884,291750,735,2026-02-25T20:34:36Z,24,Entertainment,Firey Football Sp 
3T4YGqKlYEY,La hermana mayor crió a sus dos hermanas menores ❤️ #shorts,2026-02-18T21:30:00Z,6927300,60692,138,2026-02-25T20:34:36Z,22,People & Blogs,Benzoza
-9n5NSwvNyA,unique way to open a coconut,2026-02-17T09:09:18Z,6021170,37051,12,2026-02-25T20:34:36Z,26,Howto & Style,Lagot Tv
2XY4W7ZyPms,"The Old Man Built a Bamboo JCB, Won a Prize, and Helped Poor People's #shorts #ai #craft #humanity",2026-02-19T13:11:46Z,5259537,0,84,2026-02-25T20:34:36Z,27,Education,আলোর ডাক
dBKDE0mJ8qo,Ranking The Best I'm Just A Baby Trend (new) #shortsviral,2026-02-19T16:12:01Z,5121414,72985,596,2026-02-25T20:34:36Z,24,Entertainment,Panzu
c5VA3_pdzM4,12m subs complicated Mercedes Built 😅only a few lucky drivers experienced power#reelschallenge,2026-02-21T14:49:35Z,11203114,0,2,2026-02-25T20:34:36Z,22,People & Blogs,koko Atika
DjH425dDePU,"Introducing the ""VitalWear SmartBand,"" a next-generation wearable gadget",2026-02-19T03:57:22Z,8659942,102554,202,2026-02-25T20:34:36Z,22,People & Blogs,susanta Shorts video 
MAOhJws6aug,@seppseats great recipe! #mushroom #sandwich #vegan #plantbased,2026-02-21T01:51:12Z,4519123,292446,3543,2026-02-25T20:34:36Z,22,People & Blogs,The Plant Slant
5Pm0XuIfx-E,Rumi ketemu boneka jadi jadian 😱 #kpopdemonhunters #rumi,2026-02-17T14:00:11Z,6183411,61458,10,2026-02-25T20:34:36Z,24,Entertainment,Riki Darmawan
FYaB_b2Hm2A,El truco de las esposas de esta chica dejó sin palabras a la policía 🔥 #prank #funny #cops,2026-02-19T21:16:08Z,6590637,177261,319,2026-02-25T20:34:36Z,24,Entertainment,Pablo Pol
VBq-u6bj-D4,Un hombre que fue a cortar leña en la colina  rescató por casualidad a un gatito. #animales #animals,2026-02-18T00:37:25Z,6263872,118608,429,2026-02-25T20:34:36Z,15,Pets & Animals,Apus
4Cua_ErIuFY,Ranking The Best Make a Word Challenge Moments,2026-02-20T13:19:16Z,5063668,52420,244,2026-02-25T20:34:36Z,15,Pets & Animals,Voidem Ranking
Ov_s4ukdC-4,Why Is American Food Built Different (In the Worst Way)?,2026-02-20T23:45:17Z,7199350,308661,16847,2026-02-25T20:34:36Z,26,Howto & Style,OptimalHealth
NXhpDEhOuCI,Nastya is helping her little friend find a super nanny,2026-02-18T08:00:32Z,2967447,3267,0,2026-02-25T20:34:36Z,24,Entertainment,Like Nastya
0xtwybfuS4M,"A ""Star Wars"" Fan Who Died Tackling The UNC Charlotte Shooter Has Been Honored As A Jedi",2026-02-21T19:30:00Z,10499801,138671,1494,2026-02-25T20:34:36Z,22,People & Blogs,GojoSxn
HEuMlEt36x4,Don Frye imitating Sydney Sweeney at a UFC event will never not be funny 😭,2026-02-21T14:12:48Z,5639012,88013,517,2026-02-25T20:34:36Z,22,People & Blogs,POPVEIN
goVekf4Iqco,Гениальный способ идеально выровнять пол без бетона,2026-02-20T04:30:24Z,6158007,33411,1320,2026-02-25T20:34:36Z,28,Science & Technology,ParanormX
_iUO020VIaA,좀 심한 보디빌더,2026-02-17T23:00:43Z,5774391,77161,438,2026-02-25T20:34:36Z,1,Film & Animation,볼것
cSo_I7w0-kY,Genius DIY: Converting An Old Bike Into A Dual-Cylinder Air Motor 🌬️,2026-02-19T17:28:49Z,7300097,15069,148,2026-02-25T20:34:36Z,28,Science & Technology,Peace Working Shorts
5NjWCJXX4wM,A Hellish Treatment Method… It Hurts Before It Heals 😨🏥#movie #shorts,2026-02-20T10:20:34Z,6935634,200844,903,2026-02-25T20:34:36Z,1,Film & Animation,BriannaCole
os-bbISnCPY,"""He wanted a chocolate, but then... 😱🤢""",2026-02-19T15:00:14Z,5221977,0,7,2026-02-25T20:34:36Z,24,Entertainment,FACTLY TANISH
HFcYwqvKs80,A Poor Mom’s Biggest Gift for Her Child 🥺❤️🎁 #aivideo #puppymahel #gugufilms #animahal,2026-02-20T13:00:35Z,5188813,54844,102,2026-02-25T20:34:36Z,22,People & Blogs,GUGU FILMS🎬
TUpKEQ5pqm8,Olvidan A Chico En Prision 😧,2026-02-21T17:00:44Z,5596664,123464,204,2026-02-25T20:34:36Z,24,Entertainment,Dan
MNfJAQ_AV9M,HEART-STOPPING RESCUE: Saving a Puppy from a Medieval Village to a Zoo Gorilla Pit!,2026-02-17T16:24:05Z,4401011,67191,501,2026-02-25T20:34:36Z,22,People & Blogs,GoofBalls
r4pezU-cO-I,狩り中の猫、完全に馬扱いされる。,2026-02-19T05:13:14Z,6493349,101740,909,2026-02-25T20:34:36Z,24,Entertainment,lala time
3Gf-5rlmZcw,one minit me a saree nikal deti hun....  #bollywood #np_edittz #viralshorts,2026-02-18T09:15:01Z,5646785,40425,10,2026-02-25T20:34:36Z,24,Entertainment,np_edittz
HL8WN2L3EmI,Cuci baju di putar sepeda!!,2026-02-17T11:15:02Z,7086827,24309,4,2026-02-25T20:34:36Z,15,Pets & Animals,Yuki Rupat
4aLfMfP0M84,😱 I Saved a Cat From a Medieval Guillotine…🐱,2026-02-18T21:40:34Z,5026783,82267,820,2026-02-25T20:34:36Z,15,Pets & Animals,AnimalsSaver 
RT3lD_TKQO8,a story of princess dress 👗 ~ mini wood toy-woodworking art skill /wood / hand crafts/ #shorts,2026-02-21T02:43:13Z,7289070,0,4,2026-02-25T20:34:36Z,24,Entertainment,gaming mind
n8NQVMS0ylw,Hoy diecinueve de febrero la tierra llegó a la mitad de su vida,2026-02-20T00:40:00Z,4521462,98064,1535,2026-02-25T20:34:36Z,24,Entertainment,Khe! de Ketz
gJCstXcRZwE,"A Motorcycle, A Dream, A Family ❤️🏍️#shorts  #movieclips #film",2026-02-19T12:15:00Z,6634090,206160,469,2026-02-25T20:34:36Z,1,Film & Animation,SoulshareTV
S80d2udNyX0,ジャンケンを実写化した結果がこちら,2026-02-19T09:48:26Z,6635747,104957,406,2026-02-25T20:34:36Z,24,Entertainment,2ch面白すぎワロタw
9t5m33ccUYA,The Uncomfortable Truth About Ozempic,2026-02-17T14:59:14Z,2510737,113731,15228,2026-02-25T20:34:36Z,27,Education,Kurzgesagt – In a Nutshell
zJJ1ADrxTEI,A estratégia de defesa mais inesperada #curioso #bichos #animais,2026-02-19T07:31:30Z,5270481,119115,1530,2026-02-25T20:34:36Z,15,Pets & Animals,ANIMALANDIA
imJglPFlMoU,NI SIQUIERA llegaban a TOCAR el BALÓN 🤠🤣 #shorts #curiosidades #divertido #deporte #risas #futbol,2026-02-21T20:01:01Z,4999063,73606,220,2026-02-25T20:34:36Z,24,Entertainment,AprendeYDivierTT
AoM4ZL9JiH4,He Found a Huge Beehive in His Wall 🐝🧱 #shorts,2026-02-22T02:26:53Z,5316716,48860,155,2026-02-25T20:34:36Z,22,People & Blogs,Infi's Diary
ZOiaEIaHBrQ,A Woman's Life 😢 । Swesufe Love Status । #shorts#song#movie,2026-02-21T03:57:35Z,6567626,0,222,2026-02-25T20:34:36Z,1,Film & Animation,Swesufe Love Status
9huc38TDyIE,FIZ UMA MÚSICA COM EMOJIS?! 🤖🪥,2026-02-20T15:00:15Z,6798662,46153,126,2026-02-25T20:34:36Z,22,People & Blogs,Cacau Haxkar
QRfZdB5K0yo,UMA MÃE DISSE QUE A FILHA NUNCA IA COMPRAR UM SUPER CARRO,2026-02-17T23:00:36Z,5241429,150812,481,2026-02-25T20:34:36Z,24,Entertainment,Weise2
ypVlb5PwkvA,Music Mercedes Built the CLR GTR at $2.5 😅 M only a few lucky drivers experienced #reelschallenge,2026-02-20T07:05:00Z,6549918,0,9,2026-02-25T20:34:36Z,22,People & Blogs,Faheem Ullah
96qzPVYOpyE,Escondí a MrBeast en mi video (y nadie se dio cuenta).,2026-02-22T00:06:42Z,11916161,329785,2580,2026-02-25T20:34:36Z,24,Entertainment,GONZOK
5Fnu3I4IRpI,#movie He's right behind you🔪👻 | The Invisible Man (2020),2026-02-18T11:22:15Z,9616636,83302,612,2026-02-25T20:34:36Z,1,Film & Animation,Bednarski 
17mV5NsZpos,I Hid Real Gold at a Football Stadium,2026-02-18T13:39:16Z,9194991,142979,310,2026-02-25T20:34:36Z,17,Sports,John Nellis
OC9SwMtaqIQ,The First Offer Is Almost Never the Best One 👇,2026-02-17T20:02:51Z,10134092,208263,380,2026-02-25T20:34:36Z,24,Entertainment,mdscae
8myfQaem1zY,Rumi Está En El Hospital!,2026-02-17T20:06:00Z,7759154,288571,754,2026-02-25T20:34:36Z,24,Entertainment,Karla Bustillos
41V19HJSmvU,Choose a pair of sandals 🧦🥰🦶🏻 Leather foot slippers 🥰🦶🏼🧦 #love #viralvideoshorts #trendingshorts,2026-02-17T09:42:36Z,11039024,38834,8,2026-02-25T20:34:36Z,24,Entertainment,BaBa Toys
l-9H3i_ojis,He's gone mad; he's keeping a Burmese python as a pet💀,2026-02-18T17:01:16Z,5554837,194943,1049,2026-02-25T20:34:36Z,22,People & Blogs,Denisio Czelusniaki
TEgQI3x0eMM,This is a painful challenge!,2026-02-21T12:00:44Z,6386713,51170,88,2026-02-25T20:34:36Z,17,Sports,Volleyball Remix
gfOam_0Ttnk,👩🏻‍🎨🖼️ She Melted Skittles to Draw a Cake 🤪🕺🏻🏆,2026-02-20T20:54:41Z,4565142,36447,0,2026-02-25T20:34:36Z,23,Comedy,BorisKateFamily
ylKZcvgdiqE,A regra é clara: ferrou! 🤡 #humor  #casal #trolagem,2026-02-19T22:53:05Z,4903894,62886,604,2026-02-25T20:34:36Z,10,Music,Music Cuts BR
9Ybp4O9EeOc,Always watch the mirrors while driving and be careful using a potty on a highway. #trucking #pickup,2026-02-22T00:37:20Z,9344129,80356,3594,2026-02-25T20:34:36Z,2,Autos & Vehicles,Alan Trucker
EtFsLW2CpeY,A disabled duckling helps his cat friend 🐥apreew #DuckRescue #CuteAnimal #AnimalRescue,2026-02-21T13:00:32Z,4539408,28301,23,2026-02-25T20:34:36Z,27,Education,facts punam
A4rlqqpxhdc,Never in a million years Jeff 😅 #jeffdaniels #sandwich,2026-02-22T03:18:45Z,4446216,170273,5273,2026-02-25T20:34:36Z,22,People & Blogs,The Plant Slant
bhRetAmTCyA,¿Que Barco Moverá a Spiderman? 🕸️🚤,2026-02-22T22:11:22Z,4867711,139178,684,2026-02-25T20:34:36Z,24,Entertainment,Alejo Igoa
Rh4LTMMccMM,"They Broke This Pug’s Pogo Stick, He Still Fed a Hungry Kitten 😭",2026-02-21T23:44:11Z,3883010,48849,524,2026-02-25T20:34:36Z,1,Film & Animation,The GPT Stories
#NAME?,What Happens If You Land On a Cloud‼️😱☁️ #shorts,2026-02-21T22:13:38Z,5862908,89710,264,2026-02-25T20:34:36Z,22,People & Blogs,Sqrion
y9ck6QY-PTM,She Asked the Question Too Fast 👇,2026-02-21T07:02:16Z,6149456,139807,1434,2026-02-25T20:34:36Z,24,Entertainment,mdscae
wZOBW5HZc4k,I MADE A BLUE WATERMELON 😱,2026-02-18T18:31:30Z,5246641,64158,299,2026-02-25T20:34:36Z,20,Gaming,Savage Vlogs
DtJ0fKGCTNU,Nicola Coughlan Would Make Such a Wonderful Mother #bridgerton,2026-02-21T19:49:47Z,6825028,95792,339,2026-02-25T20:34:36Z,22,People & Blogs, The Shady Mic
V09ol13IakU,Mother's Love Give you a Golden Super Car !!,2026-02-22T02:18:55Z,4136655,89282,94,2026-02-25T20:34:36Z,22,People & Blogs,Ahad
KDrAYZl104I,❤️   Red 👀 she's always a VIBE ❤️ Comment ⬇️,2026-02-19T03:02:09Z,5704941,70077,642,2026-02-25T20:34:36Z,22,People & Blogs,Step At Home
r004YL91Nx8,頭空っぽで見れる釣りまとめ,2026-02-18T05:01:02Z,4808419,66379,262,2026-02-25T20:34:36Z,22,People & Blogs,何もなかつた
gaLvpAaVnP0,pov: you are a brainrot (escape tsunami for brainrots) #roblox,2026-02-20T03:00:47Z,4703602,44361,303,2026-02-25T20:34:36Z,20,Gaming,NicoBlox
LjMocl0hBvc,Michael Bennett’s AGT Performance Hits Deep With a Story of Loss and Love,2026-02-18T01:27:29Z,6919159,135474,2101,2026-02-25T20:34:36Z,24,Entertainment,Tears and Talents
3-EgL9gl3QQ,el AMIGO sabía LO QUE IBA a PASAR 🤫🤣 #shorts #fail #divertido #humor #risas #autos,2026-02-22T00:01:10Z,5006244,42104,70,2026-02-25T20:34:36Z,24,Entertainment,AprendeYDivierTT
l6WknPWASBQ,LE AVIENTAN ESTO A LUIS ANGEL EL FLACO #luisangelelflaco #virals #viralvideo #shorts,2026-02-20T20:00:40Z,6273198,37195,191,2026-02-25T20:34:36Z,10,Music,Music News Oficial
u8CeECBN9is,“How Raw Pressery Built a 500 Crore Brand… Then Lost It” #shorts,2026-02-20T10:32:34Z,8046656,0,218,2026-02-25T20:34:36Z,27,Education,Shubham Rajput
VDYWq7oNXXQ,"Introducing the ""VitalWear SmartBand,"" a next-generation wearable gadget🎉🎉 part 374",2026-02-21T12:25:18Z,5912549,0,81,2026-02-25T20:34:36Z,22,People & Blogs,Official Mohit Bhind
lue-0gSSfRc,Fantastic a Goal☠️🚀🔥 #eafc24 #eafifa #shorts #football #trending #funny #edit #viralvideo #viral,2026-02-21T15:00:07Z,5619326,13945,44,2026-02-25T20:34:36Z,17,Sports,MNCR7
okxSW7ctuzU,地面に立てなかった馬が再び走れるまで！,2026-02-20T23:00:52Z,3895321,59698,446,2026-02-25T20:34:36Z,24,Entertainment,ショート劇場
2VV9m_S410I,Extracting the soul from coffee,2026-02-20T18:14:43Z,3862311,220750,4767,2026-02-25T20:34:36Z,28,Science & Technology,NileRed
Y2wX5x8lp-0,Becoming a mermaid is not easy.,2026-02-19T14:25:52Z,7489940,0,136,2026-02-25T20:34:36Z,24,Entertainment,Apna Scenario
seVCCBZ87MM,Young Man Prays for a Wife to Join Him in Salah | Heartfelt Ramadan Moment #islam #prayer #ramadan,2026-02-21T04:53:18Z,8701443,105562,142,2026-02-25T20:34:36Z,24,Entertainment,"Hoor Collection
"
39rygjIpeq8,"Introducing the ""VitalWear SmartBand,"" a next-generation wearable gadget,",2026-02-18T02:04:27Z,5122264,35164,22,2026-02-25T20:34:36Z,22,People & Blogs,Happy Toons
udztNa2l5Rk,Beautiful Reunion with a Cygnet and Its Swan Parents ❤️,2026-02-19T16:01:21Z,4023525,145650,2898,2026-02-25T20:34:36Z,15,Pets & Animals,We Love Animals
txZqy1ikb9k,THIS BEDROOM IS INSANE 😳 3D Basketball Epoxy Floor with a Plot Twist #epoxy #homerenovation #shorts,2026-02-21T01:32:13Z,4451436,20980,37,2026-02-25T20:34:36Z,24,Entertainment,Pure Space Alchemy
qZ_1C4mi9JM,From Simplicity to a Better Life 🥺🤲😇#shorts #adindapuzzle,2026-02-21T08:04:45Z,9953753,133614,452,2026-02-25T20:34:36Z,22,People & Blogs,Adinda puzzle art
SCsLclxfaI8,I Found a Siberian lion Nursing on My dog... 😱🐕‍🦺,2026-02-18T17:42:07Z,4807462,128384,493,2026-02-25T20:34:36Z,15,Pets & Animals,Hashmoo
734twB8TO3Y,¿Cuántos Globos pueden DETENER a RUMI? 🤔,2026-02-19T21:31:16Z,3655233,95217,247,2026-02-25T20:34:36Z,24,Entertainment,Leo Show 
25J98xaR6x8,La Niña Quiere Jugar A Cocinar Con Sus Mascotas 😲🐶,2026-02-20T17:00:07Z,6007009,30033,21,2026-02-25T20:34:36Z,22,People & Blogs,YoSoyCactus
OoA4xLPfpEY,Обидно что вы думаете что я читерю,2026-02-20T13:00:00Z,4242182,132497,767,2026-02-25T20:34:36Z,22,People & Blogs,ПОСЛЕДНЯЯ ИЗВИЛИНА
92BIPdjS8K8,When section C student comes in section A 😂 Part - 1 #shortvideos,2026-02-21T09:59:01Z,6820352,28591,60,2026-02-25T20:34:36Z,22,People & Blogs,Adang Deangel
yNfilTp9Gjg,Jinu is a true hero！🐙🐙🐙#kpopdemonhunters​  #kpop​ #jinu​ #rumi​ #spidermanps5​  #shorts​,2026-02-18T13:17:30Z,4307773,94487,107,2026-02-25T20:34:36Z,22,People & Blogs,irfan bin jakaria 989
gTsoKTq0lhc,QUANDO A MÃE NÃO CONSEGUE PERGUNTAR NOS FILMES,2026-02-19T23:01:01Z,4639337,232837,2297,2026-02-25T20:34:36Z,24,Entertainment,O Victor Magalhães
ALqdC_V-tpw,Simran enters a Crazy World🤪🌍😵‍💫|Simran Makhija| #shorts #school #schoollife #funny #comedy,2026-02-22T00:30:09Z,5264626,65478,85,2026-02-25T20:34:36Z,22,People & Blogs,Simran Makhija
HYAHiGJNphE,Help Herobrine Gain Power and Slash Them With a Sword - Minecraft Animation #shorts,2026-02-19T00:00:30Z,4734209,181159,84,2026-02-25T20:34:36Z,1,Film & Animation,BuddyCreeper
IarPPCbexSo,Hide & Seek: Cleaning a Sheep Pelt the Old Way 🧶🐏,2026-02-21T01:00:17Z,10793699,11726,120,2026-02-25T20:34:36Z,28,Science & Technology,Discovery and Learning
ffVisJIagXM,TIKTOKER CONFIESA ENGAÑAR a sus SEGUIDORES 🙀 BELLA DUEÑAS,2026-02-18T17:50:31Z,3833988,61559,218,2026-02-25T20:34:36Z,24,Entertainment,SnowFlake Freak
Dm0h8_Mcrjc,A quién le salió mejor? ❤️,2026-02-18T16:38:26Z,6559476,28943,56,2026-02-25T20:34:36Z,10,Music,Andrea Gálvez
MysfMAf4ByE,A Father’s Protective Instinct in Action. ❤️🛡️,2026-02-17T17:27:21Z,4691448,0,1048,2026-02-25T20:34:36Z,22,People & Blogs,Earthvision
lc5GVw46ywY,"A Small Town, A Big Dream",2026-02-21T00:15:08Z,11120933,292811,1779,2026-02-25T20:34:36Z,1,Film & Animation,StoryFrame Studios
7e3HLMpiQxE,"Kelihatannya Cuma Tali, Tapi Bisa Mematikan ⁉️",2026-02-20T21:49:00Z,13605694,55546,5,2026-02-25T20:34:36Z,22,People & Blogs,Tentang Semesta
iLJbQtTU4o4,Mount Everest is NOT the Tallest Mountain,2026-02-17T16:09:09Z,4954381,255318,3565,2026-02-25T20:34:36Z,25,News & Politics,Cleo Abram
Kx_IMMEeu8g,Silversmith a ring with me from a vintage plate and spoon!,2026-02-18T00:44:20Z,4592183,126787,293,2026-02-25T20:34:36Z,22,People & Blogs,Euphoria Rings
5x8S8tUmJhs,A Peaceful Act of Pure Devotion #lordshiva,2026-02-19T06:58:12Z,3475305,73260,47,2026-02-25T20:34:36Z,27,Education,Dharm Sagar
ius6Aaw3Gkk,Bro Left His Soul For A Second. #guitar #shorts #meme,2026-02-20T20:30:06Z,4905501,0,749,2026-02-25T20:34:36Z,24,Entertainment,JOB PETER 𝄞
pR0WCee5zdI,A Snow Leopard Chased Him Into My Tent. He Never Left♥️,2026-02-21T02:01:00Z,3848802,51346,777,2026-02-25T20:34:36Z,15,Pets & Animals,Soft Souls
zLVnf_AVMPw,It was supposed to be a secret 😭,2026-02-20T23:14:50Z,4651314,249190,1415,2026-02-25T20:34:36Z,23,Comedy,John Casterline
0eHaPMyygUc,La pelota mágica que siempre vuelve… ¡y hace feliz a todos🤯 #shorts #ytshorts,2026-02-19T21:30:00Z,4830289,0,16,2026-02-25T20:34:36Z,24,Entertainment,Siuu Factory
p_d4rhLQ09I,Agent Couldn’t Believe Emily Got Left Hanging 3 Times In A Row! 😭✌️,2026-02-18T23:19:45Z,5257632,147649,419,2026-02-25T20:34:36Z,22,People & Blogs,Succesful Celebrity
rt4pt0kx0P4,This Teen Survived a Carnival Ride Disaster 😱🎢,2026-02-19T18:01:04Z,3533604,83831,2962,2026-02-25T20:34:36Z,22,People & Blogs,Zone D' Film
7t-4Hca53Xc,Todos queremos un vecino colaborador,2026-02-18T01:00:09Z,4594194,38927,76,2026-02-25T20:34:36Z,22,People & Blogs,Jon Sinache
Y-rXzP9ciAw,This Ribbon Worm Hides a Weapon 🪱,2026-02-19T17:00:48Z,4508551,16306,301,2026-02-25T20:34:36Z,28,Science & Technology,MrScoopz
Sz9ssXVeN9Y,WE ARE CRINGE GUYS😂| A romantic interview with visakh & jayapriya | Vanitha,2026-02-19T10:30:30Z,4104550,76854,130,2026-02-25T20:34:36Z,24,Entertainment,VANITHA
dBF4d9idNfA,I Found a Ocean Epoxy Floor in Illusion 😱🌊 | Survival House step by step #shorts,2026-02-21T09:45:04Z,2994348,56507,36,2026-02-25T20:34:36Z,22,People & Blogs,Fact chat
E5XDvD86HQU,Saat Ayah Menjadi Superhero Air! 😆💧!!#shorts,2026-02-19T17:30:02Z,4154026,0,1968,2026-02-25T20:34:36Z,24,Entertainment,Snow in
PSuwC37uhu4,ELE FEZ TUDO QUE A MÃE DELE PEDIU PRA ELE FAZER EM UM AUDIO SÓ QUE AO CONTRÁRIO 😅,2026-02-20T01:48:39Z,4744060,67526,0,2026-02-25T20:34:36Z,27,Education,Vinicius da Ilha
Mz8gytGwuAY,These Elders Don't Even Have A Chance... #shorts,2026-02-18T21:30:34Z,3604187,36059,2924,2026-02-25T20:34:36Z,22,People & Blogs,Wishness
tsGClZ2aEyI,A High Mountain Has a Higher Mountain #studentlife #lovestory,2026-02-19T12:27:32Z,3868115,64323,79,2026-02-25T20:34:36Z,22,People & Blogs,Ho Sear Class
npjcdUk9EWw,“What a PC chip looks like under a microscope💀” #pcgaming #benchmark #rtx5050 #gtx1080ti,2026-02-20T05:55:21Z,6006496,74929,1238,2026-02-25T20:34:36Z,28,Science & Technology,Hardware Nf
VfoK03Z6vsA,A Worthy End for a Good Person 😢✨  #scaryteacher3d #funny #animation #marvel,2026-02-18T06:41:30Z,4555981,119545,49,2026-02-25T20:34:36Z,24,Entertainment,Good Kid animation 3D
iahWnqljOEQ,This Salesman Uses A Fake Phone Call To Trick His Clients Into The Sale,2026-02-21T19:00:00Z,7572057,293533,792,2026-02-25T20:34:36Z,27,Education,Creating Wealth
kGI3tqbVcqE,A little life update ❤️ on why I’ve been slow to create content #storytime,2026-02-17T15:25:37Z,3622517,117847,592,2026-02-25T20:34:36Z,26,Howto & Style,thefurnituredr by lilly 
Kev1uIbZTGs,Terraformars (2016) | Surrounded by Roach-Men – A Squad Faces Extinction on Mars 🐜🔥,2026-02-20T11:10:11Z,3908335,42575,126,2026-02-25T20:34:36Z,1,Film & Animation,Beenle
OPqnc03F0go,SHE DROPPED HER PURSE OFF A CLIFF 😳⛰️#shorts,2026-02-20T18:50:50Z,4269879,45090,115,2026-02-25T20:34:36Z,22,People & Blogs,BikeLife Connor
LkJ-LJZcgls,💁🏻‍♀️🖼️She Created a Beautiful Beaded Artwork — and Won 🏆🕺🏻,2026-02-19T20:56:39Z,3746161,35177,0,2026-02-25T20:34:36Z,23,Comedy,BorisKateFamily
jzA1wifFGoc,¡PELEA! TRAICIONÓ a ABRAM😱│TODO FUE FALSO,2026-02-19T21:18:01Z,3515090,55073,503,2026-02-25T20:34:36Z,24,Entertainment,ELPOLLOXD
Ldn1FSRKHX4,"This Teen Survived a 3,000 Foot Skydive Disaster 😱🪂",2026-02-20T18:00:19Z,3184119,69669,3534,2026-02-25T20:34:36Z,22,People & Blogs,Zone D' Film
GlzkDyeyRdA,The Character Who Went Through The Most Pain! 😆😆,2026-02-21T19:00:11Z,4943393,95343,12317,2026-02-25T20:34:36Z,22,People & Blogs,BlobbyClips
Z0FqLezman8,Poor man was mocked for having a wooden toy gun #shorts,2026-02-18T13:48:34Z,3629911,31616,0,2026-02-25T20:34:36Z,22,People & Blogs,Payman
hXCcGTeci38,A NAMORADA MAIS GENTIL DO MUNDO? 😳🍰,2026-02-19T20:27:49Z,3844910,65444,740,2026-02-25T20:34:36Z,24,Entertainment,TV VNC - VOCÊ NÃO CRÊ 
gLb0_kho-YI,POV: Feeding a Hawk 🍟  #babyfunny #babyshorts #newborn,2026-02-18T22:00:42Z,4165343,20314,103,2026-02-25T20:34:36Z,24,Entertainment,Baby Noah
sKBzpspW79M,What would happen if you had a Raptor in Ancient Rome?,2026-02-19T14:26:20Z,3809340,102877,832,2026-02-25T20:34:36Z,22,People & Blogs,Fameflick
#NAME?,I Made a Beautiful Rose Bouquet Using Tissue Paper & Mask 😍♻️ #handmaderoses #youtubeshorts,2026-02-19T15:25:59Z,4744568,47783,125,2026-02-25T20:34:36Z,26,Howto & Style,Ruby's Creation
c9xibmisF3M,#movie TRAPPED BEHIND THE INVISIBLE WALL 🌲 A Woman's Terrifying Isolation in The Wall (2012),2026-02-20T12:32:11Z,3561160,30935,252,2026-02-25T20:34:36Z,1,Film & Animation,Bednarski 
80gZzWVAxOA,He Escaped a Maximum Security Prison With 3 Months Left… Just to See Her | White Collar S1#movie,2026-02-18T11:27:37Z,3958668,136013,325,2026-02-25T20:34:36Z,24,Entertainment,Movie Recap HQ
7a17BLQ5aHw,National Security (2003) | Earl Panics Over a Wasp,2026-02-20T11:41:56Z,3785355,111221,492,2026-02-25T20:34:36Z,1,Film & Animation,Chloer
3I6X4Aizr4I,El momento en que Barnaby volvió a confiar ❤️🐶,2026-02-19T19:30:01Z,9506206,88248,952,2026-02-25T20:34:36Z,24,Entertainment,Storiee Of Hope
S1248Y0oLuI,WHEN A SUPERPOWER BECAME A JOKE,2026-02-18T17:59:30Z,7805902,24902,519,2026-02-25T20:34:36Z,24,Entertainment,The Uncle Sheriff
t07wqEm5mR8,Satisfying Woodturning: Making a Dhol Drum from a Log,2026-02-17T15:30:39Z,4916806,35514,86,2026-02-25T20:34:36Z,2,Autos & Vehicles,Green Men Making
fmugJYkAXjg,Cereal with water is not that bad.. 🥸 #diy #baking making a green clover cookie pizza,2026-02-21T18:00:42Z,3272649,143319,2231,2026-02-25T20:34:36Z,22,People & Blogs,Serena Neel
uocrN3RAb5I,A Dangerous Prank 😂#funny #memes #cat #trending,2026-02-19T18:48:41Z,7112224,93725,171,2026-02-25T20:34:36Z,24,Entertainment,Rio Catblast
MhrA_hIwtj8,Haste Will Come At A Price [SUNNY KIND] #sunnykind #kindness #lifelessons #karma #justice,2026-02-19T15:00:40Z,5394745,20868,38,2026-02-25T20:34:36Z,27,Education,SUNNY KIND
AW7Ax2sgvjs,They dance like a machine👽🔥#Blackpink#jennie #Lisa#Blink#ASHHBLINK#Shorts#kpop,2026-02-18T13:01:08Z,3902826,68525,291,2026-02-25T20:34:36Z,22,People & Blogs,ASHH BLINK
GJY_p9EhIGY,Momen Terakhir yang Tanpa Sadar di Rekam YouTuber,2026-02-20T06:00:22Z,4216402,0,125,2026-02-25T20:34:36Z,28,Science & Technology,DurbanFLY
jNU1VLi8VDg,El único pan que no quería ser elegido 🍞😨 #youtubeshorts,2026-02-20T01:35:26Z,3471464,79601,159,2026-02-25T20:34:36Z,24,Entertainment,Benji Curioso
W_CM50wIgFU,Living inside a square for 24 Ghanta Bengali mini blog #shorts #24challenge ￼,2026-02-20T02:15:05Z,4149712,35829,162,2026-02-25T20:34:36Z,22,People & Blogs,BabonVlogs
#NAME?,Leg dich NICHT mit einem LABRADOR an 😳,2026-02-17T15:16:22Z,4179216,28849,107,2026-02-25T20:34:36Z,23,Comedy,Fabi und Sam
bRW8A3-ohYo,ALGUIEN DEMOSTRÓ a las CHICAS que ERA MAS RÁPIDO que CAYLUS en Escapar del TSUNAMI! 💀☠️,2026-02-21T00:32:56Z,3220036,0,1024,2026-02-25T20:34:36Z,20,Gaming,SANTYPRO
9FQVttf9NFo,Building a Secret MAN CAVE,2026-02-18T16:57:00Z,21458302,221597,847,2026-02-25T20:34:36Z,26,Howto & Style,Not Your Basic Builds
433UAhFKtuc,I Built a Secret Jungle Bunker for my CAT 🐈,2026-02-19T16:30:01Z,19855893,101194,103,2026-02-25T20:34:36Z,26,Howto & Style,Not Your Basic Builds
7p0WsmajFyI,Built a Stunning Dream Mosque with Miftah AI Vision ✨🕌 #shorts #viral #aiart #youtubeshorts,2026-02-20T04:29:01Z,18108558,136123,220,2026-02-25T20:34:36Z,22,People & Blogs,Daniel
C5XAmjQSS1M,MY DOG SAVED ANOTHER DOG IN A TSUNAMI 😳🌊,2026-02-21T00:53:15Z,13236447,224975,1625,2026-02-25T20:34:36Z,22,People & Blogs,WildFrame
sx5TfTa97pw,Los Perros Se Enfrentaron Al Desafío De Natación 😱,2026-02-21T23:00:58Z,12519505,224103,611,2026-02-25T20:34:36Z,24,Entertainment,El Chico Estrella 🌟
S3oNZ4AT1sI,When Your Living Room Has a Crocodile Pond 😱 #satisfying #design #shorts,2026-02-19T19:00:22Z,10119188,57241,68,2026-02-25T20:34:36Z,22,People & Blogs,DEEP DESIGN
2FBpwJ5--i8,😱!My dog ran into a Sandstorm Alone to Save my Cat!🐕,2026-02-19T19:07:13Z,9220911,176929,1936,2026-02-25T20:34:36Z,15,Pets & Animals,AnimalsSaver 
3t9FOhr01Yc,"""The light hiding a big secret... 😱🚨""",2026-02-20T11:52:45Z,9525676,0,6,2026-02-25T20:34:36Z,22,People & Blogs,Oh So Fact
Ax8PrqMBFN0,Qué Le Pasó a Este Tigrito? 😰🐅,2026-02-21T21:00:00Z,7203746,210783,420,2026-02-25T20:34:36Z,15,Pets & Animals,BeluHistorias
synzqfZVJyc,The Glass Bridge Broke… Or Was It All Just a Prank?! 😱🔥,2026-02-20T12:45:38Z,11170293,40040,9,2026-02-25T20:34:36Z,24,Entertainment,BuzzFun Clips
RSyA4IJKlS0,Esta Madre Protegió A Sus Hijos Con Su Vida 😯❤️,2026-02-19T01:45:04Z,7248196,197320,655,2026-02-25T20:34:36Z,24,Entertainment,El Chico Estrella 🌟
L-i62zjI3Qc,Love by a Spell… Or Love Itself? 😳❤️ #linhchihihi #messyclassroom #schoolcrush #schooldrama,2026-02-22T10:00:27Z,11041518,263649,331,2026-02-25T20:34:36Z,22,People & Blogs,Linh Chi
ySXaLoXOYXw,BELI PUTRI DUYUNG BESAR? | NURRAYNI25,2026-02-23T03:01:03Z,7607328,79607,283,2026-02-25T20:34:36Z,24,Entertainment,nurrayni25
jEow8BxL_sA,This Man FOUND a Rare Lobster 🦞♥️,2026-02-19T01:13:19Z,6491848,99836,427,2026-02-25T20:34:36Z,24,Entertainment,GJShortz
pHNLn9tnRTs,🐶💥 ¡Rottweiler destruye su coche para salvar a su dueña de una serpiente venenosa! 🐍❤️ #animals,2026-02-18T17:01:28Z,6287290,199956,1874,2026-02-25T20:34:36Z,22,People & Blogs,trendinganimals🥳
pvzLDbMXX0U,A Cow & Her Calf Were Crying… Then a Giant Parrot Did the Impossible 😢✨#ai #cow #totalaivideob007,2026-02-20T04:14:07Z,5804398,134668,357,2026-02-25T20:34:36Z,22,People & Blogs,TotalAiVideoB007
t3YtAUcJtJg,Go swimming in a pool full of giant spiny fish #funny #funnyvideo #monster #swimmingpool #shorts,2026-02-20T14:31:23Z,7249310,20403,58,2026-02-25T20:34:36Z,24,Entertainment,Meme Pets
0HmTh8jpQdI,I Found a Giant Pumpkin Turning Into Cat Luxury House 😻🎃🏠 | Survival House Step by Step”86 #shorts,2026-02-22T10:00:07Z,6723668,0,13,2026-02-25T20:34:36Z,22,People & Blogs,OX FACT BABU
HNYh5FKYPGo,ஆம்லெட் ஆக வேண்டிய முட்டை! ஆபரேஷன் செய்து உயிர் கொடுத்த பாசம்! | Hatching a Broken Duck Egg,2026-02-19T14:45:02Z,7110774,159328,109,2026-02-25T20:34:36Z,24,Entertainment,Prabhu Lingam
7MJM8NKIC6E,An elegant entremet (modern mousse cake),2026-02-21T02:05:53Z,5843847,341730,1203,2026-02-25T20:34:36Z,24,Entertainment,Jess Wang Pastry
oRGDNf5oaFk,Epstein Crony Andrew Faces Consequences | Trump's A-List Peace Board | Did Obama Leak Alien Intel?,2026-02-20T04:50:00Z,3104249,96852,6023,2026-02-25T20:34:36Z,24,Entertainment,The Late Show with Stephen Colbert
9IPHpIHHsFY,"how to draw letter ""A"" Which one is your level?",2026-02-19T11:14:17Z,9781640,125498,586,2026-02-25T20:34:36Z,27,Education,condsty
KmTeF66iRb4,Which animal cause the most damage #shorts,2026-02-20T18:11:23Z,5626676,79044,648,2026-02-25T20:34:36Z,22,People & Blogs,VITMI
e_Qg59Uz4EI,12m subs complicated Mercedes Built the CLR GTR at $2.5 😅only a fexperienced power#reelschallenge,2026-02-20T01:02:00Z,9344306,0,1,2026-02-25T20:34:36Z,22,People & Blogs,CHHOTU KI MASTii
RDbmqTIeTZ4,Шкаф с двойным дном 😏,2026-02-21T20:14:00Z,7721826,82563,923,2026-02-25T20:34:36Z,22,People & Blogs,FilmBytes
XUQ6J2vRANQ,नोटों की गड्डी का राज#shorts,2026-02-21T15:40:00Z,7372581,62243,51,2026-02-25T20:34:36Z,24,Entertainment,"BrainWave AI
"
Df1OSbQ4248,😳🚔 rappers with the most mugshots,2026-02-20T05:16:48Z,6366878,119911,2336,2026-02-25T20:34:36Z,10,Music,Music Media
JXXP5BNfJ8w,The Penguin That Actually Loves Going to the Vet,2026-02-21T21:41:45Z,7470776,191812,1819,2026-02-25T20:34:36Z,24,Entertainment,Bob the Bear
I5o0Fz1vU7I,Jutta Leerdam won the Olympic gold medal and set a new record once again.#jakepaul #skating,2026-02-19T17:39:25Z,5018854,60296,643,2026-02-25T20:34:36Z,22,People & Blogs,Nicol Ferdinand
58-cGGqTPRY,GUESS BUS AND CAR EATERS BEHIND THE DOOR LIMINAL HOTEL Garry's Mod,2026-02-20T03:02:16Z,6398823,26993,14,2026-02-25T20:34:36Z,20,Gaming,ZOOWAKE - Games
LazaBSByyDM,Bro's Mom is the real Villain! 🤣 #youtubeshorts #shorts #batman #superman #dccomics,2026-02-23T01:11:00Z,8151408,248390,1135,2026-02-25T20:34:36Z,24,Entertainment,Dreaming Monkey 
wgS2RZbX3vY,Steak gave him best surprise ever A Rainbow dragon....❤😊!!#stealabrainrot#roblox#shortsfeed,2026-02-19T14:49:07Z,4447631,0,425,2026-02-25T20:34:36Z,22,People & Blogs,Primebloxe
NyHCXRPnFEI,Car Eater Wants To Help The Meal ? #shorts,2026-02-20T04:09:00Z,5819361,25390,15,2026-02-25T20:34:36Z,20,Gaming,ZOOWAKE - Games
cFYND4gMrWg,Mokel di Rumah Kosong Dipergoki Ustad… Eh Ternyata Ustadnya Ikut Mokel 😭🤣 #ramadanwithyoutube,2026-02-20T04:50:18Z,4953490,48444,110,2026-02-25T20:34:36Z,24,Entertainment,Efunk Pecihat
Kn4oXHBnp54,When You Can't Explain A Bruise,2026-02-20T13:00:39Z,5264116,126500,333,2026-02-25T20:34:36Z,24,Entertainment,Lyanna Kea
8-6oZykcQaw,Asking For An Eggless Omelette Has To Be The Most Absurd Way To Ask For An Egg White Omelette 🍳🥚,2026-02-21T18:15:00Z,9703004,274569,1468,2026-02-25T20:34:36Z,22,People & Blogs,ViralSanity
Vzi-Rzy4e98,Ready for a marathon? Intelligent Marathon Mode keeps every step on track. #HuaweiLaunch,2026-02-19T08:00:02Z,3098816,72,4,2026-02-25T20:34:36Z,28,Science & Technology,Huawei Mobile
z7XnKb8RJek,A disabled duckling helps his cat friend 🐥 #DuckRescue #CuteAnimal #AnimalRescue #joker #shortvideo,2026-02-18T05:20:31Z,4215230,28119,4,2026-02-25T20:34:36Z,20,Gaming,ARJUN_FACTS
RYzz3G0sP7E,The Old Man Helped the Poor People's So a Cruel Man Burned His Boat #shorts #ai #craft #humanity,2026-02-21T13:08:11Z,5613676,0,73,2026-02-25T20:34:36Z,27,Education,আলোর ডাক
oHyP1-KtsyQ,When you cough a little in front of your mom😂😮‍💨,2026-02-20T10:01:16Z,6388157,24619,47,2026-02-25T20:34:36Z,22,People & Blogs,Karina 
ipiAoiotvYI,How to say chocolate and vegetable? sound more like a native speaker  #englishpronunciation,2026-02-18T12:01:15Z,4889619,30560,350,2026-02-25T20:34:36Z,27,Education,English with Steve Ford
bY1EJZhsIUI,He Found Over 7 Million Dollars In A Storage Unit 😱,2026-02-19T18:31:00Z,4123316,271139,2155,2026-02-25T20:34:36Z,19,Travel & Events,Zack D. Films
kU8ER-zfs7A,The naughty boy took the umbrella 😳,2026-02-20T10:00:00Z,4421905,31111,22,2026-02-25T20:34:36Z,24,Entertainment,Shihab's dream
M0c-Gs34n-M,Le pegué un chicle en el cabello a miranda😭😱😰😪,2026-02-19T21:43:22Z,3626972,216458,4891,2026-02-25T20:34:36Z,20,Gaming,Diosdado Juarez
zyijgiK7NeE,A Story Of Rabbit Groundnut🐇😱~ mini wood toy-woodworking art skill /wood / hand crafts/ #shorts,2026-02-21T07:30:37Z,4353781,0,0,2026-02-25T20:34:36Z,22,People & Blogs,Hyper Genix
OOVOOpC1GKE,REACT MoriMura - QUANDO A CASA TÁ SUJA E VC VAI DEITAR NA SUA CAMA 😹,2026-02-20T14:00:41Z,4630179,47199,209,2026-02-25T20:34:36Z,22,People & Blogs,Kaizen Andrade
vgtmGE2l7z4,Encostei em um inscrito da gringa,2026-02-21T23:34:24Z,5777746,242732,6432,2026-02-25T20:34:36Z,24,Entertainment,Ronazim
RonepZHsPnI,Vụ va chạm sặc mùi thuốc súng | Rì Còn Viu #riconviu,2026-02-19T12:01:42Z,4351280,57463,435,2026-02-25T20:34:36Z,22,People & Blogs,Rì Còn Viu
gFx2AHv4rtY,Why This Dog Walks Like He’s on a Secret Mission,2026-02-22T15:30:20Z,5587968,40237,541,2026-02-25T20:34:36Z,24,Entertainment,Disaster Strucks
Mqc2RFrObzw,Can a Goalkeeper Save With Every Body Part?🍑,2026-02-21T18:05:56Z,4425767,57940,71,2026-02-25T20:34:36Z,17,Sports,J_Tekkz
kfOrPy2V5fk,The ONLY BOY In A ODER POOL PARTY,2026-02-20T11:01:17Z,1864976,17724,665,2026-02-25T20:34:36Z,20,Gaming,Zoomy
xTc7MqP552g,"Matan a Nemesio Oseguera Cervantes, alias ‘El Mencho’, en un operativo en México",2026-02-22T19:32:13Z,1643141,10891,1206,2026-02-25T20:34:36Z,25,News & Politics,Noticias Telemundo
cMwKc4uhEc8,Help the girl,2026-02-20T15:00:00Z,10095774,48296,13,2026-02-25T20:34:36Z,24,Entertainment,Mert Boo
ipCsigAEibg,When You Block The Tusnami To Steal Brainrots In Escape Tusnami For Brainrots,2026-02-21T20:30:08Z,9043547,66444,154,2026-02-25T20:34:36Z,1,Film & Animation,Agbaps Shorts
Ux0KQblBi3g,DON'T Hit The Real Rumi 💥,2026-02-20T17:30:56Z,7488337,199814,442,2026-02-25T20:34:36Z,22,People & Blogs,NichLmao
rNNfpbQ748w,How The Poo-lock Works 🤔,2026-02-22T18:31:14Z,7237230,202589,4760,2026-02-25T20:34:36Z,19,Travel & Events,Zack D. Films
aVhxWcyxRx8,Jumping into the final ❄️🇨🇳 #MilanFigureSkating,2026-02-19T16:27:20Z,17220107,97183,427,2026-02-25T20:34:36Z,17,Sports,Olympics
rH9W7inTwuQ,GUESS MORE CAR EATER BEHIND THE DOOR LIMINAL HOTEL Garry's Mod,2026-02-22T02:09:40Z,8100041,35147,12,2026-02-25T20:34:36Z,20,Gaming,ZOOWAKE - Games
NykhRSSaR7I,Si te queda la zapatilla te conviertes en una princesa,2026-02-19T22:37:31Z,5874579,75139,0,2026-02-25T20:34:36Z,22,People & Blogs,JOSUE & ORIANA
nWQf52VgXnk,My best friend The Otter! #shorts #short #fyp #otter #pets #wildlife ￼,2026-02-18T15:03:45Z,6278815,144165,2119,2026-02-25T20:34:36Z,24,Entertainment,Chandler's Wild Life
N1LXcP50HYs,The most tiring part is cleaning up after every failed take 🫠#cartransition #djiosmo360,2026-02-19T03:53:34Z,5503203,33395,172,2026-02-25T20:34:36Z,22,People & Blogs,Gigi Cheoh
7-ZvHxWEUTM,Little dog worked hard to become a guide dog,2026-02-18T02:34:04Z,5181168,0,44,2026-02-25T20:34:36Z,1,Film & Animation,Black Man
nKWJXzj9FvE,Mercedes Built the CLR GTR at $2.5 🏡 M only a few lucky drivers experienced power 😅🍓#reelschallenge,2026-02-19T01:00:58Z,5624102,152321,2144,2026-02-25T20:34:36Z,24,Entertainment,Gaffarpur vale
J5AyNKJH7Zw,El día que un estudiante superó al director,2026-02-21T16:02:50Z,4921316,87945,334,2026-02-25T20:34:36Z,24,Entertainment,Hechos No Contados
uO8RexR_Cko,It was stuck there for a reason 😂 #shorts,2026-02-19T13:52:10Z,4728357,26851,50,2026-02-25T20:34:36Z,22,People & Blogs,Ella’s Voice
sbY31kxvye4,Ranking the BEST Peekaboo Hair Trend Part 2 👀 (new),2026-02-22T13:59:14Z,3420864,97814,402,2026-02-25T20:34:36Z,22,People & Blogs,KrunchyEgg
npXL2vTqKko,Jungle Cave Survival Before the Stormy Night 🌩️ ASMR Build #asmr #cave,2026-02-21T21:48:49Z,4769279,32867,117,2026-02-25T20:34:36Z,26,Howto & Style,Royal Home Transformations
7bozsuE_U6k,DEIXEI A LILY NO VÁCUO ATÉ ELA SURTAR 😳 #poppyplaytimecapítulo5,2026-02-21T15:00:12Z,5330505,133647,1537,2026-02-25T20:34:36Z,20,Gaming,Mestre Bananão
K6GWQGu9qPs,The Ultimate Sniper Decoy Trap!,2026-02-21T16:57:25Z,10973992,167122,211,2026-02-25T20:34:36Z,1,Film & Animation,Kisah Sinema
eAlWjzdXH18,"The bird's nest is finished🏠, but it built a nest next to my house🐦💔🪺",2026-02-18T02:53:26Z,3963874,49819,252,2026-02-25T20:34:36Z,1,Film & Animation,KindHeroes
HYt8AGeotwI,Salish Gifts Her Dad a Car,2026-02-21T21:14:07Z,4486828,76152,739,2026-02-25T20:34:36Z,22,People & Blogs,Maximus Editorious
VMSrsLoNWXQ,Successfully removed a Hijab Pin  from an 18 year old’s stomach via Endoscopy,2026-02-21T11:41:27Z,3668629,105111,937,2026-02-25T20:34:36Z,22,People & Blogs,Dr Nazrul Surgeon
0ts8cDAj9Co,Not Just a Diamond… Look Closer! 💎👀  #cute #funny #kpopfunny #kpop #action,2026-02-21T12:00:56Z,3010177,86616,169,2026-02-25T20:34:36Z,1,Film & Animation,EsMeow_Shorts
p1esD9n9WkA,POV Everyday you have to spend a certain amount of words…#funny #pov #viral #storytime,2026-02-20T14:25:02Z,3812174,36335,122,2026-02-25T20:34:36Z,22,People & Blogs,shaker saeed
k8TMh6yVDdE,How A Royal Meeting Ended In A Poop Disaster 🤢,2026-02-21T18:31:05Z,3911590,251359,4723,2026-02-25T20:34:36Z,19,Travel & Events,Zack D. Films
yDTaTcvv4oY,The Tiniest Apartment Turned Into A Fully Functional Home,2026-02-19T11:55:01Z,4225184,100794,1134,2026-02-25T20:34:36Z,22,People & Blogs,Home Graphix
5ss5kgMQyDM,Buah 1 kebon pun ga buat lambung penuh 🥺,2026-02-20T15:27:59Z,3539967,43424,970,2026-02-25T20:34:36Z,22,People & Blogs,Aldo Wijaya
55sx44sACXc,Revealing What's Inside The Famous House 🏠,2026-02-22T00:22:28Z,4489801,73769,367,2026-02-25T20:34:36Z,24,Entertainment,ItsFrankyBoi
V48w6QfEVXw,POV Surviving in a Treehouse During a Snowstorm - #survival #satisfying,2026-02-20T23:30:21Z,3884321,46011,160,2026-02-25T20:34:36Z,22,People & Blogs,Mythic Shelter
zWRnQz-i94k,The Wait: Hatching Chicks in a Temperature-Controlled Incubator 🐣🔆,2026-02-21T18:15:14Z,6289999,9576,32,2026-02-25T20:34:36Z,28,Science & Technology,Discovery and Learning
bPpuTPZHhSU,You got a wife ❤️🤣. #funny #couple #trendingreels #trendingsong #trendingnow #trendingshorts,2026-02-19T01:47:12Z,3862207,35351,115,2026-02-25T20:34:36Z,23,Comedy,Lado
nCOU5lk5AHE,Planting Flavor: Hand-Setting Garlic Shoots in the Field 🧑🌾🌿,2026-02-22T03:01:01Z,6402394,5275,7,2026-02-25T20:34:36Z,28,Science & Technology,Discovery and Learning
X7MLV0pu4_U,We Forgot Someone at The Hotel… But Didn’t Notice!,2026-02-19T18:27:42Z,4245439,36447,114,2026-02-25T20:34:36Z,24,Entertainment,Karma Kings
Q_iK3Fv-owQ,A todos lados quiere ir conmigo 😂🤣 #shorts #video #youtubeshorts #comedy,2026-02-20T23:39:03Z,5744008,19412,0,2026-02-25T20:34:36Z,24,Entertainment,Soy Marie Oficial 
PfmCLVm9fEw,The Moment These Two Words Are Heard… Everything Changes 😳,2026-02-20T13:15:07Z,3951367,127624,463,2026-02-25T20:34:36Z,22,People & Blogs,WowFacts 
P_r7QcDKxwQ,QUE PASARÍA SI DESPEDIMOS A LARRY? 💀💥👀 #shorts #parati  #sabiasque,2026-02-22T11:15:50Z,2383323,82665,483,2026-02-25T20:34:36Z,24,Entertainment,dexit
PGZA9e71s60,Poppy Playtime Capítulo 5 DECEPCIONÓ a TODOS😔🥀,2026-02-19T23:24:56Z,2736509,156887,5321,2026-02-25T20:34:36Z,20,Gaming,Soy Thalas
PutkuotHiMY,Why North Korea's Basketball Rules Would Break the NBA 🏀⚡️,2026-02-21T04:10:00Z,5725398,56660,1114,2026-02-25T20:34:36Z,22,People & Blogs,History Exposed Shorts 
74ujhypV48o,LOS NOMBRES MÁS RAROS QUE PADRES LES PUSIERON A SUS HIJOS,2026-02-23T01:34:19Z,3537176,39579,587,2026-02-25T20:34:36Z,24,Entertainment,eliaaaaaaaaaaas
BKffgQK21q8,"this is the deep dark, which is a deep dark 😂😂😂😂😂😂😂😂😂😂😂😂😂😂😂😂😂😂😂😂😂😂😂😂😂😂😂😂😂😂😂😂😂😂😂😂😂😂😂😂😂😂😂😂😂😂😂😂😂😂😂😂😂😂😂😂",2026-02-20T16:00:00Z,3587439,150859,1868,2026-02-25T20:34:36Z,24,Entertainment,camman18
FsM92HO_KtY,How People With Different IQ Avoid A Speeding Ticket,2026-02-19T20:30:02Z,4028383,58458,102,2026-02-25T20:34:36Z,1,Film & Animation,Agbaps Shorts
fnttZIDRp5I,"5,000 Spheres Under the Ice in Antarctica",2026-02-20T15:55:13Z,3026498,130391,1532,2026-02-25T20:34:36Z,25,News & Politics,Cleo Abram
91RrTfkDxmw,EuroTrip (2004) | Train seat panic with the Italian guy 😂🚆,2026-02-20T09:10:34Z,3890588,46949,1316,2026-02-25T20:34:36Z,24,Entertainment,FlickTales7
JVzy1adDCNA,A MÃE VINGATIVA,2026-02-20T21:00:19Z,4084133,48300,90,2026-02-25T20:34:36Z,24,Entertainment,Irmãos Lemos
qX3IwcuxQl8,I Found a Big Pumpkin in Luxury House 😱🎃🏠 | Survival House Step by Step”63 #shorts​,2026-02-21T05:00:45Z,3521871,0,4,2026-02-25T20:34:36Z,24,Entertainment,Tm Facto World
9noRBYPuySI,FREE BRAINROT IN ESCAPE A TSUNAMI FOR BRAINROTS?? Pt.4 😳 #huydutroblox #tsunamibrainrot #roblox,2026-02-20T10:12:27Z,2588462,58853,2130,2026-02-25T20:34:36Z,20,Gaming,sc7ry.
UGtQCbSRh9E,CEWEK INI NEMU BATU EMAS! RAHASIANYA BIKIN SYOK!,2026-02-21T05:08:04Z,3103931,33867,54,2026-02-25T20:34:36Z,22,People & Blogs,dani tube
QCbnrXC0EdQ,El ORIGEN de HUGO 🥀☠️ #mrrelevante #videojuegos,2026-02-20T15:00:46Z,3613293,84524,712,2026-02-25T20:34:36Z,20,Gaming,Soy RELEVANTE
x3mAvSvOLpM,This time the father won a lot 🤣🤣 #funny #comedy #shorts,2026-02-19T00:11:37Z,6619423,34986,83,2026-02-25T20:34:36Z,23,Comedy,Cah ndeso46
XADo5k5fCig,She became a mummy after failing to answer 😱😭 #blackpink #jennie #lisa #rosé #jisoo #shorts #kpop,2026-02-22T05:16:45Z,4910760,29884,757,2026-02-25T20:34:36Z,24,Entertainment,sseunjx
rcbTSJlT06c,DIY Brick Wall Hack Using a Sponge | Easy Home Makeover #facts #shots,2026-02-18T05:50:04Z,9828934,0,107,2026-02-25T20:34:36Z,22,People & Blogs,Facto Find
ROpD5G4yoeQ,How A Rat Bounty Made The Plague Worse 😨,2026-02-18T13:30:34Z,10495000,562544,4602,2026-02-25T20:34:36Z,19,Travel & Events,Zack D. Films
uYBHcSXt6-A,Be a reason for someone’s smile 🙏😊                  #humanity #shorts #shortsvideo,2026-02-20T16:47:33Z,14693915,410979,4026,2026-02-25T20:34:36Z,22,People & Blogs,Deepak Swami
oRyNOY_aVNU,Crafted a beautiful ❤️ Mini Mosque with Miftah AI Vision ✨🕌 #shorts #trending #aiart #youtubeshorts,2026-02-21T16:48:15Z,9677165,84788,246,2026-02-25T20:34:36Z,22,People & Blogs,Daniel
lQ7xDGtrF88,"Introducing the ""VitaWear SmartBand,"" a next-generation wearablegadget#shortsfeed#trending",2026-02-20T03:13:33Z,7057100,0,199,2026-02-25T20:34:36Z,22,People & Blogs,Viral S2K
iS7VK6-udNY,Salute Indian Army😭🙏 | Mere Desh Ke Veer Jawan Ke Zindagi😭🙏 | #youtubeshorts #indianarmy #armystatus,2026-02-20T02:50:00Z,3901998,23175,7,2026-02-25T20:34:36Z,24,Entertainment,Muskan Indian Army
dxRobE48CJ4,Dad Built a Brick Bear to Catch Thieves! 🧱🐻😱#shortsfeed,2026-02-20T06:28:12Z,3973224,0,2,2026-02-25T20:34:36Z,24,Entertainment,Nadeem K Fact
mUyPKQh2sHM,Stripping the Green: The Machine That Combs a Log Clean of Limbs,2026-02-21T07:54:19Z,5185611,5897,9,2026-02-25T20:34:36Z,22,People & Blogs,The Rustic Pantry
MnPzLt78pSA,Creating a Garden Under a Tree,2026-02-21T12:35:01Z,5757179,36672,290,2026-02-25T20:34:36Z,22,People & Blogs,Home FlowerX
buBwUrL-UE4,Why 50 Cent Thinks the Grammys are a JOKE 😱 #Shorts,2026-02-19T02:27:44Z,6586932,41543,2232,2026-02-25T20:34:36Z,24,Entertainment,Heartfelt Chronicles
8U9M-B2rH_k,❤️ QUEM FEZ A MELHOR TREND DE CASAL? ❤️ #shortsviral #drburguerquiz,2026-02-19T13:00:16Z,4811754,37565,2069,2026-02-25T20:34:36Z,24,Entertainment,DrBurguerQuiz
gOrvAFrRhIA,Mi papa se convierte en Therian,2026-02-20T18:30:07Z,3306093,121360,1884,2026-02-25T20:34:36Z,27,Education,Mujerdebuenapasta
Tbz35Mc8pzE,Not making History but Creating a Better Future.. | Raj Shamani #Shorts #inspiration,2026-02-20T12:20:00Z,3329728,123005,894,2026-02-25T20:34:36Z,22,People & Blogs,Raj Shamani
rV25sba6xl0,And we will see the quad god a final time at Milano Cortina 2026 🌟⛸️ #MilanFigureSkating,2026-02-20T19:05:56Z,9614150,47802,229,2026-02-25T20:34:36Z,17,Sports,Olympics
smScQC5uezo,"Do This Daily for a Perfect Jawline, Neck & Posture ✨️ | Black Friday Glow Up#glowup #blackfridayDo",2026-02-19T13:58:41Z,5726496,25447,151,2026-02-25T20:34:36Z,22,People & Blogs,glowflexher 
4pAtMQZYWMs,A cena que os policias acharam parecia Cena de Filme de terror!,2026-02-20T07:15:00Z,2916897,200515,1286,2026-02-25T20:34:36Z,20,Gaming,Sev7n Games OFICIAL
hMGK9sAV8Xw,“Can we make a picture” 🇩🇪🎨,2026-02-20T16:28:14Z,3537265,250569,1472,2026-02-25T20:34:36Z,23,Comedy,liamcarps
vckKzbqiwaE,How to not wash your hair for a long time #parody #relatable #hair #haircare #culture #hairstyle,2026-02-19T20:00:00Z,3112713,129338,1153,2026-02-25T20:34:36Z,22,People & Blogs,Hannasaur
27HWcNHr-mY,"After mixing the golden mask in the clay, I got a light mask. #shorts #viral #tranding #video",2026-02-20T14:05:00Z,3374950,0,7,2026-02-25T20:34:36Z,24,Entertainment,Mirotha Ke Vlog
KPg2QKoUo8I,The EX. How we got Married? | Based on a True Story #shorts #shortsfeed #wedding #marraige #comedy,2026-02-19T15:32:03Z,3026316,50661,141,2026-02-25T20:34:36Z,23,Comedy,Mrandmrsmoorthy
Mo-QmF16AlE,ABUELA QUE IBA A QUEBRAR A LOS MILLONARIOS! 🤑🤯#shorts #curiosidades,2026-02-19T22:27:20Z,3268871,127573,133,2026-02-25T20:34:36Z,24,Entertainment,BlancoMC
8uQb9r9rmzo,😱 A Promoção Que Deu Errado! #curiosidades,2026-02-18T22:01:43Z,3481636,74430,128,2026-02-25T20:34:36Z,24,Entertainment,Guilherme Sandmann
Hpt6iacMFtE,Finally being a Murderer 😈 #roblox #murdermystery2 #robloxshorts,2026-02-20T10:30:07Z,4901915,64295,922,2026-02-25T20:34:36Z,22,People & Blogs,Suri
gz0qujxOwng,He Lied To Get In The NFL…😱🏈,2026-02-20T06:31:34Z,3504444,59092,241,2026-02-25T20:34:36Z,22,People & Blogs,BoltMotivation
rOo9guKuTv0,Making RATATOUILLE from the MOVIE?!,2026-02-21T18:36:38Z,3736947,114559,552,2026-02-25T20:34:36Z,24,Entertainment,Little Remy Food 🐭🍝
#NAME?,Un círculo perfecto en 30 segundos… ¡o estás despedido! 😳,2026-02-20T12:36:32Z,3425573,50416,162,2026-02-25T20:34:36Z,24,Entertainment,Hechos No Contados
c1y3XWNaVrk,“I have half a million dollars for you” 🥹❤️,2026-02-22T22:15:29Z,3461488,205803,10733,2026-02-25T20:34:36Z,24,Entertainment,Jimmy Darts
Vqa2i6-YkYA,Checa las caídas de nivel con una lata de refresco,2026-02-21T02:21:31Z,3866557,49652,428,2026-02-25T20:34:36Z,27,Education,Vinny the twister
xm6DNr4IbXE,Alysa LIU won gold but she is cheering and comforting a young girl who just got her first medal 🥹,2026-02-21T16:33:08Z,3746177,82062,688,2026-02-25T20:34:36Z,22,People & Blogs,POPVEIN
gtIoiHG5bnw,9-1-1 Season 1 (2018) | A Firefighter Solves It with Four Burgers #shorts,2026-02-20T10:57:45Z,3846041,75653,103,2026-02-25T20:34:36Z,1,Film & Animation,FlickThrob
AKnPJyCTV-A,Biker Recalls The Moment A Cop Said His Bike Would Be Crushed,2026-02-20T22:22:43Z,4510846,104611,1040,2026-02-25T20:34:36Z,22,People & Blogs,OnlyCopz
4o50DFQWgG0,A fan waited hours for Sabrina Carpenter to do this🤯🔥,2026-02-20T18:30:25Z,3249803,82372,166,2026-02-25T20:34:36Z,20,Gaming,TABS VICTORY
vA8XNqRQyDw,"Every day, Viktor applies for a visa, while Frank keeps trying to have him detained. #movie #film",2026-02-20T16:15:12Z,4589110,194325,1216,2026-02-25T20:34:36Z,22,People & Blogs,Visual Case
KcEK_z5H1AY,"Aos 53 anos, cantor Latino surge acompanhado de sua namorada, a Barbie do Brasil, VEJA O MOMENTO",2026-02-21T00:00:19Z,3963487,18252,677,2026-02-25T20:34:36Z,22,People & Blogs,John Erik
foIOW-_Doz4,A MAYA ACHA QUE É MC! 🎤 #mansaomovie,2026-02-19T17:30:10Z,3043034,226065,371,2026-02-25T20:34:36Z,24,Entertainment,Vini Theophilo
mqEDQQi-ZUU,На свидание собрался,2026-02-20T15:29:44Z,3461941,39158,550,2026-02-25T20:34:36Z,22,People & Blogs,Равиль Дукат
4JMTbSpa4wg,"Cuma pakai keranjang, dapat banyak belut #shorts #shortvideo #belut",2026-02-20T11:02:19Z,4835510,13349,44,2026-02-25T20:34:36Z,24,Entertainment,jeema channel
qMAIVrpupm0,EL NOOB CREÓ UN POZO PARA TSUNAMIS EN STEAL A BRAINROT ROBLOX 😱 - Creditos YOURROBLOXNOOB - #shorts,2026-02-19T19:45:50Z,2756047,50416,101,2026-02-25T20:34:36Z,24,Entertainment,Swaggy
9IaL6hAhCYw,hopefully me when i become a mom,2026-02-21T00:15:00Z,3771606,55638,217,2026-02-25T20:34:36Z,22,People & Blogs,KalogerasRuby
MVOi81qpbrs,Do you wanna build a snowman #snow #frozen,2026-02-20T19:47:54Z,3251071,21603,37,2026-02-25T20:34:36Z,22,People & Blogs,Mariam Marks
j28BKh-aczU,The Lollypop Experience be like! 🤣🤣,2026-02-21T17:30:21Z,3525477,57045,951,2026-02-25T20:34:36Z,22,People & Blogs,BlobbyClips
Hyh_1ovkJiI,The Biggest Lie About Diamonds,2026-02-20T01:33:57Z,3380106,56041,445,2026-02-25T20:34:36Z,27,Education,Zver
PWR2g167sBk,The transformation of a thousand-year-old white snake into a dragon,2026-02-17T21:38:26Z,3319578,141194,1345,2026-02-25T20:34:36Z,22,People & Blogs,Movies With Jack
nNN7PtebuKk,ADHDers unite in the comments 💥 #adhd #shorts #cuteanimation,2026-02-19T20:02:38Z,2965489,127912,4138,2026-02-25T20:34:36Z,1,Film & Animation,DillybyDally 
kY3bcytO2_8,Minecraft Vs Real Life in the Nether🔥#blender #minecraft #3dart #3danimation #satisfying,2026-02-22T05:30:20Z,3681665,20595,42,2026-02-25T20:34:36Z,20,Gaming,Nim3D
jhqPJ5IHyJw,Bit by a Snake… A Fatal Mistake? 🐍😱 #linhchihihi #messyclassroom #schoolcrush #schooldrama,2026-02-20T10:01:09Z,3066864,73640,134,2026-02-25T20:34:36Z,22,People & Blogs,Linh Chi
DMpiDJbfo84,He Brought Home a Stolen Chicken… But Dad’s One Joke Ruined Everything!,2026-02-19T15:18:00Z,3059183,0,4,2026-02-25T20:34:36Z,22,People & Blogs,Explore Visuals
7x00K83aLuA,Smart Design Turns The Smallest Bedroom Into A Luxury Space #shorts,2026-02-18T11:55:01Z,3143855,43411,340,2026-02-25T20:34:36Z,22,People & Blogs,Home Graphix
S8bl_fthwCA,“Girls with courage becomes a woman with power.” Girls outpull boys tug-of-war at Sanskar Academy !,2026-02-21T12:27:56Z,3206947,90357,1501,2026-02-25T20:34:36Z,25,News & Politics,Hindupedia
IKi6o8MiOHw,EXPULSARON A PAOLO DE LA ESCUELA😭,2026-02-20T21:12:06Z,2649872,97804,770,2026-02-25T20:34:36Z,22,People & Blogs,Leo Study
BfRS2Tu6LJk,eu vou comprar uma PORSCHE,2026-02-21T23:00:11Z,2750285,102069,1093,2026-02-25T20:34:36Z,24,Entertainment,Sou Mrp
U_4VJtqDioI,Trasladan cuerpos del CJNG a instalaciónes de la FGR en fuerte operativo,2026-02-22T21:59:56Z,1108455,6233,1165,2026-02-25T20:34:36Z,25,News & Politics,Grupo Fórmula
AYNmI-YPqGQ,Клюшка за 17 тысяч 😳,2026-02-21T13:50:25Z,2810287,36807,240,2026-02-25T20:34:36Z,22,People & Blogs,FilmBytes
Xc-Gi9PEuCY,GANÓ a la EXPERTA en su PRIMER INTENTO 🤔🤯 #shorts #win  #curiosidades #divertido #japon #wow,2026-02-21T22:01:05Z,2368834,59307,159,2026-02-25T20:34:36Z,24,Entertainment,AprendeYDivierTT
QlSUo1s5YKg,Mom Tried To Kiss Him… He Said ‘I Have A Girlfriend! 😭😂 #funny #funnybabies #shorts #interview,2026-02-21T18:04:29Z,2977887,66811,334,2026-02-25T20:34:36Z,22,People & Blogs,RiseCrafted
CAj3GTOzjZM,JUVENTUS-COMO 0-2 | HIGHLIGHTS | Como Stun Bianconeri! | Serie A 2025/26,2026-02-21T16:53:59Z,1043592,16349,1925,2026-02-25T20:34:36Z,17,Sports,Serie A
IogKHN0Tshs,🥹 He was BULLIED by a wild cat,2026-02-19T13:11:56Z,2460681,42357,364,2026-02-25T20:34:36Z,24,Entertainment,Taylors Wild Diary
yJoYwkNF5uo,"Abraham POR FIN LLEGÓ a la TABLA, pero el TOP 1 se VENGÓ?! ☠️💀",2026-02-22T01:47:00Z,2101290,0,669,2026-02-25T20:34:36Z,20,Gaming,SANTYPRO
BaVbTzr3-8E,Breaking: A Scientist Known For Discovering Water On A Distant Planet Has Been Shot.,2026-02-21T21:46:00Z,4147268,30009,1283,2026-02-25T20:34:36Z,22,People & Blogs,Wholesome Gramps
WO9FuyrcCG8,Le Tiré Admin Panel A Sammy!,2026-02-21T23:48:00Z,2423235,48037,401,2026-02-25T20:34:36Z,20,Gaming,Drakonite
qCadJJT_XjU,Steal a Brainrot Admin Abuse (Taco Tuesday),2026-02-18T00:16:53Z,951383,10449,112,2026-02-25T20:34:36Z,20,Gaming,KreekCraft
nV6bfANN3A0,How to Defend Against a Stick Attack | Self Defense Tips 🥋 #Short#viralvideo,2026-02-19T15:17:53Z,2150600,7955,8,2026-02-25T20:34:36Z,24,Entertainment,chinu thakor 
WB75QVaptnc,El Abrahaham conoce a su suscriptor más humilde | #elabrahaham #shorts,2026-02-21T21:18:26Z,2296685,30292,1084,2026-02-25T20:34:36Z,20,Gaming,Lo Mejor De Abrahaham
N8AlWpcH7ng,Please focus solely on driving while operating a vehicle#foryou #theresident #shorts,2026-02-21T20:07:00Z,2396555,101830,517,2026-02-25T20:34:36Z,24,Entertainment,Deandre Mcquille
aoOUJ_-QiIQ,A for apple | अ से अनार | abcd | Phonics song for nursery,2026-02-21T02:30:05Z,1742835,1842,0,2026-02-25T20:34:36Z,27,Education,Kids Gyan
8-f2aMaCr8g,Sometimes our past relationships doesn’t have to be toxic but a good lesson for moving on in life❤️✨,2026-02-22T05:18:36Z,1802612,59626,239,2026-02-25T20:34:36Z,24,Entertainment,Honest Kakima
Am-MkvxIfPA,Feeding a Giant Prawn! 🦐,2026-02-21T14:57:29Z,2072555,27347,565,2026-02-25T20:34:36Z,24,Entertainment,Curious as Hell
uEUJl6HvASc,Alysa Liu Ended a 24-Year Olympic Curse with This Gold Medal 🥇 #youtubeshorts #shorts #figureskating,2026-02-21T15:25:29Z,1694586,37249,630,2026-02-25T20:34:36Z,22,People & Blogs,Sarah Sports
bFhmMPWdK3Q,Nadie sabe quién sorprendió a quién hasta ver el final,2026-02-21T02:30:37Z,3087357,36899,172,2026-02-25T20:34:36Z,22,People & Blogs,Jon Sinache
RVsHbEt25A4,WHAT A GAME! Scrabble Slam Word Board Game Challenge!,2026-02-22T00:22:43Z,2641324,68161,295,2026-02-25T20:34:36Z,20,Gaming,Kenny Haller
7_sJi5xtamI,Bhago😅Mercedes Built the CLR GTR at $2.5🥰only a few lucky drivers experienced power#reelschallenge,2026-02-21T09:46:03Z,1892159,9223,5,2026-02-25T20:34:36Z,22,People & Blogs,Azhar Shorts
9HGYH4rn2xM,Broma de la cachetada falsa a therian 😂😂,2026-02-21T19:10:21Z,2401114,26483,255,2026-02-25T20:34:36Z,22,People & Blogs,El Tamalerito
#NAME?,Lily finds a 🐝 in need and then Violet comes along 😅,2026-02-22T08:50:40Z,2093958,6607,60,2026-02-25T20:34:36Z,24,Entertainment,Mist4Ember
NA-Eni_JpYA,PASSEI A NOITE NA ANTIGA MANSÃO DOS ROSA *Algo sobrenatural apareceu !,2026-02-23T21:00:20Z,1374707,24995,1332,2026-02-25T20:34:36Z,20,Gaming,Leozinn 077
5PONjXQA31U,Minuto a minuto: así fue el operativo contra ‘El Mencho’,2026-02-23T14:03:56Z,967698,13624,2653,2026-02-25T20:34:36Z,24,Entertainment,Grupo Fórmula
zi1XHiHjSXM,"He Built Me a $1,500 Mystery Bag… Was It a Mistake? | 1500ドルのミステリーバッグ",2026-02-22T04:11:30Z,1940342,39660,250,2026-02-25T20:34:36Z,24,Entertainment,South Florida Pokemon
H8CJ6DRIc9I,ELIMINADO??? QUEM COMPLETAR A PALAVRA PERDE??,2026-02-21T22:30:04Z,1801287,70696,183,2026-02-25T20:34:36Z,23,Comedy,CLEPTON
3Bo4p_AoYXU,Approached a Hyd girl for portraits 📸 #telugu  #snapbychance  #photography,2026-02-21T14:59:45Z,1361331,28596,135,2026-02-25T20:34:36Z,22,People & Blogs,SnapByChance
YMOhxPwQCjo,This peacock losses his egg | But a kind farmer help him 😱🫡 #shorts #respect #ytshorts,2026-02-22T02:44:37Z,1745058,16457,21,2026-02-25T20:34:36Z,24,Entertainment,Antariksh Yatra
PAPl4O1m1d0,a bunch of clumsy thieves.#joker #shorts,2026-02-21T13:00:41Z,2430417,16637,31,2026-02-25T20:34:36Z,22,People & Blogs,Untitled Joker
359YiQYhEyE,If a tsunami happens in 2026 🌊,2026-02-22T17:37:27Z,1985549,26361,712,2026-02-25T20:34:36Z,24,Entertainment,Ramo Akh
bS7iQ6P2zrA,I Got These New Divine Brainrots in Steal A Brainrot...,2026-02-21T21:09:48Z,1688761,20142,1318,2026-02-25T20:34:36Z,20,Gaming,Wixor
qKjKBrY0Yu8,ELBERR THE ROBOT GOT A NEW FORM..,2026-02-17T20:39:49Z,832424,20782,4494,2026-02-25T20:34:36Z,20,Gaming,Aimin
xn8R7TN64uI,Nataplumita se lleva a su Papá en la calle 😂 #risas #humor #memes,2026-02-22T01:54:57Z,3695222,15185,20,2026-02-25T20:34:36Z,24,Entertainment,La familia Buchona
O0pAd1bJ_iQ,Only by putting patients first can one become a good doctor.,2026-02-21T16:00:36Z,2276998,117091,572,2026-02-25T20:34:36Z,22,People & Blogs,Michael Anderson
v0F6jZWSbes,Rhia Didn’t Give Sierra a Turn?! 😮 Sierra Felt Sad 💛,2026-02-21T18:31:15Z,2073824,9848,0,2026-02-25T20:34:36Z,24,Entertainment,Sierra and Rhia English
uECoj8IJnCo,A MAN tried to TRICK ME from PRISON #roblox #berry,2026-02-22T04:56:07Z,2329736,66157,240,2026-02-25T20:34:36Z,20,Gaming,PairBlox
DJViAmhagiY,DJ & KYRIE GOT INTO A BIG FIGHT,2026-02-17T22:03:09Z,817119,15458,998,2026-02-25T20:34:36Z,24,Entertainment,The Prince Family Clubhouse
ybxXISisl04,Saat keramas banyak kepiting tersangkut di rambutnya,2026-02-22T03:30:00Z,1565825,15378,15,2026-02-25T20:34:36Z,22,People & Blogs,Shouko
GUKXpETrVbs,🎥  Una sicaria que no teme y jamas  perdona MALNACIDA - PELICULA COMPLETA español NARCOS 🎬,2026-02-17T22:00:06Z,807107,5727,310,2026-02-25T20:34:36Z,1,Film & Animation,OLA STUDIOS TV
tKiiw_JYn78,"ABATEN a ""EL MENCHO"": ESCOLTAS INTENTARON RESCATAR SU CUERPO, en TAPALPA, JALISCO.",2026-02-22T18:12:36Z,766517,10757,1840,2026-02-25T20:34:36Z,25,News & Politics,LAS NOTICIAS CON EL MEXA
5eWR0m1co6A,NUNCA TE CRUCES A UN PAYASO MEXICANO... ARGENTINOS MUEREN DE LA RISA! #shorts #humor,2026-02-22T01:00:13Z,1876737,17246,67,2026-02-25T20:34:36Z,24,Entertainment,Cachorro Free
0hSAwT7Ildw,I Secretly Worked As A Janitor,2026-02-21T18:15:01Z,1298344,80177,956,2026-02-25T20:34:36Z,24,Entertainment,Sambucha
A3_sk66S10Y,"Kash Patel Parties in Italy, SCOTUS Strikes Down Tariffs, Trump to Release UFO Files: A Closer Look",2026-02-24T02:00:18Z,976912,31551,1699,2026-02-25T20:34:36Z,23,Comedy,Late Night with Seth Meyers
6PFvSeyZQPU,Quão rápido você precisaria correr para andar sobre a água?,2026-02-21T23:35:01Z,1489179,74600,737,2026-02-25T20:34:36Z,22,People & Blogs,Eskelletox
tbItrPsMdyE,🎵  PRIMEIRO OU ÚLTIMO? 🎵  * A Música dos Opostos! #shorts #educaçãoinfantil,2026-02-21T15:01:20Z,1788132,14103,0,2026-02-25T20:34:36Z,24,Entertainment,HORA DO MOSTARDA 
e77iGQh_T1Y,que chido voy a ser tío 🤑 #random #memes #humor,2026-02-21T21:00:15Z,2334003,65226,676,2026-02-25T20:34:36Z,23,Comedy,Tio Golden
D34Ly_0L1N4,A million #MilanoCortina2026 dreams are keeping us awake! ✨,2026-02-21T23:22:48Z,1544925,24605,182,2026-02-25T20:34:36Z,17,Sports,Olympics
p7XwXHTIPcA,Trading a NOOBINI to a DRAGON in 1 Hour in Steal a Brainrot..,2026-02-23T18:40:23Z,1104830,15393,1733,2026-02-25T20:34:36Z,20,Gaming,CaylusBlox
Lhd8TgKRJkk,He Thought It Was Just A Game He Was Wrong 😱🔥 #suspense,2026-02-20T17:00:40Z,5610770,195251,5842,2026-02-25T20:34:36Z,22,People & Blogs,Akai Scope
uXRD26hzFAA,Doey Plays Hide and Seek on the Farm! 🚜 #playtime | Wolf Joe | 파피플레이타임,2026-02-18T21:00:58Z,4973054,103170,359,2026-02-25T20:34:36Z,20,Gaming,Wolf Joe Toons
9dDRwBUSKo8,Minta bagi penggaris permen,2026-02-22T07:01:34Z,4811178,35603,13,2026-02-25T20:34:36Z,22,People & Blogs,Ardipetto
4emT0f-xc6k,Would you press the BUTTON to be a MILLIONAIRE High On Life 2 Easter egg?!  #easteregg #highonlife2,2026-02-20T20:54:48Z,2816364,88773,662,2026-02-25T20:34:36Z,20,Gaming,Captain Eggcellent But Shorter
52FDYR8aCx4,The Roaster Gets Roasted🤣Sudheer Echoes Sumanth Prabhas Only to Get Slammed by Rana!#shorts #funny,2026-02-20T01:32:00Z,3665415,0,36,2026-02-25T20:34:36Z,1,Film & Animation,HV entertaiments
iTthERDguMA,Cruella Sprayed Peper In His Eyes To Steal A Dalmatian !,2026-02-21T13:08:11Z,2923521,27136,49,2026-02-25T20:34:36Z,22,People & Blogs,AIHeroicStories
K2sDKLRGjEQ,La pequeña Nicole es puesta a prueba. #elasombrosomundodegumball #gumball,2026-02-20T15:00:30Z,3742245,207394,397,2026-02-25T20:34:36Z,22,People & Blogs,Diarios de Gumbal
FJ4xhbC6ue0,This lost Tesla key opened a random car… but HOW?! 🚗 #trendingshorts,2026-02-19T12:50:36Z,2961375,14521,4,2026-02-25T20:34:36Z,22,People & Blogs,Rizzexplain
k0buYMOZTT8,El secreto para proteger a la vaca es este imán 🐄😯,2026-02-21T16:00:54Z,2117751,0,3086,2026-02-25T20:34:36Z,24,Entertainment,REY HUB🦁
sp00DspoQzI,LOS BROS REACCIONAMOS A TIKBROS! #4 🎨,2026-02-17T18:10:00Z,1555813,50392,4596,2026-02-25T20:34:36Z,20,Gaming,ElAbrahaham
72lBf2ncrb4,"They Ruined His Skates, He Fed the Kitten Anyway 🥺🛼🐱",2026-02-18T00:02:31Z,2612865,63606,587,2026-02-25T20:34:36Z,1,Film & Animation,The GPT Stories
SCepyjf7_Po,FIZ A MASHA E O URSO DOS ELEMENTOS *Os Rosa gostaram ?,2026-02-17T21:06:42Z,1486745,42549,1414,2026-02-25T20:34:36Z,20,Gaming,Leozinn 077
hRh0BYiTz5Q,ENTENDIÓ lo que PASABA justo a TIEMPO 🫣🤣 #shorts #divertido #fail #humor #curiosidades,2026-02-21T00:01:13Z,2879680,52341,128,2026-02-25T20:34:36Z,24,Entertainment,AprendeYDivierTT
ZKVQbihnNXY,Aquel a quien menosprecias podría ser el héroe que necesitarás mañana,2026-02-21T12:00:54Z,2758849,84520,539,2026-02-25T20:34:36Z,2,Autos & Vehicles,Pablo Rafael
13YQNS5EStw,Popular Indian educator Khan Sir recently made a bold comment about the dowry,2026-02-22T06:30:01Z,7935053,53972,1726,2026-02-25T20:34:36Z,24,Entertainment,TrendVerse
YPOfYntrrcU,Your fingers are actually a clock,2026-02-20T18:33:58Z,2689084,110331,650,2026-02-25T20:34:36Z,28,Science & Technology,Mark Rober
DfaOswg-vCc,CAMBIO A MI NOVIA POR MI HIJA EN SAN VALENTÍN 😱💔,2026-02-18T00:11:58Z,1511336,29775,5353,2026-02-25T20:34:36Z,24,Entertainment,Mau McMahon
oc2SGpj_psg,집에 오자마자 깜짝 놀라 오열한 여성,2026-02-19T08:01:02Z,3019859,11503,158,2026-02-25T20:34:36Z,24,Entertainment,동동덕
iP1DrzuhtMk,"Ilia does a backflip just for fun at the Olympics Figure Skating Exhibition Gala, Milano Cortina🤯🫶",2026-02-22T04:36:42Z,2977738,73170,1211,2026-02-25T20:34:36Z,19,Travel & Events,"Lighttravelsfaster - Eileen Rhein, Esq."
2MVO99S7Bnk,NOS ATRAPA EL PAYASO en Roblox Scary Shawarma Kiosk con PaolazGames,2026-02-17T19:34:34Z,1490602,23117,2076,2026-02-25T20:34:36Z,20,Gaming,Lyna
dXqd3yrHVuA,His Hit Nearly Made Me Lose The Secret Block,2026-02-21T09:35:24Z,2681438,0,218,2026-02-25T20:34:36Z,20,Gaming,poggi
8BxYuNOY9EM,美容室でおじいさんを見下していた客,2026-02-20T10:00:00Z,3712141,98604,258,2026-02-25T20:34:36Z,22,People & Blogs,ネット旅行
Rk7AnJ7bIAc,ME RECHAZAN EN STEAL A BRAINROT  #roblox #robaunbrainrot,2026-02-20T23:18:42Z,3193532,69319,2384,2026-02-25T20:34:36Z,20,Gaming,SoyLugoBlox
EWN4iuNIPDg,O QUE MUDOU COM A CHEGADA DA OLÍVIA? 🤔,2026-02-21T21:15:18Z,2427046,107223,1827,2026-02-25T20:34:36Z,22,People & Blogs,Pai da Mia
bcUKXhh_htU,Asteroid learned a new trick 🤩,2026-02-20T14:41:41Z,3588473,25903,566,2026-02-25T20:34:36Z,15,Pets & Animals,Nathan Kessel
H7l0t5EYhvw,🤖 THE DAY THE ROBOTS DIED 🚨 (Bruce Willis Action Sci-Fi Breakdown),2026-02-18T09:11:50Z,2887291,15673,119,2026-02-25T20:34:36Z,1,Film & Animation,FilmFables
qJeLKg9WPaI,What a intresting game between them 😱❤️ @triggeredinsaan  #liveinsaan #shorts,2026-02-21T02:45:00Z,2981501,17515,37,2026-02-25T20:34:36Z,22,People & Blogs,Triggered Anaya 
ERrfh2cJbQo,He Built a Hidden Underground Tree Bunker… Then a Bear Showed Up 🐻🔥,2026-02-20T00:20:51Z,2688424,15294,36,2026-02-25T20:34:36Z,22,People & Blogs,Hidden Ground
bSQsDrmZL3g,Juntaron a un lobo domesticado con un pitbull #animals #perros,2026-02-19T21:14:40Z,3582311,41484,263,2026-02-25T20:34:36Z,15,Pets & Animals,Soy Fabuloso 
5ZCnsjeU_50,turning myself into a 90s desi bebot 🪩 || Tejasvi Rajput || #ytshorts,2026-02-20T14:13:25Z,2461187,73211,594,2026-02-25T20:34:36Z,22,People & Blogs,Tejasvi Rajput
jRqVPzasInY,Hari yang mantap hari pertama puasa #ytshorts,2026-02-19T08:03:51Z,3695415,14249,16,2026-02-25T20:34:36Z,22,People & Blogs,Ardipetto
iNzeT3KTT3k,Stokes Twins Por Qué Nunca Rechaces a Tanner😳,2026-02-21T07:09:15Z,4541070,47968,753,2026-02-25T20:34:36Z,24,Entertainment,Fan de los Twins
ifnQnbbe5Po,He put on a show during the timeout 😮‍💨 (via @MiamiHurricanesAllAccess),2026-02-21T00:45:42Z,3279607,57991,524,2026-02-25T20:34:36Z,17,Sports,Bleacher Report
IxMqQqLf12Q,"""Bruce Lee - One Kick. The Flame Never Stood A Chance.",2026-02-21T01:00:33Z,4769312,52363,682,2026-02-25T20:34:36Z,24,Entertainment,Isholives
4-RjudC5eu8,VIRAL 🐕‍🦺🤣 Firulais vs Therian. ¿A quién le vas?,2026-02-22T11:32:47Z,3295446,57277,2117,2026-02-25T20:34:36Z,10,Music,Barraganista
wrIX81cHmWg,You can literally make a knife out of anything,2026-02-19T05:54:50Z,3735728,43303,164,2026-02-25T20:34:36Z,20,Gaming,ATAUD
F5gj9GduVlk,He Climbed Into a Hanging Tree Cabin… Then Wolves Surrounded Him 🐺🌲,2026-02-19T20:19:15Z,2408464,19668,120,2026-02-25T20:34:36Z,22,People & Blogs,I Left the Noise
YmcpaBDSiMw,"the $100 rescue that stopped a $10,000 property loss #shorts",2026-02-20T23:23:07Z,2925646,100281,2361,2026-02-25T20:34:36Z,15,Pets & Animals,Fauna Archives
nf3I90iVnlo,The Babies Kept in a Mysterious Los Angeles Mansion,2026-02-19T21:39:16Z,2632338,98448,2632,2026-02-25T20:34:36Z,24,Entertainment,The New Yorker
qcSonhTHqUo,"This was a HUGE mess but so fun, let me know if you’re going to want the final result of both",2026-02-20T23:52:32Z,1999564,35438,1158,2026-02-25T20:34:36Z,22,People & Blogs,Kirra Lee
exMplWWAr94,Testing the Morality of AI Ambulance 🚑♖️,2026-02-20T08:45:29Z,2965263,56278,1340,2026-02-25T20:34:36Z,22,People & Blogs,Þolemod
NCxl7-ZSIwU,do NOT have a mime for a roommate,2026-02-19T19:18:26Z,2887285,160922,493,2026-02-25T20:34:36Z,23,Comedy,Cool Guyz Online
T0DV3pMHXhw,"Minecraft, But I Can't Touch Something That Starts With The Letter ""S""",2026-02-21T17:00:45Z,2959254,49317,871,2026-02-25T20:34:36Z,20,Gaming,iShoya Shorts
WhIJSY6CCSc,Cc cumples el 29 de febrero 🥴😂 uds conocen a alguien así #comedia #29defebrero #cumpleaños #humor,2026-02-20T10:52:24Z,2375594,53013,363,2026-02-25T20:34:36Z,22,People & Blogs,aum aim
PFgbxFAT5fI,Noob Vs Pro Vs Legend😱 In Steal A Brainrot Roblox!,2026-02-20T19:45:12Z,3118549,12953,160,2026-02-25T20:34:36Z,20,Gaming,ParthyBlox
_tBtqyisJ-M,Aiunii diciendole a mami qué hermoso está su vestido.  #artista #baby #funny #venezuela,2026-02-20T23:15:19Z,3789955,16507,67,2026-02-25T20:34:36Z,22,People & Blogs,Noti Wheelers
L-MLDKjJYIA,It was a nice one too! 😏 #ww2 #history #reenacting #shortsfeed,2026-02-19T17:52:14Z,2339559,68304,259,2026-02-25T20:34:36Z,24,Entertainment,Echoes Of The Past
fS7kGAnfN_Y,"Antes de morir, Eric Dane envió mensajes de despedida a las 3 personas más importantes de su vida.",2026-02-20T23:59:20Z,2590490,49096,338,2026-02-25T20:34:36Z,22,People & Blogs,Top Celebridades
iMh9qa5dC2Y,Daddy put on baby slipper and fixed in a second 🤣🤗🤪 #shorts #viralvideo #funnyshorts #trending,2026-02-20T13:26:00Z,3165428,0,0,2026-02-25T20:34:36Z,22,People & Blogs,Misti Happy Lifestyle Games & Shorts
SlIUCAL-A6o,It’s all in the bends and folds,2026-02-19T20:03:38Z,10618400,200090,1210,2026-02-25T20:34:36Z,27,Education,Author Ceramics Workshops
sVj4DdU9Eh8,GUESS THE NUMBER GAME🔥❤️ PT.4 SHE FINALLY WON #viral #couples,2026-02-19T20:01:18Z,10467705,320824,1531,2026-02-25T20:34:36Z,20,Gaming,Blaise 
7wM28u1Om5g,POV: Generating A New World From Nothing vs Emoji Reaction #shorts #meme #minecraft,2026-02-18T15:57:21Z,8044435,159354,410,2026-02-25T20:34:36Z,20,Gaming,Beeevids
hlbbugMNWLI,Black ceilings are the new thing! #alecpaints #diy,2026-02-21T17:59:55Z,10418713,234386,1467,2026-02-25T20:34:36Z,26,Howto & Style,Alecpaints
-7XZZOR08BA,🍎🔥💥Mercedes built the CLR GTR at $2.5M — only a few lucky drivers ever experienced its power,2026-02-21T14:00:00Z,9581269,0,0,2026-02-25T20:34:36Z,22,People & Blogs,Babu Bhaiya
dOjHsLoT1Es,He played a prank on his best friend.,2026-02-18T20:51:31Z,5735860,240018,842,2026-02-25T20:34:36Z,22,People & Blogs,9-1-1 house
81F04kA75dQ,She grabbed a Orange N64 for crazy cheap 🤘🤘🔥 #retrojakes #retrogaming #fyp #nintendo #videogames,2026-02-21T18:04:30Z,3237807,99218,2149,2026-02-25T20:34:36Z,22,People & Blogs,Retro Jakes
H5NGPOxLD1M,3 Bite Momo Challenge – Win ₹5000! #shorts #challenge #foodchallenge,2026-02-19T13:33:13Z,2343029,46322,122,2026-02-25T20:34:36Z,22,People & Blogs,The Challenger Pradip
YufjVbw_6Ok,ENFRENTÉ A MIS AMIGOS A VER QUIÉN ME CONOCE MÁS - DELFINES vs MAGENTAS,2026-02-17T18:46:49Z,1413744,36823,2184,2026-02-25T20:34:36Z,24,Entertainment,MARIANA
UEP3dtgueuo,só a criança mais educada pode vencer #ftv #filmes #cenasnarradas,2026-02-21T13:51:52Z,2439012,46096,439,2026-02-25T20:34:36Z,22,People & Blogs,DANIEL FLIXX 
kwZwZZ60hjc,A menina quer brincar de cozinhar com seus bichinhos 😲🐶,2026-02-21T19:15:02Z,3826723,17672,9,2026-02-25T20:34:36Z,24,Entertainment,Zord Facts
G2A0bS6s_Y4,A paralisia do sono vem assustando pessoas e já atingiu famosos como Maisa e Whindersson Nunes 😱💤,2026-02-21T15:30:08Z,6045808,19260,790,2026-02-25T20:34:36Z,22,People & Blogs,Fofoquei sem querer
vrXePfnr-jo,Su Hija Sorprendió a Toda la Carrera Cuando Hizo Esto…,2026-02-19T21:30:12Z,2684363,72325,307,2026-02-25T20:34:36Z,24,Entertainment,visuesp
azvq9Te1mog,A Mira pegou o vestido da Rumi,2026-02-20T20:03:59Z,2414587,141868,692,2026-02-25T20:34:36Z,24,Entertainment,Epic Toon
ipBFZMTXAZU,GTA 5 Spiderman create a new swimming pool #gta5 #gta #shorts #shortsfeed #spiderman #ironman,2026-02-20T01:30:42Z,3126510,0,3,2026-02-25T20:34:36Z,20,Gaming,Krrish 
bq_Q1wd91bs,MI BASE COMO YOUTUBER DE ESCAPA DEL TSUNAMI,2026-02-22T18:12:58Z,1900220,71227,5926,2026-02-25T20:34:36Z,20,Gaming,Ler0vYT
lOsFl2PojwA,Pastor denounces Trump & says being a Conservative DOES NOT make you a Christian!🙌 #trump #shorts,2026-02-19T18:07:05Z,2812560,63327,2478,2026-02-25T20:34:36Z,22,People & Blogs,Angelica's Clips
9SixYyJ7U-M,Girls when they have a pimple,2026-02-22T02:36:57Z,3166662,65566,1954,2026-02-25T20:34:36Z,22,People & Blogs,Nick Wilkins
tNrGEU7sNaI,FIZ um TAPETE pra um DOG TRABALHADOR ⛽️🐕,2026-02-21T12:36:22Z,2466171,86305,418,2026-02-25T20:34:36Z,22,People & Blogs,Igor Cafofo
eQLcO_9jJrQ,"The 60-Meter Pink Rabbit That Fell From the Sky: The Story of ""Hase"" 🐰⛰️ #history",2026-02-19T18:58:28Z,3251935,69383,595,2026-02-25T20:34:36Z,27,Education,True Fairytale
tFxeBSVPuJM,Si vas a ir de vacaciones a Cancún y quieres rentar un yate de lujo contáctanos 🔥🏝🛳 #cancun #yate,2026-02-20T12:22:44Z,2807895,53721,1606,2026-02-25T20:34:36Z,22,People & Blogs,Yatezzitos México
Q3AqyltQgic,Talking little tom is on duty a short story😂🌊,2026-02-21T23:30:09Z,4000260,0,5,2026-02-25T20:34:36Z,22,People & Blogs,A Message From God
IzqoyzBYUBk,Bacon boy have a crush on noodle girl…😭🥹| hear me now trend #robloxshorts #roblox #shorts #gaming,2026-02-20T13:00:37Z,3719546,32253,176,2026-02-25T20:34:36Z,20,Gaming,Liilacbubbles
6obb03UMijs,I got a legal letter from the wealthiest city in Minnesota about this youtube video,2026-02-19T23:25:37Z,2075915,50699,998,2026-02-25T20:34:36Z,24,Entertainment,Chris the Producer
nWHe86SsxMg,What If 007n7 Turned Into a Baby? 🤔 | Roblox Animation #forsaken #funny #memes #shorts,2026-02-20T02:18:59Z,2759702,61461,621,2026-02-25T20:34:36Z,22,People & Blogs,Cupyx
efqBHqg30GI,Así se impresiona a un jefe,2026-02-20T20:32:56Z,2555039,27074,27,2026-02-25T20:34:36Z,27,Education,Mr Por Pepe
eo6efWn1F6I,Танец Легонг: карьера до 13 лет 😳,2026-02-21T14:01:02Z,3218637,43117,301,2026-02-25T20:34:36Z,28,Science & Technology,Мозговзрыв
IGQfdeUR1co,The Deadly Force Behind a Dock Line: What You Don’t See #funfacts #funknowledge #sciencefacts,2026-02-18T00:24:54Z,2546852,31436,113,2026-02-25T20:34:36Z,22,People & Blogs,Jordan Goldman
t2b6hUIeYk8,They Laughed at Her Old Bike... She Built a Supercar From Palm Leaves 😱🔥 #shorts #ai,2026-02-18T12:40:01Z,2251229,47928,52,2026-02-25T20:34:36Z,24,Entertainment,ShivuToons animation
tdaB4XKO3EI,A Hero For This...,2026-02-20T03:30:57Z,2099834,147277,11626,2026-02-25T20:34:36Z,25,News & Politics,Trish Regan
TiZXMGdqL18,😰 This was not a swing but a net in which all the children were trapped!,2026-02-20T12:30:42Z,2424440,11692,8,2026-02-25T20:34:36Z,24,Entertainment,Dramisa 
nmKTn8mRV_w,Someone poked me in the butt.😂🤣daily life of a couple  #funny  #couple,2026-02-19T14:01:23Z,3112773,7412,19,2026-02-25T20:34:36Z,23,Comedy,Mon Family
wtY0jdGIuiA,This Ship Chain Is Heavier Than a Car? 😱 | 1 Link = 3 Tons! #shorts #ocean,2026-02-19T14:57:36Z,2475004,49734,256,2026-02-25T20:34:36Z,24,Entertainment,GyaanXplain
Z3ipjFsG3hA,Lol haha! Trump Makes FUN Of Army Of China! The Pool Statement #shorts,2026-02-22T14:30:20Z,2784254,180251,1432,2026-02-25T20:34:36Z,27,Education,FactTechz
rikzxkCE3R8,Healthy ah irukkanum. Tasty ah irukkanum. Aathi anna always finds a way for every amma out there ❤️,2026-02-20T13:51:03Z,2835759,95990,240,2026-02-25T20:34:36Z,26,Howto & Style,Cookd
AeL5TeXddF4,COMENTA A QUÉ CIUDAD VAS A VER A AITANA 😍​🤣​,2026-02-19T09:00:14Z,3337574,10477,383,2026-02-25T20:34:36Z,22,People & Blogs,Club de Fans Aitana
x6ZskQ9fcTc,The Soldier Who Adopted a Girl,2026-02-20T16:01:30Z,2584360,65686,348,2026-02-25T20:34:36Z,22,People & Blogs,Rennrat
GIv4Z8bS_E4,Hubby is such a CHEATER!!  😡 #mcdonalds #fastfood #foodchallege #coupleschallenge #couple,2026-02-21T21:31:26Z,2467030,48529,776,2026-02-25T20:34:36Z,24,Entertainment,KristinAndJamil
7-V7mjlwpQw,NUNCA ENTRES DENTRO DEL BRAINROT 67 COMPLETO (ROBLOX),2026-02-17T21:15:01Z,1218135,33852,896,2026-02-25T20:34:36Z,20,Gaming,Chuy Mine
usmgfcu1Amk,Construction field | Grizzy & the lemmings | 30' Compilation | 🐻🐹 Cartoon for Kids,2026-02-20T11:01:45Z,1349837,4965,0,2026-02-25T20:34:36Z,1,Film & Animation,Grizzy & les Lemmings
R4sm6c312fc,WHO SHOULD LIVE IN A CAGE?😂,2026-02-20T02:13:00Z,2943049,0,28,2026-02-25T20:34:36Z,22,People & Blogs,JULI_PROETO
QFGQAJyDe1A,NO APUNTE EL LÁSER A UNA ARAÑA CON CRÍAS,2026-02-21T19:31:22Z,1940611,99718,133,2026-02-25T20:34:36Z,24,Entertainment,iTeczio
OcDib27Mg1c,Building a cozy shelter inside a massive forest log #survival #diy #forest,2026-02-21T19:53:59Z,2853395,68403,942,2026-02-25T20:34:36Z,22,People & Blogs,Inspiring Ideas
_RX3N0MLSYU,Fábio pagou a bola de basquete atoa kkk #meme #comedia #engraçado #humor #risos #casal,2026-02-21T21:10:00Z,2594489,51439,219,2026-02-25T20:34:36Z,22,People & Blogs,A ruiva da roça / Fabio Castro
HyvTUOp_2Jk,Battle of the Bulge (1965) | Explosive trap turns the tide for the Allies 💥🔥🚛,2026-02-20T09:10:23Z,2494195,13218,99,2026-02-25T20:34:36Z,24,Entertainment,02 Nguyen
dCLuJjPF5Io,A Horse Sat Calmly During His Prayer 🐎🤍✨#shorts #youtubeshorts #islamicvideo #foryou,2026-02-18T04:30:00Z,4085523,55807,231,2026-02-25T20:34:36Z,27,Education,Haider Shorts 
KfD_EULI-FM,Based on a True Story,2026-02-20T14:37:28Z,2382134,56999,1352,2026-02-25T20:34:36Z,22,People & Blogs,kkokkoramen
t3v5kfcFYvI,Tyrants who had a Tragic Past 🦖,2026-02-21T20:56:44Z,2269146,75597,843,2026-02-25T20:34:36Z,24,Entertainment,Farzan Films
N8wNOv43gc0,"Give a snake a crown, it’s still a snake. #fakefriends #motivationalvideo #bestquotes #storytelling",2026-02-20T12:52:56Z,2580443,40175,186,2026-02-25T20:34:36Z,20,Gaming,Ayush Jilewa
jj9N0pF9q7Y,I Built a Secret Underwater Container Room ✨,2026-02-24T00:15:04Z,20099802,169644,279,2026-02-25T20:34:36Z,24,Entertainment,Home Magic
o4o48HzJAbE,Is He The King Of Giant Snacks? 👑🤔🍿,2026-02-19T19:00:51Z,18166399,0,1551,2026-02-25T20:34:36Z,22,People & Blogs,STARTYSON
O90LnfGibJU,She cooks with a tennis racket.. #shorts #shortsfeed #youtubeshorts #cringe #lifehack #comedy #funny,2026-02-20T19:39:58Z,17161513,399073,9213,2026-02-25T20:34:36Z,22,People & Blogs,LouisAyy
GmAYooOx27s,A surprise gift for Tani #funny #scaryteacher3d,2026-02-21T12:00:33Z,19496390,95070,33,2026-02-25T20:34:36Z,1,Film & Animation,Brainrot Family
mb_ZpMEHSDs,¿Cual puede mover a RUMI? 😱😅,2026-02-20T21:20:21Z,12695539,456326,1281,2026-02-25T20:34:36Z,24,Entertainment,Leo Show 
59y_NOPOvR0,She attempts to do a handstand for 100 seconds!,2026-02-18T16:12:21Z,14168366,467085,1748,2026-02-25T20:34:36Z,10,Music,Saif Shawaf
IL2Empf--M8,This PREGNANT WOMAN Built a ROCK FOREST ROOM With a PANORAMIC GLASS FLOOR OVER A RIVER,2026-02-22T10:16:28Z,16519295,153470,104,2026-02-25T20:34:36Z,22,People & Blogs,Wild Digs
lqDc5ZmIq-o,Do you have a backup? | Bullet Train | MATADORA (Super Slowed),2026-02-19T16:16:53Z,11071676,234042,1137,2026-02-25T20:34:36Z,22,People & Blogs,Zeroone
mj9p90JRZTQ,As a KID vs As an ADULT,2026-02-23T12:01:15Z,13758553,156752,905,2026-02-25T20:34:36Z,24,Entertainment,MiniMoochi
_iX-pUnfMO4,Never Climb a Tree from a Tiger | #facts #animal,2026-02-23T13:55:05Z,15572289,178441,186,2026-02-25T20:34:36Z,27,Education,FactRound_My
nDCkMoO716c,Erling & Neymar made a fake pool 😤😰,2026-02-22T01:01:02Z,9183348,234861,809,2026-02-25T20:34:36Z,22,People & Blogs,MOMIN BRO 900K
Vh725A2oBYA,Beggar Was Actually a Millionaire ~ Vihan and Kiara Love Story #love #lovestory,2026-02-19T00:30:26Z,10502634,0,217,2026-02-25T20:34:36Z,24,Entertainment,Facto Hoshiyar
n99FImR2KvE,Building a secret Underground Luxury Cabin Hidden in a Mud Hill,2026-02-20T13:31:01Z,10309608,82762,210,2026-02-25T20:34:36Z,22,People & Blogs,ASMAR Houses 
NRgyrz7ctZ8,Tabla bajaoBuilt the CLR GTR at $2.5 🏡M only a few lucky drivers experienced power 😅🍓#reelschallenge,2026-02-21T12:30:35Z,13550511,0,6,2026-02-25T20:34:36Z,24,Entertainment,Atika Our Moni
EyX99ii476g,A Gift of Light from Tiny Friends 💫,2026-02-20T10:00:32Z,9087650,128718,0,2026-02-25T20:34:36Z,15,Pets & Animals,もこまるファミリー【赤ちゃんと猫2匹との暮らし】
KaUuPNYHFNg,I Built a School in Mexico,2026-02-22T17:00:00Z,9029901,415163,8389,2026-02-25T20:34:36Z,24,Entertainment,MrBeast
So0l0-IBi8s,Ronaldo took a heart shaped photo in the sand! #ronaldo #cosplay,2026-02-22T20:00:20Z,12407371,42263,67,2026-02-25T20:34:36Z,24,Entertainment,HOPPER
FwslooI6PHU,Bu guru nemuin penyimpanan hp rahasia di kelas,2026-02-22T10:24:06Z,9504685,58544,91,2026-02-25T20:34:36Z,22,People & Blogs,YogaS
CPhYswFKPgM,Se salvó de algo terrible gracias a su hermanita,2026-02-22T18:44:11Z,8725512,90928,160,2026-02-25T20:34:36Z,22,People & Blogs,Jesus Sulbaran
uboJNeP0iOg,He Tried to Be a Hero… and Fell in the Lake,2026-02-23T15:20:38Z,7755666,0,11,2026-02-25T20:34:36Z,24,Entertainment,CurioVerse
n9u0TrBbspQ,Choose a pair of sandals 🥰🧦🦶🏻 Leather foot slippers 🥰🦶🏼🥰 #love #viralvideoshorts #trendingshorts,2026-02-21T07:43:35Z,11322231,38716,11,2026-02-25T20:34:36Z,24,Entertainment,BaBa Toys
TOHy45TrwbY,Eagle Saves a Mystery Egg from a Kangaroo #halo #eagle #eggs #crow #kangaroo #cbum,2026-02-22T12:32:39Z,8013612,101224,53,2026-02-25T20:34:36Z,22,People & Blogs,MrMonkeyBoy
67FAkfetUU8,Never Underestimate the Quiet One 👇,2026-02-22T13:02:51Z,8986674,262258,2200,2026-02-25T20:34:36Z,24,Entertainment,mdscae
5aOP2kQJ9ts,Las idols les dan regalos a las minis #comedy,2026-02-22T02:11:06Z,8417651,89069,3310,2026-02-25T20:34:36Z,23,Comedy,Señorita Influencer
lj29icrsBew,How The Piltdown Man Fooled Scientists 😮,2026-02-22T21:00:43Z,7222753,276534,2867,2026-02-25T20:34:36Z,19,Travel & Events,Zack D. Films
gxY8bi5shSk,Even though Nawaz is a senior actor but still went and greeted them with so much humbleness #viral,2026-02-23T04:24:20Z,10069383,109925,392,2026-02-25T20:34:36Z,10,Music,Saurav Thakur
LywI1eDq09o,The Power of a Father’s Love || Vlogs❤️,2026-02-20T03:26:01Z,6407595,0,354,2026-02-25T20:34:36Z,22,People & Blogs,FactsBanglaFacts
M_ynbAQAR0M,Introducing the VitaWear SmartBand a next-generation wearable gadgetb #kareenakapoorkhan,2026-02-20T06:12:37Z,9364933,41702,49,2026-02-25T20:34:36Z,24,Entertainment,Bebo Rani 
dxX6d9vujwY,Mercedes Built the CLR GTR at $2.5 🏡M only a few lucky drivers experienced power🍓😅#reelschallenge,2026-02-23T13:23:16Z,7553900,53627,14,2026-02-25T20:34:36Z,22,People & Blogs,Abdul Wahid2m
nc1n9y-MOlY,Peacock Saves a Mystery Egg from a Elephant #halo #peacock #eggs #elephant #parrot #cbum,2026-02-23T13:05:04Z,7373922,99714,56,2026-02-25T20:34:36Z,22,People & Blogs,MrMonkeyBoy
KSRvGauojWQ,He Brought Milk for His Princess… But She Won with a Clever Watermelon Trick,2026-02-22T11:46:21Z,9392313,0,23,2026-02-25T20:34:36Z,24,Entertainment,Happy L story 
qKA4iWWXhkI,Why is everyone curious about this? 🤔❓The movie title is at the end.#Shorts#movie,2026-02-22T06:56:17Z,6295600,207362,3437,2026-02-25T20:34:36Z,24,Entertainment,Atlas4074
LxIXNj0_DLU,The Leopard That Ate Over 100 People 😨,2026-02-22T13:30:19Z,6992101,344187,2660,2026-02-25T20:34:36Z,19,Travel & Events,Zack D. Films
GMbjf6eL_Q0,#movie The Final Stand: Machine Gun Fury Meets a Knife in Eddington's Brutal Climax,2026-02-22T11:10:18Z,6460457,65197,713,2026-02-25T20:34:36Z,1,Film & Animation,Cindy
VJ1SPVL65Ig,"They Different Down Here, I seen a police car on swangaz Sunday #houston #cars  #amp #explore",2026-02-19T17:30:33Z,6501055,265821,9990,2026-02-25T20:34:36Z,10,Music,Always Make Profit Music Group
UCyup_8ZQyY,Adiós APAGA la VELA 🥀 #mrrelevante #momentostristes #culturapop,2026-02-21T18:08:14Z,6354036,164679,7316,2026-02-25T20:34:36Z,1,Film & Animation,MrRelevante
b1YaSFTriNw,Transforming a Homeless Shelter into a Luxury Tiny Home!,2026-02-22T17:01:01Z,7900100,100346,174,2026-02-25T20:34:36Z,22,People & Blogs,HyperBuild Timelapse
c-fAWEopkpw,A Mahadev Idol Was Found in the Trash And a Miracle Happened #harharmahadev #god#lesson#shorts,2026-02-22T15:42:32Z,6324121,0,482,2026-02-25T20:34:36Z,1,Film & Animation,IshTatva
80L5wifc7PA,Ranking the most impressive sounds ever.,2026-02-20T10:16:57Z,6865053,155755,331,2026-02-25T20:34:36Z,22,People & Blogs,MrStan
5_mxKXbMm9g,The wife nobody expected..! (Cr: @berniezx10alderman /IG)  #bikerlife #shorts #fyp #ragebait,2026-02-21T20:24:51Z,6263988,0,7397,2026-02-25T20:34:36Z,22,People & Blogs,Pengo - بينقو
ovlGl71WfIE,Naruto changed his way of disposing of trash after encountering a kitten#shorts #naruto,2026-02-22T13:21:58Z,7051038,60212,181,2026-02-25T20:34:36Z,24,Entertainment,Naruto AI
teY6kciRYVQ,Is that a girl or a boy looking in the background?後ろで見てるのは女の子？男の子？ #cosplay #zootopia2 #zootopia,2026-02-22T10:39:13Z,9081945,36232,551,2026-02-25T20:34:36Z,24,Entertainment,だんくんTV
EPFVwLN4iYE,¿Cómo detectar a un policía falso? REAL vs FAKE,2026-02-23T21:00:15Z,5492940,245990,802,2026-02-25T20:34:36Z,27,Education,Ley De Mike
R-gvenWlR4s,How A Salon Hair Wash Can Lead To A Stroke 😨,2026-02-24T13:30:30Z,5583806,207423,2971,2026-02-25T20:34:36Z,19,Travel & Events,Zack D. Films
WtjFoNqef5Y,Grandma Built a Dream Bamboo House After the Hut Collapsed 🏠 | 📖 Mini Wood Toys | #ai #craft #love,2026-02-20T06:30:31Z,4877953,0,70,2026-02-25T20:34:36Z,24,Entertainment,Timeless Wooden Art
lrdMvR5kewg,ヤンキーに絡まれた⁉︎#サッカー,2026-02-22T09:00:56Z,6038211,113587,669,2026-02-25T20:34:36Z,17,Sports,アシフットボール-葦フットボール
XtZQfbGY0ZI,Your Hot Neighbor asks you for a Favor,2026-02-21T13:01:02Z,4854943,237448,703,2026-02-25T20:34:36Z,1,Film & Animation,Plan3
DeQuZ9iWlSU,This Is How You “Reprogram” a Bee Colony 👑,2026-02-21T08:00:15Z,5545857,91044,267,2026-02-25T20:34:36Z,28,Science & Technology,COSMIC PITH
7DQNDpGPL1s,Le robé a mi amigo 😬 #shorts,2026-02-22T20:14:32Z,4247341,191240,1378,2026-02-25T20:34:36Z,23,Comedy,Jexs
kIHVD27R-10,La Triste Historia de un RECHAZADO 🥀 #mrrelevante #momentostristes #culturapop,2026-02-22T17:08:53Z,5099610,141300,4107,2026-02-25T20:34:36Z,1,Film & Animation,MrRelevante
Lu9JNtEq4_0,Adopted by a Lion 🦁❤️,2026-02-18T21:30:05Z,14176829,149582,1118,2026-02-25T20:34:36Z,22,People & Blogs,BravePaws
b-D5HIhiqx8,Monkey’s Mud Bike MELTS in Rain… Then He Builds a Desert Plane to Save Everyone! 😱✈️,2026-02-21T13:00:57Z,15606261,95849,8,2026-02-25T20:34:36Z,24,Entertainment,Storive Studios
lznB-3TdTww,El Creador Spawneó Lucky Blocks Divinos ⚜️🔥,2026-02-20T10:01:14Z,10324209,431195,560,2026-02-25T20:34:36Z,20,Gaming,Hackean2
tsO4rvrppfA,Make a lot of Sooji papad in water 😅 #shortsfeed #viral #cookingvlog #soojipapad #holi,2026-02-20T15:35:53Z,9432659,114322,192,2026-02-25T20:34:36Z,26,Howto & Style,Sweety's Kitchen
SRDwc6iYqRg,TEMPLO de la FORTUNA es la SUERTE de UNA PERSONA 🤫🤣 #shorts #curiosidades #china #humor #divertido,2026-02-22T20:01:01Z,10126111,135420,334,2026-02-25T20:34:36Z,24,Entertainment,AprendeYDivierTT
tPjnC9D0Qq0,"""एक बहन, एक धोखा… और भाई का गुस्सा!""🫡.#shorts",2026-02-19T13:43:59Z,4626117,126780,804,2026-02-25T20:34:36Z,1,Film & Animation,TANNU EXPLAIN 
uhw20gpbtsA,Esta Chica Me Va A Volver Loco Con Las Bebidas 😂😱,2026-02-23T17:01:25Z,5552142,79480,85,2026-02-25T20:34:36Z,22,People & Blogs,YoSoyCactus
e3s-LOXx-sI,Meeting the Special Guest at Lily Lovebraids Tea Party 👀,2026-02-19T21:22:32Z,4272928,140546,3725,2026-02-25T20:34:36Z,20,Gaming,Tasty Husbands
QwCwDe8jaO0,Цепь на карьерном самосвале #факты #технологии,2026-02-22T14:05:02Z,5610136,29044,183,2026-02-25T20:34:36Z,22,People & Blogs,Kozy Mozy Production
zElBQhOlKPg,A “skin tag” may not be a skin tag 👀,2026-02-20T12:40:42Z,6982530,20654,218,2026-02-25T20:34:36Z,22,People & Blogs,dr.lindaxing
fvyfpaXpxts,Grey's Anatomy (2005) | A Bomb Inside the Patient 😱💣🏥,2026-02-20T09:10:15Z,5698104,264961,1252,2026-02-25T20:34:36Z,1,Film & Animation,Ronan Steele
1EL2wx7H5Qk,Asi castigan a los JUGUETES MALOS.... #drsackgaming #parati #horror #feedshorts #poppyplaytime,2026-02-19T22:38:34Z,5138456,54683,581,2026-02-25T20:34:36Z,24,Entertainment,Dr. Sack Gaming
vOhKkNr0Lq8,Hiding as a BLACKSMITH Structure!,2026-02-22T14:48:09Z,4430279,170576,983,2026-02-25T20:34:36Z,20,Gaming,CoffeeFuelledGenius
e1rXoz2Du1I,Jesus vs. Satanás: Apenas 1% dos que amam a Deus verão este vídeo de bênção😂 ✅✝️↔️❌👹 #Deus #Jesus✨🔔,2026-02-22T14:00:55Z,4279987,0,638,2026-02-25T20:34:36Z,22,People & Blogs,God's Message Today 0.2
RwO6hLVM6oA,Ranking Best I'm Just A Baby Trend Part 1 #shortsviral,2026-02-19T23:00:49Z,4534274,67447,112,2026-02-25T20:34:36Z,24,Entertainment,Homie Rank
FA4tBhTrO3U,Broguin drowned in the ice water PART 11  #roblox,2026-02-22T11:16:23Z,3904838,97369,1434,2026-02-25T20:34:36Z,20,Gaming,CocoLocoWyd
zf6jQ2otnDE,Sorprendi a mi mamá ❤️😱 #shorts #video #youtubeshorts #comedy,2026-02-19T02:37:25Z,5699656,40592,1495,2026-02-25T20:34:36Z,24,Entertainment,Soy Marie Oficial 
GZGEBxEvj_Y,It was such a vibe 🤣🤣🤣 #trending #comedy #funny #viralvideo,2026-02-20T21:43:34Z,6920420,22856,120,2026-02-25T20:34:36Z,10,Music,THE ROCK OF AFRICA
1qmemqVffI0,“The ending is really hilarious🎀🤣💯 #shortsfeed,2026-02-21T07:18:49Z,4981437,0,138,2026-02-25T20:34:36Z,24,Entertainment,editsbyRS
f48ev3b2wYs,From Printing X-Rays to… ? A Heartwarming Job Hunt,2026-02-22T14:00:53Z,5012733,204242,417,2026-02-25T20:34:36Z,22,People & Blogs,Cathy Bechtelar
IPR1SVN9Y3U,The clown overthought it.#joker #shorts,2026-02-20T12:00:24Z,4393033,30779,81,2026-02-25T20:34:36Z,22,People & Blogs,Untitled Joker
uB92_9V65Po,He Made a Secret Drawer… And No One Expected This! 😱,2026-02-23T06:29:59Z,4400362,0,34,2026-02-25T20:34:36Z,24,Entertainment,Dastan
ZFsrw_7FjoM,I built a hidden luxury storm bunker under a U.S. backyard,2026-02-20T14:12:58Z,6063140,51767,1139,2026-02-25T20:34:36Z,26,Howto & Style,Build Rescue Lab
iHaiYFi0kE0,The PROTOTYPE'S True Identity In Poppy Playtime Is HEARTBREAKING 🤡#shorts,2026-02-21T13:01:13Z,3810210,118230,856,2026-02-25T20:34:36Z,20,Gaming,Reapz
ck97ejftbJE,She Found A 1500 Year Old Sword In A Lake 😮,2026-02-22T20:00:21Z,20510546,838669,4468,2026-02-25T20:34:36Z,19,Travel & Events,Zack D. Films
UrA4Z7P5qgI,Paso a paso del Operativo que culminó con la muerte de “El Mencho”: Defensa - Estrictamente Personal,2026-02-23T14:42:03Z,1596953,11851,1888,2026-02-25T20:34:36Z,25,News & Politics,NMás
iwhgeBAx3gQ,"SCORE A PENALTY, WIN $1,000: LEGENDS EDITION",2026-02-23T17:01:06Z,1703705,50653,1358,2026-02-25T20:34:36Z,17,Sports,KSI
NbRn5mML32Q,Falling asleep on a flight takes me forever.,2026-02-21T19:11:21Z,8713445,26856,379,2026-02-25T20:34:36Z,22,People & Blogs,Anya Matusevich
#NAME?,Mamá le dio agua a Sonu 😱🤣,2026-02-20T15:55:00Z,3937101,39418,21,2026-02-25T20:34:36Z,22,People & Blogs,EpicCorto
a7jMtiTVuu8,Bar Brawl MASTERCLASS! Casey Bowman Wrecks 8 Thugs With a BEER! | Ninja#short #movie,2026-02-20T14:49:52Z,4366346,38720,222,2026-02-25T20:34:36Z,1,Film & Animation,Bella4
4Z8sYYw5tio,Ini Solusi Cerdas atau Sedang Menghindari Hidup Sendiri?,2026-02-19T10:00:09Z,4764915,57737,549,2026-02-25T20:34:36Z,22,People & Blogs,Aku Lewat
GGqywGnFzvk,😡 PROFESSORA EMILY EXPULSOU A AMY ROSE DA ESCOLA(TADINHA!😭😭),2026-02-21T14:25:08Z,4012969,88418,287,2026-02-25T20:34:36Z,22,People & Blogs,ninezinHISTORiaIA
qQqysj7Kwzo,"Todo pai teme esse dia, mas a filha deu a notícia… #humor",2026-02-21T00:08:04Z,5048545,74514,1196,2026-02-25T20:34:36Z,22,People & Blogs,Victao Edits
v3Usydj1RiM,POV: Escaping a Bear Into a Hidden Bunker,2026-02-22T23:30:18Z,4049837,29572,80,2026-02-25T20:34:36Z,22,People & Blogs,Mythic Shelter
LCLA2-GdYNo,What a big motorcycle brother,2026-02-22T12:16:59Z,5338763,20295,16,2026-02-25T20:34:36Z,24,Entertainment,FunVillage41
99py5WSQOu8,ade jadi anak sketboard😅🤣🤣🤣 #trandingshorts,2026-02-18T21:03:54Z,4885613,22560,172,2026-02-25T20:34:36Z,24,Entertainment,ade & kk
GaFRr7QHkEI,“When Dad Pretends to Feed a Panda Just to Make His Daughter Eat!” 🐼😂,2026-02-22T15:52:30Z,4018610,0,12,2026-02-25T20:34:36Z,24,Entertainment,Cr Fact
0o5GlC_SlC4,Güvenlik ile motorcunun medeni konuşması 🙄,2026-02-20T16:00:02Z,3777051,83145,988,2026-02-25T20:34:36Z,24,Entertainment,Zeytinsen
JbJBSpJdynw,Por Qué Disparan Flechas A Novia😨,2026-02-22T19:00:26Z,4097297,38867,47,2026-02-25T20:34:36Z,22,People & Blogs,Numbat Shortz
Giq7Vs34WGo,"Introducing the ""VitalWear SmartBand,"" a next-generation wearable gadget",2026-02-20T10:19:57Z,4666594,0,54,2026-02-25T20:34:36Z,24,Entertainment,Mr fun facts
neHgy5GwTjY,This Parrot Just Wanted to Be a Mom 🦜💛,2026-02-24T03:13:53Z,3465559,70106,643,2026-02-25T20:34:36Z,22,People & Blogs,Infi's Diary
VyY5FowPEPQ,TANKER REACT We Took a Heart Sand Photo! #kpopdemonhunters #huntrix #kpop #cosplay,2026-02-21T17:00:49Z,5644141,17504,11,2026-02-25T20:34:36Z,22,People & Blogs,TANKER
zQh4dFPrekQ,Sonic destroy Eggman car 💀😱 | Sonic the hedgehog | #sonic #edit #shorts #animation,2026-02-22T22:00:51Z,4388865,27942,144,2026-02-25T20:34:36Z,24,Entertainment,Ranedits
NksOjUslxOg,#movie In this gripping deep dive into the 2007 thriller The Brave One,2026-02-19T12:21:23Z,3697154,76474,534,2026-02-25T20:34:36Z,29,Nonprofits & Activism,American Premiere
QF--WodKE3w,Terra Formars (2016) | Serum Injection Begins – Humanity Evolves to Face the Roach Army 🧬,2026-02-23T11:18:36Z,3582387,39534,121,2026-02-25T20:34:36Z,1,Film & Animation,Beenle
KgeJnAwS-zQ,POV: you’re doing soundcheck…and a 10 year old DJ takes your job🔥.  #darbuka #rodolphemanoukian #dj,2026-02-18T20:03:07Z,3624605,70936,392,2026-02-25T20:34:36Z,22,People & Blogs,Rodolphe Manoukian
NMezK_S0sEs,Ibu ayam diperban? Anak ayam panik cari biangkeroknya🤣❕,2026-02-20T11:31:25Z,4236880,17741,5,2026-02-25T20:34:36Z,24,Entertainment,Nara_Dewi
bFQgOLnTbPU,How modern parents raise a child,2026-02-21T23:00:51Z,2871813,56605,188,2026-02-25T20:34:36Z,24,Entertainment,Loren Stories
GAO3-M6CoTE,Pagal Mercedes Built the CLR GTR at $2.5 M only a few lucky drivers experienced power#reelschallenge,2026-02-24T01:00:16Z,5424777,16231,3,2026-02-25T20:34:36Z,24,Entertainment,BILU BEASTX
paI9ekf8fwY,How to Turn a $20M Ask Into a $70M Deal  #bigbang #lol #comedy #thebigbangtheory  #shorts,2026-02-20T16:22:48Z,4166573,85524,350,2026-02-25T20:34:36Z,20,Gaming,Tasmia Gaming
7tRilROVq28,Estos perros hicieron lo imposible por volver a casa,2026-02-21T17:25:00Z,3116972,56060,74,2026-02-25T20:34:36Z,22,People & Blogs,Archivo Curioso
4Rcr9H7qr7k,The Ultimate Laugh Challenge: Top Funny Clips! 😂 #boomnationtv #funny #comedy #memes,2026-02-19T15:00:14Z,3557907,0,782,2026-02-25T20:34:36Z,23,Comedy,Boom nation tv
vv_FnKy3p2Q,I dived 50ft to save my dog from a sinking car... 🌉😱 #rescue,2026-02-21T21:09:35Z,4376523,58044,235,2026-02-25T20:34:36Z,24,Entertainment,ZooPhenomena
U_dTVwsLxWw,Her First Time as a Mom 🥹🐾,2026-02-21T12:30:42Z,3602245,61152,139,2026-02-25T20:34:36Z,24,Entertainment,L Facts
CsTjkRi3tQg,Leozinn 077💡Reclamou Do Patinete Para a Vovó!😱,2026-02-22T17:30:03Z,3013040,51808,49,2026-02-25T20:34:36Z,24,Entertainment,Timer Quiz
EZRLTkv-TWs,подписки и разбитое сердце,2026-02-22T11:00:00Z,3271289,93328,591,2026-02-25T20:34:36Z,22,People & Blogs,ПОСЛЕДНЯЯ ИЗВИЛИНА
InSvvMGZqUw,The truth of a Corvette spare tire,2026-02-23T18:15:52Z,3943025,78380,1095,2026-02-25T20:34:36Z,2,Autos & Vehicles,Exotic Rubber
SjqzpgH9LVs,He does miracles A🤪🤔🌟#amen#prayer #shorts#deus #jesus #bible,2026-02-21T08:40:47Z,4021067,15257,6,2026-02-25T20:34:36Z,24,Entertainment,OG•Madhuxzy
yFkQRcwBbtQ,Dedektif Cücük Otelde 🔎🫆🕵️‍♀️,2026-02-22T12:11:04Z,3794196,20688,92,2026-02-25T20:34:36Z,22,People & Blogs,Selin Nila
dKPPI-CfX3Y,📍Adele stops her concert to help a fan pull off the ultimate surprise proposal 💍,2026-02-18T19:41:30Z,2738440,163788,1219,2026-02-25T20:34:36Z,10,Music,Billboard Nigeria
5Acm8oqS80s,Atropel*do por um Trem,2026-02-23T22:53:54Z,3224363,158091,1413,2026-02-25T20:34:36Z,27,Education,"Investiga, Pinhel! "
sFbs_8T85zU,"Awalnya Zonk, Jebakan Kedua Berisi Ikan Mirip Buaya dan Koi!",2026-02-23T09:01:13Z,3157202,27898,52,2026-02-25T20:34:36Z,15,Pets & Animals,Uj Official 
#NAME?,A disabled duckling helps his cat friend #DuckRescue #CuteAnimal #AnimalRescue,2026-02-21T15:13:54Z,3797373,10828,14,2026-02-25T20:34:36Z,24,Entertainment,Vikashnisha kushwaha official
aHB3IebUpoY,Spiderman and Hulk play a prank on Hulkbuster 🤣 🤣 🤣,2026-02-21T13:00:00Z,3565158,22111,13,2026-02-25T20:34:36Z,22,People & Blogs,SpideyFat
tJJ6PQLUTc0,how to make a youtube thumbnail!,2026-02-22T19:15:03Z,3986280,92792,806,2026-02-25T20:34:36Z,24,Entertainment,Shumby
90rgeXm6JGM,"Essa criança tomou a decisão certa, mas o professor foi mais esperto 😂 #shorts",2026-02-21T16:30:06Z,3804944,43225,68,2026-02-25T20:34:36Z,24,Entertainment,Doutor Shorts
25G0CIlTwPg,What my Vietnamese family eats in a day,2026-02-22T12:21:03Z,3110464,147766,1491,2026-02-25T20:34:36Z,22,People & Blogs,Uyen Ninh
s7JQsdF60x8,He’s a Legend 😤,2026-02-22T12:01:21Z,2879853,101930,3426,2026-02-25T20:34:36Z,23,Comedy,Onevilage
iLB3Dc3YeRw,Kasihan Uangnya Ikut Hangus,2026-02-21T12:43:52Z,3331947,0,476,2026-02-25T20:34:36Z,24,Entertainment,Nur Hamka Channel
m3iFQo9vAxo,The Prehistoric Hunter With A Half-Body-Length Neck,2026-02-23T17:30:00Z,5143328,29094,242,2026-02-25T20:34:36Z,27,Education,Jaqqs
CXUN0vA3juo,His Dead Dog Sent the New Puppy a Message 😭😭,2026-02-22T13:04:19Z,2884739,135548,531,2026-02-25T20:34:36Z,20,Gaming,Near
Gqd2aXYuvAU,The CEO Owner OF ChatGPT is Crazzzzyyy! Sam Altman Facts #shorts,2026-02-22T14:30:20Z,2644388,143332,1365,2026-02-25T20:34:36Z,27,Education,FactTechz
TQ0b_mxeHDc,I SURPRISED MY BROTHER WITH AN AVOCADO COSTUME 🥑😭 #brother #halloween #foryou #shorts,2026-02-22T09:02:57Z,2538048,21084,424,2026-02-25T20:34:36Z,24,Entertainment,SodaSneakSally
Au-5X7F7wbI,The crosshair stepped on a landmine#shorts #viral #trending #shortvideo #starwars,2026-02-22T11:31:00Z,3279863,139774,857,2026-02-25T20:34:36Z,1,Film & Animation,Thorne Frame
pMxK4a0P1dE,Digan A #comedy,2026-02-23T16:45:43Z,3268815,37077,235,2026-02-25T20:34:36Z,23,Comedy,Señorita Influencer
uZmMKJ-P2Ec,Where Is the Best Seat on a Plane 🤔,2026-02-21T14:01:30Z,2916180,71786,255,2026-02-25T20:34:36Z,1,Film & Animation,NYKentertain
8q1X-KvbCTY,Cara Paling Gila Merilis Album Musik,2026-02-21T03:00:07Z,3480205,0,31,2026-02-25T20:34:36Z,24,Entertainment,RMDzone
eO1jrR28CIc,A small help can change someone's whole life. ❤️,2026-02-19T13:16:35Z,3457907,0,197,2026-02-25T20:34:36Z,24,Entertainment,ForgeCine AI
wliH0fJvRtk,WATCH FULL Trump State of the Union 2026,2026-02-25T05:15:14Z,197965,6836,1799,2026-02-25T20:34:36Z,25,News & Politics,LiveNOW from FOX
LZ3olKqXU4A,Happiness Kisses Raven | There was a Cute Girl in the Hero’s Party,2026-02-24T18:00:31Z,39393,1544,79,2026-02-25T20:34:36Z,1,Film & Animation,Crunchyroll
jG-97ngp8r8,A Girls Hustle (Episode 3) Why TK Hustle,2026-02-25T01:43:43Z,11241,628,0,2026-02-25T20:34:36Z,1,Film & Animation,X2
K0iS-uI4ozU,The Terror of the Mysterious Cage😱 #wwe #wrestling #shorts,2026-02-20T06:00:30Z,4555102,60753,38,2026-02-25T20:34:36Z,24,Entertainment,Wrestling Secrets BD 
#NAME?,These Artists can ONLY Draw with an Eraser,2026-02-22T15:13:31Z,3364448,199851,1134,2026-02-25T20:34:36Z,24,Entertainment,SLEW
4CExrrW67Wo,POV You Are in a Bunker Inside a Massive Tree 🌳 #survival,2026-02-21T16:26:05Z,3754847,38452,316,2026-02-25T20:34:36Z,24,Entertainment,Ryuzel Zel
9o_rwyvHD8A,ATI ka bhootMercedes Built the CLR GTR at $2.5😅only a few lucky drivers experienced#reelschallenge,2026-02-21T01:00:24Z,4061771,14784,1,2026-02-25T20:34:36Z,22,People & Blogs,Bukhari King
DOgydV01YJ8,"Introducing the ""VitalWear SmartBand,"" a next-generation wearable gadget🎉 part 381",2026-02-23T05:38:12Z,3280120,0,318,2026-02-25T20:34:36Z,22,People & Blogs,Official Mohit Bhind
DIQoQ_bsAtY,Mom Making Sure I'm Asleep On A School Night.,2026-02-22T15:30:07Z,3901828,118001,924,2026-02-25T20:34:36Z,23,Comedy,Ryan HD
vQbecz1KpLc,🇮🇳 lioness destroys a Brit over #Kohinoor! #briefchaat #indianjewels #sonekichidiya #britishroyals,2026-02-21T05:01:21Z,2982621,83331,4326,2026-02-25T20:34:36Z,22,People & Blogs,BriefChaat
Io4wnUqdwWc,Es un genio este payaso #humor #shorts #viral,2026-02-20T21:30:00Z,3659354,27676,179,2026-02-25T20:34:36Z,24,Entertainment,Mark MirandaPLUS
jzKneuS_JRc,"""When a coat is made for just one person... it's destined to become a legend."" #shorts #trending",2026-02-19T10:03:22Z,5216588,78936,860,2026-02-25T20:34:36Z,22,People & Blogs,editorial 7
FQEB_2-1nqE,Hice Reprobar A 30 Niños ⚠️,2026-02-22T21:00:25Z,2901357,69350,324,2026-02-25T20:34:36Z,24,Entertainment,Skydimers
__-873xbT3o,Monkeys Worshipping Hanuman Ji Inside a Cave 😱🚩🙏 | Devotion Scene #hanuman #jaishreeram #shorts,2026-02-19T15:21:03Z,4134154,74002,375,2026-02-25T20:34:36Z,22,People & Blogs,mythoxpov
toXszdnHxXE,This Love Note Has a Backup Plan! 🤣🤣,2026-02-20T19:05:00Z,3696200,107530,1108,2026-02-25T20:34:36Z,22,People & Blogs,BlobbyClips
Boa5rdSArd0,The Most Well Preserved Mummy Ever Found,2026-02-22T16:10:03Z,2532228,195353,1323,2026-02-25T20:34:36Z,25,News & Politics,Cleo Abram
XmYbidHhTGo,Si Roba Un Brainrot Fuera Al Revés,2026-02-22T15:00:00Z,2672282,57677,15075,2026-02-25T20:34:36Z,20,Gaming,Juega Jesús
QOb-A4Ej1cE,Por Esto Nunca Grabes Sola en un parking vacío a Media Noche 😱👻,2026-02-22T17:00:00Z,2462514,74252,2047,2026-02-25T20:34:36Z,24,Entertainment,sdiux
ojyzVnUVfvA,This Is Why Loud Superbikes Aren’t Always a Good Idea!,2026-02-21T00:30:46Z,2997392,77937,1553,2026-02-25T20:34:36Z,24,Entertainment,Ayush ingle
fmieoSTI_yY,LIVE: Trump delivers State of the Union address (full speech),2026-02-25T06:51:31Z,1470326,13393,1214,2026-02-25T20:34:36Z,25,News & Politics,Associated Press
dO_K3l76Xd4,El Abrahaham le regala 500 dólares a Hollman por error | #elabrahaham #shorts,2026-02-23T20:57:16Z,2531946,53885,559,2026-02-25T20:34:36Z,20,Gaming,Lo Mejor De Abrahaham
0BW6OX-84Og,Intentó robar el coche a la persona equivocada!🤣 #peliculas #series #shorts,2026-02-21T22:20:00Z,3218525,0,400,2026-02-25T20:34:36Z,1,Film & Animation,Neromerta
JqZ4oa2taw0,Help Me Save My Friend!,2026-02-21T14:00:34Z,2339539,78322,444,2026-02-25T20:34:36Z,24,Entertainment,Alan's Universe
vOwF5LtWQUU,Bocil kribo beruntung banget nemu rangka sepeda #shorts #reactionvideo #react #eldanboy,2026-02-21T11:15:05Z,2921108,11532,40,2026-02-25T20:34:36Z,10,Music,EL DAN BOY
h_VZ0N5HTjo,it's just a tank going in circle ⭕🛞,2026-02-21T02:07:30Z,4496836,0,1107,2026-02-25T20:34:36Z,22,People & Blogs,Z Y A N 02
vypf0uhpfCk,She Turned a Police Chase Into a Game of Bumper Cars,2026-02-21T20:24:57Z,2757424,47051,2310,2026-02-25T20:34:36Z,24,Entertainment,ReelzChannel
xS36brV-Exg,Ever seen a horse race like this 🤣🔥 Mississippi is different 🤞,2026-02-21T14:58:10Z,2996408,53862,3196,2026-02-25T20:34:36Z,17,Sports,Sportz Clipz TV
RY7EpSp2KTI,He built a Riverside hidden bunker 🏞️ #satisfying #transformation #diy #construction #bunker,2026-02-21T10:26:35Z,3006057,17630,131,2026-02-25T20:34:36Z,22,People & Blogs,RenovMan
FBk1SkFOj_g,Seeing Ilia Malinin & Adam Siao Him Fa do a synchronised BACKFLIP at the OLYMPICS Exhibition Gala🤯,2026-02-22T07:06:19Z,2731891,69277,544,2026-02-25T20:34:36Z,19,Travel & Events,"Lighttravelsfaster - Eileen Rhein, Esq."
ZAUl-4L-sy4,A Conversation That Feels Too Familiar in 2025 👇,2026-02-23T13:04:42Z,2735619,97582,2048,2026-02-25T20:34:36Z,24,Entertainment,mdscae
anT4nCxx6Qk,O astronauta mágico que perdeu a paciência!,2026-02-21T15:26:48Z,2790364,21747,18,2026-02-25T20:34:36Z,22,People & Blogs,Shortszeras 
2_WUzugPtmI,El tiro libre más difícil de concentrarse 😂🏀,2026-02-19T15:00:07Z,2711855,48348,715,2026-02-25T20:34:36Z,17,Sports,Entrénate para la Vida
J1e8Ux_RL3Y,“Viral! Pengakuan Mengejutkan Anak Tentang Ibu Tirinya Sebelum Tutp  Us*a”,2026-02-21T00:10:03Z,5383727,14450,770,2026-02-25T20:34:36Z,24,Entertainment,Fafa family 
f8Lc_ee2BPA,A world where everyone speaks only the truth.,2026-02-20T21:40:25Z,2464995,103788,530,2026-02-25T20:34:36Z,22,People & Blogs,9-1-1 house
2oHYYau4F3Q,""" Bro Casually Jumped Off A Cliff "" - Tom Cruise Edit | Mission Impossible | Loucura Letal Slowed",2026-02-20T10:22:35Z,1808518,0,84,2026-02-25T20:34:36Z,22,People & Blogs,ICON EDITZ
q5142LEh3Tc,JALAN SESUAI WARNA DADU!!,2026-02-23T10:15:11Z,2230893,26578,40,2026-02-25T20:34:36Z,24,Entertainment,Yudist Ardhana
tvMJTErjf20,From cute ladki to Anti - what a turn! 🤣😂🎀💯 #shortsfeed,2026-02-21T08:24:00Z,2319860,0,79,2026-02-25T20:34:36Z,24,Entertainment,editsbyRS
usj8gpiehAY,A Mother Even Works in Dirty Sewers to Save Her Sick Son.,2026-02-21T12:43:28Z,2699489,41574,119,2026-02-25T20:34:36Z,22,People & Blogs,SurvEcho
S7Z0dyge2Po,cows made a surprise visit to the shop pushed some items and walked out calmly...🐮 #shorts,2026-02-21T14:20:06Z,2246857,44302,453,2026-02-25T20:34:36Z,24,Entertainment,contentkikami
FDiH-7heBlo,"Introducing the “CrickoWear Pro Band,” a revolutionary next-generation smart wearable🎉",2026-02-24T00:51:58Z,3159090,30165,356,2026-02-25T20:34:36Z,17,Sports,CrickBox11
U3_EhDTctPk,✨HODAAA✨Contexto Solo yo puedo molestad a mi hermano😂#comedy#skit#Pov#Foryou,2026-02-21T01:01:21Z,2295050,38595,77,2026-02-25T20:34:36Z,22,People & Blogs,lsjmmmm
L1XPa9Qvp4g,they build a house inside the tree #shortvideo,2026-02-21T10:45:04Z,2898921,0,15,2026-02-25T20:34:36Z,22,People & Blogs,Top 3 Viral
alsykOBdhp4,menemukan sarung tangan ajaib di pinggir jalan.,2026-02-22T04:47:00Z,2696104,13249,3,2026-02-25T20:34:36Z,24,Entertainment,Vlog Vampir
zCGGg9tBi9c,Alysa Liu Walked Away From Skating… and Came Back a Champion 🥇,2026-02-21T00:31:10Z,2484273,65692,436,2026-02-25T20:34:36Z,1,Film & Animation,Heartsnreels
l60_D-S2OO4,Lisa becomes a magician... #thesimpsons #thesimpsons #funny,2026-02-21T04:29:00Z,1998177,54102,170,2026-02-25T20:34:36Z,22,People & Blogs,Myth_analyst
IuuvPLo-xCc,Pierde recompensa por no regresar cartera a millonario 😭 lloramos,2026-02-20T03:12:39Z,2162915,56889,423,2026-02-25T20:34:36Z,22,People & Blogs,Fernando Ayuda
ArgSFl8kRMA,A Simple Gesture That Changed the Moment wood working art_hand crafts_#shorts,2026-02-23T02:35:21Z,2134825,50051,37,2026-02-25T20:34:36Z,1,Film & Animation,Trendy Facts 
u8acGf21Bic,SORPRENDIÓ a TODOS con esta GENIAL IDEA para DECORAR el JARDÍN de su CASA,2026-02-20T17:30:00Z,2738392,30670,139,2026-02-25T20:34:36Z,24,Entertainment,Juan Perez
4xTW3NxK5qs,A Million Ways to d*e in The West (2014) | Duell zwischen Clinch und Stark,2026-02-21T15:04:10Z,2409741,57069,142,2026-02-25T20:34:36Z,22,People & Blogs,Story of the day
gk2xexSzONc,I Didn’t Expect This From A Kids Adjustment…,2026-02-20T20:55:01Z,2120029,56051,1251,2026-02-25T20:34:36Z,24,Entertainment,Dr. Holden Stanfill
FSg5864Yuyg,If an Introvert turns into a Extrovert,2026-02-22T04:01:33Z,3372095,33828,65,2026-02-25T20:34:36Z,22,People & Blogs,tufffdt
lekAYYHrboE,a north korean escapee found my video,2026-02-22T16:01:00Z,3583640,153645,1630,2026-02-25T20:34:36Z,24,Entertainment,RoyalPear
hNmyplywKFg,O rei foi desafiado no jogo do reflexo #shorts,2026-02-18T21:00:47Z,3116298,26643,22,2026-02-25T20:34:36Z,24,Entertainment,Capitaobritto
a5T-G6epuw8,Learning to Share: Chris and Mike’s Sharing is Caring story,2026-02-21T10:00:00Z,1621565,4281,0,2026-02-25T20:34:36Z,24,Entertainment,Chris kids show
zxPMhRQnI84,Patrick Jane Gets Caught Vandalizing the Bathroom #shorts,2026-02-21T14:22:14Z,2588683,137232,626,2026-02-25T20:34:36Z,22,People & Blogs,floxseditz
IJJIgwI-mT8,The Tool That Creates a Perfect Y Weave Pattern ⚒️ #shorts,2026-02-22T19:03:49Z,3547909,40775,629,2026-02-25T20:34:36Z,22,People & Blogs,Invention
VOVHxyObM-g,When the Queen is getting ready in the bathroom #Milliebobbybrown,2026-02-22T01:29:54Z,2849983,36554,324,2026-02-25T20:34:36Z,22,People & Blogs,Celeb Quill
SudT7jK4RTE,The Dumbest Solution For The USA! 😭😭,2026-02-21T18:00:34Z,3115489,91561,2354,2026-02-25T20:34:36Z,22,People & Blogs,BlobbyClips
l99Wxk3UNdo,"My mom raised me as a single mother, never knowing who my father was because of the circumstances",2026-02-21T11:23:17Z,2318886,13344,42,2026-02-25T20:34:36Z,24,Entertainment,Silk Glow Channel 
7nbIcNYYCCU,Venom vs. Dog Fighters | The Most BRUTAL Scene in The Last Dance (2024) 🔥,2026-02-19T13:53:06Z,2218684,25609,54,2026-02-25T20:34:36Z,22,People & Blogs,Scene Analysis
veG00J9JA-c,The Final Boss Of Negotiation 🤝,2026-02-23T01:03:25Z,2511534,86590,380,2026-02-25T20:34:36Z,24,Entertainment,ItsFrankyBoi
yDSnfjEIUO0,Quick Trick to Draw a Crab! 🦀🤯 #linhchihihi #messyclassroom #schoolcrush #schooldrama,2026-02-23T10:01:24Z,2449295,61307,127,2026-02-25T20:34:36Z,22,People & Blogs,Linh Chi
xgqaLUAQRe0,When Your Suspension Is Expensive Than A Lamborghini ☠️,2026-02-21T12:39:12Z,2847146,0,703,2026-02-25T20:34:36Z,2,Autos & Vehicles,Sh1ft Hub
w04ISULJwL4,Referee Gave a Red Card to a player 😹⚽ | Funniest Football Moment #football #soccer,2026-02-21T14:26:46Z,4530470,6860,163,2026-02-25T20:34:36Z,22,People & Blogs,Paw Panda
NJX4LBUjjDg,Reed Roof Thatching by a Craftsman’s Hands: The Fixing and Smoothing Process,2026-02-22T15:36:21Z,4559708,9230,42,2026-02-25T20:34:36Z,22,People & Blogs,HardCraft Vision
dpTTo__v4KE,David Miller! What a player 😭| Princy Parikh #india #cricket #indvssa #t20worldcup #icc #worldcup,2026-02-23T03:24:13Z,2393107,32943,240,2026-02-25T20:34:36Z,22,People & Blogs,Princy Parikh
kgurFXQ5MZA,AURA Moment in Steal a Brainrot #roblox #robloxshorts #trending #shorts #usa,2026-02-21T16:44:15Z,2325493,52056,594,2026-02-25T20:34:36Z,20,Gaming,Tomaa
Xs0HZOTuZZg,ele deu o Ouro pro Rival?,2026-02-23T21:58:49Z,2731537,158020,1872,2026-02-25T20:34:36Z,27,Education,"Investiga, Pinhel! "
MAwwocBjxoY,Puxaram o boné de um Streamer fitness e teve a calvice exposta,2026-02-24T01:15:20Z,2568786,145058,2088,2026-02-25T20:34:36Z,20,Gaming,Sev7n Games OFICIAL
C3ar8SAwO6I,El Cartel de México Bloquea a un Motociclista (LandonBishoff),2026-02-23T01:05:42Z,2429568,71754,410,2026-02-25T20:34:36Z,2,Autos & Vehicles,NixR34
zMRsSdeLgHg,The first outfit is actually a dance costume believe it or not (not a cheer uni),2026-02-21T07:50:58Z,2531352,48411,344,2026-02-25T20:34:36Z,17,Sports,Rylie Shaw 
K0xriVXFFUk,Vio el FUTURO 👀📺 #mrrelevante #momentosépicos #culturapop,2026-02-23T00:35:59Z,1840760,77138,1427,2026-02-25T20:34:36Z,1,Film & Animation,MrRelevante
olhzlBN7wEw,"Introducing the ""VitalWear SmartBand,"" a next-generation wearable gadget😭",2026-02-22T00:12:48Z,3384661,36684,266,2026-02-25T20:34:36Z,24,Entertainment,Nishal Man
_aWqT5dKY2E,Why Ice Cream Was Better as a Kid! 🤔🤔,2026-02-23T22:16:23Z,2551065,53798,203,2026-02-25T20:34:36Z,22,People & Blogs,BlobbyClips
fFCe7uqTl9c,"Denzel Washington: It's just a movie, it ain't that big a deal.",2026-02-19T23:30:47Z,2151538,53882,1608,2026-02-25T20:34:36Z,27,Education,TheWealthrive
prD-zbe5n_k,She Turned Into A Mummy Just For Fun 😍😍 #blackpink #kpop #lisa #jennie #jisooo #rose,2026-02-21T04:30:23Z,3291513,12552,179,2026-02-25T20:34:36Z,22,People & Blogs,Your Zesty
8WoMayPrNnc,UNEXPECTED job for a 14yo? 🤯 Ep. 511 🪜,2026-02-21T19:35:44Z,2255886,81365,752,2026-02-25T20:34:36Z,27,Education,Max Klymenko
3w1yOcYPDh4,Shalini makes a graceful entry at the JFW Movie Awards 2026.🤩😍,2026-02-21T09:33:34Z,2168056,44040,107,2026-02-25T20:34:36Z,24,Entertainment,JFW Binge
0uvZZt8aNCs,Steal a brainrot PUBLIC SERVER RAGEBAIT 💀,2026-02-22T15:24:34Z,2486755,15556,214,2026-02-25T20:34:36Z,20,Gaming,Sxzxr
Ec9cV40DBzk,The Ancient Trick That Turns Ice Into a Treasure,2026-02-21T07:45:00Z,2697716,54471,461,2026-02-25T20:34:36Z,24,Entertainment,Earth's Journal
FNi3BiSXxPM,El niño mato a sus padre por un Xbox 😱,2026-02-22T00:30:00Z,2026835,63740,385,2026-02-25T20:34:36Z,24,Entertainment,Daarl Shortz
jIUqxDoJp5E,THE SHARK WITH A SNAKE'S MOUTH,2026-02-20T18:01:01Z,3708180,32551,604,2026-02-25T20:34:36Z,22,People & Blogs,Vortex Revelations
kw5c9hgtyPE,동생에게 주인이 생겼습니다,2026-02-21T05:33:44Z,3781993,27370,242,2026-02-25T20:34:36Z,24,Entertainment,오늘은너
CtjqG758juA,This Wedding Just Took a Wild Turn 😬🔨#therookie #tvshow #crimeseries,2026-02-23T14:00:17Z,2500088,130337,380,2026-02-25T20:34:36Z,22,People & Blogs,Amine27
_chWxkj6EA4,THE LAST BOX CHANGED EVERYTHING 😱🤯,2026-02-22T00:00:46Z,2339173,106628,2598,2026-02-25T20:34:36Z,23,Comedy,LazyDevv
eyKnudJUndA,猫に優しい国・トルコのシェフ❤️ #shortvideo #トルコ　#野良猫,2026-02-21T09:00:53Z,1801421,19168,223,2026-02-25T20:34:36Z,24,Entertainment,ゆっくりキ〇ガイ
ZeNnJuRj9bA,Khoảnh khắc vỡ òa hạnh phúc của người mẹ 🥰❤️,2026-02-21T13:15:05Z,2442303,24288,93,2026-02-25T20:34:36Z,22,People & Blogs,Mỗi Ngày Một Chút
LUsMcedzZyI,Dada arrested jalpari but a boy saved jalpari from dada.       #dada #diamonds  #shorts  #cartoon,2026-02-21T07:55:58Z,1813600,17256,8,2026-02-25T20:34:36Z,22,People & Blogs,Satories House
q7rJa648LUQ,How A Tiny Rock Can Crack A Helmet And Break Bones,2026-02-23T11:12:46Z,4075902,19794,148,2026-02-25T20:34:36Z,22,People & Blogs,Jaqqsa
yUoe1Yg3xN4,Can't Wait For Hero Barbarian Barrel 💀,2026-02-21T15:24:46Z,2164235,44996,645,2026-02-25T20:34:36Z,20,Gaming,MORTEIRO
jgF26i5j7x4,El Chico Les Hizo Una Broma A Todos Sus Amigos ❤️,2026-02-22T21:10:32Z,2210596,70389,166,2026-02-25T20:34:36Z,22,People & Blogs,Parthenatos
KwPWSUBR1nk,El TOCINO AMABLE FUÉ AGRADECIDO Gracias a ESTOS BRAINROTS! 💔😥,2026-02-22T00:34:00Z,1937863,0,394,2026-02-25T20:34:36Z,20,Gaming,SANTYPRO
UeEQxAVDFfE,Volvi a romper mi telefono nuevo? 🤯😱🥶🤩,2026-02-23T22:41:39Z,1939669,63847,965,2026-02-25T20:34:36Z,20,Gaming,Diosdado Juarez
PDSpHyytVCs,La Salsa Más Aterciopelada del Mundo,2026-02-23T22:07:55Z,1712079,133518,883,2026-02-25T20:34:36Z,22,People & Blogs,GastonGBG
#NAME?,LIVE Monologue: A Dark Speech Filled With Divisive Lies | USA Women's Hockey Gets A Better Offer,2026-02-25T06:20:48Z,2021350,80740,4400,2026-02-25T20:34:36Z,24,Entertainment,The Late Show with Stephen Colbert
91-HDdVWidQ,A los 9 años me secuestraron y me entrenaron para matar | Beto #Penitencia 177 #entrevista #México,2026-02-24T14:00:07Z,1189848,46263,5576,2026-02-25T20:34:36Z,22,People & Blogs,Penitencia
oDBlhitCh08,Steal a Brainrot Taco Tuesday,2026-02-25T00:12:01Z,913397,8960,38,2026-02-25T20:34:36Z,20,Gaming,KreekCraft
dLanLQkGXlc,O Palhaço Pegou a Bala e Levou Ela Pra Floresta!! *ela sobreviveu?,2026-02-24T21:40:11Z,1085037,50706,4134,2026-02-25T20:34:36Z,20,Gaming,Taspio
jmdpINE0ttQ,O será que aconteceu aqui? 😳 @A@ApolloSantviral #tutorial #entretenimento,2026-02-24T02:11:37Z,2630987,12124,25,2026-02-25T20:34:36Z,24,Entertainment,Mayca Brasil
8sAVQWKgMjg,Baby Keem - Birds & the Bees (Official Video),2026-02-23T20:15:01Z,884941,73573,4581,2026-02-25T20:34:36Z,10,Music,BabyKeemVEVO
Nl747nirBEY,ye kya Howa Mercedes Built the CLR GTR at $2.5 M only few lucky drivers experienced #reelschallenge,2026-02-22T13:00:47Z,23317394,75479,14,2026-02-25T20:34:36Z,22,People & Blogs,Shah G
lDaX8qWe-_g,Cambio a su Hija por un Plato de Comida #drama #tv #movie #novela #historias,2026-02-20T18:54:00Z,6248349,147584,736,2026-02-25T20:34:36Z,22,People & Blogs,Josias Mosquera
U5b3pFGSvSk,The secret of the clown.#joker #shorts,2026-02-21T16:00:41Z,7753491,69046,57,2026-02-25T20:34:36Z,22,People & Blogs,Untitled Joker
lMAXFOLFLng,The BEST MAGIC REACTION with THROBBIN vs THE FLASHER 😱 #magic #funny #youtubeshorts #fyp,2026-02-21T16:59:24Z,5391811,270892,1880,2026-02-25T20:34:36Z,24,Entertainment,Tyler Sherwin
uIQAeZa-HbE,입원 중에 가스 새는거 감지하고 신고한 디시인,2026-02-20T23:01:12Z,2647445,38921,701,2026-02-25T20:34:36Z,22,People & Blogs,레리리
c3UATdEm9KY,vijay is really a gentleman ♥️🥰 #aliabhatt #deepikapadukone #bollywood #viralshorts,2026-02-21T16:06:06Z,3636584,0,69,2026-02-25T20:34:36Z,24,Entertainment,Filmy Raftaar 
tmhrqr8Ueyk,El Día que Le Detuve Un Golpe a Mi Papá😱😱,2026-02-23T22:36:22Z,2086591,86652,936,2026-02-25T20:34:36Z,20,Gaming,Alex Crashers
ck2oFuAsjUk,I shot with FIRE for a video 🔥!! #shorts #bts,2026-02-21T09:37:35Z,2317627,0,21,2026-02-25T20:34:36Z,22,People & Blogs,Komal Soni
YZUNElBC1XU,💍¡La boda estaba a punto de cancelarse… pero este vestido salvó su honor en el último segundo! 😱👗✨,2026-02-21T15:30:23Z,1851963,0,2994,2026-02-25T20:34:36Z,22,People & Blogs,Zentero
sstZa0Wy0KA,Le moment où il a su que c’était LUI 🐶 #shorts,2026-02-22T21:14:07Z,2471109,91497,346,2026-02-25T20:34:36Z,22,People & Blogs,FlixFollower
j3ouFqgoe9w,NUNCA TE CRUCES A UN PAYASO MEXICANO... ARGENTINOS SE PARTEN DE RISA! #shorts #humor,2026-02-22T21:24:53Z,2274994,31603,166,2026-02-25T20:34:36Z,24,Entertainment,Cachorro Free
CLrBtYZ5IHA,A Little Hero with a Big Heart,2026-02-23T14:40:00Z,1756782,31491,669,2026-02-25T20:34:36Z,1,Film & Animation,Mr Explainer
lvFvYh2ROWo,Cuando pides mucha salsa 🤣 #shorts,2026-02-22T02:30:29Z,2044701,16820,39,2026-02-25T20:34:36Z,22,People & Blogs,Cristofher Hernandez
V9dmkpbJiYo,MILAN-COMO | HIGHLIGHTS | Paz and Leao Shine in Milan | SERIE A 2025/26,2026-02-18T22:33:46Z,969363,14307,455,2026-02-25T20:34:36Z,17,Sports,Serie A
QQ2jXHt3LH4,Vegeta Saved Goku in the Craziest Way! 🚁🔥 Emotional Story #shorts #goku,2026-02-23T07:56:20Z,1402500,59353,108,2026-02-25T20:34:36Z,24,Entertainment,DM Originative
Ao_jPcLgToA,DO NOT GO TO THE KPOP DEMON HUNTERS CONCERT AT 3 AM...,2026-02-21T19:00:06Z,741043,15361,3957,2026-02-25T20:34:36Z,20,Gaming,The Besties 
OTwkAsvCnDo,"DRUMS OF THE MASQUERADE(EKWEDIKE)(New Movie)FREDERICK LEONARD, LIZZY GOLD 2026 Latest Nigerian movie",2026-02-23T16:00:37Z,841571,16088,2575,2026-02-25T20:34:36Z,24,Entertainment,SUNYRICHY NOLLYTV
zG3GVg_hQ_o,"BREAKING: Armed man shot, killed at Mar-a-Lago, Secret Service says",2026-02-22T14:11:32Z,698811,13299,5942,2026-02-25T20:34:36Z,25,News & Politics,Fox News
Rj9Gturk6rQ,Жительница Воронежа устала от запретов! Каждое утро что-то новое,2026-02-23T17:00:00Z,1091738,48684,5780,2026-02-25T20:34:36Z,25,News & Politics,Лига Свободных Наций
TiArx5AoZKk,ENTENDA A M0RTE DE EL MENCHO E AS CONSEQUÊNCIAS NAS RUAS MEXICANAS,2026-02-23T00:21:26Z,678208,39608,1932,2026-02-25T20:34:36Z,22,People & Blogs,Iconografia da História
Geh1ZEjkaeM,"ITZY ""THAT'S A NO NO"" (FULL CAM VER.) @ 'TUNNEL VISION' in SEOUL",2026-02-23T11:00:11Z,786024,49616,1922,2026-02-25T20:34:36Z,24,Entertainment,ITZY
7rb20Iqc54A,Every Spider-Man Best-Friend Becomes A Villain,2026-02-23T23:30:03Z,1141701,41722,232,2026-02-25T20:34:36Z,24,Entertainment,COCO
qq1x6u__ddU,GUESS CAR EATER AND MORE EATERS HUNTERS BEHIND THE DOOR LIMINAL HOTEL Garry's Mod,2026-02-23T02:10:30Z,5395194,23289,9,2026-02-25T20:34:36Z,20,Gaming,ZOOWAKE - Games
1MY_PxGZlDk,Mikhail Shaidorov steals the show! 🐼🔥 Ps: Keep an eye for a surprise guest at the end 👀,2026-02-22T00:56:50Z,4659173,37323,325,2026-02-25T20:34:36Z,17,Sports,Olympics
ee0m6ZEuTK4,Se Robaron Las Pipsas 🍕,2026-02-20T21:00:47Z,4868780,88958,526,2026-02-25T20:34:36Z,24,Entertainment,Skydimers
m03K_vgpTUE,It’s an entire operation😂,2026-02-19T21:01:01Z,4307801,81126,629,2026-02-25T20:34:36Z,23,Comedy,Onevilage
tE-DhND4iMU,This Man Became a Hero in Seconds 👏,2026-02-22T14:05:02Z,4296892,0,5,2026-02-25T20:34:36Z,22,People & Blogs,Jazzy Voice
KX-0neakyvA,EL PROTOTIPO NUNCA QUISO DAÑAR A POPPY EN POPPY PLAYTIME CAPITULO 5 😱👀,2026-02-22T17:49:56Z,3023447,92295,936,2026-02-25T20:34:36Z,20,Gaming,Magmuh
i6Zr5cm3gu4,He Threw the Cat Away… But What Happened Next Will Make You Cry 🥺🐾 #demariki,2026-02-22T14:01:05Z,2975520,17021,26,2026-02-25T20:34:36Z,22,People & Blogs,Demariki
BJjXPWUJqj8,A stress reliever as a stress reliever?? #stress #stressrelief #health #blood #nurse,2026-02-19T16:12:42Z,2343634,8834,46,2026-02-25T20:34:36Z,22,People & Blogs,Olivia Jaymes
bIX5nhIlXP4,🔥 That Smile Was a Warning,2026-02-21T01:30:25Z,2462439,0,0,2026-02-25T20:34:36Z,24,Entertainment,UFCplus
YeymIQ-NEvM,Ancient Script Found Written on a Live Pigeon 😮,2026-02-22T14:00:52Z,2451350,21326,234,2026-02-25T20:34:36Z,28,Science & Technology,MrScoopz
rWB1ya_X0Yg,"SE EU FALAR A LETRA ""E"" O VÍDEO ACABA",2026-02-22T22:35:09Z,2121217,75152,1642,2026-02-25T20:34:36Z,24,Entertainment,Ronazim
65yeHaWjn-o,Ya se con quién me voy a casar 🤣 #comedia  #youtubeshorts  #sketch  #shortvideo #humor,2026-02-23T08:06:36Z,2398006,21987,98,2026-02-25T20:34:36Z,22,People & Blogs,爆爆爆
dRyDUbgINwM,This Kind Man Helped a Pigeon 🕊️❤️,2026-02-23T02:45:04Z,2118509,23445,90,2026-02-25T20:34:36Z,22,People & Blogs,Infi's Diary
G4phnhGZ1cQ,EU reacciona a muerte de “El Mencho”; ofrecía recompensa de 15 mdd,2026-02-22T20:12:46Z,747213,4770,302,2026-02-25T20:34:36Z,25,News & Politics,EXCELSIOR
sESPjzVklno,How to say comfortable? sound more like a native speaker  #englishpronunciation,2026-02-23T11:42:10Z,1227565,10682,115,2026-02-25T20:34:36Z,27,Education,English with Steve Ford
vuljXWYv0oc,2 birds on a wire trend 🥹🪽- Cadel and Mia #shorts,2026-02-23T12:33:41Z,1589324,30632,1091,2026-02-25T20:34:36Z,22,People & Blogs,Cadel and Mia
X9dPnQhsICE,"Abaten a Nemesio Oseguera, “El Mencho”, líder del CJNG, en operativo en Tapalpa, Jalisco",2026-02-22T17:59:30Z,602698,0,1419,2026-02-25T20:34:36Z,25,News & Politics,El Universal
EZgtndQZjiY,The demon has been taught a lesson#Jesus#christ#Daemon,2026-02-23T11:00:31Z,982814,11301,12,2026-02-25T20:34:36Z,22,People & Blogs,The hand of God
2gvSzBnIzD8,LA VENGANZA IMPLACABLE DE HARFUCH! A 6 AÑOS DE SU ATENTADO!,2026-02-23T16:11:50Z,527674,22539,1351,2026-02-25T20:34:36Z,25,News & Politics,The Mexican Family
rRDkA-07ygo,We Built a BUNKER to HIDE from GOO GOO GAGA..(Brookhaven),2026-02-23T15:43:47Z,565591,13327,1302,2026-02-25T20:34:36Z,20,Gaming,Angelazz Brookhaven
xgDVm419fIQ,Leavitt puts Mexican cartels on NOTICE: Do not 'lay a finger' on US citizens,2026-02-24T13:45:16Z,509869,9787,3445,2026-02-25T20:34:36Z,25,News & Politics,Fox News
aGyYKXlGzas,Fanum Trolls Cashier For A Discount 😂,2026-02-23T20:27:22Z,1019117,42514,191,2026-02-25T20:34:36Z,24,Entertainment,Fanum Live
x7lqoQhF57E,El atentado del CJNG a García Harfuch cambió las reglas en México,2026-02-23T03:16:00Z,472566,3183,361,2026-02-25T20:34:36Z,25,News & Politics,NMás
VF_cgn6_72k,🚨 COCHE BOMBA EN JALISCO ABATE A CAPITÁN DE LA GUARDIA NACIONAL,2026-02-24T20:26:05Z,479786,17099,1978,2026-02-25T20:34:36Z,25,News & Politics,The Mexican Family
KCkc9siATIA,Masha and the Bear 2026 🤔 Guess the Food❓Best episodes cartoon collection 🎬,2026-02-24T09:00:00Z,634866,573,0,2026-02-25T20:34:36Z,1,Film & Animation,Masha and The Bear
khN8qZkiz1s,New details on man fatally shot at Trump's Mar-a-Lago,2026-02-22T23:00:22Z,448281,3498,3112,2026-02-25T20:34:36Z,25,News & Politics,ABC News
QHL53DZj4_c,The Americano Was A Product Of World War 2 #funfact,2026-02-24T17:00:42Z,1048299,60738,768,2026-02-25T20:34:36Z,24,Entertainment,Doug Sharpe
MG88tVgsSzY,Minuto a Minuto: La Muerte de “El Mencho”,2026-02-22T22:04:45Z,593426,18571,388,2026-02-25T20:34:36Z,25,News & Politics,N+ UNIVISION
y0BrXsKd6m4,Ukraine Just STARTED a Fire Russia Can’t STOP… Putin Can Only Watch It BURN,2026-02-24T15:01:42Z,479687,11420,513,2026-02-25T20:34:36Z,25,News & Politics,The Military Show
MQvBlNgl4MY,‘Humiliated’ Beatrice & Eugenie ‘in a state’ as questions grow over what they knew about Epstein?,2026-02-20T19:00:30Z,431606,6939,2992,2026-02-25T20:34:36Z,25,News & Politics,The Sun
T3zwwXL_1Vk,😱Grow a Garden 2 ВЫШЕЛ! Я СТАЛ АДМИНОМ в GARDEN HORIZONS и ВЫБИЛ ДИВАЙН!,2026-02-23T04:00:32Z,422558,13370,2390,2026-02-25T20:34:36Z,20,Gaming,FixEye - Роблокс
m6QjnIZlCGs,🏁🏎️👧🏻 Daddy Builds a Race Track for His Daughter 🚗 🎮 💖 #shorts,2026-02-23T10:15:08Z,752405,4793,4,2026-02-25T20:34:36Z,24,Entertainment,Linh Nhi Shorts
d8U_VPUlGFA,🎶 On My Belly 🎶 On My Belly 🎶 There’s a Belly Button! 🎶,2026-02-23T12:01:00Z,933658,9180,0,2026-02-25T20:34:36Z,27,Education,Cocomelon - Nursery Rhymes
9W5jzKSBCtE,'The Five' ROASTS Newsom and AOC,2026-02-24T00:45:02Z,409756,10024,1718,2026-02-25T20:34:36Z,25,News & Politics,Fox News
qltp0tlGHWc,🧊💜👑Rumi ⚔️ Mira😈 | ¡Ayuda a Rumi a convertirse en la Reina del Hielo! ❄️🥺 #kpopdemonhunters #shorts,2026-02-22T15:01:31Z,863754,21962,149,2026-02-25T20:34:36Z,24,Entertainment,Crónicas de Huntrix
1KVIoXetq9o,mein LETZTES STEAL A BRAINROT VIDEO...,2026-02-20T13:30:01Z,364238,9466,2106,2026-02-25T20:34:36Z,20,Gaming,Standart Skill
H1kO_6yXLGg,"NEW: Authorities identify man who was shot, killed at Mar-a-Lago",2026-02-22T17:15:00Z,346666,5790,2116,2026-02-25T20:34:36Z,25,News & Politics,Fox News
3NvAkCGyOU4,NO WAY MARVEL RIVALS HAS A DC COUNTERPART 😭😭😭,2026-02-23T18:02:22Z,757626,25524,669,2026-02-25T20:34:36Z,20,Gaming,Khyomaru
i87U6HuESeA,Knight of the Seven Kingdoms Finale BREAKDOWN - Every Game of Thrones Easter Egg,2026-02-23T03:40:00Z,347064,8850,877,2026-02-25T20:34:36Z,1,Film & Animation,ScreenCrush
hcNIoh2efeo,Vivir con miedo… ¿a dónde se va uno? #elmexitachi #shorts #short,2026-02-24T02:59:58Z,693825,19536,228,2026-02-25T20:34:36Z,22,People & Blogs,elmexitachi
li8F6tjYZDU,ROMA-CREMONESE | HIGHLIGHTS | Brilliant Display At The Olimpico | Serie A 2025/26,2026-02-22T22:31:57Z,318764,6298,197,2026-02-25T20:34:36Z,17,Sports,Serie A
Wj-zZC5vrnE,PUTIN Is in the Same Position as HITLER on His Last Day… It’s OVER!,2026-02-23T20:00:21Z,313930,10106,883,2026-02-25T20:34:36Z,25,News & Politics,The Military Show
#NAME?,Adley & Niko JAPAN CANDY CHALLENGE!! a Funny night Rating Rare Japanese Candies 1 star to 5 Stars ⭐,2026-02-20T20:59:40Z,309338,2566,625,2026-02-25T20:34:36Z,24,Entertainment,A for Adley - Learning & Fun
6TZ5V_17xXM,I built a beaver dam in a forest #diy #outdoors #homestead #nature #beaverdam #forest #beavers,2026-02-23T19:13:14Z,568380,10690,179,2026-02-25T20:34:36Z,26,Howto & Style,SageSmokeSurvival
jTkT8UoqHE0,KABRITA REACCION A ANGI FIRE 😱 ELLA JURA 🙏 Angi Fire (VIDEO OFICIAL🛐),2026-02-20T22:00:03Z,301734,10756,794,2026-02-25T20:34:36Z,22,People & Blogs,Kabritaa
5gVggOgInd0,A Casa do Dragão - Temporada 3 | Teaser Oficial | HBO Max,2026-02-19T16:02:37Z,291889,9723,732,2026-02-25T20:34:36Z,1,Film & Animation,HBO Max Brasil
_EyUYdKdodQ,Essa iniciativa representa a Casa dos Campeões 🏆 🫡 #maxtitanium #casadoscampeoes #fisiculturismo,2026-02-23T22:27:04Z,515082,22802,135,2026-02-25T20:34:36Z,17,Sports,Max Titanium
bCHqheb0Ilo,Los primeros 18 participantes comienzan a conocerse - Gran Hermano 2026,2026-02-24T04:16:47Z,278354,1671,494,2026-02-25T20:34:36Z,24,Entertainment,Gran Hermano Argentina
ecdgD4XS6AY,‘Gutfeld!’: This guy is a STAR...,2026-02-24T05:15:08Z,291644,8582,726,2026-02-25T20:34:36Z,25,News & Politics,Fox News
U4aM6DpJQxQ,Having a PET SLEEP OVER in Minecraft!,2026-02-23T14:00:36Z,275190,2935,352,2026-02-25T20:34:36Z,20,Gaming,Dash
8PQ7l905aVM,President Donald J. Trump’s 2026 State of the Union Address,2026-02-25T04:33:16Z,5756300,85809,0,2026-02-25T20:34:36Z,25,News & Politics,The White House
5OpisW7FN50,Father buried his son after stealing a bike | 🥺 | अपने बेटे को दफन किया | #shorts #youtubeshorts,2026-02-20T14:00:09Z,10061879,55320,9,2026-02-25T20:34:36Z,24,Entertainment,Funxplosion
eiYUg4CuhOU,It’s honestly a daily occurrence #dental #funny #dentist #dentalassistant #dentalhumor #nurse,2026-02-19T16:19:32Z,9931818,273332,1646,2026-02-25T20:34:36Z,22,People & Blogs,megangaza
x747Tl7sHsY,小丑变成狗了？#clown #couple #shorts,2026-02-23T09:30:29Z,7116080,69189,82,2026-02-25T20:34:36Z,22,People & Blogs,小丑夫妇
ztf7Lpgc0xg,#movie Sarah Walker Proves Why She's the Deadliest Spy in Burbank: Chuck S2 Fight Breakdown,2026-02-22T11:08:24Z,7434984,74028,697,2026-02-25T20:34:36Z,1,Film & Animation, Koi
8nhDr2tKucU,🏴‍☠️👀 The REAL Reason Pirates Wore Eyepatches,2026-02-19T14:46:11Z,7160285,237531,510,2026-02-25T20:34:36Z,28,Science & Technology,Zero Theory
AUB3AN5PlXI,when you play a prank on your fishing buddy (you are the fish god) #helpmemakethismakesense,2026-02-20T16:19:16Z,6623975,57256,55,2026-02-25T20:34:36Z,24,Entertainment,zixxks
zDjUdPCLeek,Jimmy Kimmel Reacts to Donald Trump’s State of the Union Address 2026,2026-02-25T05:30:28Z,3606303,132791,6307,2026-02-25T20:34:36Z,23,Comedy,Jimmy Kimmel Live
d6NGOkY1ffc,"“A marriage without consent brings pain and unhappiness to both the woman and the man,""💔#heartbreak",2026-02-23T14:28:27Z,7087617,94813,69,2026-02-25T20:34:36Z,22,People & Blogs,RCK World
WCZw76NwGzw,Bro got a little nervous😅,2026-02-22T14:56:25Z,7542166,147067,877,2026-02-25T20:34:36Z,22,People & Blogs,Arte-Pino
xQxQ5sx8AiY,The boy delayed turning the steering for a second 😲,2026-02-23T09:30:38Z,6247016,22515,9,2026-02-25T20:34:36Z,24,Entertainment,Factsifa
CEYOMEQv8bU,Rumi Choked on a Fishbone 😭 #banaraslitfest​​,2026-02-20T23:17:59Z,8834648,223388,637,2026-02-25T20:41:05Z,24,Entertainment,OddLab
lFVt0lIbn1s,They crossed the line 😡 || Kdrama 🎭 Moving #fv #shortvideo,2026-02-23T15:50:01Z,7946655,0,324,2026-02-25T20:41:05Z,24,Entertainment,ღ ᴅʀᴀᴍᴀ ʙʟᴏᴏᴏᴍ ღ
S3eDsbHbSfA,ESTAFARON A NATI ‼️,2026-02-19T18:00:27Z,4608435,62043,187,2026-02-25T20:41:05Z,22,People & Blogs,ชื่อไหม เด้อ
1zAyPqrCqfc,Ela Foi a Primeira Mulher a Usar Calças 😮🎥 Série: 1883,2026-02-20T15:11:36Z,4501863,211172,725,2026-02-25T20:41:05Z,1,Film & Animation,Trecho Favorito
nsOyCqEb-Qc,what a sweet gesture ❤️😍 #farahkhan #ranveerallahbadia #shortsfeed #shorts,2026-02-23T11:07:58Z,4995717,97542,166,2026-02-25T20:41:05Z,22,People & Blogs,All about your favs
9yl7nIwsnrg,ESTO PASA si IGNORAS a LILY LOVEBRAIDS en Poppy Playtime 5,2026-02-22T20:29:47Z,3986098,136237,1477,2026-02-25T20:41:42Z,20,Gaming,HarvinGame
7r-wt-O3xVk,Девушка Обиделась на БЫВШЕГО и Завалила его ЗАКАЗАМИ Еды,2026-02-22T08:45:00Z,3758779,71301,575,2026-02-25T20:41:42Z,25,News & Politics,Минуту Внимания
BcjyqEYrfYo,PENCURI TERHEBAT DI DUNIA‼️ #shorts #alurceritafilm,2026-02-21T14:42:18Z,3485623,100113,356,2026-02-25T20:41:42Z,24,Entertainment,Cinemazil
WEo83Vf-PNw,WHEN A FRIEND IS STRUGGLE TO PAY OFF A DEBT  #shorts,2026-02-19T16:00:00Z,4000003,33738,40,2026-02-25T20:41:42Z,22,People & Blogs,hhhk
gdjfwWuaN3E,TOUGH AS NAILS! Why Aluminum is the King of Fishing Boats 🛳,2026-02-22T13:19:03Z,4845461,12657,136,2026-02-25T20:41:42Z,28,Science & Technology,Working Planet Shorts
Gntxpyzenos,We are proud to share that SBI has emerged as a Winner in 4 Categories,2026-02-22T16:23:07Z,3378424,128,2,2026-02-25T20:41:42Z,27,Education,State Bank of India
o3be_uhf9BU,A Company Just For Manufacturing,2026-02-23T18:02:17Z,3862025,125872,4692,2026-02-25T20:41:42Z,22,People & Blogs,Military Pods
SwqgBYKaZwg,He's a Barber. He's the Boss. And He Just Destroyed 10 Men with Scissors. ✂️🔥,2026-02-22T10:53:51Z,3212326,38589,308,2026-02-25T20:41:42Z,22,People & Blogs,Discover Series
iu1cqblLtes,It’s not about being the fastest 🏃🗿,2026-02-21T22:45:10Z,3921179,108001,1302,2026-02-25T20:41:42Z,20,Gaming,HecticSherlock Gaming
PYtzZgH_rYs,"Introducing the ""VitalWear SmartBand,"" a next-generation wearable gadget🎉 part 382",2026-02-23T08:51:15Z,3745194,0,98,2026-02-25T20:41:42Z,22,People & Blogs,Official Mohit Bhind
j2F04mtc4G8,Nadie Elige A Jesús! 😱,2026-02-23T18:00:48Z,3746844,55335,706,2026-02-25T20:41:42Z,24,Entertainment,Toro Travieso
BEai5GVv9FM,ele fez a irmã passar vergonha na escola kkkkk l #humor #engraçado #irmãos #shorts,2026-02-23T00:16:43Z,3372599,113594,281,2026-02-25T20:41:42Z,24,Entertainment,Tio Baldo
NB2SgCbxd9o,originally priced around $1.5 million is the mercedes CLR GTR considered oneof the most expensive,2026-02-20T08:12:41Z,3840745,9430,14,2026-02-25T20:41:42Z,22,People & Blogs,Neha sikandar
JymS1lJ2e-U,😱He Underestimated the Kid… Big Mistake,2026-02-19T16:00:00Z,3107836,117982,3491,2026-02-25T20:41:42Z,24,Entertainment,ShortzField
Y2JfL9vKBs0,Mintak clay sama kucing,2026-02-23T14:24:35Z,3651683,19183,13,2026-02-25T20:41:42Z,22,People & Blogs,Rocky_05 official
1oxL64KWjCU,A su novio no le hizo ninguna gracia y su cara lo dijo todo,2026-02-22T23:30:01Z,3324985,21570,73,2026-02-25T20:41:42Z,22,People & Blogs,Jon Sinache
7uqNXiAu9n4,When Stateside Hits the Ice #pinkpantheress #zaralarsson,2026-02-22T15:41:32Z,4070882,90732,430,2026-02-25T20:41:42Z,10,Music,Music & Megamix Super News
AwzwtK7iMCk,LA TRAMPA DE PAJA NO FUNCIONA!,2026-02-22T23:33:00Z,3290589,76185,208,2026-02-25T20:41:42Z,20,Gaming,Gelo
7xCscYKOmK4,"Sniper in the dense forest, a single soldier's desperate",2026-02-23T09:28:40Z,3162104,37097,146,2026-02-25T20:41:42Z,1,Film & Animation,Hperpetual
tAVNwbe75jc,Valve Release: The Controlled Vent of a Gas Cylinder's Last Breath,2026-02-23T03:26:41Z,4608354,8671,22,2026-02-25T20:41:42Z,22,People & Blogs,The Rustic Pantry
BaqKwoPPGng,We COVERED a Sweater in Stickers?! 😳,2026-02-21T15:00:17Z,2726119,23170,290,2026-02-25T20:41:42Z,22,People & Blogs,Sticki Rolls
zjDOqYlzjzs,you wanted it to be a surprise ❤️ #friends #edit #tvshow,2026-02-23T12:15:10Z,2826485,99483,330,2026-02-25T20:41:42Z,1,Film & Animation,Reel Rush Sitcom
iF4sQ9sBnHY,You are actually a Horse #minecraft,2026-02-23T07:50:54Z,3161297,94138,866,2026-02-25T20:41:42Z,20,Gaming,BlockerLocker
7F_Trew8AZI,LIKE SI AYUDARÍAS A SANTI #santi #santioficial #funny #shorts,2026-02-23T15:30:08Z,3128084,27829,70,2026-02-25T20:41:42Z,23,Comedy,Santi Oficial
k8bbkA7GZGc,"Amigos, hoy vamos a jugar el juego de Real o Pastel 🍰P-144 #shortvideo #viral #shortsfeed",2026-02-23T14:30:39Z,3163315,0,195,2026-02-25T20:41:42Z,22,People & Blogs,Kicks Bear
P6cBSj8-ZNg,Can't Wait For Hero Magic Archer 💀,2026-02-22T15:00:00Z,2685660,69572,719,2026-02-25T20:41:42Z,20,Gaming,MORTEIRO
AoEQPzE283g,He Turned a Guard Into the Star of the Show 🕺❤️ #shorts,2026-02-23T13:49:45Z,3242875,34310,248,2026-02-25T20:41:42Z,22,People & Blogs,Ryzen Explain 
hPb7dkkPDD8,Running away is the best strategy 😆#taihoa #shorts #funny,2026-02-23T10:30:24Z,3381905,33771,146,2026-02-25T20:41:42Z,24,Entertainment,H&T Official
sz2LQjTWrHw,Parecía Un Experimento Normal... ¡Hasta Volverse Morado! #curiosidades,2026-02-20T22:15:04Z,2922981,35502,72,2026-02-25T20:41:42Z,24,Entertainment,¿Sabías Esto?!
3e1fJcRNUoc,They were caught in a great flood..✨,2026-02-22T16:18:29Z,2810728,47997,65,2026-02-25T20:41:42Z,22,People & Blogs,Biubiubuff
4mKhSBpKDDA,"Challenge a bottle of water in one breath, the stage is everywhere",2026-02-22T12:02:56Z,3350728,11225,17,2026-02-25T20:41:42Z,22,People & Blogs,Xiao Feng
akaJZZeTa1s,Capybara Gets Blamed… But Max Finally Confesses & Cleans the School Wall! 😳🎨 #capybara,2026-02-22T17:38:00Z,2696064,67139,261,2026-02-25T20:41:42Z,22,People & Blogs,CapyWonders
XC27xTLHm0w,잘대 소리를 내면 안되는 비행기,2026-02-21T04:34:55Z,2907289,37835,271,2026-02-25T20:41:42Z,23,Comedy,냐옹무비
XcAwNC0_fSU,transforming into a spike,2026-02-23T12:51:25Z,3449239,24964,380,2026-02-25T20:41:42Z,24,Entertainment,lappwv
rfoKr7yCET8,Seeing who can read more pages while the other runs their fastest mile,2026-02-21T23:25:27Z,2366222,141949,571,2026-02-25T20:41:42Z,22,People & Blogs,Maya & Hunter
QAbEGaZ7WEk,The clown is so happy.#joker #shorts,2026-02-22T14:00:39Z,2259634,24757,134,2026-02-25T20:41:42Z,22,People & Blogs,Untitled Joker
_nKRpZ82uG0,Mercedes🤓 Built the CLR GTR at $2.5 🏡 M only a few lucky drivers experienced power 😅🍓#reelschallenge,2026-02-23T02:00:35Z,3018826,11151,0,2026-02-25T20:41:42Z,22,People & Blogs,Shah Jee
_RwvEtkt2kg,There's actually a grassland in the office#shorts,2026-02-21T10:45:21Z,2177380,59044,521,2026-02-25T20:41:42Z,22,People & Blogs,CineRealm
zETGphmtuZU,Help Hulk Dig Deeper to Find the Biggest Diamond! 💎🔥#hulk  #spidey,2026-02-22T13:38:09Z,2447396,96346,57,2026-02-25T20:41:42Z,24,Entertainment,ZekiLand Funny
XeeA2UVpAWU,Love my fam,2026-02-23T06:37:56Z,2080703,115296,1091,2026-02-25T20:41:42Z,22,People & Blogs,Bridey Drake
lUq7AF0JgnA,Гениальная идея раздвижных ворот своими руками,2026-02-23T11:01:15Z,2783030,8761,110,2026-02-25T20:41:42Z,28,Science & Technology,ParanormX
0NCRhi2mEdI,"Introducing the ""VitalWear SmartBand,"" a next-generation wearable gadget,",2026-02-23T13:09:54Z,2444837,16030,5,2026-02-25T20:41:42Z,22,People & Blogs,SK YT
filo02qySJU,The Craziest Action Movie Scene Ever,2026-02-21T17:17:57Z,2449268,103466,608,2026-02-25T20:41:42Z,20,Gaming,Siege Pack
85J9T6KtkJQ,¿Rumi podrá sacar a Mira del agujero?💔😱,2026-02-22T17:53:19Z,2329077,20212,29,2026-02-25T20:41:42Z,22,People & Blogs,Jesús Scope
5V3BncH6NTw,Why Is It Opened Before A Bicycle Race #shorts #ytshorts,2026-02-23T14:46:45Z,3313265,0,1,2026-02-25T20:41:42Z,24,Entertainment,FactsMail 2.0
ORFj8ulQ2UA,"When Grandma's house collapsed, Grandma built a new luxury Bamboo House #craft #grandmother #bamboo",2026-02-23T12:30:10Z,2213793,0,73,2026-02-25T20:41:42Z,22,People & Blogs,Nature Craft Ai
gXEoZU-gz9E,Bro had the WORST Timing 💀,2026-02-22T16:30:28Z,2099039,49207,565,2026-02-25T20:41:42Z,20,Gaming,Floriz
Hc7oXAUxjPg,When Cherki Almost Made A Comeback 🤯🔥,2026-02-22T20:19:16Z,2175182,39425,99,2026-02-25T20:41:42Z,17,Sports,GoalFX
iCbaGs6eViU,they built a death note in build a boat 💔,2026-02-22T19:32:55Z,2210429,73274,1394,2026-02-25T20:41:42Z,24,Entertainment,Doron’s World
7imW7GotI6g,hamari new chair a gai 🥰🥰,2026-02-22T12:35:00Z,2237763,11520,19,2026-02-25T20:41:42Z,22,People & Blogs,Annu With Mk vlogs
4_RKhJUJ6H4,ELA ENCONTROU A ESPADA LENDÁRIA DO IMPERADOR,2026-02-23T15:59:53Z,3874707,60084,163,2026-02-25T20:42:21Z,20,Gaming,Thiago da Achah
dPIiTnz68mo,Jinu Kicked Steve Out of the Elevator… But the Truth Shocked Him #minecraft #shorts,2026-02-22T10:00:52Z,4497381,33456,23,2026-02-25T20:42:21Z,1,Film & Animation,Pop Dash
Oi7n4fZiVV0,Lightning McQueen In The Maze! #shorts,2026-02-21T12:00:38Z,3734654,18465,12,2026-02-25T20:42:21Z,20,Gaming,Felli
zY7GbgIQciY,She's a real friend! 🗿 #shorts #funny #trending #cat,2026-02-22T10:55:01Z,3515602,16357,92,2026-02-25T20:42:21Z,22,People & Blogs,Naseer Khan
Jka6zERpDjo,Creamy Mac & Cheese in the Air Fryer! Crazy Experiment!,2026-02-20T10:14:20Z,3316909,60128,250,2026-02-25T20:42:21Z,22,People & Blogs,KRISTASTICA
LjhqBhtn8hg,PLAYER NO es un EXPERIMENTO 🔬😐,2026-02-23T17:45:03Z,3121180,89855,1178,2026-02-25T20:42:21Z,20,Gaming,Codigo exe
rqln5qgSqtg,The Gum Beggars Won’t Like This 😭,2026-02-22T14:30:41Z,3826440,71644,3007,2026-02-25T20:42:21Z,22,People & Blogs,John Vibes
nwNARnY1iec,Planting Tomorrow's Flavor: Setting Garlic Shoots in the Field 🧑🌾🌿,2026-02-21T20:00:38Z,4593452,5436,8,2026-02-25T20:42:21Z,26,Howto & Style,Clever solution
fLOiKyijfSs,was THAT a good idea?  #roblox,2026-02-23T04:06:44Z,2821364,41994,992,2026-02-25T20:42:21Z,20,Gaming,Luckman
oDiE0PBfAQI,Cosas que nunca le haría a mis Fidget Toys caseros 🤯 #art #paper #manualidades,2026-02-22T14:15:05Z,2746828,17004,521,2026-02-25T20:42:21Z,24,Entertainment,Miricraft
YpSsWkeXU1k,@NickDiGiovanni Cooks A Dollar Tree Steak!,2026-02-22T21:13:12Z,2247876,69979,167,2026-02-25T20:42:21Z,22,People & Blogs,Cooked Clips
cpPhoBACc_w,Olha a lição que o frentista deu para esse homem.#reflexão,2026-02-23T10:52:16Z,2283855,63487,1266,2026-02-25T20:42:21Z,24,Entertainment,Cortes Aleatórios vídeos 
9j7BqUY5hFU,ROBLOX is coming to an END... 💔😔,2026-02-21T03:16:41Z,2028156,17949,507,2026-02-25T20:42:21Z,22,People & Blogs,Blox Times
MbDM3DkFKSI,"Bocil Ngamuk, Udangnya Diserobot Ayah 😂🍤",2026-02-23T06:00:00Z,2275088,14037,17,2026-02-25T20:42:21Z,22,People & Blogs,FUNNYVERSE
n1YKHGg7_A8,She Was Locked in a Secret Room. She Watched Her Fiancé Fall in Love With Her Replacement.,2026-02-22T03:25:40Z,2621689,92393,232,2026-02-25T20:42:21Z,22,People & Blogs,neil mccormick
oOx57OHB4-4,That Little Doctor Stole the Show 🩺💛 #pankhuriawasthy #cute #trending #aliabhatt #bollywood #shorts,2026-02-23T15:00:00Z,2765163,19687,59,2026-02-25T20:42:21Z,24,Entertainment,The Filmy Folk
_KGRh4pAt0Y,My Luck Is CURSED… Admin Block Trolled Me & The Tsunami Ended It 😭🌊 #usa #brainrot #stealabrainrot,2026-02-22T18:07:47Z,2155036,0,74,2026-02-25T20:42:21Z,20,Gaming,YADU
_khJd1J2QpE,He Raised a Two-Headed Fish 🐟😳 #shorts,2026-02-23T21:40:12Z,1783105,28562,142,2026-02-25T20:42:21Z,22,People & Blogs,Infi's Diary
t4hcwN52Pd8,One day he will find a home 🥹💔 #dog #fyp #dogofinstagram,2026-02-22T11:25:56Z,2393333,15515,931,2026-02-25T20:42:21Z,22,People & Blogs,Jetson Pets
DvAqypehkNA,Working 24 hours straight makes mistakes inevitable 😓⏰The movie title is at the end.#Shorts#movie,2026-02-23T11:12:26Z,1904035,86642,502,2026-02-25T20:42:21Z,24,Entertainment,Atlas4074
lovCfLS_0o0,No one can match Sunil Grover what a act #sunilgrover #madhuridixit #kapilsharma #netflixseries,2026-02-22T13:30:49Z,1752401,0,41,2026-02-25T20:42:21Z,23,Comedy,Devnox Editzz
ZX3ihCiHTro,Cậu bé nhặt được Vật Nhiễm Phóng Xạ và cái kết,2026-02-22T09:46:54Z,2136932,0,31,2026-02-25T20:42:21Z,22,People & Blogs,Chỉ Vietsub
3M8zfLwmlxM,MICHAEL JACKSON & JACKIE WILSON MASHUP 1995 vs 1962 | HE TOOK THE FOUNDATION AND MADE IT BETTER 🐐🔥,2026-02-22T17:09:43Z,2457065,32174,626,2026-02-25T20:42:21Z,24,Entertainment,SLY
qKW5rkph8bw,papa adit melin ada air mancur #trendingshorts,2026-02-23T09:20:33Z,2855605,7276,5,2026-02-25T20:42:21Z,24,Entertainment,papah dan adit
IflfkKGTqPI,ASSIM VOCÊ CONSEGUE LEMBRAR A SENHA DO CADEADO,2026-02-23T21:20:12Z,2319764,27424,259,2026-02-25T20:42:21Z,20,Gaming,Thiago da Achah
hgv8C-8VXcY,배달시장이 중국인에게 장악당한 이유,2026-02-23T02:29:39Z,1891156,24133,3222,2026-02-25T20:42:21Z,25,News & Politics,솔직한여자TV
05WLzXYZXIo,Among Us in 2020 was a fever dream 😭,2026-02-23T00:00:01Z,2701895,71570,790,2026-02-25T20:42:21Z,24,Entertainment,monium
i558aKJA1lc,Bruce Wayne HUMILIATES the Board Room!#movie #film,2026-02-22T10:55:38Z,2097620,32271,202,2026-02-25T20:42:21Z,1,Film & Animation,Scene Analysis
Nkc1siLj4PQ,Can This Trick Save a Broken Screen? 🛠️👀 | Windshield Repair Kit,2026-02-23T13:38:08Z,2132611,31395,13,2026-02-25T20:42:21Z,28,Science & Technology,SimpleGhar Tamil
BDn1s_FmzSU,The Silverware Story 🥄,2026-02-23T03:25:00Z,1993427,98638,476,2026-02-25T20:42:21Z,22,People & Blogs,Mark
hQSux1l3tF0,3 animales que protegen a otras especies,2026-02-23T11:25:48Z,1734737,60023,152,2026-02-25T20:42:21Z,24,Entertainment,MundoAnimales
gA-SzyloIAM,LE PUSE una CÁMARA ESPÍA a HEXO !!,2026-02-25T00:30:07Z,958476,36702,16906,2026-02-25T20:42:21Z,24,Entertainment,YOLO AVENTURAS
I-L-SyAQfYk,A vida da mãe de recém nascido kkk #meme #humor #viral,2026-02-22T21:03:10Z,2507602,12298,65,2026-02-25T20:42:21Z,22,People & Blogs,Katssa Melkya
yW3V-UPalJo,#A very funny situation,2026-02-21T05:08:49Z,2743046,17884,41,2026-02-25T20:42:21Z,22,People & Blogs,Yituber Ibrahim Al-Khader
Vn8DHdj95bw,Fui a ver el Peor Equipo de FIFA en la Vida Real,2026-02-23T16:29:02Z,860197,16748,592,2026-02-25T20:42:21Z,17,Sports,Rulas 47
8KSblgFdjnk,Me enfrente a un hacker descarado de lobo solotario☠️,2026-02-24T00:06:48Z,1199664,58104,704,2026-02-25T20:42:21Z,20,Gaming,SOYTINCA
fijSdJqWNeY,I Made A MONSTER Sandwich.. 🥪😭,2026-02-24T15:40:00Z,1591895,39506,2223,2026-02-25T20:42:21Z,20,Gaming,Tyler Vitelli
ohFZekvbQUQ,Historia de una Relación | Vivir es increíble,2026-02-24T05:13:21Z,1209869,184,6,2026-02-25T20:42:21Z,24,Entertainment,GNP Seguros
p0sq3TZaOnQ,"""Wound-up and weird"": Maddow's INSTANT REACTION to Trump's State of the Union",2026-02-25T04:44:45Z,655084,19292,4136,2026-02-25T20:42:21Z,25,News & Politics,MS NOW
pjGvA-D0Fcs,President Trump 2026 State of the Union Address & Democratic Response,2026-02-25T04:33:57Z,592899,7965,3008,2026-02-25T20:42:21Z,25,News & Politics,C-SPAN
C7Oj_liF2NE,A final time on Olympic home ice 🇮🇹⛸️ #MilanFigureSkating,2026-02-21T18:28:05Z,1723057,13952,90,2026-02-25T20:42:21Z,17,Sports,Olympics
wGs_lozRXGo,¡Última hora! Abaten a 'El Mecho' durante operativo en Guadalajara; reportan bloqueos en el país,2026-02-22T18:00:10Z,555287,5484,1700,2026-02-25T20:42:21Z,25,News & Politics,TelediarioMx
SpYYk59D_8I,I'm a BABY AXOLOTL in Minecraft!,2026-02-22T20:20:53Z,550527,10391,1315,2026-02-25T20:42:21Z,20,Gaming,Aphmau
BP-DJTY94O0,🔴Tacos Tuesday ADMIN ABUSE + TOP 1 Monde !,2026-02-25T01:16:37Z,513409,13322,552,2026-02-25T20:42:21Z,20,Gaming,Unchained_Off
Wss3c6dAdvE,DA UMA RAIVA QUE O MOSQUITO NÃO CONSEGUE ACHAR A JANELA PRA SAIR KAKAKAKA😹❤️,2026-02-23T18:20:00Z,1007400,33254,531,2026-02-25T20:42:21Z,24,Entertainment,mihtanino
g6vA3gXXsbs,Whatever I GOOGLE COMES TO LIFE In Steal a Brainrot...,2026-02-24T16:00:56Z,390115,18080,1186,2026-02-25T20:42:21Z,20,Gaming,Techys
e2CjoaVubW4,A Zion le hacían bullying!,2026-02-22T00:00:41Z,800754,14304,57,2026-02-25T20:42:21Z,23,Comedy,Juanpis González
t1-hlBr7grg,Building a CITY BASE To Survive 1000 Nights In 99 NIGHTS IN THE FOREST (Roblox),2026-02-20T19:15:04Z,359540,4765,827,2026-02-25T20:42:21Z,20,Gaming,soph!
AVCCJ_3CiFc,J Jameson despide a Eduard Brock #Shorts,2026-02-23T00:30:07Z,706877,0,355,2026-02-25T20:42:21Z,24,Entertainment,The Shooterman
wHO1cR0qjn4,BREAKING: Dem EJECTED from Trump's State of the Union address,2026-02-25T02:32:12Z,338917,5876,2730,2026-02-25T20:42:21Z,25,News & Politics,Fox News
Fmd8ClZZQUg,Quando a minha esposa me pede alguma coisa,2026-02-19T20:55:00Z,7344097,104739,738,2026-02-25T20:42:53Z,24,Entertainment,Falaidearo
DdpjCfwkOE4,2 birds on a wire trend! 🪽🥰,2026-02-21T10:00:30Z,6568634,96550,1806,2026-02-25T20:42:53Z,22,People & Blogs,Mia Van Haarlem
nnPA1s12e90,He found out a very powerful kinfe mistakly,2026-02-19T16:21:14Z,5285435,74812,39,2026-02-25T20:42:53Z,22,People & Blogs,Chobbir Anotorale
1OwcQforVPE,Amazing Barehand Fishing: Catching a Giant Mud Eel! #fish #fishing #handfish,2026-02-19T04:00:00Z,4021754,9336,9,2026-02-25T20:42:53Z,22,People & Blogs,Local Fishing
vQf9tqaNOII,A Guerra Secreta das Formigas,2026-02-21T15:01:28Z,1981215,44290,836,2026-02-25T20:42:53Z,27,Education,Fritando Neurônio
cE2cnoiwK9s,BI HUỲNH CHƠI THỬ GROW A GARDEN 2.0 MỞ KHÓA DAWN BLOSSOM HIẾM NHẤT,2026-02-25T09:47:55Z,506504,9062,971,2026-02-25T20:42:53Z,20,Gaming,Bi Huỳnh Roblox
KRpyopvtvVs,Sean Hannity: Dems are a 'soulless party',2026-02-25T05:45:03Z,315746,10493,3429,2026-02-25T20:42:53Z,25,News & Politics,Fox News
E-2SPzBHWc0,President Trump delivers the 2026 State of the Union address to Congress — 2/24/2026,2026-02-25T04:11:00Z,303680,2884,0,2026-02-25T20:42:53Z,25,News & Politics,CNBC Television
KUjqFWntQ7w,Quico salvó a Don Ramón de un insecto #donramón #quico #elchavo,2026-02-24T00:00:31Z,679214,12487,109,2026-02-25T20:42:53Z,24,Entertainment,Chavoland
ctUIXaIJEnA,JJ wanted a goaltending call 🤔,2026-02-23T02:31:01Z,602409,6591,152,2026-02-25T20:42:53Z,17,Sports,Bleacher Report
DYn1DuzqPd0,プロスピAニュース スペシャル【プロスピA】,2026-02-25T10:52:49Z,276898,5591,271,2026-02-25T20:42:53Z,20,Gaming,パワプロ・プロスピ公式チャンネル
92ekTv_ztHs,WATCH LIVE: President Donald Trump’s 2026 State of the Union Address | Direct floor feed,2026-02-25T04:17:35Z,278001,3618,0,2026-02-25T20:42:53Z,25,News & Politics,PBS NewsHour
rC41uACXEHw,¡ES CUMPLEAÑOS DE SAMMY! MEGA ADMIN ABUSE en STEAL A BRAINROT! (Roblox),2026-02-25T00:30:10Z,270511,3634,118,2026-02-25T20:42:53Z,20,Gaming,Linkego
sO-YwMjiWts,Fixing a Bad Dowel Joint #shorts #woodworking #diy,2026-02-23T11:08:54Z,486428,5911,56,2026-02-25T20:42:53Z,26,Howto & Style,TWCDesign
XeDo4CCgDmQ,Perspective-taking is a common challenge in autism…❤️‍🩹 #autistic #autism #autismawareness #therapy,2026-02-19T19:00:48Z,352344,30604,401,2026-02-25T20:42:53Z,15,Pets & Animals,Kaelynn Partlow
KrAwGLMwMdI,😱Grow a Garden 2 ВЫШЛА! Я СТАЛ ТОП ИГРОКОМ в GARDEN HORIZON РОБЛОКС!,2026-02-23T07:55:59Z,242964,6326,2023,2026-02-25T20:42:53Z,20,Gaming,EroxBlox
heQXp3P1VWI,The BAFTA's Showed Us Who People Really Are,2026-02-25T17:01:10Z,298561,38092,5702,2026-02-25T20:42:53Z,24,Entertainment,The Critical Drinker
shOpZCKg9Xo,We Survived In A FISHING CABIN For 99 Nights In The Forest..,2026-02-24T13:02:00Z,228159,3873,609,2026-02-25T20:42:53Z,20,Gaming,Kat
iR8rXAqm_IQ,How often do teams actually win 5 in a row?,2026-02-24T12:01:17Z,396373,19577,159,2026-02-25T20:42:53Z,17,Sports,Tifo Football by The Athletic
tvCt4E-jJdw,'The Five' on Trump's BIG night...,2026-02-25T00:00:06Z,221898,4755,1093,2026-02-25T20:42:53Z,25,News & Politics,Fox News
RH9ZgfJQ5hc,Meanwhile... A Man With 3 Penises | Giraffe vs. Ostrich | Wrestling Speed Dating,2026-02-25T09:06:37Z,233588,12828,483,2026-02-25T20:42:53Z,24,Entertainment,The Late Show with Stephen Colbert
ws_1cjZJtf8,"The View Full Broadcast – February 24, 2026",2026-02-24T20:00:50Z,214615,5343,1116,2026-02-25T20:42:53Z,24,Entertainment,The View
nnDte10lunw,Watters: THIS may be the pinnacle of Trump's power...,2026-02-25T01:30:21Z,206722,4327,930,2026-02-25T20:42:53Z,25,News & Politics,Fox News
t--Pcz7V0Rg,Babu descobrindo que a 'Chaiany' não é 'Chaieny' | BBB 26,2026-02-23T14:16:41Z,385758,12460,198,2026-02-25T20:42:53Z,24,Entertainment,Big Brother Brasil
6PNFW3rkPKQ,Niñas ricas le enseñan lo importante de estudiar a otra niña humilde ￼,2026-02-24T23:50:07Z,342228,8635,34,2026-02-25T20:42:53Z,22,People & Blogs,Jesus Sulbaran
#NAME?,Chuck on the 2026 All-Star Game ‘They played a quarter... don't give them a cookie’ | Inside the NBA,2026-02-21T00:50:58Z,200275,1995,413,2026-02-25T20:42:53Z,17,Sports,NBA on ESPN
eHkZz-K0Nwk,quem é a pior amiga nessa história?,2026-02-24T15:30:55Z,195341,19974,1224,2026-02-25T20:42:53Z,24,Entertainment,Matheus e Guigo Show
zy9cCJ7rzAg,LIVE ANALYSIS: Watch live reaction to Trump's State of the Union WITH Symone and Eugene!,2026-02-25T04:45:17Z,191240,2464,241,2026-02-25T20:42:53Z,25,News & Politics,MS NOW
xsAnC1vloPQ,Aぇ! group【ASMRなのに…悲鳴!?】イヤホン着用にご注意ください 笑,2026-02-24T12:01:41Z,189574,14483,1539,2026-02-25T20:42:53Z,24,Entertainment,Aぇ! group
WDvjdY6cdVU,This song built a generation,2026-02-24T02:00:24Z,369733,0,805,2026-02-25T20:42:53Z,23,Comedy,Justin Stagner 
yc8hyKJqyiI,Continuate a ballare il Trend 100 Mila colpi e uno di voi verrà scelto per stare con noi in villa! 💕,2026-02-23T13:03:04Z,361482,11873,474,2026-02-25T20:42:53Z,24,Entertainment,💖SOFYPAPY💙
s59hbPrzVhE,Sanremo 2026 - L'incontro tra Can Yaman e Kabir Bedi a Sanremo 2026,2026-02-24T23:17:30Z,181977,2977,510,2026-02-25T20:42:53Z,24,Entertainment,Rai
27om7zOscgU,Where's my grape? #a little laugh for every view #funny #unexpected ending,2026-02-20T07:00:02Z,399181,3873,21,2026-02-25T20:42:53Z,22,People & Blogs,The Stupid Po
riffGwm9p3M,ich BEKLAUE YOUTUBER UNDERCOVER in Steal a Brainrot!,2026-02-24T11:38:37Z,182263,3478,221,2026-02-25T20:42:53Z,20,Gaming,Standart Skill
i73R5JV3UKs,jump rope with a charging cord！,2026-02-23T11:15:20Z,507290,2245,6,2026-02-25T20:42:53Z,22,People & Blogs,HAYATAKU はやたく
QDS5fRBTTTk,Remembering a Titan,2026-02-24T17:00:41Z,182661,13128,909,2026-02-25T20:42:53Z,20,Gaming,IGN
2L3VpT_9Ux4,NEW Steal A Brainrot DIVINE fuse insane luck,2026-02-23T15:35:44Z,278609,4170,141,2026-02-25T20:42:53Z,20,Gaming,Sxzxr
8kla0J1Jfp0,Beto a Saber - FEB 24 - ENTREVISTA COMPLETA A HERNANDO DE SOTO | Willax,2026-02-25T03:19:07Z,170164,2770,1146,2026-02-25T20:42:53Z,25,News & Politics,Willax Televisión
JR2yw0dHX34,Une journée avec moi ❤️,2026-02-19T10:42:27Z,161874,1139,0,2026-02-25T20:42:53Z,22,People & Blogs,Happy kids Vlog
66H-cWqy5R0,I Surprised Sammy with BIRTHDAY GIFT in Steal a Brainrot Roblox,2026-02-25T08:32:02Z,246320,7436,1783,2026-02-25T20:42:53Z,20,Gaming,SenpaiUnlimited
Qo4DPudFJEY,"💣👀 ""C'est une bombe ou quoi ?"" 😅 Luis Enrique a encore craqué ! #shorts",2026-02-24T16:15:03Z,292827,3927,127,2026-02-25T20:42:53Z,17,Sports,beIN SPORTS France
eMlBnkyez2c,I Melted an In-N-Out Burger Into a Dip!!?,2026-02-22T16:44:24Z,221162,7534,187,2026-02-25T20:42:53Z,22,People & Blogs,Meatlicious
Gl30Uaf5uWg,When You Make A Pillow Fort 🤣 #shorts #relatable,2026-02-24T00:40:00Z,261136,5299,56,2026-02-25T20:42:53Z,23,Comedy,depeet
#NAME?,🚨 ¿El PROTOTIPO lanzó a POPPY o a PLAYER en el tanque de EL FINAL? 🤔 || POPPY PLAYTIME 5⭐,2026-02-24T19:58:52Z,205853,18668,302,2026-02-25T20:42:53Z,24,Entertainment,Sergioks
tyLBHwk72TU,The Tool That Protects a Luxury Watch!🤯,2026-02-23T16:03:23Z,227006,0,7,2026-02-25T20:42:53Z,27,Education,ScienceWith-AD7 
BhUNI2uKGnc,World Right Now In A Nutshell: #europe #map #mapping #mapper,2026-02-23T17:30:03Z,298656,4415,465,2026-02-25T20:42:53Z,24,Entertainment,PortugalCountryBali
eUQHhlMVAdQ,When Dad Started Pulling a Crocodile Out of the Pool🤯 Chintu Stood There Totally Shocked! 😂🐊👀,2026-02-24T07:54:20Z,242740,0,1,2026-02-25T20:42:53Z,22,People & Blogs,Facts Oppy
hsXM73mgXxI,CAUGHT ON CAMERA: Lawmaker caught taking a nap at State of the Union,2026-02-25T04:15:04Z,240064,3988,553,2026-02-25T20:42:53Z,25,News & Politics,Fox News
mDqVKT6rIfk,Rappi domó a kuka Ofelia Fernández,2026-02-24T00:04:14Z,172369,7409,324,2026-02-25T20:42:53Z,22,People & Blogs,Mate con Mote
ymhn-3I5kQY,What is a 'Lenny Skutnik'?,2026-02-24T12:52:00Z,133262,4056,155,2026-02-25T20:42:53Z,25,News & Politics,CNN
v16oYLlq47k,POV: When you try to be the Main Character but gravity says NO 🥚💀,2026-02-22T14:27:23Z,6837620,36192,24,2026-02-25T20:45:32Z,1,Film & Animation,Final Hour Stories
geugrkKOb04,They Underestimated Her — That Was the Mistake 👇,2026-02-23T10:02:19Z,3877485,83835,282,2026-02-25T20:45:50Z,24,Entertainment,mdscae
TLi-b2AzC0I,I guess the hands on hips was never a phase 🤣 #childhoodphotos,2026-02-23T07:54:45Z,758876,41941,141,2026-02-25T20:45:50Z,22,People & Blogs,LilBigNanc
T4sh_XaA-m4,Stephen A. STILL thinks the Pistons are the best team in the league! 👀 | First Take,2026-02-24T16:17:24Z,148646,1733,596,2026-02-25T20:45:50Z,17,Sports,ESPN
9E8wUC8D2JY,The opening 9 minutes of Trump's State of the Union 2026,2026-02-25T03:43:00Z,149124,824,1924,2026-02-25T20:45:50Z,25,News & Politics,CNN
3RdP9GKw2fE,Dad Gave Rhia a Big Kitchen Set… Sierra Got a Small One?! 😮🍳💛,2026-02-23T23:30:01Z,291981,1969,0,2026-02-25T20:45:50Z,24,Entertainment,Sierra and Rhia English
11Mn4liY73k,Seher Takes A Stand | Seher,2026-02-23T04:30:48Z,148152,4683,35,2026-02-25T20:45:50Z,24,Entertainment,Colors
U-54oX9FfZ4,who can make a pineapple 🍍,2026-02-25T14:17:45Z,272048,2427,3,2026-02-25T20:45:50Z,24,Entertainment,Natkhat Maha
c9lEUYYsew8,A Ram Sam Sam Sam | Emma And Joey Nursery Rhymes | Beep Beep #shorts,2026-02-23T07:48:38Z,152551,1246,0,2026-02-25T20:45:50Z,27,Education,Emma And Joey - Nursery Rhymes
jDvmHhZUu7I,IF A PIRATE MADE A RAP SONG,2026-02-24T20:49:53Z,103124,10682,600,2026-02-25T20:45:50Z,10,Music,Jonn
rYKPFo6okrI,Aぇ! group official【ASMRなのに…悲鳴!?】イヤホン着用にご注意ください 笑,2026-02-24T00:01:02Z,121570,16564,221,2026-02-25T20:45:50Z,24,Entertainment,Aぇ! group
PVezQ54dbIk,Can A Bullet Stop A Bear 🐻,2026-02-23T17:30:13Z,131527,3425,76,2026-02-25T20:45:50Z,22,People & Blogs,The Art Of War
94i5Voegi9c,Así cayó “El Mencho”: la pista sentimental que llevó a la inteligencia mexicana,2026-02-23T17:44:14Z,136449,1249,40,2026-02-25T20:45:50Z,25,News & Politics,Diario La Prensa - Premium
3_fzSIHaP44,POV: Você está em uma briga com a Maxiane | BBB 26 | #Shorts,2026-02-25T05:36:21Z,171852,2841,169,2026-02-25T20:45:50Z,24,Entertainment,Big Brother Brasil
vdCgHRis6ek,Playing with a Boomerang 🪃😄 #shorts #peppapig,2026-02-24T00:00:59Z,144581,1740,0,2026-02-25T20:45:50Z,1,Film & Animation,Peppa Pig - Official Channel
U4j0G5lPRKE,Debemos tratar BUEN A LOS HIJOS #comedia #familiaibañez #humor #casosdefamilia #comedy #shortsfeed,2026-02-25T03:02:33Z,127893,1309,9,2026-02-25T20:45:50Z,24,Entertainment,Familia Ibañez
SN2oavZSyn4,#shorts Steal a Brainrot Playing with viewers Live part 13 #roblox,2026-02-25T19:35:38Z,45197,191,0,2026-02-25T20:45:50Z,20,Gaming,Taros Arc
#NAME?,Orbán Viktor miniszterelnök hétfőn a Sülysápon rendezett fórumon beszélt,2026-02-24T06:41:17Z,46321,1118,81,2026-02-25T20:45:50Z,25,News & Politics,hirado․hu - Magyarország hírforrása
oG91cVfy3AA,'The View' Reacts To Trump’s State of the Union | The View,2026-02-25T19:00:59Z,33469,1681,403,2026-02-25T20:45:50Z,24,Entertainment,The View
zx9fg1zBttk,🔴LIVE STEAL A BRAINROT NEW TRADING MACHIENE & *PVP*,2026-02-25T18:47:35Z,26494,1385,0,2026-02-25T20:45:50Z,20,Gaming,Norgotor
tiFsTsYQ-0s,Stuart Varney: This was a demonstration of how to expose your political opponents' weakness #shorts,2026-02-25T19:00:55Z,16059,2054,95,2026-02-25T20:45:50Z,25,News & Politics,Fox Business
L-7XMifJULU,The Costume Test That Made Audrey Hepburn a Star!,2026-02-25T17:00:29Z,2716,101,6,2026-02-25T20:45:50Z,1,Film & Animation,The Academy
Y2J2GOyT9XU,Marta G. Aller: “A Vox parece que lo que le ofende es que el PP le dé la razón”,2026-02-25T08:30:26Z,10374,284,17,2026-02-25T20:45:50Z,25,News & Politics,Onda Cero
XOS8IZzk23w,"🔴 Muere a los 93 años Antonio Tejero, autor del intento de golpe de Estado de 1981",2026-02-25T18:50:24Z,3299,182,25,2026-02-25T20:45:50Z,24,Entertainment,La Ventana
Vb6FU09T2k4,He turned into a cat,2026-02-25T19:37:56Z,18591,126,2,2026-02-25T20:45:50Z,24,Entertainment,EBB Super Star
tZ70PGE5ygA,The ultimate arm wrestling battle 💪🔥 Who will win the ultimate glory? 👑 #familyfun #armwrestling,2026-02-22T09:52:56Z,4800333,26364,157,2026-02-25T20:46:12Z,22,People & Blogs,Our Tiny World
owMQZX862Ms,I wrote a book.,2026-02-21T02:44:18Z,1571096,219454,19959,2026-02-25T20:50:11Z,24,Entertainment,Sam O'Nella Academy
jgUx1Dxweaw,Best Dancer For A Reason 🔥💯 #bollywood #hrithikroshan #shorts #trending,2026-02-18T13:50:43Z,10571030,176848,146,2026-02-26T03:07:17Z,24,Entertainment,AMANHRX 
zdpd1qFlR-Y,Make A Word Challenge Gone Wrong,2026-02-20T12:01:43Z,11493475,212709,3958,2026-02-26T03:07:17Z,24,Entertainment,MiniMoochi
#NAME?,Ever seen a dancing pony? Wait till the end🦄  #dance #trend #sweden,2026-02-17T17:15:15Z,12339931,112294,1568,2026-02-26T03:07:17Z,22,People & Blogs,Isabell afro
qCUN5ZkBoAw,takala😰Mercedes Built the CLR GTR at $2.5🤡only a few lucky drivers experienced power🌲#reelschallenge,2026-02-20T09:52:00Z,18092757,0,11,2026-02-26T03:07:17Z,22,People & Blogs,A1 facts 5M
2Su4-AJtr8Y,That Was Not A Bark😂 #ishowspeed #kaicenat #edit,2026-02-20T23:48:34Z,12023108,234798,1472,2026-02-26T03:07:17Z,24,Entertainment,Goofy Recaps
1xGVoBKK9Xc,Bruce Lee kicks an arrow mid-air. No warning. Pure speed.,2026-02-18T07:00:04Z,12218448,43306,84,2026-02-26T03:07:17Z,22,People & Blogs,Kung Fu Mighty
Xp8bFu8pmMk,🎃 A Luxury Home Built Inside a Simple Pumpkin 🏠✨,2026-02-21T07:37:02Z,8863478,0,65,2026-02-26T03:07:17Z,22,People & Blogs,Facts Oppy
PREzdpuXxb4,"The human body transports water, greening the desert is a funny special effect",2026-02-21T05:00:26Z,18469054,62615,26,2026-02-26T03:07:17Z,24,Entertainment,Kayvan Nanditama
#NAME?,HE WAS 1v1 WITH THE KEEPER… THEN THIS HAPPENED!😱 #futebol #goalkeeper #footballshorts,2026-02-17T16:15:00Z,13260443,11700,100,2026-02-26T03:07:17Z,24,Entertainment,GoalMad Football
kpgOXvhawws,How Thick Would A Cast Need To Be To Stop A Bullet 🤔,2026-02-21T13:30:56Z,9285721,312082,2165,2026-02-26T03:07:17Z,19,Travel & Events,Zack D. Films
gYGI63LH9Uo,Cuando tu hijo deja claro a quién quiere más delante de todos,2026-02-19T21:00:55Z,10778299,187375,490,2026-02-26T03:07:17Z,22,People & Blogs,Jon Sinache
tJXeFAGLhr8,Lyna y Larin Junior visitaron a un mago 🧙‍♂️,2026-02-17T19:09:41Z,11210422,69030,52,2026-02-26T03:07:17Z,24,Entertainment,Wekas
HqRL_bz9suk,A Cruel Betrayal and the Golden Retriever Who Refused to Let Go,2026-02-19T01:55:40Z,12634647,57389,255,2026-02-26T03:07:17Z,22,People & Blogs,Sigma Rescue
AeL7G4csR1E,Building a Secret Underwater Container Room 🏠,2026-02-22T00:15:00Z,10755314,106786,225,2026-02-26T03:07:17Z,24,Entertainment,Home Magic
z7R8v2w3D_A,Transforming a Mound into a Luxury Underground Room – Hyper-Lapse Build,2026-02-20T14:09:07Z,10525378,167400,442,2026-02-26T03:07:17Z,24,Entertainment,Quite Homes
VnedT-8sHOc,I Pretended To Be A Wax Figure,2026-02-19T18:15:07Z,9882429,468440,3186,2026-02-26T03:07:17Z,24,Entertainment,Sambucha
jHbGX8APjWM,POV You Found a Secret Bunker in the Forest #survival,2026-02-17T23:30:14Z,10109656,81774,330,2026-02-26T03:07:17Z,22,People & Blogs,Mythic Shelter
ZVrEaT8R5L4,SALVÓ A SU CERDITO 🥹,2026-02-18T00:03:27Z,10038125,221408,3494,2026-02-26T03:07:17Z,20,Gaming,elElias
lLhVf_DEwKY,Les presento a las IDOLS #comedy,2026-02-17T15:08:20Z,11619321,167617,21305,2026-02-26T03:07:17Z,23,Comedy,Señorita Influencer
8lXEiPJeQvI,La Profesora Se Sorprendió Al Grabar A Sus Alumnos En Secreto ❤️,2026-02-17T19:02:01Z,8663923,128833,151,2026-02-26T03:07:17Z,22,People & Blogs,Parthenatos
cAXnxiHgYLo,That One Bro With a Spear #usa,2026-02-19T18:30:49Z,9931341,81216,507,2026-02-26T03:07:17Z,20,Gaming,Kajuto
shoF4s1V4Kw,Flying a Class better than First Class #singaporeairlines #firstclass #suites #flight,2026-02-20T18:09:36Z,13477401,190884,1240,2026-02-26T03:07:17Z,19,Travel & Events,Damon Geis
65aQZwX89Bk,She Gave Her Son a 3D Pen… Then She Walked Into His Room 🤯,2026-02-19T16:57:00Z,9899528,143246,15548,2026-02-26T03:07:17Z,22,People & Blogs,Funtale
Tjj0bcAgN9U,Turtoise was having a great day until... 🐢#truestory,2026-02-20T06:00:42Z,9068715,108851,514,2026-02-26T03:07:17Z,24,Entertainment,wholesomesque
VH1cwfleTro,The Cuban Pilot Who Defected With A MiG-29 To America,2026-02-18T17:25:19Z,10663016,312552,5196,2026-02-26T03:07:17Z,22,People & Blogs,Underground Bullets
7OTHPYWdDhc,"This poor puppy has no cash to buy a food of plate, so rich puppies making fun of him #animahal",2026-02-20T12:30:01Z,10183322,150031,876,2026-02-26T03:07:17Z,15,Pets & Animals,Ani Mahal
KHfS-oqxwi0,Cortei a armadilha da planta carnívora?!😱 #shorts,2026-02-18T02:02:56Z,7776665,288007,1675,2026-02-26T03:07:17Z,24,Entertainment,Gabrielmiranda_ofc
599zPZj_yQI,qual o MÁXIMO que o celular bloqueia por ERRAR A SENHA?,2026-02-20T23:00:00Z,10155963,211157,1754,2026-02-26T03:07:17Z,24,Entertainment,Giuliana Mafra
twsKdgvDxo4,Hiding as a GATE!,2026-02-19T09:35:57Z,11136618,301990,2019,2026-02-26T03:07:17Z,20,Gaming,CoffeeFuelledGenius
OCKocEl_2BA,He OPENS a BLUE WHEEL OF CHEESE,2026-02-20T15:30:25Z,9778204,292628,2404,2026-02-26T03:07:17Z,23,Comedy,Lionfield
jK-_-BBfgAY,¿A Quién Salvarías?💔😢 #kpop #rumi,2026-02-17T14:44:27Z,8879566,278799,646,2026-02-26T03:07:17Z,22,People & Blogs,Vaya Historia!
qtySq8iQqLc,A good relationship requires effort to maintain.#shorts,2026-02-19T10:21:58Z,9035850,374370,5428,2026-02-26T03:07:17Z,22,People & Blogs,ShadowHarbor 
x1JBLVQDY7s,He Climbed A Building To Rescue A Child 😱,2026-02-20T20:30:09Z,8691276,587093,6505,2026-02-26T03:07:17Z,19,Travel & Events,Zack D. Films
UCHRs6IYG50,When Ederson Became a Midfielder 😂,2026-02-17T19:23:23Z,9486400,98612,213,2026-02-26T03:07:17Z,22,People & Blogs,OffsideShorts90
TJykDaWPs8M,Elder Sister Teaches His Young Sisters Like A Mother 🥹,2026-02-18T02:00:25Z,8050782,0,53399,2026-02-26T03:07:17Z,22,People & Blogs,saifu ke shorts
UZNshSF7ckw,A EMILLY CAIU DA ESCADA EM UMA GRAVAÇÃO *Ela ta bem ?,2026-02-20T15:00:11Z,4298501,83459,5664,2026-02-26T03:07:17Z,28,Science & Technology,Emilly Vick
GighSdrzF4Q,Silent SOS Saved a Life 🌟#rumilife,2026-02-20T12:30:22Z,8567709,157984,738,2026-02-26T03:07:17Z,23,Comedy,Rumi Life
w_B6znHQBoU,This Guy Accidentally Ended Up in a Music Video,2026-02-19T20:11:34Z,10752119,161572,394,2026-02-26T03:07:17Z,24,Entertainment,Hublot Baggins
ALlHMMEOs_4,Ranking The Funniest Make A Word Challenge 🤣💀 Part 4,2026-02-20T20:08:34Z,7796941,228140,1657,2026-02-26T03:07:17Z,22,People & Blogs,sylpd
Mwqmd6JMTBI,Me encontré con un ¿THERIAN?,2026-02-18T20:00:00Z,6539973,287121,8795,2026-02-26T03:07:17Z,20,Gaming,Iraa
_diDNxI9lkM,Watch Water Turn Into a Glowing Ice Lantern in Freezing Air! ❄️✨,2026-02-17T12:30:17Z,7152538,0,21,2026-02-26T03:07:17Z,24,Entertainment,Facts Ki Story
ssu_1ljppoA,A roupa 🐘🦊🐷 Emilly Vick💗Ketlen💜Leozinho💡,2026-02-17T21:15:06Z,7856362,138839,324,2026-02-26T03:07:17Z,22,People & Blogs,Super Aventura
vJk33ppCaAI,This Golf Gadget Is Banned for a Reason 😳,2026-02-18T13:01:51Z,9222542,88638,123,2026-02-26T03:07:17Z,27,Education,Mindsy
otgNWj4OI4Q,Police Officer Gives Kids a Moment They Will Never Forget…,2026-02-21T19:27:26Z,7684092,216954,1427,2026-02-26T03:07:17Z,22,People & Blogs,Crisis Cams
FAFE4cgt7vE,Simran enters a Powerless World🌎💪🏻😱|Simran Makhija| #shorts #school #schoollife #funny #comedy,2026-02-20T00:30:24Z,7607323,90885,56,2026-02-26T03:07:17Z,22,People & Blogs,Simran Makhija
ik_LrOYA5Y8,Este truco loco obligó a la iglesia a comprar su casa 😱🐷 #shorts,2026-02-20T15:07:33Z,10483294,0,376,2026-02-26T03:07:17Z,24,Entertainment,sir janbaa
8Lu_hl-r88w,You don’t get a BETTER high protein snack than this 🫡🇿🇦 (67g protein/100g) #mealprep,2026-02-19T16:52:03Z,8867851,211614,3608,2026-02-26T03:07:17Z,17,Sports,Noel Deyzel
cRgBCNJ9g74,This Is NOT a Reflection… It’s Twins 👬🔥,2026-02-18T03:30:27Z,9227828,109594,312,2026-02-26T03:07:17Z,22,People & Blogs,MC REPEAT
m6_s6ANu3E8,Putting Ai Police Through a Moral Test 🚔⚖️,2026-02-17T13:06:54Z,7657772,127767,2063,2026-02-26T03:07:17Z,22,People & Blogs,Þolemod
2FPDWMvolfw,Who else has a separate stomach for desserts? #itbelikethat #justforlaughs #motherson #dessert #yum,2026-02-20T04:23:46Z,7920917,217445,527,2026-02-26T03:07:17Z,22,People & Blogs,Michelle Tiang
Q51mbsIB1GY,Will KFC Fill The Worlds Biggest Bucket?,2026-02-17T16:00:41Z,65385034,1741605,2760,2026-02-26T03:07:17Z,24,Entertainment,DanCookedIt
SkXEOg9-pwg,…and the reaction speaks for itself 🫶🥇,2026-02-20T19:10:34Z,35506752,389124,1473,2026-02-26T03:07:17Z,17,Sports,Olympics
6zD2tmUokmI,Kanye Samples Like A Boss,2026-02-19T00:00:18Z,32428375,559938,3765,2026-02-26T03:07:17Z,24,Entertainment,ePianoh
kCEZ4s7dKQo,Shower under an Umbrella😂 傘の下でシャワーを浴びる,2026-02-20T01:01:01Z,29720446,83997,22,2026-02-26T03:07:17Z,24,Entertainment,TTINY BOY
_TLaN8h2Ms0,What you choose the durian ladder 🪜 🥑,2026-02-17T15:01:40Z,26953138,95995,15,2026-02-26T03:07:17Z,22,People & Blogs,Thong To Short Fun
6_LD7s4d234,He deserves an Olympic medal 🔥#olympics#winterolympics2026 #winterolympics #video #figureskating,2026-02-18T00:50:07Z,20109833,349582,1438,2026-02-26T03:07:17Z,17,Sports,Ian Gunther
Xto32bRZPwA,When An Arab Serves Indian Food,2026-02-21T11:08:12Z,25783112,727208,3870,2026-02-26T03:07:17Z,19,Travel & Events,Khalid Al Ameri
D8ilttqEW2k,Which animal cause the most damage #shorts,2026-02-17T18:42:50Z,12710625,172205,905,2026-02-26T03:07:17Z,22,People & Blogs,VITMI
0qDo88oZD34,嫌がらせ行為を目撃した教師のガチ対応,2026-02-19T02:00:01Z,9568638,187835,2271,2026-02-26T03:07:17Z,1,Film & Animation,一分世界
97yKWpq1ykQ,a pessoa MAIS BAIXA do mundo,2026-02-21T15:00:00Z,8530621,177993,1516,2026-02-26T03:07:17Z,24,Entertainment,Giuliana Mafra
yH20Z2FsGzw,He turned an awkward moment into a sweet one ❤😍... #priyankachopra #nickjonas #shraddhakapoor #edit,2026-02-18T10:06:20Z,9125242,72354,146,2026-02-26T03:07:17Z,1,Film & Animation,Filmy Beats 
bvTXF49udAY,A HISTÓRIA DE SUPERAÇÃO DA GIULIANA MAFRA - Peraltas Comedy #giuliana #peraltascomedy #shots,2026-02-17T15:01:04Z,7869702,232292,5611,2026-02-26T03:07:17Z,23,Comedy,Peraltas Comedy 
8erQRvNBNeQ,I’m Never Buying a Robot Vacuum Again! 📉 Roomba Fail,2026-02-17T17:49:40Z,9778973,18990,1392,2026-02-26T03:07:17Z,24,Entertainment,Dahiyane Bilgiler
JG5-JPaBQvU,Fizeram bullying no colégio com a minha filha...,2026-02-19T17:00:19Z,7861685,72599,412,2026-02-26T03:07:17Z,24,Entertainment,Kelvin & Marina l Casal do Humor
1vFMjwLRCh4,Use a bucket to splash paint on the hood. #เคาะพ่นสี #ช่างทำสีรถยนต์ #automotive,2026-02-20T02:14:57Z,9634069,28447,653,2026-02-26T03:07:17Z,22,People & Blogs,อุไร การะจักร
KnATPoaNMc0,a baby who is a thirsty dog,2026-02-18T05:17:08Z,7069029,65101,576,2026-02-26T03:07:17Z,22,People & Blogs,Tiny Smile Studio
1Kf7rH7YIh8,Esta abuela se disfrazaba todos los días para hacer sonreír a su marido #shorts,2026-02-19T23:00:02Z,7098649,0,27161,2026-02-26T03:07:17Z,24,Entertainment,sir janbaa
kdYXK06iFbc,La Chica Más Amable Del Mundo 😯❤️,2026-02-21T15:01:20Z,8147747,162780,401,2026-02-26T03:07:17Z,24,Entertainment,El Chico Estrella 🌟
DkBIlBKr_w4,A Father’s Love for His Son and Daughter 🥹❤️,2026-02-17T14:33:06Z,6506090,126930,272,2026-02-26T03:07:17Z,10,Music,Teddy Dear
pD2rC0jMvtE,ele Bateu o Recorde e Continuou,2026-02-19T19:03:41Z,7209319,455502,1843,2026-02-26T03:07:17Z,27,Education,"Investiga, Pinhel! "
CawIWxOnACA,Batman really turned into a kid and still kept his rizz at zero... 😭🥀 #dc #shorts #memes,2026-02-21T13:49:42Z,9278327,440678,2394,2026-02-26T03:07:17Z,22,People & Blogs,SafeHaven
A3tSCIhqj_Y,Minecraft In a MILLION Years...,2026-02-22T03:22:28Z,8990775,304910,1789,2026-02-26T03:07:17Z,20,Gaming,Fangorn
K1WL00Qu6Hk,📡🛑 Can Radar Find a Body Hidden in Cement?,2026-02-20T19:34:11Z,7968317,295193,2676,2026-02-26T03:07:17Z,28,Science & Technology,Zero Theory
z9AWzvLFxQo,Transformaron una cuchara en un recogedor,2026-02-18T01:30:57Z,8031084,29290,53,2026-02-26T03:07:17Z,24,Entertainment,Nocheon
kl8UCmCIpSU,Yes or No? (Make a random drink challenge) Part 98,2026-02-17T22:00:54Z,7602729,280159,932,2026-02-26T03:07:17Z,24,Entertainment,Godfrey Twins
ThU6LK8xEdE,Gold medalist Alysa Liu has a BLAST in the exhibition gala | Winter Olympics 2026 | NBC Sports,2026-02-21T22:35:45Z,3956108,114665,3045,2026-02-26T03:07:17Z,17,Sports,NBC Sports
rrICaz6RxBA,KEKUATAN ISTIQOMAH SHOLAT WALAU PUN DI AREA NASRANI,2026-02-20T09:53:58Z,18968209,51382,1391,2026-02-26T03:07:17Z,22,People & Blogs,Raja Ryzal Kelayang
chTNXwVQg0Y,Este Artista Engañó A Tu Cerebro En Segundos 😵 #tonyfranco,2026-02-19T23:00:50Z,7888510,197826,498,2026-02-26T03:07:17Z,22,People & Blogs,Tonyfrancog
#NAME?,Hiding as a CLOUD Until My Friend Notices!,2026-02-20T16:59:46Z,5625013,187109,1207,2026-02-26T03:07:17Z,20,Gaming,CoffeeFuelledGenius
4n2HTFDoEC8,Girl robbed a statue thief 😮 | RESPECT |,2026-02-19T02:06:02Z,6784609,0,25,2026-02-26T03:07:17Z,24,Entertainment,Respect Boron
Sskh-A_0w9c,A hitman walks in on the ultimate bro moment... and has NO idea how to process it. 😂🫘,2026-02-21T10:30:22Z,7416637,162892,377,2026-02-26T03:07:17Z,1,Film & Animation,Fae Plunkett
MPuqvgdIQz0,I Got a New MOM?,2026-02-22T13:00:39Z,7235432,163108,124,2026-02-26T03:07:17Z,24,Entertainment,Zhong
Ir58FFWLyQ8,A bañarse con agua fría 🚿 #alemania #humor #alemana #colombia #cultura,2026-02-18T17:56:29Z,6273209,79612,763,2026-02-26T03:07:17Z,22,People & Blogs,Jose y Maggi
5a6YDUdQUE0,NO DEJES CAER A RUMI😰💔,2026-02-19T01:25:09Z,6868334,61143,33,2026-02-26T03:07:17Z,24,Entertainment,Roythithi
ieFSsRr-dAc,Dirt bikes need registration and a plate... #shorts,2026-02-17T14:30:46Z,5553567,233195,3273,2026-02-26T03:07:17Z,24,Entertainment,Throttlehead
W4h-zPiK1aM,Building a Highway Bridge on a Vertical Cliff | Real Engineering,2026-02-18T20:46:11Z,7741393,0,278,2026-02-26T03:07:17Z,22,People & Blogs,GeoRevive
TfrOPI5AM10,Kalian juga punya kan celengan seperti ini? #shortvideo,2026-02-17T23:36:37Z,7256919,70253,0,2026-02-26T03:07:17Z,22,People & Blogs,Ninis marsela
MCx6ngtDveQ,"Meu irmão Vinícios APRENDENDO A LAÇAR, Treinando laçando nóis #irmãos #humor #familia #laço #feliz",2026-02-17T21:00:19Z,5965400,100638,415,2026-02-26T03:07:17Z,22,People & Blogs,A ruiva da roça / Fabio Castro
R6zZrUHFrI0,The Woman Who Poisoned Her Own Lookalike 😨,2026-02-21T15:30:28Z,6124468,298561,2027,2026-02-26T03:07:17Z,19,Travel & Events,Zack D. Films
I3DS8Jp023Y,A Coconut with Striking Color Contrast,2026-02-17T18:01:13Z,6866016,103001,133,2026-02-26T03:07:17Z,22,People & Blogs,CoCo
q_-dV6ZHxJw,você respira MELHOR que a maioria?,2026-02-19T23:00:00Z,11193408,141113,656074,2026-02-26T03:07:17Z,24,Entertainment,Giuliana Mafra
DDB5BWxIZ1Q,Bhikari Chal Mercedes Built the CLR GTR at $2.5M only a few lucky drivers experienced#reelschallenge,2026-02-20T08:00:13Z,8118889,26774,9,2026-02-26T03:07:17Z,22,People & Blogs,Monster Reaction
4ujJzFjvFag,Never Do This at a Water Slide! 😱,2026-02-21T07:35:41Z,7790543,0,11,2026-02-26T03:07:17Z,27,Education,Facto Knock
o_uc2XK-45I,A Wild Wolf Begged Me for Help… I Couldn’t Believe Why,2026-02-18T20:05:06Z,7036844,69864,240,2026-02-26T03:07:17Z,24,Entertainment,Cooked Content
QqCbYMrOPmI,He Built a Fence… THROUGH His Neighbor’s Garage! 😳🔨,2026-02-18T01:01:48Z,6116762,111587,976,2026-02-26T03:07:17Z,22,People & Blogs,Case Dismissed
KfFkrVR1Hr8,"Introducing the ""VitalWear SmartBand,"" a next-generation wearable gadget🎉 part 377",2026-02-22T06:03:37Z,7988785,0,341,2026-02-26T03:07:17Z,22,People & Blogs,Official Mohit Bhind
aWIBC40SM0k,Bullies Mocked a Small Kid… Until His Cop Dad Showed Up 👮‍♂️🔥,2026-02-17T16:08:23Z,5347594,0,11957,2026-02-26T03:07:17Z,22,People & Blogs,Cyberjao
m0BFZkPsoWY,Twenty One Pilots - Drag Path (Official Video),2026-02-17T23:02:14Z,3296467,259249,11601,2026-02-26T03:07:17Z,10,Music,twenty one pilots
xGc78O6FUpk,The Principal Called ☎️,2026-02-18T16:47:23Z,6938949,244221,2014,2026-02-26T03:07:17Z,22,People & Blogs,Meatlicious
qq1x6u__ddU,GUESS CAR EATER AND MORE EATERS HUNTERS BEHIND THE DOOR LIMINAL HOTEL Garry's Mod,2026-02-23T02:10:30Z,5466060,23594,9,2026-02-26T03:07:17Z,20,Gaming,ZOOWAKE - Games
1MY_PxGZlDk,Mikhail Shaidorov steals the show! 🐼🔥 Ps: Keep an eye for a surprise guest at the end 👀,2026-02-22T00:56:50Z,4660792,37384,326,2026-02-26T03:07:17Z,17,Sports,Olympics
ee0m6ZEuTK4,Se Robaron Las Pipsas 🍕,2026-02-20T21:00:47Z,5057131,92230,541,2026-02-26T03:07:17Z,24,Entertainment,Skydimers
m03K_vgpTUE,It’s an entire operation😂,2026-02-19T21:01:01Z,4326816,81463,630,2026-02-26T03:07:17Z,23,Comedy,Onevilage
tE-DhND4iMU,This Man Became a Hero in Seconds 👏,2026-02-22T14:05:02Z,4308503,0,5,2026-02-26T03:07:17Z,22,People & Blogs,Jazzy Voice
KX-0neakyvA,EL PROTOTIPO NUNCA QUISO DAÑAR A POPPY EN POPPY PLAYTIME CAPITULO 5 😱👀,2026-02-22T17:49:56Z,3092174,94132,949,2026-02-26T03:07:17Z,20,Gaming,Magmuh
i6Zr5cm3gu4,He Threw the Cat Away… But What Happened Next Will Make You Cry 🥺🐾 #demariki,2026-02-22T14:01:05Z,3014818,17134,27,2026-02-26T03:07:17Z,22,People & Blogs,Demariki
BJjXPWUJqj8,A stress reliever as a stress reliever?? #stress #stressrelief #health #blood #nurse,2026-02-19T16:12:42Z,2344612,8845,46,2026-02-26T03:07:17Z,22,People & Blogs,Olivia Jaymes
bIX5nhIlXP4,🔥 That Smile Was a Warning,2026-02-21T01:30:25Z,2490308,0,0,2026-02-26T03:07:17Z,24,Entertainment,UFCplus
YeymIQ-NEvM,Ancient Script Found Written on a Live Pigeon 😮,2026-02-22T14:00:52Z,2458501,21347,234,2026-02-26T03:07:17Z,28,Science & Technology,MrScoopz
rWB1ya_X0Yg,"SE EU FALAR A LETRA ""E"" O VÍDEO ACABA",2026-02-22T22:35:09Z,2247412,78553,1702,2026-02-26T03:07:17Z,24,Entertainment,Ronazim
65yeHaWjn-o,Ya se con quién me voy a casar 🤣 #comedia  #youtubeshorts  #sketch  #shortvideo #humor,2026-02-23T08:06:36Z,2610846,23205,103,2026-02-26T03:07:17Z,22,People & Blogs,爆爆爆
dRyDUbgINwM,This Kind Man Helped a Pigeon 🕊️❤️,2026-02-23T02:45:04Z,2210136,24099,93,2026-02-26T03:07:17Z,22,People & Blogs,Infi's Diary
G4phnhGZ1cQ,EU reacciona a muerte de “El Mencho”; ofrecía recompensa de 15 mdd,2026-02-22T20:12:46Z,748347,4777,302,2026-02-26T03:07:17Z,25,News & Politics,EXCELSIOR
sESPjzVklno,How to say comfortable? sound more like a native speaker  #englishpronunciation,2026-02-23T11:42:10Z,1273438,11006,118,2026-02-26T03:07:17Z,27,Education,English with Steve Ford
vuljXWYv0oc,2 birds on a wire trend 🥹🪽- Cadel and Mia #shorts,2026-02-23T12:33:41Z,1709669,31871,1134,2026-02-26T03:07:17Z,22,People & Blogs,Cadel and Mia
X9dPnQhsICE,"Abaten a Nemesio Oseguera, “El Mencho”, líder del CJNG, en operativo en Tapalpa, Jalisco",2026-02-22T17:59:30Z,603054,0,1419,2026-02-26T03:07:17Z,25,News & Politics,El Universal
EZgtndQZjiY,The demon has been taught a lesson#Jesus#christ#Daemon,2026-02-23T11:00:31Z,994777,11466,13,2026-02-26T03:07:17Z,22,People & Blogs,The hand of God
2gvSzBnIzD8,LA VENGANZA IMPLACABLE DE HARFUCH! A 6 AÑOS DE SU ATENTADO!,2026-02-23T16:11:50Z,533988,22675,1376,2026-02-26T03:07:17Z,25,News & Politics,The Mexican Family
rRDkA-07ygo,We Built a BUNKER to HIDE from GOO GOO GAGA..(Brookhaven),2026-02-23T15:43:47Z,628447,14583,1369,2026-02-26T03:07:17Z,20,Gaming,Angelazz Brookhaven
xgDVm419fIQ,Leavitt puts Mexican cartels on NOTICE: Do not 'lay a finger' on US citizens,2026-02-24T13:45:16Z,524751,9980,3518,2026-02-26T03:07:17Z,25,News & Politics,Fox News
aGyYKXlGzas,Fanum Trolls Cashier For A Discount 😂,2026-02-23T20:27:22Z,1109771,46844,201,2026-02-26T03:07:17Z,24,Entertainment,Fanum Live
x7lqoQhF57E,El atentado del CJNG a García Harfuch cambió las reglas en México,2026-02-23T03:16:00Z,473661,3190,361,2026-02-26T03:07:17Z,25,News & Politics,NMás
VF_cgn6_72k,🚨 COCHE BOMBA EN JALISCO ABATE A CAPITÁN DE LA GUARDIA NACIONAL,2026-02-24T20:26:05Z,486053,17184,1997,2026-02-26T03:07:17Z,25,News & Politics,The Mexican Family
KCkc9siATIA,Masha and the Bear 2026 🤔 Guess the Food❓Best episodes cartoon collection 🎬,2026-02-24T09:00:00Z,679067,592,0,2026-02-26T03:07:17Z,1,Film & Animation,Masha and The Bear
khN8qZkiz1s,New details on man fatally shot at Trump's Mar-a-Lago,2026-02-22T23:00:22Z,448936,3506,3115,2026-02-26T03:07:17Z,25,News & Politics,ABC News
QHL53DZj4_c,The Americano Was A Product Of World War 2 #funfact,2026-02-24T17:00:42Z,1117414,63628,791,2026-02-26T03:07:17Z,24,Entertainment,Doug Sharpe
MG88tVgsSzY,Minuto a Minuto: La Muerte de “El Mencho”,2026-02-22T22:04:45Z,597871,18695,390,2026-02-26T03:07:17Z,25,News & Politics,N+ UNIVISION
y0BrXsKd6m4,Ukraine Just STARTED a Fire Russia Can’t STOP… Putin Can Only Watch It BURN,2026-02-24T15:01:42Z,502780,11659,533,2026-02-26T03:07:17Z,25,News & Politics,The Military Show
MQvBlNgl4MY,‘Humiliated’ Beatrice & Eugenie ‘in a state’ as questions grow over what they knew about Epstein?,2026-02-20T19:00:30Z,434241,6973,2994,2026-02-26T03:07:17Z,25,News & Politics,The Sun
T3zwwXL_1Vk,😱Grow a Garden 2 ВЫШЕЛ! Я СТАЛ АДМИНОМ в GARDEN HORIZONS и ВЫБИЛ ДИВАЙН!,2026-02-23T04:00:32Z,425910,13395,2395,2026-02-26T03:07:17Z,20,Gaming,FixEye - Роблокс
m6QjnIZlCGs,🏁🏎️👧🏻 Daddy Builds a Race Track for His Daughter 🚗 🎮 💖 #shorts,2026-02-23T10:15:08Z,757581,4825,4,2026-02-26T03:07:17Z,24,Entertainment,Linh Nhi Shorts
d8U_VPUlGFA,🎶 On My Belly 🎶 On My Belly 🎶 There’s a Belly Button! 🎶,2026-02-23T12:01:00Z,983030,9722,0,2026-02-26T03:07:17Z,27,Education,Cocomelon - Nursery Rhymes
9W5jzKSBCtE,'The Five' ROASTS Newsom and AOC,2026-02-24T00:45:02Z,419762,10147,1731,2026-02-26T03:07:17Z,25,News & Politics,Fox News
qltp0tlGHWc,🧊💜👑Rumi ⚔️ Mira😈 | ¡Ayuda a Rumi a convertirse en la Reina del Hielo! ❄️🥺 #kpopdemonhunters #shorts,2026-02-22T15:01:31Z,970397,23696,160,2026-02-26T03:07:17Z,24,Entertainment,Crónicas de Huntrix
1KVIoXetq9o,mein LETZTES STEAL A BRAINROT VIDEO...,2026-02-20T13:30:01Z,365347,9469,2108,2026-02-26T03:07:17Z,20,Gaming,Standart Skill
H1kO_6yXLGg,"NEW: Authorities identify man who was shot, killed at Mar-a-Lago",2026-02-22T17:15:00Z,346898,5790,2117,2026-02-26T03:07:17Z,25,News & Politics,Fox News
3NvAkCGyOU4,NO WAY MARVEL RIVALS HAS A DC COUNTERPART 😭😭😭,2026-02-23T18:02:22Z,764658,25717,690,2026-02-26T03:07:17Z,20,Gaming,Khyomaru
i87U6HuESeA,Knight of the Seven Kingdoms Finale BREAKDOWN - Every Game of Thrones Easter Egg,2026-02-23T03:40:00Z,357993,9061,895,2026-02-26T03:07:17Z,1,Film & Animation,ScreenCrush
hcNIoh2efeo,Vivir con miedo… ¿a dónde se va uno? #elmexitachi #shorts #short,2026-02-24T02:59:58Z,731640,20183,236,2026-02-26T03:07:17Z,22,People & Blogs,elmexitachi
li8F6tjYZDU,ROMA-CREMONESE | HIGHLIGHTS | Brilliant Display At The Olimpico | Serie A 2025/26,2026-02-22T22:31:57Z,320570,6321,197,2026-02-26T03:07:17Z,17,Sports,Serie A
Wj-zZC5vrnE,PUTIN Is in the Same Position as HITLER on His Last Day… It’s OVER!,2026-02-23T20:00:21Z,316284,10162,899,2026-02-26T03:07:17Z,25,News & Politics,The Military Show
#NAME?,Adley & Niko JAPAN CANDY CHALLENGE!! a Funny night Rating Rare Japanese Candies 1 star to 5 Stars ⭐,2026-02-20T20:59:40Z,323795,2637,648,2026-02-26T03:07:17Z,24,Entertainment,A for Adley - Learning & Fun
6TZ5V_17xXM,I built a beaver dam in a forest #diy #outdoors #homestead #nature #beaverdam #forest #beavers,2026-02-23T19:13:14Z,589547,11029,183,2026-02-26T03:07:17Z,26,Howto & Style,SageSmokeSurvival
jTkT8UoqHE0,KABRITA REACCION A ANGI FIRE 😱 ELLA JURA 🙏 Angi Fire (VIDEO OFICIAL🛐),2026-02-20T22:00:03Z,313163,11001,817,2026-02-26T03:07:17Z,22,People & Blogs,Kabritaa
5gVggOgInd0,A Casa do Dragão - Temporada 3 | Teaser Oficial | HBO Max,2026-02-19T16:02:37Z,293877,9782,733,2026-02-26T03:07:17Z,1,Film & Animation,HBO Max Brasil
_EyUYdKdodQ,Essa iniciativa representa a Casa dos Campeões 🏆 🫡 #maxtitanium #casadoscampeoes #fisiculturismo,2026-02-23T22:27:04Z,567592,25741,145,2026-02-26T03:07:17Z,17,Sports,Max Titanium
bCHqheb0Ilo,Los primeros 18 participantes comienzan a conocerse - Gran Hermano 2026,2026-02-24T04:16:47Z,290659,1710,496,2026-02-26T03:07:17Z,24,Entertainment,Gran Hermano Argentina
ecdgD4XS6AY,‘Gutfeld!’: This guy is a STAR...,2026-02-24T05:15:08Z,316734,8992,756,2026-02-26T03:07:17Z,25,News & Politics,Fox News
U4aM6DpJQxQ,Having a PET SLEEP OVER in Minecraft!,2026-02-23T14:00:36Z,283724,2993,353,2026-02-26T03:07:17Z,20,Gaming,Dash
i73R5JV3UKs,jump rope with a charging cord！,2026-02-23T11:15:20Z,525355,2339,6,2026-02-26T03:07:17Z,22,People & Blogs,HAYATAKU はやたく
QDS5fRBTTTk,Remembering a Titan,2026-02-24T17:00:41Z,238323,16224,1111,2026-02-26T03:07:17Z,20,Gaming,IGN
2L3VpT_9Ux4,NEW Steal A Brainrot DIVINE fuse insane luck,2026-02-23T15:35:44Z,284300,4226,143,2026-02-26T03:07:17Z,20,Gaming,Sxzxr
8kla0J1Jfp0,Beto a Saber - FEB 24 - ENTREVISTA COMPLETA A HERNANDO DE SOTO | Willax,2026-02-25T03:19:07Z,205638,3015,1241,2026-02-26T03:07:17Z,25,News & Politics,Willax Televisión
JR2yw0dHX34,Une journée avec moi ❤️,2026-02-19T10:42:27Z,163507,1150,0,2026-02-26T03:07:17Z,22,People & Blogs,Happy kids Vlog
66H-cWqy5R0,I Surprised Sammy with BIRTHDAY GIFT in Steal a Brainrot Roblox,2026-02-25T08:32:02Z,254918,7722,1839,2026-02-26T03:07:17Z,20,Gaming,SenpaiUnlimited
Qo4DPudFJEY,"💣👀 ""C'est une bombe ou quoi ?"" 😅 Luis Enrique a encore craqué ! #shorts",2026-02-24T16:15:03Z,327800,4078,132,2026-02-26T03:07:17Z,17,Sports,beIN SPORTS France
eMlBnkyez2c,I Melted an In-N-Out Burger Into a Dip!!?,2026-02-22T16:44:24Z,228072,7748,191,2026-02-26T03:07:17Z,22,People & Blogs,Meatlicious
Gl30Uaf5uWg,When You Make A Pillow Fort 🤣 #shorts #relatable,2026-02-24T00:40:00Z,267793,5447,56,2026-02-26T03:07:17Z,23,Comedy,depeet
#NAME?,🚨 ¿El PROTOTIPO lanzó a POPPY o a PLAYER en el tanque de EL FINAL? 🤔 || POPPY PLAYTIME 5⭐,2026-02-24T19:58:52Z,253461,20604,339,2026-02-26T03:07:17Z,24,Entertainment,Sergioks
tyLBHwk72TU,The Tool That Protects a Luxury Watch!🤯,2026-02-23T16:03:23Z,261003,0,8,2026-02-26T03:07:17Z,27,Education,ScienceWith-AD7 
BhUNI2uKGnc,World Right Now In A Nutshell: #europe #map #mapping #mapper,2026-02-23T17:30:03Z,311256,4529,472,2026-02-26T03:07:17Z,24,Entertainment,PortugalCountryBali
eUQHhlMVAdQ,When Dad Started Pulling a Crocodile Out of the Pool🤯 Chintu Stood There Totally Shocked! 😂🐊👀,2026-02-24T07:54:20Z,249707,0,1,2026-02-26T03:07:17Z,22,People & Blogs,Facts Oppy
hsXM73mgXxI,CAUGHT ON CAMERA: Lawmaker caught taking a nap at State of the Union,2026-02-25T04:15:04Z,327693,4716,673,2026-02-26T03:07:17Z,25,News & Politics,Fox News
mDqVKT6rIfk,Rappi domó a kuka Ofelia Fernández,2026-02-24T00:04:14Z,177274,7584,333,2026-02-26T03:07:17Z,22,People & Blogs,Mate con Mote
ymhn-3I5kQY,What is a 'Lenny Skutnik'?,2026-02-24T12:52:00Z,149848,4532,163,2026-02-26T03:07:17Z,25,News & Politics,CNN
v16oYLlq47k,POV: When you try to be the Main Character but gravity says NO 🥚💀,2026-02-22T14:27:23Z,7106516,37755,24,2026-02-26T03:07:17Z,1,Film & Animation,Final Hour Stories
geugrkKOb04,They Underestimated Her — That Was the Mistake 👇,2026-02-23T10:02:19Z,4290200,90658,297,2026-02-26T03:07:17Z,24,Entertainment,mdscae
TLi-b2AzC0I,I guess the hands on hips was never a phase 🤣 #childhoodphotos,2026-02-23T07:54:45Z,843352,45102,146,2026-02-26T03:07:17Z,22,People & Blogs,LilBigNanc
T4sh_XaA-m4,Stephen A. STILL thinks the Pistons are the best team in the league! 👀 | First Take,2026-02-24T16:17:24Z,153448,1763,600,2026-02-26T03:07:17Z,17,Sports,ESPN
9E8wUC8D2JY,The opening 9 minutes of Trump's State of the Union 2026,2026-02-25T03:43:00Z,159579,856,1980,2026-02-26T03:07:17Z,25,News & Politics,CNN
3RdP9GKw2fE,Dad Gave Rhia a Big Kitchen Set… Sierra Got a Small One?! 😮🍳💛,2026-02-23T23:30:01Z,306952,2021,0,2026-02-26T03:07:17Z,24,Entertainment,Sierra and Rhia English
11Mn4liY73k,Seher Takes A Stand | Seher,2026-02-23T04:30:48Z,149566,4724,35,2026-02-26T03:07:17Z,24,Entertainment,Colors
U-54oX9FfZ4,who can make a pineapple 🍍,2026-02-25T14:17:45Z,302822,2970,3,2026-02-26T03:07:17Z,24,Entertainment,Natkhat Maha
c9lEUYYsew8,A Ram Sam Sam Sam | Emma And Joey Nursery Rhymes | Beep Beep #shorts,2026-02-23T07:48:38Z,160612,1296,0,2026-02-26T03:07:17Z,27,Education,Emma And Joey - Nursery Rhymes
jDvmHhZUu7I,IF A PIRATE MADE A RAP SONG,2026-02-24T20:49:53Z,127489,12544,670,2026-02-26T03:07:17Z,10,Music,Jonn
rYKPFo6okrI,Aぇ! group official【ASMRなのに…悲鳴!?】イヤホン着用にご注意ください 笑,2026-02-24T00:01:02Z,122999,16718,221,2026-02-26T03:07:17Z,24,Entertainment,Aぇ! group
PVezQ54dbIk,Can A Bullet Stop A Bear 🐻,2026-02-23T17:30:13Z,135029,3529,77,2026-02-26T03:07:17Z,22,People & Blogs,The Art Of War
94i5Voegi9c,Así cayó “El Mencho”: la pista sentimental que llevó a la inteligencia mexicana,2026-02-23T17:44:14Z,148306,1325,41,2026-02-26T03:07:17Z,25,News & Politics,Diario La Prensa - Premium
3_fzSIHaP44,POV: Você está em uma briga com a Maxiane | BBB 26 | #Shorts,2026-02-25T05:36:21Z,237003,3371,195,2026-02-26T03:07:17Z,24,Entertainment,Big Brother Brasil
vdCgHRis6ek,Playing with a Boomerang 🪃😄 #shorts #peppapig,2026-02-24T00:00:59Z,157971,1874,0,2026-02-26T03:07:17Z,1,Film & Animation,Peppa Pig - Official Channel
U4j0G5lPRKE,Debemos tratar BUEN A LOS HIJOS #comedia #familiaibañez #humor #casosdefamilia #comedy #shortsfeed,2026-02-25T03:02:33Z,189488,1724,12,2026-02-26T03:07:17Z,24,Entertainment,Familia Ibañez
SN2oavZSyn4,#shorts Steal a Brainrot Playing with viewers Live part 13 #roblox,2026-02-25T19:35:38Z,52914,190,0,2026-02-26T03:07:17Z,20,Gaming,Taros Arc
#NAME?,Orbán Viktor miniszterelnök hétfőn a Sülysápon rendezett fórumon beszélt,2026-02-24T06:41:17Z,51682,1145,85,2026-02-26T03:07:17Z,25,News & Politics,hirado․hu - Magyarország hírforrása
oG91cVfy3AA,'The View' Reacts To Trump’s State of the Union | The View,2026-02-25T19:00:59Z,123597,3519,1004,2026-02-26T03:07:17Z,24,Entertainment,The View
zx9fg1zBttk,🔴LIVE STEAL A BRAINROT NEW TRADING MACHIENE & *PVP*,2026-02-25T21:20:18Z,193666,1514,7,2026-02-26T03:07:17Z,20,Gaming,Norgotor
tiFsTsYQ-0s,Stuart Varney: This was a demonstration of how to expose your political opponents' weakness #shorts,2026-02-25T19:00:55Z,156441,12954,595,2026-02-26T03:07:17Z,25,News & Politics,Fox Business
iyvcG9URjoU,What a U.S. attack on Iran could look like,2026-02-25T15:23:43Z,3860,49,14,2026-02-26T03:07:17Z,25,News & Politics,Foreign Policy
L-7XMifJULU,The Costume Test That Made Audrey Hepburn a Star!,2026-02-25T17:00:29Z,6968,173,5,2026-02-26T03:07:17Z,1,Film & Animation,The Academy
Y2J2GOyT9XU,Marta G. Aller: “A Vox parece que lo que le ofende es que el PP le dé la razón”,2026-02-25T08:30:26Z,12215,314,18,2026-02-26T03:07:17Z,25,News & Politics,Onda Cero
XOS8IZzk23w,"🔴 Muere a los 93 años Antonio Tejero, autor del intento de golpe de Estado de 1981",2026-02-25T18:50:24Z,9923,315,44,2026-02-26T03:07:17Z,24,Entertainment,La Ventana
VjJllw9x1dQ,Mike Vrabel  wants to help Gonzalez become a captain,2026-02-25T20:23:25Z,2020,76,3,2026-02-26T03:07:17Z,17,Sports,NBC Sports Boston
7ZfTFrhbPz4,🇦🇷 #URGENTE: @KalinaAnn destroza a Chiqui Tapia por paro mafioso en AFA contra Milei y la Justicia,2026-02-25T20:00:10Z,2213,308,27,2026-02-26T03:07:17Z,25,News & Politics,Derecha Diario TV
Vb6FU09T2k4,He turned into a cat,2026-02-25T19:37:56Z,38191,167,3,2026-02-26T03:07:17Z,24,Entertainment,EBB Super Star
tZ70PGE5ygA,The ultimate arm wrestling battle 💪🔥 Who will win the ultimate glory? 👑 #familyfun #armwrestling,2026-02-22T09:52:56Z,4823357,26607,157,2026-02-26T03:07:17Z,22,People & Blogs,Our Tiny World
owMQZX862Ms,I wrote a book.,2026-02-21T02:44:18Z,1586425,220739,20049,2026-02-26T03:07:17Z,24,Entertainment,Sam O'Nella Academy
AENBKj5175g,"Third day of the New Year – Wishing you peace, warmth in your family a year filled with happiness.",2026-02-19T13:00:30Z,52039836,674690,730,2026-02-26T03:07:42Z,26,Howto & Style,BYB Academy
EGddu3Romps,Teacher Tried to Catch the Gate Kicker… But Every Student Had a Crazy Excuse,2026-02-20T09:28:42Z,50908402,0,49,2026-02-26T03:07:42Z,24,Entertainment,Happy L story 
4qFLuUlx4SI,How Fast Can You Stop A KPop Demon?,2026-02-20T13:33:37Z,36816587,577633,1581,2026-02-26T03:07:42Z,22,People & Blogs,Stokes Twins
IvqWwQJndYc,Chi é Elodie in confronto a Shakira ? 😍#shakira #elodie #confronto #concerto #fan #cantante #fans,2026-02-18T22:00:17Z,57332082,157475,1021,2026-02-26T03:07:42Z,22,People & Blogs,OoK
HSU6L2IYlpA,She became a mummy. she became a mummy for fun!❤️,2026-02-17T14:00:32Z,41734024,0,2183,2026-02-26T03:07:42Z,22,People & Blogs,Red
4tzBDynpQ1E,They turned a muddy clearing into a bamboo paradise #transformation #satisfying,2026-02-18T18:45:00Z,36633496,655425,4873,2026-02-26T03:07:42Z,22,People & Blogs,Inspiring Ideas
ZgNkU0EgbmY,Can a 100 Pound Kettlebell Stop a 50 Cal?,2026-02-18T16:10:49Z,42548642,869435,4701,2026-02-26T03:07:42Z,22,People & Blogs,Yee Yee Life
yCGsrkdddoE,"A Mansão do meu cachorro desabou, então acabei dando uma casa simples improvisada para ele 😱🏠",2026-02-20T22:40:01Z,34206809,166485,1820,2026-02-26T03:07:42Z,15,Pets & Animals,Kitem AI Dogs Oficial
WP1LBZMF1L0,Simran enters a Moneyless World🌎💸😱|Simran Makhija| #shorts #school #schoollife #funny #comedy,2026-02-19T00:30:27Z,30072121,280315,147,2026-02-26T03:07:42Z,22,People & Blogs,Simran Makhija
ncNl1Qu_dDE,When Military Training Turns Into a Comedy Show,2026-02-19T07:30:20Z,34535755,0,265,2026-02-26T03:07:42Z,24,Entertainment,CurioVerse
TZurFnKJNns,包丁ができるまでHow a Knife is Made,2026-02-18T12:00:58Z,27920473,378892,4057,2026-02-26T03:07:42Z,24,Entertainment,研師Ryota
28dq4f6MBZ0,"Officer saves old lady from a 250,000$ SCAM",2026-02-18T18:34:37Z,21435058,942389,18761,2026-02-26T03:07:42Z,22,People & Blogs,Patrol Log
IWz9qdq_EnA,No one is born with a dark heart ♥ #viral #status #funnyexpression,2026-02-19T05:47:26Z,21213693,0,566,2026-02-26T03:07:42Z,24,Entertainment,Yash
ArvNDr9Cdbs,These people have built a luxury home #shortsvideo,2026-02-18T09:21:00Z,21606883,0,109,2026-02-26T03:07:42Z,22,People & Blogs,Shorts With Sai 2
sEITEY7x7Tg,What Happens to Your Grip If You Squeeze a Hand Gripper for 30 Days?,2026-02-19T04:30:38Z,25591399,404027,456,2026-02-26T03:07:42Z,17,Sports,Skull Yogi
S_9F_sLCjW0,Pain of Having a Stepmom🥹 #stepmomlife #jagritipahwa #stepparents #realitycheck #treatchildrenwell,2026-02-17T13:28:55Z,19527096,385811,929,2026-02-26T03:07:42Z,23,Comedy,Jagriti Pahwa
7Q9SQN-uXGo,Never Ride a Bicycle Without Brakes 😱,2026-02-17T12:05:00Z,21845185,0,30,2026-02-26T03:07:42Z,22,People & Blogs,Jazzy Voice
D13XpZl8ncw,Mercedes Built the CLR GTR at $2.5 🏡 M only a few lucky drivers experienced power 😅🍓#reelschallenge,2026-02-19T05:33:30Z,37232693,0,39,2026-02-26T03:07:42Z,22,People & Blogs,Ai Desi Suparman
83hTFo-NTJo,40 Min Breath Hold 🔥🔥 | The Titan | MATADORA - DJ Asul (slowed) #trending #shorts,2026-02-19T18:00:14Z,22958332,523269,565,2026-02-26T03:07:42Z,22,People & Blogs,Shefasiu
Kq_JFZAYgEw,LNF - Sweet Little Sister Helps Build a LEGO Toy 🥰 #shorts,2026-02-19T13:15:03Z,26427782,196064,301,2026-02-26T03:07:42Z,24,Entertainment,Linh Nhi Family
BOlXbshBAcY,When my kids wants a snack,2026-02-17T20:50:22Z,20069096,84613,136,2026-02-26T03:07:42Z,22,People & Blogs,Lauren Agans
LBBcyMP3bvs,Last one was a DISASTER,2026-02-19T03:45:01Z,17605770,318135,1472,2026-02-26T03:07:42Z,22,People & Blogs,RandomDude
zMdTLEsPtVo,They Saved a Lonely Monkey 🐒,2026-02-22T00:07:00Z,15973893,0,878,2026-02-26T03:07:42Z,15,Pets & Animals,Facto Heart
4Ak_ddguqMw,POV: Snow Forest Shelter – What Happens After the Door Closes? ❄️🚪,2026-02-19T23:30:05Z,20281266,196339,500,2026-02-26T03:07:42Z,22,People & Blogs,Mythic Shelter
#NAME?,He Became a Lobster Dad 🦞🥹 #shorts,2026-02-17T19:44:43Z,15764877,375550,2514,2026-02-26T03:07:42Z,22,People & Blogs,Infi's Diary
#NAME?,Este hombre salvo a todos Los animals del tsunami,2026-02-17T22:44:13Z,15345456,247468,2022,2026-02-26T03:07:42Z,22,People & Blogs,Miccobi ai
PfrJkSQV_HE,Tikung Folding Fence: Smart Trick to Secure a House in a Narrow Land,2026-02-17T12:15:16Z,28432132,123970,839,2026-02-26T03:07:42Z,22,People & Blogs,The busy person
Dlwu-IY0Ajg,Eve hırsız girince köpekler vs kediler,2026-02-18T07:30:13Z,19234317,71908,72,2026-02-26T03:07:42Z,24,Entertainment,BETER BÖCÜK TÜRKİYE
nbr6iJOFxck,They Saved a Lonely Panda 🐼,2026-02-18T00:17:00Z,13064774,0,1132,2026-02-26T03:07:42Z,15,Pets & Animals,Facto Heart
XeoNQ-Qstxo,How Scientists Filmed A Ladybug’s Hidden Wings 🧐,2026-02-21T22:30:06Z,15437287,744078,3164,2026-02-26T03:07:42Z,19,Travel & Events,Zack D. Films
lLtOtMKdvWo,Penguin Saves a Mystery Egg from a Bear #penguin #eggs #owl #bear #cbum,2026-02-18T12:46:04Z,14603120,227738,98,2026-02-26T03:07:42Z,22,People & Blogs,MrMonkeyBoy
v6ZGT4ppzkk,Nahi khaonga Mercedes Built the CLR GTR at $2.5😱 only a few lucky drivers experienced#reelschallenge,2026-02-18T11:05:00Z,23175262,132651,24,2026-02-26T03:07:42Z,22,People & Blogs,Gajju.1000
IHWlvwu8t1w,The Mandalorian and Grogu | Official Trailer | In Theaters May 22,2026-02-17T14:00:19Z,10383518,131788,8940,2026-02-26T03:07:42Z,24,Entertainment,Star Wars
sb6UyV5SGs0,GRWM in a casual evening look ✨,2026-02-18T14:16:47Z,12591582,129518,343,2026-02-26T03:07:42Z,22,People & Blogs,mnsee.fashnlife
hPaKlFUvnr8,This Man Built a House No Thief Can Crack wood working art_hand crafts_#shorts,2026-02-20T04:27:51Z,19310351,232033,285,2026-02-26T03:07:42Z,1,Film & Animation,Trendy Facts 
jLD5Ovx739s,Safety First While Riding a Scooter! 🛴🛑 Sierra Teaches Rhia 💛,2026-02-18T19:30:15Z,25908624,114699,0,2026-02-26T03:07:42Z,24,Entertainment,Sierra and Rhia English
4ppxMFHQ9MY,They Built a $2M Container House Underwater 🌊😳,2026-02-20T01:25:06Z,15394967,158758,2124,2026-02-26T03:07:42Z,28,Science & Technology,SurfaceFlow
AP-Q8DAUvLE,Hiding as a TRAPDOOR!,2026-02-18T12:48:27Z,11696401,408226,2213,2026-02-26T03:07:42Z,20,Gaming,CoffeeFuelledGenius
dnYyNC0o1So,When you try to steal an air compressor but the roof crew came prepared with lumber and nail guns 😭,2026-02-19T21:13:49Z,12156491,155406,6653,2026-02-26T03:07:42Z,22,People & Blogs,More Than Laughs
Npd-gHXEduw,🌳🔥 I Built a Hidden Tree House Inside a Giant Tree | Satisfying Cabin Build Timelapse,2026-02-18T17:23:02Z,15194506,233407,1530,2026-02-26T03:07:42Z,26,Howto & Style,RenovaTime
oIGNFO2kGWI,I Put an Aquarium in My Living Room Floor?! 🌊🐠 Ocean 3D Floor #OddlySatisfying #Aquarium #EpoxyFloor,2026-02-20T20:00:00Z,12488825,83048,198,2026-02-26T03:07:42Z,24,Entertainment,All That Epoxy
UHmSqnpchps,脳がバグる色んな神童まとめ,2026-02-20T03:30:33Z,13280868,224464,1013,2026-02-26T03:07:42Z,22,People & Blogs,何もなかつた
xTokoZUERuk,The Teen Who Fought The Nazis 😮,2026-02-18T20:30:21Z,12254408,873699,5932,2026-02-26T03:07:42Z,19,Travel & Events,Zack D. Films
yapKgtrAyPY,El Perro Que Estafó A Todos 😧,2026-02-20T18:01:12Z,14180836,226017,378,2026-02-26T03:07:42Z,24,Entertainment,Dan
Q807tnfXvvA,JANDEL IS BACK? - GROW A GARDEN | ROBLOX ANIMATION,2026-02-20T05:17:50Z,13228834,202073,7864,2026-02-26T03:07:42Z,20,Gaming,GH'S
IG_neYL3oCs,مين هنا برج الاسد؟😱,2026-02-18T12:21:00Z,13594762,73924,111,2026-02-26T03:07:42Z,15,Pets & Animals,Mohamed Elyamany 
fuHkWonUYsY,Can He Get a Kiss?,2026-02-20T13:01:14Z,11324050,329196,227,2026-02-26T03:07:42Z,24,Entertainment,Zhong
LrBq-ZVZDe0,POV: When A Stranger Back Stabs You  #fashion #prom #dressess #formaldress #promdress #dressootd,2026-02-17T14:45:04Z,12621172,280292,594,2026-02-26T03:07:42Z,22,People & Blogs,Milivine Studio
sL_OcKykegA,"KID HAS A $15,000 GENGAR CHAIN?  #cardshow #vendorpov #pokemoncards #pokemon #gengar #funny",2026-02-17T19:36:21Z,12012964,304782,2918,2026-02-26T03:07:42Z,20,Gaming,westcollectsx
cc_F6SuECPE,POV: You Have a SECRET Weapon in Shawarma Kiosk Roblox 😂,2026-02-18T03:14:33Z,11576343,170710,192,2026-02-26T03:07:42Z,20,Gaming,nothayus
jgUx1Dxweaw,Best Dancer For A Reason 🔥💯 #bollywood #hrithikroshan #shorts #trending,2026-02-18T13:50:43Z,10571030,176848,146,2026-02-26T03:07:42Z,24,Entertainment,AMANHRX 
zdpd1qFlR-Y,Make A Word Challenge Gone Wrong,2026-02-20T12:01:43Z,11493475,212712,3958,2026-02-26T03:07:42Z,24,Entertainment,MiniMoochi
#NAME?,Ever seen a dancing pony? Wait till the end🦄  #dance #trend #sweden,2026-02-17T17:15:15Z,12339931,112295,1568,2026-02-26T03:07:42Z,22,People & Blogs,Isabell afro
qCUN5ZkBoAw,takala😰Mercedes Built the CLR GTR at $2.5🤡only a few lucky drivers experienced power🌲#reelschallenge,2026-02-20T09:52:00Z,18093638,0,11,2026-02-26T03:07:42Z,22,People & Blogs,A1 facts 5M
2Su4-AJtr8Y,That Was Not A Bark😂 #ishowspeed #kaicenat #edit,2026-02-20T23:48:34Z,12023108,234804,1472,2026-02-26T03:07:42Z,24,Entertainment,Goofy Recaps
1xGVoBKK9Xc,Bruce Lee kicks an arrow mid-air. No warning. Pure speed.,2026-02-18T07:00:04Z,12218448,43306,84,2026-02-26T03:07:42Z,22,People & Blogs,Kung Fu Mighty
Xp8bFu8pmMk,🎃 A Luxury Home Built Inside a Simple Pumpkin 🏠✨,2026-02-21T07:37:02Z,8863478,0,65,2026-02-26T03:07:42Z,22,People & Blogs,Facts Oppy
PREzdpuXxb4,"The human body transports water, greening the desert is a funny special effect",2026-02-21T05:00:26Z,18469054,62621,26,2026-02-26T03:07:42Z,24,Entertainment,Kayvan Nanditama
#NAME?,HE WAS 1v1 WITH THE KEEPER… THEN THIS HAPPENED!😱 #futebol #goalkeeper #footballshorts,2026-02-17T16:15:00Z,13260443,11700,100,2026-02-26T03:07:42Z,24,Entertainment,GoalMad Football
kpgOXvhawws,How Thick Would A Cast Need To Be To Stop A Bullet 🤔,2026-02-21T13:30:56Z,9285721,312086,2165,2026-02-26T03:07:42Z,19,Travel & Events,Zack D. Films
gYGI63LH9Uo,Cuando tu hijo deja claro a quién quiere más delante de todos,2026-02-19T21:00:55Z,10778299,187385,490,2026-02-26T03:07:42Z,22,People & Blogs,Jon Sinache
tJXeFAGLhr8,Lyna y Larin Junior visitaron a un mago 🧙‍♂️,2026-02-17T19:09:41Z,11210422,69031,52,2026-02-26T03:07:42Z,24,Entertainment,Wekas
HqRL_bz9suk,A Cruel Betrayal and the Golden Retriever Who Refused to Let Go,2026-02-19T01:55:40Z,12634647,57389,255,2026-02-26T03:07:42Z,22,People & Blogs,Sigma Rescue
AeL7G4csR1E,Building a Secret Underwater Container Room 🏠,2026-02-22T00:15:00Z,10755314,106786,225,2026-02-26T03:07:42Z,24,Entertainment,Home Magic
z7R8v2w3D_A,Transforming a Mound into a Luxury Underground Room – Hyper-Lapse Build,2026-02-20T14:09:07Z,10527470,167404,442,2026-02-26T03:07:42Z,24,Entertainment,Quite Homes
VnedT-8sHOc,I Pretended To Be A Wax Figure,2026-02-19T18:15:07Z,9882429,468445,3186,2026-02-26T03:07:42Z,24,Entertainment,Sambucha
jHbGX8APjWM,POV You Found a Secret Bunker in the Forest #survival,2026-02-17T23:30:14Z,10109656,81774,330,2026-02-26T03:07:42Z,22,People & Blogs,Mythic Shelter
ZVrEaT8R5L4,SALVÓ A SU CERDITO 🥹,2026-02-18T00:03:27Z,10038125,221409,3494,2026-02-26T03:07:42Z,20,Gaming,elElias
lLhVf_DEwKY,Les presento a las IDOLS #comedy,2026-02-17T15:08:20Z,11619321,167620,21305,2026-02-26T03:07:42Z,23,Comedy,Señorita Influencer
8lXEiPJeQvI,La Profesora Se Sorprendió Al Grabar A Sus Alumnos En Secreto ❤️,2026-02-17T19:02:01Z,8663923,128833,151,2026-02-26T03:07:42Z,22,People & Blogs,Parthenatos
cAXnxiHgYLo,That One Bro With a Spear #usa,2026-02-19T18:30:49Z,9931341,81219,507,2026-02-26T03:07:42Z,20,Gaming,Kajuto
shoF4s1V4Kw,Flying a Class better than First Class #singaporeairlines #firstclass #suites #flight,2026-02-20T18:09:36Z,13477401,190897,1240,2026-02-26T03:07:42Z,19,Travel & Events,Damon Geis
65aQZwX89Bk,She Gave Her Son a 3D Pen… Then She Walked Into His Room 🤯,2026-02-19T16:57:00Z,9899528,143250,15548,2026-02-26T03:07:42Z,22,People & Blogs,Funtale
Tjj0bcAgN9U,Turtoise was having a great day until... 🐢#truestory,2026-02-20T06:00:42Z,9068715,108851,514,2026-02-26T03:07:42Z,24,Entertainment,wholesomesque
VH1cwfleTro,The Cuban Pilot Who Defected With A MiG-29 To America,2026-02-18T17:25:19Z,10663016,312554,5197,2026-02-26T03:07:42Z,22,People & Blogs,Underground Bullets
7OTHPYWdDhc,"This poor puppy has no cash to buy a food of plate, so rich puppies making fun of him #animahal",2026-02-20T12:30:01Z,10183322,150031,876,2026-02-26T03:07:42Z,15,Pets & Animals,Ani Mahal
KHfS-oqxwi0,Cortei a armadilha da planta carnívora?!😱 #shorts,2026-02-18T02:02:56Z,7777567,288010,1675,2026-02-26T03:07:42Z,24,Entertainment,Gabrielmiranda_ofc
599zPZj_yQI,qual o MÁXIMO que o celular bloqueia por ERRAR A SENHA?,2026-02-20T23:00:00Z,10155963,211159,1754,2026-02-26T03:07:42Z,24,Entertainment,Giuliana Mafra
twsKdgvDxo4,Hiding as a GATE!,2026-02-19T09:35:57Z,11136618,301998,2019,2026-02-26T03:07:42Z,20,Gaming,CoffeeFuelledGenius
OCKocEl_2BA,He OPENS a BLUE WHEEL OF CHEESE,2026-02-20T15:30:25Z,9778204,292631,2404,2026-02-26T03:07:42Z,23,Comedy,Lionfield
jK-_-BBfgAY,¿A Quién Salvarías?💔😢 #kpop #rumi,2026-02-17T14:44:27Z,8879566,278815,646,2026-02-26T03:07:42Z,22,People & Blogs,Vaya Historia!
qtySq8iQqLc,A good relationship requires effort to maintain.#shorts,2026-02-19T10:21:58Z,9035850,374374,5429,2026-02-26T03:07:42Z,22,People & Blogs,ShadowHarbor 
x1JBLVQDY7s,He Climbed A Building To Rescue A Child 😱,2026-02-20T20:30:09Z,8691276,587093,6505,2026-02-26T03:07:42Z,19,Travel & Events,Zack D. Films
UCHRs6IYG50,When Ederson Became a Midfielder 😂,2026-02-17T19:23:23Z,9486400,98613,213,2026-02-26T03:07:42Z,22,People & Blogs,OffsideShorts90
TJykDaWPs8M,Elder Sister Teaches His Young Sisters Like A Mother 🥹,2026-02-18T02:00:25Z,8050782,0,53399,2026-02-26T03:07:42Z,22,People & Blogs,saifu ke shorts
UZNshSF7ckw,A EMILLY CAIU DA ESCADA EM UMA GRAVAÇÃO *Ela ta bem ?,2026-02-20T15:00:11Z,4298501,83460,5664,2026-02-26T03:07:42Z,28,Science & Technology,Emilly Vick
GighSdrzF4Q,Silent SOS Saved a Life 🌟#rumilife,2026-02-20T12:30:22Z,8567709,158000,738,2026-02-26T03:07:42Z,23,Comedy,Rumi Life
w_B6znHQBoU,This Guy Accidentally Ended Up in a Music Video,2026-02-19T20:11:34Z,10752119,161573,394,2026-02-26T03:07:42Z,24,Entertainment,Hublot Baggins
ALlHMMEOs_4,Ranking The Funniest Make A Word Challenge 🤣💀 Part 4,2026-02-20T20:08:34Z,7796941,228143,1657,2026-02-26T03:07:42Z,22,People & Blogs,sylpd
Mwqmd6JMTBI,Me encontré con un ¿THERIAN?,2026-02-18T20:00:00Z,6539973,287123,8795,2026-02-26T03:07:42Z,20,Gaming,Iraa
_diDNxI9lkM,Watch Water Turn Into a Glowing Ice Lantern in Freezing Air! ❄️✨,2026-02-17T12:30:17Z,7152538,0,21,2026-02-26T03:07:42Z,24,Entertainment,Facts Ki Story
ssu_1ljppoA,A roupa 🐘🦊🐷 Emilly Vick💗Ketlen💜Leozinho💡,2026-02-17T21:15:06Z,7856362,138840,324,2026-02-26T03:07:42Z,22,People & Blogs,Super Aventura
vJk33ppCaAI,This Golf Gadget Is Banned for a Reason 😳,2026-02-18T13:01:51Z,9222542,88638,123,2026-02-26T03:07:42Z,27,Education,Mindsy
otgNWj4OI4Q,Police Officer Gives Kids a Moment They Will Never Forget…,2026-02-21T19:27:26Z,7684092,216954,1427,2026-02-26T03:07:42Z,22,People & Blogs,Crisis Cams
FAFE4cgt7vE,Simran enters a Powerless World🌎💪🏻😱|Simran Makhija| #shorts #school #schoollife #funny #comedy,2026-02-20T00:30:24Z,7607323,90886,56,2026-02-26T03:07:42Z,22,People & Blogs,Simran Makhija
ik_LrOYA5Y8,Este truco loco obligó a la iglesia a comprar su casa 😱🐷 #shorts,2026-02-20T15:07:33Z,10483294,0,376,2026-02-26T03:07:42Z,24,Entertainment,sir janbaa
8Lu_hl-r88w,You don’t get a BETTER high protein snack than this 🫡🇿🇦 (67g protein/100g) #mealprep,2026-02-19T16:52:03Z,8867851,211616,3608,2026-02-26T03:07:42Z,17,Sports,Noel Deyzel
cRgBCNJ9g74,This Is NOT a Reflection… It’s Twins 👬🔥,2026-02-18T03:30:27Z,9229183,109595,312,2026-02-26T03:07:42Z,22,People & Blogs,MC REPEAT
m6_s6ANu3E8,Putting Ai Police Through a Moral Test 🚔⚖️,2026-02-17T13:06:54Z,7657772,127769,2063,2026-02-26T03:07:42Z,22,People & Blogs,Þolemod
2FPDWMvolfw,Who else has a separate stomach for desserts? #itbelikethat #justforlaughs #motherson #dessert #yum,2026-02-20T04:23:46Z,7920917,217445,527,2026-02-26T03:07:42Z,22,People & Blogs,Michelle Tiang
Q51mbsIB1GY,Will KFC Fill The Worlds Biggest Bucket?,2026-02-17T16:00:41Z,65385034,1741612,2760,2026-02-26T03:07:42Z,24,Entertainment,DanCookedIt
SkXEOg9-pwg,…and the reaction speaks for itself 🫶🥇,2026-02-20T19:10:34Z,35506752,389126,1473,2026-02-26T03:07:42Z,17,Sports,Olympics
6zD2tmUokmI,Kanye Samples Like A Boss,2026-02-19T00:00:18Z,32428375,559947,3765,2026-02-26T03:07:42Z,24,Entertainment,ePianoh
kCEZ4s7dKQo,Shower under an Umbrella😂 傘の下でシャワーを浴びる,2026-02-20T01:01:01Z,29720446,83997,22,2026-02-26T03:07:42Z,24,Entertainment,TTINY BOY
_TLaN8h2Ms0,What you choose the durian ladder 🪜 🥑,2026-02-17T15:01:40Z,26953138,95995,15,2026-02-26T03:07:42Z,22,People & Blogs,Thong To Short Fun
6_LD7s4d234,He deserves an Olympic medal 🔥#olympics#winterolympics2026 #winterolympics #video #figureskating,2026-02-18T00:50:07Z,20109833,349583,1438,2026-02-26T03:07:42Z,17,Sports,Ian Gunther
Xto32bRZPwA,When An Arab Serves Indian Food,2026-02-21T11:08:12Z,25783115,727224,3870,2026-02-26T03:07:42Z,19,Travel & Events,Khalid Al Ameri
D8ilttqEW2k,Which animal cause the most damage #shorts,2026-02-17T18:42:50Z,12710625,172206,905,2026-02-26T03:07:42Z,22,People & Blogs,VITMI
0qDo88oZD34,嫌がらせ行為を目撃した教師のガチ対応,2026-02-19T02:00:01Z,9568638,187838,2271,2026-02-26T03:07:42Z,1,Film & Animation,一分世界
97yKWpq1ykQ,a pessoa MAIS BAIXA do mundo,2026-02-21T15:00:00Z,8530621,177996,1516,2026-02-26T03:07:42Z,24,Entertainment,Giuliana Mafra
yH20Z2FsGzw,He turned an awkward moment into a sweet one ❤😍... #priyankachopra #nickjonas #shraddhakapoor #edit,2026-02-18T10:06:20Z,9125242,72354,146,2026-02-26T03:07:42Z,1,Film & Animation,Filmy Beats 
bvTXF49udAY,A HISTÓRIA DE SUPERAÇÃO DA GIULIANA MAFRA - Peraltas Comedy #giuliana #peraltascomedy #shots,2026-02-17T15:01:04Z,7871715,232296,5611,2026-02-26T03:07:42Z,23,Comedy,Peraltas Comedy 
8erQRvNBNeQ,I’m Never Buying a Robot Vacuum Again! 📉 Roomba Fail,2026-02-17T17:49:40Z,9778973,18990,1392,2026-02-26T03:07:42Z,24,Entertainment,Dahiyane Bilgiler
JG5-JPaBQvU,Fizeram bullying no colégio com a minha filha...,2026-02-19T17:00:19Z,7861685,72599,412,2026-02-26T03:07:42Z,24,Entertainment,Kelvin & Marina l Casal do Humor
1vFMjwLRCh4,Use a bucket to splash paint on the hood. #เคาะพ่นสี #ช่างทำสีรถยนต์ #automotive,2026-02-20T02:14:57Z,9634069,28447,653,2026-02-26T03:07:42Z,22,People & Blogs,อุไร การะจักร
KnATPoaNMc0,a baby who is a thirsty dog,2026-02-18T05:17:08Z,7069029,65101,576,2026-02-26T03:07:42Z,22,People & Blogs,Tiny Smile Studio
1Kf7rH7YIh8,Esta abuela se disfrazaba todos los días para hacer sonreír a su marido #shorts,2026-02-19T23:00:02Z,7100187,0,27161,2026-02-26T03:07:42Z,24,Entertainment,sir janbaa
kdYXK06iFbc,La Chica Más Amable Del Mundo 😯❤️,2026-02-21T15:01:20Z,8147747,162784,401,2026-02-26T03:07:42Z,24,Entertainment,El Chico Estrella 🌟
DkBIlBKr_w4,A Father’s Love for His Son and Daughter 🥹❤️,2026-02-17T14:33:06Z,6506090,126931,272,2026-02-26T03:07:42Z,10,Music,Teddy Dear
pD2rC0jMvtE,ele Bateu o Recorde e Continuou,2026-02-19T19:03:41Z,7210254,455518,1843,2026-02-26T03:07:42Z,27,Education,"Investiga, Pinhel! "
CawIWxOnACA,Batman really turned into a kid and still kept his rizz at zero... 😭🥀 #dc #shorts #memes,2026-02-21T13:49:42Z,9278327,440683,2394,2026-02-26T03:07:42Z,22,People & Blogs,SafeHaven
A3tSCIhqj_Y,Minecraft In a MILLION Years...,2026-02-22T03:22:28Z,8990775,304916,1789,2026-02-26T03:07:42Z,20,Gaming,Fangorn
K1WL00Qu6Hk,📡🛑 Can Radar Find a Body Hidden in Cement?,2026-02-20T19:34:11Z,7968317,295199,2676,2026-02-26T03:07:42Z,28,Science & Technology,Zero Theory
z9AWzvLFxQo,Transformaron una cuchara en un recogedor,2026-02-18T01:30:57Z,8031084,29290,53,2026-02-26T03:07:42Z,24,Entertainment,Nocheon
kl8UCmCIpSU,Yes or No? (Make a random drink challenge) Part 98,2026-02-17T22:00:54Z,7602729,280159,932,2026-02-26T03:07:42Z,24,Entertainment,Godfrey Twins
ThU6LK8xEdE,Gold medalist Alysa Liu has a BLAST in the exhibition gala | Winter Olympics 2026 | NBC Sports,2026-02-21T22:35:45Z,3957387,114668,3046,2026-02-26T03:07:42Z,17,Sports,NBC Sports
rrICaz6RxBA,KEKUATAN ISTIQOMAH SHOLAT WALAU PUN DI AREA NASRANI,2026-02-20T09:53:58Z,18968209,51384,1391,2026-02-26T03:07:42Z,22,People & Blogs,Raja Ryzal Kelayang
chTNXwVQg0Y,Este Artista Engañó A Tu Cerebro En Segundos 😵 #tonyfranco,2026-02-19T23:00:50Z,7891525,197839,498,2026-02-26T03:07:42Z,22,People & Blogs,Tonyfrancog
#NAME?,Hiding as a CLOUD Until My Friend Notices!,2026-02-20T16:59:46Z,5625013,187109,1207,2026-02-26T03:07:42Z,20,Gaming,CoffeeFuelledGenius
4n2HTFDoEC8,Girl robbed a statue thief 😮 | RESPECT |,2026-02-19T02:06:02Z,6784609,0,25,2026-02-26T03:07:42Z,24,Entertainment,Respect Boron
Sskh-A_0w9c,A hitman walks in on the ultimate bro moment... and has NO idea how to process it. 😂🫘,2026-02-21T10:30:22Z,7416637,162902,377,2026-02-26T03:07:42Z,1,Film & Animation,Fae Plunkett
MPuqvgdIQz0,I Got a New MOM?,2026-02-22T13:00:39Z,7235432,163109,124,2026-02-26T03:07:42Z,24,Entertainment,Zhong
Ir58FFWLyQ8,A bañarse con agua fría 🚿 #alemania #humor #alemana #colombia #cultura,2026-02-18T17:56:29Z,6273209,79615,763,2026-02-26T03:07:42Z,22,People & Blogs,Jose y Maggi
5a6YDUdQUE0,NO DEJES CAER A RUMI😰💔,2026-02-19T01:25:09Z,6868334,61143,33,2026-02-26T03:07:42Z,24,Entertainment,Roythithi
ieFSsRr-dAc,Dirt bikes need registration and a plate... #shorts,2026-02-17T14:30:46Z,5553567,233198,3273,2026-02-26T03:07:42Z,24,Entertainment,Throttlehead
W4h-zPiK1aM,Building a Highway Bridge on a Vertical Cliff | Real Engineering,2026-02-18T20:46:11Z,7741393,0,278,2026-02-26T03:07:42Z,22,People & Blogs,GeoRevive
TfrOPI5AM10,Kalian juga punya kan celengan seperti ini? #shortvideo,2026-02-17T23:36:37Z,7256919,70253,0,2026-02-26T03:07:42Z,22,People & Blogs,Ninis marsela
MCx6ngtDveQ,"Meu irmão Vinícios APRENDENDO A LAÇAR, Treinando laçando nóis #irmãos #humor #familia #laço #feliz",2026-02-17T21:00:19Z,5965400,100638,415,2026-02-26T03:07:42Z,22,People & Blogs,A ruiva da roça / Fabio Castro
R6zZrUHFrI0,The Woman Who Poisoned Her Own Lookalike 😨,2026-02-21T15:30:28Z,6124468,298566,2027,2026-02-26T03:07:42Z,19,Travel & Events,Zack D. Films
I3DS8Jp023Y,A Coconut with Striking Color Contrast,2026-02-17T18:01:13Z,6866016,103001,133,2026-02-26T03:07:42Z,22,People & Blogs,CoCo
q_-dV6ZHxJw,você respira MELHOR que a maioria?,2026-02-19T23:00:00Z,11193408,141115,656078,2026-02-26T03:07:42Z,24,Entertainment,Giuliana Mafra
DDB5BWxIZ1Q,Bhikari Chal Mercedes Built the CLR GTR at $2.5M only a few lucky drivers experienced#reelschallenge,2026-02-20T08:00:13Z,8118889,26775,9,2026-02-26T03:07:42Z,22,People & Blogs,Monster Reaction
4ujJzFjvFag,Never Do This at a Water Slide! 😱,2026-02-21T07:35:41Z,7790543,0,11,2026-02-26T03:07:42Z,27,Education,Facto Knock
o_uc2XK-45I,A Wild Wolf Begged Me for Help… I Couldn’t Believe Why,2026-02-18T20:05:06Z,7036844,69865,240,2026-02-26T03:07:42Z,24,Entertainment,Cooked Content
QqCbYMrOPmI,He Built a Fence… THROUGH His Neighbor’s Garage! 😳🔨,2026-02-18T01:01:48Z,6117110,111587,976,2026-02-26T03:07:42Z,22,People & Blogs,Case Dismissed
KfFkrVR1Hr8,"Introducing the ""VitalWear SmartBand,"" a next-generation wearable gadget🎉 part 377",2026-02-22T06:03:37Z,7988785,0,341,2026-02-26T03:07:42Z,22,People & Blogs,Official Mohit Bhind
aWIBC40SM0k,Bullies Mocked a Small Kid… Until His Cop Dad Showed Up 👮‍♂️🔥,2026-02-17T16:08:23Z,5347594,0,11957,2026-02-26T03:07:42Z,22,People & Blogs,Cyberjao
m0BFZkPsoWY,Twenty One Pilots - Drag Path (Official Video),2026-02-17T23:02:14Z,3296467,259253,11601,2026-02-26T03:07:42Z,10,Music,twenty one pilots
xGc78O6FUpk,The Principal Called ☎️,2026-02-18T16:47:23Z,6938949,244228,2014,2026-02-26T03:07:42Z,22,People & Blogs,Meatlicious
6_Gk66rtNvo,China Just Built a 28km Underwater Tunnel Cutting Travel Time to 30 Minutes ❤️‍🩹,2026-02-20T15:30:08Z,17900526,238788,3623,2026-02-26T03:07:42Z,10,Music,Endless Love
ZnUx1fDagBc,Así NO llegaré a Mi Base....💀 #roblox,2026-02-18T19:22:30Z,5985303,183435,306,2026-02-26T03:07:42Z,24,Entertainment,Rtres
LZNo-479W4s,Mi Amigo Es Un Therian !!😱🤯,2026-02-19T17:33:34Z,5453869,127086,2143,2026-02-26T03:07:42Z,24,Entertainment,YOLO AVENTURAS
3ai5XCIIlj4,My Dog Risked Everything to Save a Bear Cub 🥺🐾 #animalrescue #emotional #animals,2026-02-20T16:31:22Z,7750132,0,2013,2026-02-26T03:07:42Z,22,People & Blogs,AniStory
94_EzFJniQc,He Taught Her To Become A Sniper 🥶 | Leon The Professional | #shorts,2026-02-19T16:32:48Z,5708898,99285,415,2026-02-26T03:07:42Z,1,Film & Animation,HYPEFLIX
7l36sprUB00,"""How Much for the Entire Night?"" Negotiation Gone Wild | ""It's a New York Savings and Loan Check...",2026-02-18T07:26:19Z,6598230,157986,1841,2026-02-26T03:07:42Z,1,Film & Animation,DysonEdit-z4h
miMXLq6c0wk,A Husband’s Desperate Revenge,2026-02-18T13:01:31Z,5706209,152256,136,2026-02-26T03:07:42Z,22,People & Blogs,aiStory008_01
etB6_TOjxCk,Una SEÑORA COREANA me llevó a su CASA 🇰🇷😳,2026-02-20T01:44:20Z,5406746,176409,457,2026-02-26T03:07:42Z,10,Music,Camila Merchant
itEM-IZFxSs,He’s a hidden leaves ninja #stitch #funny #shorts,2026-02-18T00:41:03Z,6028112,174105,2088,2026-02-26T03:07:42Z,22,People & Blogs,Mick’s Life
6jMhFSNpJuY,Mercedes Built the CLR GTR at $2.5 🏡 M only a few lucky drivers experienced power 😅🍓#reelschallenge,2026-02-21T02:30:05Z,6535369,0,5,2026-02-26T03:07:42Z,24,Entertainment,Masuma Official Shorts
I_xP8TjA45E,¿Podrá su mamá reconocer a Rumi? 🤔 Jinu Vs Mira Vs Rumi,2026-02-18T18:35:45Z,7288197,306958,780,2026-02-26T03:07:42Z,24,Entertainment,Firey Football Sp 
3T4YGqKlYEY,La hermana mayor crió a sus dos hermanas menores ❤️ #shorts,2026-02-18T21:30:00Z,7063757,61452,140,2026-02-26T03:07:42Z,22,People & Blogs,Benzoza
-9n5NSwvNyA,unique way to open a coconut,2026-02-17T09:09:18Z,6032828,37089,12,2026-02-26T03:07:42Z,26,Howto & Style,Lagot Tv
2XY4W7ZyPms,"The Old Man Built a Bamboo JCB, Won a Prize, and Helped Poor People's #shorts #ai #craft #humanity",2026-02-19T13:11:46Z,5260057,0,84,2026-02-26T03:07:42Z,27,Education,আলোর ডাক
dBKDE0mJ8qo,Ranking The Best I'm Just A Baby Trend (new) #shortsviral,2026-02-19T16:12:01Z,5124255,73005,596,2026-02-26T03:07:42Z,24,Entertainment,Panzu
c5VA3_pdzM4,12m subs complicated Mercedes Built 😅only a few lucky drivers experienced power#reelschallenge,2026-02-21T14:49:35Z,11218345,0,3,2026-02-26T03:07:42Z,22,People & Blogs,koko Atika
DjH425dDePU,"Introducing the ""VitalWear SmartBand,"" a next-generation wearable gadget",2026-02-19T03:57:22Z,8894571,106052,207,2026-02-26T03:07:42Z,22,People & Blogs,susanta Shorts video 
MAOhJws6aug,@seppseats great recipe! #mushroom #sandwich #vegan #plantbased,2026-02-21T01:51:12Z,4639714,299714,3612,2026-02-26T03:07:42Z,22,People & Blogs,The Plant Slant
5Pm0XuIfx-E,Rumi ketemu boneka jadi jadian 😱 #kpopdemonhunters #rumi,2026-02-17T14:00:11Z,6249828,62313,10,2026-02-26T03:07:42Z,24,Entertainment,Riki Darmawan
FYaB_b2Hm2A,El truco de las esposas de esta chica dejó sin palabras a la policía 🔥 #prank #funny #cops,2026-02-19T21:16:08Z,6651898,179089,319,2026-02-26T03:07:42Z,24,Entertainment,Pablo Pol
VBq-u6bj-D4,Un hombre que fue a cortar leña en la colina  rescató por casualidad a un gatito. #animales #animals,2026-02-18T00:37:25Z,6310388,119306,431,2026-02-26T03:07:42Z,15,Pets & Animals,Apus
4Cua_ErIuFY,Ranking The Best Make a Word Challenge Moments,2026-02-20T13:19:16Z,5072268,52618,244,2026-02-26T03:07:42Z,15,Pets & Animals,Voidem Ranking
Ov_s4ukdC-4,Why Is American Food Built Different (In the Worst Way)?,2026-02-20T23:45:17Z,7780291,329718,18146,2026-02-26T03:07:42Z,26,Howto & Style,OptimalHealth
NXhpDEhOuCI,Nastya is helping her little friend find a super nanny,2026-02-18T08:00:32Z,3028491,3281,0,2026-02-26T03:07:42Z,24,Entertainment,Like Nastya
0xtwybfuS4M,"A ""Star Wars"" Fan Who Died Tackling The UNC Charlotte Shooter Has Been Honored As A Jedi",2026-02-21T19:30:00Z,10762050,141668,1517,2026-02-26T03:07:42Z,22,People & Blogs,GojoSxn
HEuMlEt36x4,Don Frye imitating Sydney Sweeney at a UFC event will never not be funny 😭,2026-02-21T14:12:48Z,5656210,88254,517,2026-02-26T03:07:42Z,22,People & Blogs,POPVEIN
goVekf4Iqco,Гениальный способ идеально выровнять пол без бетона,2026-02-20T04:30:24Z,6353978,34081,1331,2026-02-26T03:07:42Z,28,Science & Technology,ParanormX
_iUO020VIaA,좀 심한 보디빌더,2026-02-17T23:00:43Z,5796711,77344,438,2026-02-26T03:07:42Z,1,Film & Animation,볼것
cSo_I7w0-kY,Genius DIY: Converting An Old Bike Into A Dual-Cylinder Air Motor 🌬️,2026-02-19T17:28:49Z,7322332,15103,148,2026-02-26T03:07:42Z,28,Science & Technology,Peace Working Shorts
5NjWCJXX4wM,A Hellish Treatment Method… It Hurts Before It Heals 😨🏥#movie #shorts,2026-02-20T10:20:34Z,7206697,207021,928,2026-02-26T03:07:42Z,1,Film & Animation,BriannaCole
os-bbISnCPY,"""He wanted a chocolate, but then... 😱🤢""",2026-02-19T15:00:14Z,5226240,0,7,2026-02-26T03:07:42Z,24,Entertainment,FACTLY TANISH
HFcYwqvKs80,A Poor Mom’s Biggest Gift for Her Child 🥺❤️🎁 #aivideo #puppymahel #gugufilms #animahal,2026-02-20T13:00:35Z,5188650,54864,102,2026-02-26T03:07:42Z,22,People & Blogs,GUGU FILMS🎬
TUpKEQ5pqm8,Olvidan A Chico En Prision 😧,2026-02-21T17:00:44Z,5738527,125856,208,2026-02-26T03:07:42Z,24,Entertainment,Dan
MNfJAQ_AV9M,HEART-STOPPING RESCUE: Saving a Puppy from a Medieval Village to a Zoo Gorilla Pit!,2026-02-17T16:24:05Z,4430708,67509,501,2026-02-26T03:07:42Z,22,People & Blogs,GoofBalls
r4pezU-cO-I,狩り中の猫、完全に馬扱いされる。,2026-02-19T05:13:14Z,6627059,105274,926,2026-02-26T03:07:42Z,24,Entertainment,lala time
3Gf-5rlmZcw,one minit me a saree nikal deti hun....  #bollywood #np_edittz #viralshorts,2026-02-18T09:15:01Z,5651334,40438,10,2026-02-26T03:07:42Z,24,Entertainment,np_edittz
HL8WN2L3EmI,Cuci baju di putar sepeda!!,2026-02-17T11:15:02Z,7151985,24653,4,2026-02-26T03:07:42Z,15,Pets & Animals,Yuki Rupat
4aLfMfP0M84,😱 I Saved a Cat From a Medieval Guillotine…🐱,2026-02-18T21:40:34Z,5177333,84716,828,2026-02-26T03:07:42Z,15,Pets & Animals,AnimalsSaver 
RT3lD_TKQO8,a story of princess dress 👗 ~ mini wood toy-woodworking art skill /wood / hand crafts/ #shorts,2026-02-21T02:43:13Z,7323364,0,4,2026-02-26T03:07:42Z,24,Entertainment,gaming mind
n8NQVMS0ylw,Hoy diecinueve de febrero la tierra llegó a la mitad de su vida,2026-02-20T00:40:00Z,4587681,99571,1550,2026-02-26T03:07:42Z,24,Entertainment,Khe! de Ketz
gJCstXcRZwE,"A Motorcycle, A Dream, A Family ❤️🏍️#shorts  #movieclips #film",2026-02-19T12:15:00Z,6853146,211927,480,2026-02-26T03:07:42Z,1,Film & Animation,SoulshareTV
S80d2udNyX0,ジャンケンを実写化した結果がこちら,2026-02-19T09:48:26Z,6715676,106303,411,2026-02-26T03:07:42Z,24,Entertainment,2ch面白すぎワロタw
9t5m33ccUYA,The Uncomfortable Truth About Ozempic,2026-02-17T14:59:14Z,2522769,114055,15243,2026-02-26T03:07:42Z,27,Education,Kurzgesagt – In a Nutshell
zJJ1ADrxTEI,A estratégia de defesa mais inesperada #curioso #bichos #animais,2026-02-19T07:31:30Z,5397945,122095,1568,2026-02-26T03:07:42Z,15,Pets & Animals,ANIMALANDIA
imJglPFlMoU,NI SIQUIERA llegaban a TOCAR el BALÓN 🤠🤣 #shorts #curiosidades #divertido #deporte #risas #futbol,2026-02-21T20:01:01Z,5039614,73994,221,2026-02-26T03:07:42Z,24,Entertainment,AprendeYDivierTT
AoM4ZL9JiH4,He Found a Huge Beehive in His Wall 🐝🧱 #shorts,2026-02-22T02:26:53Z,5415098,49532,158,2026-02-26T03:07:42Z,22,People & Blogs,Infi's Diary
ZOiaEIaHBrQ,A Woman's Life 😢 । Swesufe Love Status । #shorts#song#movie,2026-02-21T03:57:35Z,6608530,0,224,2026-02-26T03:07:42Z,1,Film & Animation,Swesufe Love Status
9huc38TDyIE,FIZ UMA MÚSICA COM EMOJIS?! 🤖🪥,2026-02-20T15:00:15Z,7010089,47499,129,2026-02-26T03:07:42Z,22,People & Blogs,Cacau Haxkar
QRfZdB5K0yo,UMA MÃE DISSE QUE A FILHA NUNCA IA COMPRAR UM SUPER CARRO,2026-02-17T23:00:36Z,5322497,152363,485,2026-02-26T03:07:42Z,24,Entertainment,Weise2
ypVlb5PwkvA,Music Mercedes Built the CLR GTR at $2.5 😅 M only a few lucky drivers experienced #reelschallenge,2026-02-20T07:05:00Z,6574068,0,9,2026-02-26T03:07:42Z,22,People & Blogs,Faheem Ullah
96qzPVYOpyE,Escondí a MrBeast en mi video (y nadie se dio cuenta).,2026-02-22T00:06:42Z,12420485,344198,2678,2026-02-26T03:07:42Z,24,Entertainment,GONZOK
5Fnu3I4IRpI,#movie He's right behind you🔪👻 | The Invisible Man (2020),2026-02-18T11:22:15Z,9670842,83599,618,2026-02-26T03:07:42Z,1,Film & Animation,Bednarski 
17mV5NsZpos,I Hid Real Gold at a Football Stadium,2026-02-18T13:39:16Z,9247158,143332,311,2026-02-26T03:07:42Z,17,Sports,John Nellis
OC9SwMtaqIQ,The First Offer Is Almost Never the Best One 👇,2026-02-17T20:02:51Z,10197854,209068,380,2026-02-26T03:07:42Z,24,Entertainment,mdscae
8myfQaem1zY,Rumi Está En El Hospital!,2026-02-17T20:06:00Z,7827583,290458,756,2026-02-26T03:07:42Z,24,Entertainment,Karla Bustillos
41V19HJSmvU,Choose a pair of sandals 🧦🥰🦶🏻 Leather foot slippers 🥰🦶🏼🧦 #love #viralvideoshorts #trendingshorts,2026-02-17T09:42:36Z,11049543,38921,8,2026-02-26T03:07:42Z,24,Entertainment,BaBa Toys
l-9H3i_ojis,He's gone mad; he's keeping a Burmese python as a pet💀,2026-02-18T17:01:16Z,5613264,196760,1059,2026-02-26T03:07:42Z,22,People & Blogs,Denisio Czelusniaki
TEgQI3x0eMM,This is a painful challenge!,2026-02-21T12:00:44Z,6537323,52119,88,2026-02-26T03:07:42Z,17,Sports,Volleyball Remix
gfOam_0Ttnk,👩🏻‍🎨🖼️ She Melted Skittles to Draw a Cake 🤪🕺🏻🏆,2026-02-20T20:54:41Z,4566902,36468,0,2026-02-26T03:07:42Z,23,Comedy,BorisKateFamily
ylKZcvgdiqE,A regra é clara: ferrou! 🤡 #humor  #casal #trolagem,2026-02-19T22:53:05Z,4980689,63550,610,2026-02-26T03:07:42Z,10,Music,Music Cuts BR
9Ybp4O9EeOc,Always watch the mirrors while driving and be careful using a potty on a highway. #trucking #pickup,2026-02-22T00:37:20Z,9928218,86286,3810,2026-02-26T03:07:42Z,2,Autos & Vehicles,Alan Trucker
EtFsLW2CpeY,A disabled duckling helps his cat friend 🐥apreew #DuckRescue #CuteAnimal #AnimalRescue,2026-02-21T13:00:32Z,4543649,28341,23,2026-02-26T03:07:42Z,27,Education,facts punam
A4rlqqpxhdc,Never in a million years Jeff 😅 #jeffdaniels #sandwich,2026-02-22T03:18:45Z,4576838,172823,5370,2026-02-26T03:07:42Z,22,People & Blogs,The Plant Slant
bhRetAmTCyA,¿Que Barco Moverá a Spiderman? 🕸️🚤,2026-02-22T22:11:22Z,5007857,143015,702,2026-02-26T03:07:42Z,24,Entertainment,Alejo Igoa
Rh4LTMMccMM,"They Broke This Pug’s Pogo Stick, He Still Fed a Hungry Kitten 😭",2026-02-21T23:44:11Z,3894739,49063,526,2026-02-26T03:07:42Z,1,Film & Animation,The GPT Stories
#NAME?,What Happens If You Land On a Cloud‼️😱☁️ #shorts,2026-02-21T22:13:38Z,5972781,91521,269,2026-02-26T03:07:42Z,22,People & Blogs,Sqrion
y9ck6QY-PTM,She Asked the Question Too Fast 👇,2026-02-21T07:02:16Z,6371741,144723,1493,2026-02-26T03:07:42Z,24,Entertainment,mdscae
wZOBW5HZc4k,I MADE A BLUE WATERMELON 😱,2026-02-18T18:31:30Z,5292055,64532,304,2026-02-26T03:07:42Z,20,Gaming,Savage Vlogs
DtJ0fKGCTNU,Nicola Coughlan Would Make Such a Wonderful Mother #bridgerton,2026-02-21T19:49:47Z,6957103,97331,345,2026-02-26T03:07:42Z,22,People & Blogs, The Shady Mic
V09ol13IakU,Mother's Love Give you a Golden Super Car !!,2026-02-22T02:18:55Z,4136704,89278,94,2026-02-26T03:07:42Z,22,People & Blogs,Ahad
KDrAYZl104I,❤️   Red 👀 she's always a VIBE ❤️ Comment ⬇️,2026-02-19T03:02:09Z,5901009,72369,655,2026-02-26T03:07:42Z,22,People & Blogs,Step At Home
r004YL91Nx8,頭空っぽで見れる釣りまとめ,2026-02-18T05:01:02Z,4826249,66661,262,2026-02-26T03:07:42Z,22,People & Blogs,何もなかつた
gaLvpAaVnP0,pov: you are a brainrot (escape tsunami for brainrots) #roblox,2026-02-20T03:00:47Z,4748566,44581,303,2026-02-26T03:07:42Z,20,Gaming,NicoBlox
LjMocl0hBvc,Michael Bennett’s AGT Performance Hits Deep With a Story of Loss and Love,2026-02-18T01:27:29Z,7166918,139369,2149,2026-02-26T03:07:42Z,24,Entertainment,Tears and Talents
3-EgL9gl3QQ,el AMIGO sabía LO QUE IBA a PASAR 🤫🤣 #shorts #fail #divertido #humor #risas #autos,2026-02-22T00:01:10Z,5009458,42141,70,2026-02-26T03:07:42Z,24,Entertainment,AprendeYDivierTT
l6WknPWASBQ,LE AVIENTAN ESTO A LUIS ANGEL EL FLACO #luisangelelflaco #virals #viralvideo #shorts,2026-02-20T20:00:40Z,6321746,37437,192,2026-02-26T03:07:42Z,10,Music,Music News Oficial
u8CeECBN9is,“How Raw Pressery Built a 500 Crore Brand… Then Lost It” #shorts,2026-02-20T10:32:34Z,8257570,0,223,2026-02-26T03:07:42Z,27,Education,Shubham Rajput
VDYWq7oNXXQ,"Introducing the ""VitalWear SmartBand,"" a next-generation wearable gadget🎉🎉 part 374",2026-02-21T12:25:18Z,6002800,0,81,2026-02-26T03:07:42Z,22,People & Blogs,Official Mohit Bhind
lue-0gSSfRc,Fantastic a Goal☠️🚀🔥 #eafc24 #eafifa #shorts #football #trending #funny #edit #viralvideo #viral,2026-02-21T15:00:07Z,5639609,13981,45,2026-02-26T03:07:42Z,17,Sports,MNCR7
okxSW7ctuzU,地面に立てなかった馬が再び走れるまで！,2026-02-20T23:00:52Z,3904206,59847,446,2026-02-26T03:07:42Z,24,Entertainment,ショート劇場
2VV9m_S410I,Extracting the soul from coffee,2026-02-20T18:14:43Z,3934447,223692,4812,2026-02-26T03:07:42Z,28,Science & Technology,NileRed
Y2wX5x8lp-0,Becoming a mermaid is not easy.,2026-02-19T14:25:52Z,7680555,0,143,2026-02-26T03:07:42Z,24,Entertainment,Apna Scenario
seVCCBZ87MM,Young Man Prays for a Wife to Join Him in Salah | Heartfelt Ramadan Moment #islam #prayer #ramadan,2026-02-21T04:53:18Z,8958649,107188,146,2026-02-26T03:07:42Z,24,Entertainment,"Hoor Collection
"
39rygjIpeq8,"Introducing the ""VitalWear SmartBand,"" a next-generation wearable gadget,",2026-02-18T02:04:27Z,5131041,35467,22,2026-02-26T03:07:42Z,22,People & Blogs,Happy Toons
udztNa2l5Rk,Beautiful Reunion with a Cygnet and Its Swan Parents ❤️,2026-02-19T16:01:21Z,4133131,148558,2960,2026-02-26T03:07:42Z,15,Pets & Animals,We Love Animals
txZqy1ikb9k,THIS BEDROOM IS INSANE 😳 3D Basketball Epoxy Floor with a Plot Twist #epoxy #homerenovation #shorts,2026-02-21T01:32:13Z,4472108,21096,37,2026-02-26T03:07:42Z,24,Entertainment,Pure Space Alchemy
qZ_1C4mi9JM,From Simplicity to a Better Life 🥺🤲😇#shorts #adindapuzzle,2026-02-21T08:04:45Z,10842403,151055,509,2026-02-26T03:07:42Z,22,People & Blogs,Adinda puzzle art
SCsLclxfaI8,I Found a Siberian lion Nursing on My dog... 😱🐕‍🦺,2026-02-18T17:42:07Z,4855447,129693,504,2026-02-26T03:07:42Z,15,Pets & Animals,Hashmoo
734twB8TO3Y,¿Cuántos Globos pueden DETENER a RUMI? 🤔,2026-02-19T21:31:16Z,3664340,95423,247,2026-02-26T03:07:42Z,24,Entertainment,Leo Show 
25J98xaR6x8,La Niña Quiere Jugar A Cocinar Con Sus Mascotas 😲🐶,2026-02-20T17:00:07Z,6266105,30865,21,2026-02-26T03:07:42Z,22,People & Blogs,YoSoyCactus
OoA4xLPfpEY,Обидно что вы думаете что я читерю,2026-02-20T13:00:00Z,4316308,134052,772,2026-02-26T03:07:42Z,22,People & Blogs,ПОСЛЕДНЯЯ ИЗВИЛИНА
92BIPdjS8K8,When section C student comes in section A 😂 Part - 1 #shortvideos,2026-02-21T09:59:01Z,6845247,28842,61,2026-02-26T03:07:42Z,22,People & Blogs,Adang Deangel
yNfilTp9Gjg,Jinu is a true hero！🐙🐙🐙#kpopdemonhunters​  #kpop​ #jinu​ #rumi​ #spidermanps5​  #shorts​,2026-02-18T13:17:30Z,4361915,95699,107,2026-02-26T03:07:42Z,22,People & Blogs,irfan bin jakaria 989
gTsoKTq0lhc,QUANDO A MÃE NÃO CONSEGUE PERGUNTAR NOS FILMES,2026-02-19T23:01:01Z,4805465,236898,2317,2026-02-26T03:07:42Z,24,Entertainment,O Victor Magalhães
ALqdC_V-tpw,Simran enters a Crazy World🤪🌍😵‍💫|Simran Makhija| #shorts #school #schoollife #funny #comedy,2026-02-22T00:30:09Z,5277517,65845,85,2026-02-26T03:07:42Z,22,People & Blogs,Simran Makhija
HYAHiGJNphE,Help Herobrine Gain Power and Slash Them With a Sword - Minecraft Animation #shorts,2026-02-19T00:00:30Z,4845709,184739,86,2026-02-26T03:07:42Z,1,Film & Animation,BuddyCreeper
IarPPCbexSo,Hide & Seek: Cleaning a Sheep Pelt the Old Way 🧶🐏,2026-02-21T01:00:17Z,11312731,12122,126,2026-02-26T03:07:42Z,28,Science & Technology,Discovery and Learning
ffVisJIagXM,TIKTOKER CONFIESA ENGAÑAR a sus SEGUIDORES 🙀 BELLA DUEÑAS,2026-02-18T17:50:31Z,3848392,61713,218,2026-02-26T03:07:42Z,24,Entertainment,SnowFlake Freak
Dm0h8_Mcrjc,A quién le salió mejor? ❤️,2026-02-18T16:38:26Z,6585457,29034,56,2026-02-26T03:07:42Z,10,Music,Andrea Gálvez
MysfMAf4ByE,A Father’s Protective Instinct in Action. ❤️🛡️,2026-02-17T17:27:21Z,4779089,0,1058,2026-02-26T03:07:42Z,22,People & Blogs,Earthvision
lc5GVw46ywY,"A Small Town, A Big Dream",2026-02-21T00:15:08Z,11345469,298771,1819,2026-02-26T03:07:42Z,1,Film & Animation,StoryFrame Studios
7e3HLMpiQxE,"Kelihatannya Cuma Tali, Tapi Bisa Mematikan ⁉️",2026-02-20T21:49:00Z,13897683,56790,5,2026-02-26T03:07:42Z,22,People & Blogs,Tentang Semesta
iLJbQtTU4o4,Mount Everest is NOT the Tallest Mountain,2026-02-17T16:09:09Z,5007069,257436,3610,2026-02-26T03:07:42Z,25,News & Politics,Cleo Abram
Kx_IMMEeu8g,Silversmith a ring with me from a vintage plate and spoon!,2026-02-18T00:44:20Z,4632699,127947,294,2026-02-26T03:07:42Z,22,People & Blogs,Euphoria Rings
5x8S8tUmJhs,A Peaceful Act of Pure Devotion #lordshiva,2026-02-19T06:58:12Z,3490606,74405,47,2026-02-26T03:07:42Z,27,Education,Dharm Sagar
ius6Aaw3Gkk,Bro Left His Soul For A Second. #guitar #shorts #meme,2026-02-20T20:30:06Z,4920487,0,748,2026-02-26T03:07:42Z,24,Entertainment,JOB PETER 𝄞
pR0WCee5zdI,A Snow Leopard Chased Him Into My Tent. He Never Left♥️,2026-02-21T02:01:00Z,3850929,51481,779,2026-02-26T03:07:42Z,15,Pets & Animals,Soft Souls
zLVnf_AVMPw,It was supposed to be a secret 😭,2026-02-20T23:14:50Z,4741487,253405,1431,2026-02-26T03:07:42Z,23,Comedy,John Casterline
0eHaPMyygUc,La pelota mágica que siempre vuelve… ¡y hace feliz a todos🤯 #shorts #ytshorts,2026-02-19T21:30:00Z,4947087,0,17,2026-02-26T03:07:42Z,24,Entertainment,Siuu Factory
p_d4rhLQ09I,Agent Couldn’t Believe Emily Got Left Hanging 3 Times In A Row! 😭✌️,2026-02-18T23:19:45Z,5418266,150705,428,2026-02-26T03:07:42Z,22,People & Blogs,Succesful Celebrity
rt4pt0kx0P4,This Teen Survived a Carnival Ride Disaster 😱🎢,2026-02-19T18:01:04Z,3587011,85232,3017,2026-02-26T03:07:42Z,22,People & Blogs,Zone D' Film
7t-4Hca53Xc,Todos queremos un vecino colaborador,2026-02-18T01:00:09Z,4714976,39854,78,2026-02-26T03:07:42Z,22,People & Blogs,Jon Sinache
Y-rXzP9ciAw,This Ribbon Worm Hides a Weapon 🪱,2026-02-19T17:00:48Z,4550207,16436,303,2026-02-26T03:07:42Z,28,Science & Technology,MrScoopz
Sz9ssXVeN9Y,WE ARE CRINGE GUYS😂| A romantic interview with visakh & jayapriya | Vanitha,2026-02-19T10:30:30Z,4120765,76996,130,2026-02-26T03:07:42Z,24,Entertainment,VANITHA
dBF4d9idNfA,I Found a Ocean Epoxy Floor in Illusion 😱🌊 | Survival House step by step #shorts,2026-02-21T09:45:04Z,3006048,57351,36,2026-02-26T03:07:42Z,22,People & Blogs,Fact chat
E5XDvD86HQU,Saat Ayah Menjadi Superhero Air! 😆💧!!#shorts,2026-02-19T17:30:02Z,4177087,0,2007,2026-02-26T03:07:42Z,24,Entertainment,Snow in
PSuwC37uhu4,ELE FEZ TUDO QUE A MÃE DELE PEDIU PRA ELE FAZER EM UM AUDIO SÓ QUE AO CONTRÁRIO 😅,2026-02-20T01:48:39Z,4970958,70327,0,2026-02-26T03:07:42Z,27,Education,Vinicius da Ilha
Mz8gytGwuAY,These Elders Don't Even Have A Chance... #shorts,2026-02-18T21:30:34Z,3685973,37183,3078,2026-02-26T03:07:42Z,22,People & Blogs,Wishness
tsGClZ2aEyI,A High Mountain Has a Higher Mountain #studentlife #lovestory,2026-02-19T12:27:32Z,3890884,64862,80,2026-02-26T03:07:42Z,22,People & Blogs,Ho Sear Class
npjcdUk9EWw,“What a PC chip looks like under a microscope💀” #pcgaming #benchmark #rtx5050 #gtx1080ti,2026-02-20T05:55:21Z,6171659,77243,1275,2026-02-26T03:07:42Z,28,Science & Technology,Hardware Nf
VfoK03Z6vsA,A Worthy End for a Good Person 😢✨  #scaryteacher3d #funny #animation #marvel,2026-02-18T06:41:30Z,4572034,120431,49,2026-02-26T03:07:42Z,24,Entertainment,Good Kid animation 3D
iahWnqljOEQ,This Salesman Uses A Fake Phone Call To Trick His Clients Into The Sale,2026-02-21T19:00:00Z,8058158,314325,835,2026-02-26T03:07:42Z,27,Education,Creating Wealth
kGI3tqbVcqE,A little life update ❤️ on why I’ve been slow to create content #storytime,2026-02-17T15:25:37Z,3642430,118451,593,2026-02-26T03:07:42Z,26,Howto & Style,thefurnituredr by lilly 
Kev1uIbZTGs,Terraformars (2016) | Surrounded by Roach-Men – A Squad Faces Extinction on Mars 🐜🔥,2026-02-20T11:10:11Z,3961730,43097,128,2026-02-26T03:07:42Z,1,Film & Animation,Beenle
OPqnc03F0go,SHE DROPPED HER PURSE OFF A CLIFF 😳⛰️#shorts,2026-02-20T18:50:50Z,4670376,53119,146,2026-02-26T03:07:42Z,22,People & Blogs,BikeLife Connor
LkJ-LJZcgls,💁🏻‍♀️🖼️She Created a Beautiful Beaded Artwork — and Won 🏆🕺🏻,2026-02-19T20:56:39Z,3748134,35194,0,2026-02-26T03:07:42Z,23,Comedy,BorisKateFamily
jzA1wifFGoc,¡PELEA! TRAICIONÓ a ABRAM😱│TODO FUE FALSO,2026-02-19T21:18:01Z,3575695,55610,505,2026-02-26T03:07:42Z,24,Entertainment,ELPOLLOXD
Ldn1FSRKHX4,"This Teen Survived a 3,000 Foot Skydive Disaster 😱🪂",2026-02-20T18:00:19Z,3191604,69841,3539,2026-02-26T03:07:42Z,22,People & Blogs,Zone D' Film
GlzkDyeyRdA,The Character Who Went Through The Most Pain! 😆😆,2026-02-21T19:00:11Z,4950295,95769,12347,2026-02-26T03:07:42Z,22,People & Blogs,BlobbyClips
Z0FqLezman8,Poor man was mocked for having a wooden toy gun #shorts,2026-02-18T13:48:34Z,3631499,31639,0,2026-02-26T03:07:42Z,22,People & Blogs,Payman
hXCcGTeci38,A NAMORADA MAIS GENTIL DO MUNDO? 😳🍰,2026-02-19T20:27:49Z,3978358,67364,752,2026-02-26T03:07:42Z,24,Entertainment,TV VNC - VOCÊ NÃO CRÊ 
gLb0_kho-YI,POV: Feeding a Hawk 🍟  #babyfunny #babyshorts #newborn,2026-02-18T22:00:42Z,4255225,20586,103,2026-02-26T03:07:42Z,24,Entertainment,Baby Noah
sKBzpspW79M,What would happen if you had a Raptor in Ancient Rome?,2026-02-19T14:26:20Z,3884394,104867,849,2026-02-26T03:07:42Z,22,People & Blogs,Fameflick
#NAME?,I Made a Beautiful Rose Bouquet Using Tissue Paper & Mask 😍♻️ #handmaderoses #youtubeshorts,2026-02-19T15:25:59Z,4764383,48209,126,2026-02-26T03:07:42Z,26,Howto & Style,Ruby's Creation
c9xibmisF3M,#movie TRAPPED BEHIND THE INVISIBLE WALL 🌲 A Woman's Terrifying Isolation in The Wall (2012),2026-02-20T12:32:11Z,3570588,30996,254,2026-02-26T03:07:42Z,1,Film & Animation,Bednarski 
80gZzWVAxOA,He Escaped a Maximum Security Prison With 3 Months Left… Just to See Her | White Collar S1#movie,2026-02-18T11:27:37Z,3972705,136361,325,2026-02-26T03:07:42Z,24,Entertainment,Movie Recap HQ
7a17BLQ5aHw,National Security (2003) | Earl Panics Over a Wasp,2026-02-20T11:41:56Z,3791107,111368,492,2026-02-26T03:07:42Z,1,Film & Animation,Chloer
3I6X4Aizr4I,El momento en que Barnaby volvió a confiar ❤️🐶,2026-02-19T19:30:01Z,9921067,91788,991,2026-02-26T03:07:42Z,24,Entertainment,Storiee Of Hope
S1248Y0oLuI,WHEN A SUPERPOWER BECAME A JOKE,2026-02-18T17:59:30Z,7884072,25031,520,2026-02-26T03:07:42Z,24,Entertainment,The Uncle Sheriff
t07wqEm5mR8,Satisfying Woodturning: Making a Dhol Drum from a Log,2026-02-17T15:30:39Z,4931077,35635,87,2026-02-26T03:07:42Z,2,Autos & Vehicles,Green Men Making
fmugJYkAXjg,Cereal with water is not that bad.. 🥸 #diy #baking making a green clover cookie pizza,2026-02-21T18:00:42Z,3348374,145685,2271,2026-02-26T03:07:42Z,22,People & Blogs,Serena Neel
uocrN3RAb5I,A Dangerous Prank 😂#funny #memes #cat #trending,2026-02-19T18:48:41Z,7614130,99077,191,2026-02-26T03:07:42Z,24,Entertainment,Rio Catblast
MhrA_hIwtj8,Haste Will Come At A Price [SUNNY KIND] #sunnykind #kindness #lifelessons #karma #justice,2026-02-19T15:00:40Z,5597983,21821,39,2026-02-26T03:07:42Z,27,Education,SUNNY KIND
AW7Ax2sgvjs,They dance like a machine👽🔥#Blackpink#jennie #Lisa#Blink#ASHHBLINK#Shorts#kpop,2026-02-18T13:01:08Z,3912811,68607,291,2026-02-26T03:07:42Z,22,People & Blogs,ASHH BLINK
GJY_p9EhIGY,Momen Terakhir yang Tanpa Sadar di Rekam YouTuber,2026-02-20T06:00:22Z,4250380,0,127,2026-02-26T03:07:42Z,28,Science & Technology,DurbanFLY
jNU1VLi8VDg,El único pan que no quería ser elegido 🍞😨 #youtubeshorts,2026-02-20T01:35:26Z,3499508,79942,159,2026-02-26T03:07:42Z,24,Entertainment,Benji Curioso
W_CM50wIgFU,Living inside a square for 24 Ghanta Bengali mini blog #shorts #24challenge ￼,2026-02-20T02:15:05Z,4152155,35877,163,2026-02-26T03:07:42Z,22,People & Blogs,BabonVlogs
#NAME?,Leg dich NICHT mit einem LABRADOR an 😳,2026-02-17T15:16:22Z,4228263,28963,107,2026-02-26T03:07:42Z,23,Comedy,Fabi und Sam
bRW8A3-ohYo,ALGUIEN DEMOSTRÓ a las CHICAS que ERA MAS RÁPIDO que CAYLUS en Escapar del TSUNAMI! 💀☠️,2026-02-21T00:32:56Z,3245183,0,1035,2026-02-26T03:07:42Z,20,Gaming,SANTYPRO
9FQVttf9NFo,Building a Secret MAN CAVE,2026-02-18T16:57:00Z,21502872,222202,855,2026-02-26T03:07:42Z,26,Howto & Style,Not Your Basic Builds
433UAhFKtuc,I Built a Secret Jungle Bunker for my CAT 🐈,2026-02-19T16:30:01Z,19942613,101591,103,2026-02-26T03:07:42Z,26,Howto & Style,Not Your Basic Builds
7p0WsmajFyI,Built a Stunning Dream Mosque with Miftah AI Vision ✨🕌 #shorts #viral #aiart #youtubeshorts,2026-02-20T04:29:01Z,18111775,136193,220,2026-02-26T03:07:42Z,22,People & Blogs,Daniel
C5XAmjQSS1M,MY DOG SAVED ANOTHER DOG IN A TSUNAMI 😳🌊,2026-02-21T00:53:15Z,13527182,229041,1639,2026-02-26T03:07:42Z,22,People & Blogs,WildFrame
sx5TfTa97pw,Los Perros Se Enfrentaron Al Desafío De Natación 😱,2026-02-21T23:00:58Z,13192296,236143,639,2026-02-26T03:07:42Z,24,Entertainment,El Chico Estrella 🌟
S3oNZ4AT1sI,When Your Living Room Has a Crocodile Pond 😱 #satisfying #design #shorts,2026-02-19T19:00:22Z,10135338,57375,68,2026-02-26T03:07:42Z,22,People & Blogs,DEEP DESIGN
2FBpwJ5--i8,😱!My dog ran into a Sandstorm Alone to Save my Cat!🐕,2026-02-19T19:07:13Z,9328652,178671,1950,2026-02-26T03:07:42Z,15,Pets & Animals,AnimalsSaver 
3t9FOhr01Yc,"""The light hiding a big secret... 😱🚨""",2026-02-20T11:52:45Z,9539607,0,6,2026-02-26T03:07:42Z,22,People & Blogs,Oh So Fact
Ax8PrqMBFN0,Qué Le Pasó a Este Tigrito? 😰🐅,2026-02-21T21:00:00Z,7205880,210933,420,2026-02-26T03:07:42Z,15,Pets & Animals,BeluHistorias
synzqfZVJyc,The Glass Bridge Broke… Or Was It All Just a Prank?! 😱🔥,2026-02-20T12:45:38Z,11184164,40196,9,2026-02-26T03:07:42Z,24,Entertainment,BuzzFun Clips
RSyA4IJKlS0,Esta Madre Protegió A Sus Hijos Con Su Vida 😯❤️,2026-02-19T01:45:04Z,7307356,198992,659,2026-02-26T03:07:42Z,24,Entertainment,El Chico Estrella 🌟
L-i62zjI3Qc,Love by a Spell… Or Love Itself? 😳❤️ #linhchihihi #messyclassroom #schoolcrush #schooldrama,2026-02-22T10:00:27Z,11479742,272132,336,2026-02-26T03:07:42Z,22,People & Blogs,Linh Chi
ySXaLoXOYXw,BELI PUTRI DUYUNG BESAR? | NURRAYNI25,2026-02-23T03:01:03Z,7721521,81117,285,2026-02-26T03:07:42Z,24,Entertainment,nurrayni25
jEow8BxL_sA,This Man FOUND a Rare Lobster 🦞♥️,2026-02-19T01:13:19Z,6572416,100945,430,2026-02-26T03:07:42Z,24,Entertainment,GJShortz
pHNLn9tnRTs,🐶💥 ¡Rottweiler destruye su coche para salvar a su dueña de una serpiente venenosa! 🐍❤️ #animals,2026-02-18T17:01:28Z,6320934,201200,1883,2026-02-26T03:07:42Z,22,People & Blogs,trendinganimals🥳
pvzLDbMXX0U,A Cow & Her Calf Were Crying… Then a Giant Parrot Did the Impossible 😢✨#ai #cow #totalaivideob007,2026-02-20T04:14:07Z,5804466,134671,357,2026-02-26T03:07:42Z,22,People & Blogs,TotalAiVideoB007
t3YtAUcJtJg,Go swimming in a pool full of giant spiny fish #funny #funnyvideo #monster #swimmingpool #shorts,2026-02-20T14:31:23Z,7286969,20507,61,2026-02-26T03:07:42Z,24,Entertainment,Meme Pets
0HmTh8jpQdI,I Found a Giant Pumpkin Turning Into Cat Luxury House 😻🎃🏠 | Survival House Step by Step”86 #shorts,2026-02-22T10:00:07Z,6738050,0,13,2026-02-26T03:07:42Z,22,People & Blogs,OX FACT BABU
HNYh5FKYPGo,ஆம்லெட் ஆக வேண்டிய முட்டை! ஆபரேஷன் செய்து உயிர் கொடுத்த பாசம்! | Hatching a Broken Duck Egg,2026-02-19T14:45:02Z,7158193,160766,110,2026-02-26T03:07:42Z,24,Entertainment,Prabhu Lingam
7MJM8NKIC6E,An elegant entremet (modern mousse cake),2026-02-21T02:05:53Z,5932283,346855,1218,2026-02-26T03:07:42Z,24,Entertainment,Jess Wang Pastry
oRGDNf5oaFk,Epstein Crony Andrew Faces Consequences | Trump's A-List Peace Board | Did Obama Leak Alien Intel?,2026-02-20T04:50:00Z,3108903,96909,6025,2026-02-26T03:07:42Z,24,Entertainment,The Late Show with Stephen Colbert
9IPHpIHHsFY,"how to draw letter ""A"" Which one is your level?",2026-02-19T11:14:17Z,10091824,128844,602,2026-02-26T03:07:42Z,27,Education,condsty
KmTeF66iRb4,Which animal cause the most damage #shorts,2026-02-20T18:11:23Z,5678248,79975,662,2026-02-26T03:07:42Z,22,People & Blogs,VITMI
e_Qg59Uz4EI,12m subs complicated Mercedes Built the CLR GTR at $2.5 😅only a fexperienced power#reelschallenge,2026-02-20T01:02:00Z,9346249,0,1,2026-02-26T03:07:42Z,22,People & Blogs,CHHOTU KI MASTii
RDbmqTIeTZ4,Шкаф с двойным дном 😏,2026-02-21T20:14:00Z,7840397,83038,925,2026-02-26T03:07:42Z,22,People & Blogs,FilmBytes
XUQ6J2vRANQ,नोटों की गड्डी का राज#shorts,2026-02-21T15:40:00Z,7414497,62923,52,2026-02-26T03:07:42Z,24,Entertainment,"BrainWave AI
"
Df1OSbQ4248,😳🚔 rappers with the most mugshots,2026-02-20T05:16:48Z,6442778,120772,2361,2026-02-26T03:07:42Z,10,Music,Music Media
JXXP5BNfJ8w,The Penguin That Actually Loves Going to the Vet,2026-02-21T21:41:45Z,7527669,193503,1833,2026-02-26T03:07:42Z,24,Entertainment,Bob the Bear
I5o0Fz1vU7I,Jutta Leerdam won the Olympic gold medal and set a new record once again.#jakepaul #skating,2026-02-19T17:39:25Z,5041215,60720,646,2026-02-26T03:07:42Z,22,People & Blogs,Nicol Ferdinand
58-cGGqTPRY,GUESS BUS AND CAR EATERS BEHIND THE DOOR LIMINAL HOTEL Garry's Mod,2026-02-20T03:02:16Z,6496739,27394,14,2026-02-26T03:07:42Z,20,Gaming,ZOOWAKE - Games
LazaBSByyDM,Bro's Mom is the real Villain! 🤣 #youtubeshorts #shorts #batman #superman #dccomics,2026-02-23T01:11:00Z,8275890,251895,1152,2026-02-26T03:07:42Z,24,Entertainment,Dreaming Monkey 
wgS2RZbX3vY,Steak gave him best surprise ever A Rainbow dragon....❤😊!!#stealabrainrot#roblox#shortsfeed,2026-02-19T14:49:07Z,4467279,0,426,2026-02-26T03:07:42Z,22,People & Blogs,Primebloxe
NyHCXRPnFEI,Car Eater Wants To Help The Meal ? #shorts,2026-02-20T04:09:00Z,5857992,25580,15,2026-02-26T03:07:42Z,20,Gaming,ZOOWAKE - Games
cFYND4gMrWg,Mokel di Rumah Kosong Dipergoki Ustad… Eh Ternyata Ustadnya Ikut Mokel 😭🤣 #ramadanwithyoutube,2026-02-20T04:50:18Z,4960680,48546,112,2026-02-26T03:07:42Z,24,Entertainment,Efunk Pecihat
Kn4oXHBnp54,When You Can't Explain A Bruise,2026-02-20T13:00:39Z,5284134,126849,333,2026-02-26T03:07:42Z,24,Entertainment,Lyanna Kea
8-6oZykcQaw,Asking For An Eggless Omelette Has To Be The Most Absurd Way To Ask For An Egg White Omelette 🍳🥚,2026-02-21T18:15:00Z,10067086,282059,1504,2026-02-26T03:07:42Z,22,People & Blogs,ViralSanity
Vzi-Rzy4e98,Ready for a marathon? Intelligent Marathon Mode keeps every step on track. #HuaweiLaunch,2026-02-19T08:00:02Z,3098780,73,4,2026-02-26T03:07:42Z,28,Science & Technology,Huawei Mobile
z7XnKb8RJek,A disabled duckling helps his cat friend 🐥 #DuckRescue #CuteAnimal #AnimalRescue #joker #shortvideo,2026-02-18T05:20:31Z,4215091,28122,4,2026-02-26T03:07:42Z,20,Gaming,ARJUN_FACTS
RYzz3G0sP7E,The Old Man Helped the Poor People's So a Cruel Man Burned His Boat #shorts #ai #craft #humanity,2026-02-21T13:08:11Z,5746244,0,74,2026-02-26T03:07:42Z,27,Education,আলোর ডাক
oHyP1-KtsyQ,When you cough a little in front of your mom😂😮‍💨,2026-02-20T10:01:16Z,6405217,24695,47,2026-02-26T03:07:42Z,22,People & Blogs,Karina 
ipiAoiotvYI,How to say chocolate and vegetable? sound more like a native speaker  #englishpronunciation,2026-02-18T12:01:15Z,4923281,30709,353,2026-02-26T03:07:42Z,27,Education,English with Steve Ford
bY1EJZhsIUI,He Found Over 7 Million Dollars In A Storage Unit 😱,2026-02-19T18:31:00Z,4154684,272556,2160,2026-02-26T03:07:42Z,19,Travel & Events,Zack D. Films
kU8ER-zfs7A,The naughty boy took the umbrella 😳,2026-02-20T10:00:00Z,4426212,31184,22,2026-02-26T03:07:42Z,24,Entertainment,Shihab's dream
M0c-Gs34n-M,Le pegué un chicle en el cabello a miranda😭😱😰😪,2026-02-19T21:43:22Z,3683677,218962,4932,2026-02-26T03:07:42Z,20,Gaming,Diosdado Juarez
zyijgiK7NeE,A Story Of Rabbit Groundnut🐇😱~ mini wood toy-woodworking art skill /wood / hand crafts/ #shorts,2026-02-21T07:30:37Z,4359881,0,0,2026-02-26T03:07:42Z,22,People & Blogs,Hyper Genix
OOVOOpC1GKE,REACT MoriMura - QUANDO A CASA TÁ SUJA E VC VAI DEITAR NA SUA CAMA 😹,2026-02-20T14:00:41Z,4667236,47442,209,2026-02-26T03:07:42Z,22,People & Blogs,Kaizen Andrade
vgtmGE2l7z4,Encostei em um inscrito da gringa,2026-02-21T23:34:24Z,6066418,256708,6682,2026-02-26T03:07:42Z,24,Entertainment,Ronazim
RonepZHsPnI,Vụ va chạm sặc mùi thuốc súng | Rì Còn Viu #riconviu,2026-02-19T12:01:42Z,4379705,57806,442,2026-02-26T03:07:42Z,22,People & Blogs,Rì Còn Viu
gFx2AHv4rtY,Why This Dog Walks Like He’s on a Secret Mission,2026-02-22T15:30:20Z,5633104,40363,543,2026-02-26T03:07:42Z,24,Entertainment,Disaster Strucks
Mqc2RFrObzw,Can a Goalkeeper Save With Every Body Part?🍑,2026-02-21T18:05:56Z,4501444,58458,71,2026-02-26T03:07:42Z,17,Sports,J_Tekkz
kfOrPy2V5fk,The ONLY BOY In A ODER POOL PARTY,2026-02-20T11:01:17Z,1890973,18051,669,2026-02-26T03:07:42Z,20,Gaming,Zoomy
xTc7MqP552g,"Matan a Nemesio Oseguera Cervantes, alias ‘El Mencho’, en un operativo en México",2026-02-22T19:32:13Z,1648144,10911,1209,2026-02-26T03:07:42Z,25,News & Politics,Noticias Telemundo
cMwKc4uhEc8,Help the girl,2026-02-20T15:00:00Z,10336200,49867,14,2026-02-26T03:07:42Z,24,Entertainment,Mert Boo
ipCsigAEibg,When You Block The Tusnami To Steal Brainrots In Escape Tusnami For Brainrots,2026-02-21T20:30:08Z,9218725,67283,159,2026-02-26T03:07:42Z,1,Film & Animation,Agbaps Shorts
Ux0KQblBi3g,DON'T Hit The Real Rumi 💥,2026-02-20T17:30:56Z,7702313,204419,462,2026-02-26T03:07:42Z,22,People & Blogs,NichLmao
rNNfpbQ748w,How The Poo-lock Works 🤔,2026-02-22T18:31:14Z,7351272,206028,4837,2026-02-26T03:07:42Z,19,Travel & Events,Zack D. Films
aVhxWcyxRx8,Jumping into the final ❄️🇨🇳 #MilanFigureSkating,2026-02-19T16:27:20Z,17220429,97186,427,2026-02-26T03:07:42Z,17,Sports,Olympics
rH9W7inTwuQ,GUESS MORE CAR EATER BEHIND THE DOOR LIMINAL HOTEL Garry's Mod,2026-02-22T02:09:40Z,8184906,35633,12,2026-02-26T03:07:42Z,20,Gaming,ZOOWAKE - Games
NykhRSSaR7I,Si te queda la zapatilla te conviertes en una princesa,2026-02-19T22:37:31Z,5966810,76210,0,2026-02-26T03:07:42Z,22,People & Blogs,JOSUE & ORIANA
nWQf52VgXnk,My best friend The Otter! #shorts #short #fyp #otter #pets #wildlife ￼,2026-02-18T15:03:45Z,6348197,145716,2157,2026-02-26T03:07:42Z,24,Entertainment,Chandler's Wild Life
N1LXcP50HYs,The most tiring part is cleaning up after every failed take 🫠#cartransition #djiosmo360,2026-02-19T03:53:34Z,5561734,33686,173,2026-02-26T03:07:42Z,22,People & Blogs,Gigi Cheoh
7-ZvHxWEUTM,Little dog worked hard to become a guide dog,2026-02-18T02:34:04Z,5193057,0,44,2026-02-26T03:07:42Z,1,Film & Animation,Black Man
nKWJXzj9FvE,Mercedes Built the CLR GTR at $2.5 🏡 M only a few lucky drivers experienced power 😅🍓#reelschallenge,2026-02-19T01:00:58Z,5657049,152979,2157,2026-02-26T03:07:42Z,24,Entertainment,Gaffarpur vale
J5AyNKJH7Zw,El día que un estudiante superó al director,2026-02-21T16:02:50Z,4979521,88520,338,2026-02-26T03:07:42Z,24,Entertainment,Hechos No Contados
uO8RexR_Cko,It was stuck there for a reason 😂 #shorts,2026-02-19T13:52:10Z,4770357,27100,50,2026-02-26T03:07:42Z,22,People & Blogs,Ella’s Voice
sbY31kxvye4,Ranking the BEST Peekaboo Hair Trend Part 2 👀 (new),2026-02-22T13:59:14Z,3517714,100835,429,2026-02-26T03:07:42Z,22,People & Blogs,KrunchyEgg
npXL2vTqKko,Jungle Cave Survival Before the Stormy Night 🌩️ ASMR Build #asmr #cave,2026-02-21T21:48:49Z,4825214,33271,117,2026-02-26T03:07:42Z,26,Howto & Style,Royal Home Transformations
7bozsuE_U6k,DEIXEI A LILY NO VÁCUO ATÉ ELA SURTAR 😳 #poppyplaytimecapítulo5,2026-02-21T15:00:12Z,5454843,136454,1563,2026-02-26T03:07:42Z,20,Gaming,Mestre Bananão
K6GWQGu9qPs,The Ultimate Sniper Decoy Trap!,2026-02-21T16:57:25Z,11583821,174577,251,2026-02-26T03:07:42Z,1,Film & Animation,Kisah Sinema
eAlWjzdXH18,"The bird's nest is finished🏠, but it built a nest next to my house🐦💔🪺",2026-02-18T02:53:26Z,3969214,49886,252,2026-02-26T03:07:42Z,1,Film & Animation,KindHeroes
HYt8AGeotwI,Salish Gifts Her Dad a Car,2026-02-21T21:14:07Z,4783858,83075,803,2026-02-26T03:07:42Z,22,People & Blogs,Maximus Editorious
VMSrsLoNWXQ,Successfully removed a Hijab Pin  from an 18 year old’s stomach via Endoscopy,2026-02-21T11:41:27Z,3731745,106488,946,2026-02-26T03:07:42Z,22,People & Blogs,Dr Nazrul Surgeon
0ts8cDAj9Co,Not Just a Diamond… Look Closer! 💎👀  #cute #funny #kpopfunny #kpop #action,2026-02-21T12:00:56Z,3019243,87013,169,2026-02-26T03:07:42Z,1,Film & Animation,EsMeow_Shorts
p1esD9n9WkA,POV Everyday you have to spend a certain amount of words…#funny #pov #viral #storytime,2026-02-20T14:25:02Z,3881380,36923,123,2026-02-26T03:07:42Z,22,People & Blogs,shaker saeed
k8TMh6yVDdE,How A Royal Meeting Ended In A Poop Disaster 🤢,2026-02-21T18:31:05Z,3949242,252550,4762,2026-02-26T03:07:42Z,19,Travel & Events,Zack D. Films
yDTaTcvv4oY,The Tiniest Apartment Turned Into A Fully Functional Home,2026-02-19T11:55:01Z,4326311,102799,1167,2026-02-26T03:07:42Z,22,People & Blogs,Home Graphix
5ss5kgMQyDM,Buah 1 kebon pun ga buat lambung penuh 🥺,2026-02-20T15:27:59Z,3563741,43891,971,2026-02-26T03:07:42Z,22,People & Blogs,Aldo Wijaya
55sx44sACXc,Revealing What's Inside The Famous House 🏠,2026-02-22T00:22:28Z,4570107,74774,368,2026-02-26T03:07:42Z,24,Entertainment,ItsFrankyBoi
V48w6QfEVXw,POV Surviving in a Treehouse During a Snowstorm - #survival #satisfying,2026-02-20T23:30:21Z,3932798,46388,163,2026-02-26T03:07:42Z,22,People & Blogs,Mythic Shelter
zWRnQz-i94k,The Wait: Hatching Chicks in a Temperature-Controlled Incubator 🐣🔆,2026-02-21T18:15:14Z,6374144,9667,32,2026-02-26T03:07:42Z,28,Science & Technology,Discovery and Learning
bPpuTPZHhSU,You got a wife ❤️🤣. #funny #couple #trendingreels #trendingsong #trendingnow #trendingshorts,2026-02-19T01:47:12Z,3910278,35524,115,2026-02-26T03:07:42Z,23,Comedy,Lado
nCOU5lk5AHE,Planting Flavor: Hand-Setting Garlic Shoots in the Field 🧑🌾🌿,2026-02-22T03:01:01Z,6481270,5329,7,2026-02-26T03:07:42Z,28,Science & Technology,Discovery and Learning
X7MLV0pu4_U,We Forgot Someone at The Hotel… But Didn’t Notice!,2026-02-19T18:27:42Z,4277286,36664,114,2026-02-26T03:07:42Z,24,Entertainment,Karma Kings
Q_iK3Fv-owQ,A todos lados quiere ir conmigo 😂🤣 #shorts #video #youtubeshorts #comedy,2026-02-20T23:39:03Z,5762722,19539,0,2026-02-26T03:07:42Z,24,Entertainment,Soy Marie Oficial 
PfmCLVm9fEw,The Moment These Two Words Are Heard… Everything Changes 😳,2026-02-20T13:15:07Z,4202139,136080,480,2026-02-26T03:07:42Z,22,People & Blogs,WowFacts 
P_r7QcDKxwQ,QUE PASARÍA SI DESPEDIMOS A LARRY? 💀💥👀 #shorts #parati  #sabiasque,2026-02-22T11:15:50Z,2384555,82856,483,2026-02-26T03:07:42Z,24,Entertainment,dexit
PGZA9e71s60,Poppy Playtime Capítulo 5 DECEPCIONÓ a TODOS😔🥀,2026-02-19T23:24:56Z,2744614,157513,5339,2026-02-26T03:07:42Z,20,Gaming,Soy Thalas
PutkuotHiMY,Why North Korea's Basketball Rules Would Break the NBA 🏀⚡️,2026-02-21T04:10:00Z,5856082,57975,1132,2026-02-26T03:07:42Z,22,People & Blogs,History Exposed Shorts 
74ujhypV48o,LOS NOMBRES MÁS RAROS QUE PADRES LES PUSIERON A SUS HIJOS,2026-02-23T01:34:19Z,3702534,42116,611,2026-02-26T03:07:42Z,24,Entertainment,eliaaaaaaaaaaas
BKffgQK21q8,"this is the deep dark, which is a deep dark 😂😂😂😂😂😂😂😂😂😂😂😂😂😂😂😂😂😂😂😂😂😂😂😂😂😂😂😂😂😂😂😂😂😂😂😂😂😂😂😂😂😂😂😂😂😂😂😂😂😂😂😂😂😂😂😂",2026-02-20T16:00:00Z,3605802,151404,1868,2026-02-26T03:07:42Z,24,Entertainment,camman18
FsM92HO_KtY,How People With Different IQ Avoid A Speeding Ticket,2026-02-19T20:30:02Z,4095367,59054,103,2026-02-26T03:07:42Z,1,Film & Animation,Agbaps Shorts
fnttZIDRp5I,"5,000 Spheres Under the Ice in Antarctica",2026-02-20T15:55:13Z,3085351,132509,1546,2026-02-26T03:07:42Z,25,News & Politics,Cleo Abram
91RrTfkDxmw,EuroTrip (2004) | Train seat panic with the Italian guy 😂🚆,2026-02-20T09:10:34Z,4011490,47917,1338,2026-02-26T03:07:42Z,24,Entertainment,FlickTales7
JVzy1adDCNA,A MÃE VINGATIVA,2026-02-20T21:00:19Z,4278357,50180,91,2026-02-26T03:07:42Z,24,Entertainment,Irmãos Lemos
qX3IwcuxQl8,I Found a Big Pumpkin in Luxury House 😱🎃🏠 | Survival House Step by Step”63 #shorts​,2026-02-21T05:00:45Z,3523729,0,4,2026-02-26T03:07:42Z,24,Entertainment,Tm Facto World
9noRBYPuySI,FREE BRAINROT IN ESCAPE A TSUNAMI FOR BRAINROTS?? Pt.4 😳 #huydutroblox #tsunamibrainrot #roblox,2026-02-20T10:12:27Z,2595104,58973,2145,2026-02-26T03:07:42Z,20,Gaming,sc7ry.
UGtQCbSRh9E,CEWEK INI NEMU BATU EMAS! RAHASIANYA BIKIN SYOK!,2026-02-21T05:08:04Z,3141018,34194,54,2026-02-26T03:07:42Z,22,People & Blogs,dani tube
QCbnrXC0EdQ,El ORIGEN de HUGO 🥀☠️ #mrrelevante #videojuegos,2026-02-20T15:00:46Z,3770155,87026,734,2026-02-26T03:07:42Z,20,Gaming,Soy RELEVANTE
x3mAvSvOLpM,This time the father won a lot 🤣🤣 #funny #comedy #shorts,2026-02-19T00:11:37Z,6864977,36320,84,2026-02-26T03:07:42Z,23,Comedy,Cah ndeso46
XADo5k5fCig,She became a mummy after failing to answer 😱😭 #blackpink #jennie #lisa #rosé #jisoo #shorts #kpop,2026-02-22T05:16:45Z,4998118,30261,762,2026-02-26T03:07:42Z,24,Entertainment,sseunjx
rcbTSJlT06c,DIY Brick Wall Hack Using a Sponge | Easy Home Makeover #facts #shots,2026-02-18T05:50:04Z,9845383,0,107,2026-02-26T03:07:42Z,22,People & Blogs,Facto Find
ROpD5G4yoeQ,How A Rat Bounty Made The Plague Worse 😨,2026-02-18T13:30:34Z,10547266,564252,4616,2026-02-26T03:07:42Z,19,Travel & Events,Zack D. Films
uYBHcSXt6-A,Be a reason for someone’s smile 🙏😊                  #humanity #shorts #shortsvideo,2026-02-20T16:47:33Z,14891715,415008,4063,2026-02-26T03:07:42Z,22,People & Blogs,Deepak Swami
oRyNOY_aVNU,Crafted a beautiful ❤️ Mini Mosque with Miftah AI Vision ✨🕌 #shorts #trending #aiart #youtubeshorts,2026-02-21T16:48:15Z,10019659,87963,252,2026-02-26T03:07:42Z,22,People & Blogs,Daniel
lQ7xDGtrF88,"Introducing the ""VitaWear SmartBand,"" a next-generation wearablegadget#shortsfeed#trending",2026-02-20T03:13:33Z,7623353,0,233,2026-02-26T03:07:42Z,22,People & Blogs,Viral S2K
iS7VK6-udNY,Salute Indian Army😭🙏 | Mere Desh Ke Veer Jawan Ke Zindagi😭🙏 | #youtubeshorts #indianarmy #armystatus,2026-02-20T02:50:00Z,3904653,23218,7,2026-02-26T03:07:42Z,24,Entertainment,Muskan Indian Army
dxRobE48CJ4,Dad Built a Brick Bear to Catch Thieves! 🧱🐻😱#shortsfeed,2026-02-20T06:28:12Z,3988109,0,2,2026-02-26T03:07:42Z,24,Entertainment,Nadeem K Fact
mUyPKQh2sHM,Stripping the Green: The Machine That Combs a Log Clean of Limbs,2026-02-21T07:54:19Z,5211275,5925,9,2026-02-26T03:07:42Z,22,People & Blogs,The Rustic Pantry
MnPzLt78pSA,Creating a Garden Under a Tree,2026-02-21T12:35:01Z,6067988,38273,295,2026-02-26T03:07:42Z,22,People & Blogs,Home FlowerX
buBwUrL-UE4,Why 50 Cent Thinks the Grammys are a JOKE 😱 #Shorts,2026-02-19T02:27:44Z,6695067,42171,2267,2026-02-26T03:07:42Z,24,Entertainment,Heartfelt Chronicles
8U9M-B2rH_k,❤️ QUEM FEZ A MELHOR TREND DE CASAL? ❤️ #shortsviral #drburguerquiz,2026-02-19T13:00:16Z,4819367,37639,2072,2026-02-26T03:07:42Z,24,Entertainment,DrBurguerQuiz
gOrvAFrRhIA,Mi papa se convierte en Therian,2026-02-20T18:30:07Z,3331874,121908,1896,2026-02-26T03:07:42Z,27,Education,Mujerdebuenapasta
Tbz35Mc8pzE,Not making History but Creating a Better Future.. | Raj Shamani #Shorts #inspiration,2026-02-20T12:20:00Z,3338085,123290,896,2026-02-26T03:07:42Z,22,People & Blogs,Raj Shamani
rV25sba6xl0,And we will see the quad god a final time at Milano Cortina 2026 🌟⛸️ #MilanFigureSkating,2026-02-20T19:05:56Z,9614722,47818,229,2026-02-26T03:07:42Z,17,Sports,Olympics
smScQC5uezo,"Do This Daily for a Perfect Jawline, Neck & Posture ✨️ | Black Friday Glow Up#glowup #blackfridayDo",2026-02-19T13:58:41Z,5750448,25524,152,2026-02-26T03:07:42Z,22,People & Blogs,glowflexher 
4pAtMQZYWMs,A cena que os policias acharam parecia Cena de Filme de terror!,2026-02-20T07:15:00Z,2924194,201061,1289,2026-02-26T03:07:42Z,20,Gaming,Sev7n Games OFICIAL
hMGK9sAV8Xw,“Can we make a picture” 🇩🇪🎨,2026-02-20T16:28:14Z,3599990,253534,1486,2026-02-26T03:07:42Z,23,Comedy,liamcarps
vckKzbqiwaE,How to not wash your hair for a long time #parody #relatable #hair #haircare #culture #hairstyle,2026-02-19T20:00:00Z,3159780,131354,1164,2026-02-26T03:07:42Z,22,People & Blogs,Hannasaur
27HWcNHr-mY,"After mixing the golden mask in the clay, I got a light mask. #shorts #viral #tranding #video",2026-02-20T14:05:00Z,3376359,0,7,2026-02-26T03:07:42Z,24,Entertainment,Mirotha Ke Vlog
KPg2QKoUo8I,The EX. How we got Married? | Based on a True Story #shorts #shortsfeed #wedding #marraige #comedy,2026-02-19T15:32:03Z,3033639,50757,141,2026-02-26T03:07:42Z,23,Comedy,Mrandmrsmoorthy
Mo-QmF16AlE,ABUELA QUE IBA A QUEBRAR A LOS MILLONARIOS! 🤑🤯#shorts #curiosidades,2026-02-19T22:27:20Z,3297893,128719,134,2026-02-26T03:07:42Z,24,Entertainment,BlancoMC
8uQb9r9rmzo,😱 A Promoção Que Deu Errado! #curiosidades,2026-02-18T22:01:43Z,3510224,75004,128,2026-02-26T03:07:42Z,24,Entertainment,Guilherme Sandmann
Hpt6iacMFtE,Finally being a Murderer 😈 #roblox #murdermystery2 #robloxshorts,2026-02-20T10:30:07Z,5052178,66095,946,2026-02-26T03:07:42Z,22,People & Blogs,Suri
gz0qujxOwng,He Lied To Get In The NFL…😱🏈,2026-02-20T06:31:34Z,3576264,60133,243,2026-02-26T03:07:42Z,22,People & Blogs,BoltMotivation
rOo9guKuTv0,Making RATATOUILLE from the MOVIE?!,2026-02-21T18:36:38Z,3881705,117887,561,2026-02-26T03:07:42Z,24,Entertainment,Little Remy Food 🐭🍝
#NAME?,Un círculo perfecto en 30 segundos… ¡o estás despedido! 😳,2026-02-20T12:36:32Z,3438519,50549,163,2026-02-26T03:07:42Z,24,Entertainment,Hechos No Contados
c1y3XWNaVrk,“I have half a million dollars for you” 🥹❤️,2026-02-22T22:15:29Z,3613488,215687,11401,2026-02-26T03:07:42Z,24,Entertainment,Jimmy Darts
Vqa2i6-YkYA,Checa las caídas de nivel con una lata de refresco,2026-02-21T02:21:31Z,4057770,52728,440,2026-02-26T03:07:42Z,27,Education,Vinny the twister
xm6DNr4IbXE,Alysa LIU won gold but she is cheering and comforting a young girl who just got her first medal 🥹,2026-02-21T16:33:08Z,3788623,83240,702,2026-02-26T03:07:42Z,22,People & Blogs,POPVEIN
gtIoiHG5bnw,9-1-1 Season 1 (2018) | A Firefighter Solves It with Four Burgers #shorts,2026-02-20T10:57:45Z,3968819,78131,107,2026-02-26T03:07:42Z,1,Film & Animation,FlickThrob
AKnPJyCTV-A,Biker Recalls The Moment A Cop Said His Bike Would Be Crushed,2026-02-20T22:22:43Z,4959420,114074,1119,2026-02-26T03:07:42Z,22,People & Blogs,OnlyCopz
4o50DFQWgG0,A fan waited hours for Sabrina Carpenter to do this🤯🔥,2026-02-20T18:30:25Z,3264006,82537,167,2026-02-26T03:07:42Z,20,Gaming,TABS VICTORY
vA8XNqRQyDw,"Every day, Viktor applies for a visa, while Frank keeps trying to have him detained. #movie #film",2026-02-20T16:15:12Z,4900700,203737,1248,2026-02-26T03:07:42Z,22,People & Blogs,Visual Case
KcEK_z5H1AY,"Aos 53 anos, cantor Latino surge acompanhado de sua namorada, a Barbie do Brasil, VEJA O MOMENTO",2026-02-21T00:00:19Z,4030487,18537,687,2026-02-26T03:07:42Z,22,People & Blogs,John Erik
foIOW-_Doz4,A MAYA ACHA QUE É MC! 🎤 #mansaomovie,2026-02-19T17:30:10Z,3132465,231189,384,2026-02-26T03:07:42Z,24,Entertainment,Vini Theophilo
mqEDQQi-ZUU,На свидание собрался,2026-02-20T15:29:44Z,3528265,39577,554,2026-02-26T03:07:42Z,22,People & Blogs,Равиль Дукат
4JMTbSpa4wg,"Cuma pakai keranjang, dapat banyak belut #shorts #shortvideo #belut",2026-02-20T11:02:19Z,5030571,13994,45,2026-02-26T03:07:42Z,24,Entertainment,jeema channel
qMAIVrpupm0,EL NOOB CREÓ UN POZO PARA TSUNAMIS EN STEAL A BRAINROT ROBLOX 😱 - Creditos YOURROBLOXNOOB - #shorts,2026-02-19T19:45:50Z,2813138,51606,102,2026-02-26T03:07:42Z,24,Entertainment,Swaggy
9IaL6hAhCYw,hopefully me when i become a mom,2026-02-21T00:15:00Z,3809358,56164,218,2026-02-26T03:07:42Z,22,People & Blogs,KalogerasRuby
MVOi81qpbrs,Do you wanna build a snowman #snow #frozen,2026-02-20T19:47:54Z,3309126,22014,37,2026-02-26T03:07:42Z,22,People & Blogs,Mariam Marks
j28BKh-aczU,The Lollypop Experience be like! 🤣🤣,2026-02-21T17:30:21Z,3540201,57350,954,2026-02-26T03:07:42Z,22,People & Blogs,BlobbyClips
Hyh_1ovkJiI,The Biggest Lie About Diamonds,2026-02-20T01:33:57Z,3431719,56648,451,2026-02-26T03:07:42Z,27,Education,Zver
PWR2g167sBk,The transformation of a thousand-year-old white snake into a dragon,2026-02-17T21:38:26Z,3339319,141926,1354,2026-02-26T03:07:42Z,22,People & Blogs,Movies With Jack
nNN7PtebuKk,ADHDers unite in the comments 💥 #adhd #shorts #cuteanimation,2026-02-19T20:02:38Z,2993269,128754,4195,2026-02-26T03:07:42Z,1,Film & Animation,DillybyDally 
kY3bcytO2_8,Minecraft Vs Real Life in the Nether🔥#blender #minecraft #3dart #3danimation #satisfying,2026-02-22T05:30:20Z,3714482,20687,43,2026-02-26T03:07:42Z,20,Gaming,Nim3D
jhqPJ5IHyJw,Bit by a Snake… A Fatal Mistake? 🐍😱 #linhchihihi #messyclassroom #schoolcrush #schooldrama,2026-02-20T10:01:09Z,3116491,74438,135,2026-02-26T03:07:42Z,22,People & Blogs,Linh Chi
DMpiDJbfo84,He Brought Home a Stolen Chicken… But Dad’s One Joke Ruined Everything!,2026-02-19T15:18:00Z,3060447,0,4,2026-02-26T03:07:42Z,22,People & Blogs,Explore Visuals
7x00K83aLuA,Smart Design Turns The Smallest Bedroom Into A Luxury Space #shorts,2026-02-18T11:55:01Z,3191035,43891,343,2026-02-26T03:07:42Z,22,People & Blogs,Home Graphix
S8bl_fthwCA,“Girls with courage becomes a woman with power.” Girls outpull boys tug-of-war at Sanskar Academy !,2026-02-21T12:27:56Z,3226497,90825,1505,2026-02-26T03:07:42Z,25,News & Politics,Hindupedia
IKi6o8MiOHw,EXPULSARON A PAOLO DE LA ESCUELA😭,2026-02-20T21:12:06Z,2711574,99336,790,2026-02-26T03:07:42Z,22,People & Blogs,Leo Study
BfRS2Tu6LJk,eu vou comprar uma PORSCHE,2026-02-21T23:00:11Z,2929543,108068,1127,2026-02-26T03:07:42Z,24,Entertainment,Sou Mrp
U_4VJtqDioI,Trasladan cuerpos del CJNG a instalaciónes de la FGR en fuerte operativo,2026-02-22T21:59:56Z,1110435,6240,1166,2026-02-26T03:07:42Z,25,News & Politics,Grupo Fórmula
AYNmI-YPqGQ,Клюшка за 17 тысяч 😳,2026-02-21T13:50:25Z,2858715,37257,241,2026-02-26T03:07:42Z,22,People & Blogs,FilmBytes
Xc-Gi9PEuCY,GANÓ a la EXPERTA en su PRIMER INTENTO 🤔🤯 #shorts #win  #curiosidades #divertido #japon #wow,2026-02-21T22:01:05Z,2369380,59315,159,2026-02-26T03:07:42Z,24,Entertainment,AprendeYDivierTT
QlSUo1s5YKg,Mom Tried To Kiss Him… He Said ‘I Have A Girlfriend! 😭😂 #funny #funnybabies #shorts #interview,2026-02-21T18:04:29Z,3166107,70994,356,2026-02-26T03:07:42Z,22,People & Blogs,RiseCrafted
CAj3GTOzjZM,JUVENTUS-COMO 0-2 | HIGHLIGHTS | Como Stun Bianconeri! | Serie A 2025/26,2026-02-21T16:53:59Z,1045421,16370,1925,2026-02-26T03:07:42Z,17,Sports,Serie A
IogKHN0Tshs,🥹 He was BULLIED by a wild cat,2026-02-19T13:11:56Z,2552644,43440,379,2026-02-26T03:07:42Z,24,Entertainment,Taylors Wild Diary
yJoYwkNF5uo,"Abraham POR FIN LLEGÓ a la TABLA, pero el TOP 1 se VENGÓ?! ☠️💀",2026-02-22T01:47:00Z,2146989,0,673,2026-02-26T03:07:42Z,20,Gaming,SANTYPRO
BaVbTzr3-8E,Breaking: A Scientist Known For Discovering Water On A Distant Planet Has Been Shot.,2026-02-21T21:46:00Z,4261411,30884,1322,2026-02-26T03:07:42Z,22,People & Blogs,Wholesome Gramps
WO9FuyrcCG8,Le Tiré Admin Panel A Sammy!,2026-02-21T23:48:00Z,2483552,48742,408,2026-02-26T03:07:42Z,20,Gaming,Drakonite
qCadJJT_XjU,Steal a Brainrot Admin Abuse (Taco Tuesday),2026-02-18T00:16:53Z,951421,10448,113,2026-02-26T03:07:42Z,20,Gaming,KreekCraft
nV6bfANN3A0,How to Defend Against a Stick Attack | Self Defense Tips 🥋 #Short#viralvideo,2026-02-19T15:17:53Z,2163605,7991,8,2026-02-26T03:07:42Z,24,Entertainment,chinu thakor 
WB75QVaptnc,El Abrahaham conoce a su suscriptor más humilde | #elabrahaham #shorts,2026-02-21T21:18:26Z,2330476,30592,1093,2026-02-26T03:07:42Z,20,Gaming,Lo Mejor De Abrahaham
N8AlWpcH7ng,Please focus solely on driving while operating a vehicle#foryou #theresident #shorts,2026-02-21T20:07:00Z,2495667,105941,525,2026-02-26T03:07:42Z,24,Entertainment,Deandre Mcquille
aoOUJ_-QiIQ,A for apple | अ से अनार | abcd | Phonics song for nursery,2026-02-21T02:30:05Z,1811725,1879,0,2026-02-26T03:07:42Z,27,Education,Kids Gyan
8-f2aMaCr8g,Sometimes our past relationships doesn’t have to be toxic but a good lesson for moving on in life❤️✨,2026-02-22T05:18:36Z,1809862,59756,239,2026-02-26T03:07:42Z,24,Entertainment,Honest Kakima
Am-MkvxIfPA,Feeding a Giant Prawn! 🦐,2026-02-21T14:57:29Z,2079101,27544,566,2026-02-26T03:07:42Z,24,Entertainment,Curious as Hell
uEUJl6HvASc,Alysa Liu Ended a 24-Year Olympic Curse with This Gold Medal 🥇 #youtubeshorts #shorts #figureskating,2026-02-21T15:25:29Z,1697452,37301,633,2026-02-26T03:07:42Z,22,People & Blogs,Sarah Sports
bFhmMPWdK3Q,Nadie sabe quién sorprendió a quién hasta ver el final,2026-02-21T02:30:37Z,3277196,38445,174,2026-02-26T03:07:42Z,22,People & Blogs,Jon Sinache
RVsHbEt25A4,WHAT A GAME! Scrabble Slam Word Board Game Challenge!,2026-02-22T00:22:43Z,2777571,70382,305,2026-02-26T03:07:42Z,20,Gaming,Kenny Haller
7_sJi5xtamI,Bhago😅Mercedes Built the CLR GTR at $2.5🥰only a few lucky drivers experienced power#reelschallenge,2026-02-21T09:46:03Z,1892201,9224,5,2026-02-26T03:07:42Z,22,People & Blogs,Azhar Shorts
9HGYH4rn2xM,Broma de la cachetada falsa a therian 😂😂,2026-02-21T19:10:21Z,2577257,29440,297,2026-02-26T03:07:42Z,22,People & Blogs,El Tamalerito
#NAME?,Lily finds a 🐝 in need and then Violet comes along 😅,2026-02-22T08:50:40Z,2171548,6874,60,2026-02-26T03:07:42Z,24,Entertainment,Mist4Ember
NA-Eni_JpYA,PASSEI A NOITE NA ANTIGA MANSÃO DOS ROSA *Algo sobrenatural apareceu !,2026-02-23T21:00:20Z,1474726,26196,1383,2026-02-26T03:07:42Z,20,Gaming,Leozinn 077
5PONjXQA31U,Minuto a minuto: así fue el operativo contra ‘El Mencho’,2026-02-23T14:03:56Z,982536,13714,2665,2026-02-26T03:07:42Z,24,Entertainment,Grupo Fórmula
zi1XHiHjSXM,"He Built Me a $1,500 Mystery Bag… Was It a Mistake? | 1500ドルのミステリーバッグ",2026-02-22T04:11:30Z,2022304,41138,258,2026-02-26T03:07:42Z,24,Entertainment,South Florida Pokemon
H8CJ6DRIc9I,ELIMINADO??? QUEM COMPLETAR A PALAVRA PERDE??,2026-02-21T22:30:04Z,1886106,73412,187,2026-02-26T03:07:42Z,23,Comedy,CLEPTON
3Bo4p_AoYXU,Approached a Hyd girl for portraits 📸 #telugu  #snapbychance  #photography,2026-02-21T14:59:45Z,1367129,28715,135,2026-02-26T03:07:42Z,22,People & Blogs,SnapByChance
YMOhxPwQCjo,This peacock losses his egg | But a kind farmer help him 😱🫡 #shorts #respect #ytshorts,2026-02-22T02:44:37Z,1751091,16570,21,2026-02-26T03:07:42Z,24,Entertainment,Antariksh Yatra
PAPl4O1m1d0,a bunch of clumsy thieves.#joker #shorts,2026-02-21T13:00:41Z,2470790,16865,32,2026-02-26T03:07:42Z,22,People & Blogs,Untitled Joker
359YiQYhEyE,If a tsunami happens in 2026 🌊,2026-02-22T17:37:27Z,1987792,26390,711,2026-02-26T03:07:42Z,24,Entertainment,Ramo Akh
bS7iQ6P2zrA,I Got These New Divine Brainrots in Steal A Brainrot...,2026-02-21T21:09:48Z,1697894,20223,1319,2026-02-26T03:07:42Z,20,Gaming,Wixor
qKjKBrY0Yu8,ELBERR THE ROBOT GOT A NEW FORM..,2026-02-17T20:39:49Z,836605,20827,4505,2026-02-26T03:07:42Z,20,Gaming,Aimin
xn8R7TN64uI,Nataplumita se lleva a su Papá en la calle 😂 #risas #humor #memes,2026-02-22T01:54:57Z,4107055,16894,23,2026-02-26T03:07:42Z,24,Entertainment,La familia Buchona
O0pAd1bJ_iQ,Only by putting patients first can one become a good doctor.,2026-02-21T16:00:36Z,2351463,120865,585,2026-02-26T03:07:42Z,22,People & Blogs,Michael Anderson
v0F6jZWSbes,Rhia Didn’t Give Sierra a Turn?! 😮 Sierra Felt Sad 💛,2026-02-21T18:31:15Z,2078407,9853,0,2026-02-26T03:07:42Z,24,Entertainment,Sierra and Rhia English
uECoj8IJnCo,A MAN tried to TRICK ME from PRISON #roblox #berry,2026-02-22T04:56:07Z,2421788,68542,248,2026-02-26T03:07:42Z,20,Gaming,PairBlox
DJViAmhagiY,DJ & KYRIE GOT INTO A BIG FIGHT,2026-02-17T22:03:09Z,825895,15583,1000,2026-02-26T03:07:42Z,24,Entertainment,The Prince Family Clubhouse
ybxXISisl04,Saat keramas banyak kepiting tersangkut di rambutnya,2026-02-22T03:30:00Z,1567743,15457,15,2026-02-26T03:07:42Z,22,People & Blogs,Shouko
GUKXpETrVbs,🎥  Una sicaria que no teme y jamas  perdona MALNACIDA - PELICULA COMPLETA español NARCOS 🎬,2026-02-17T22:00:06Z,820080,5811,313,2026-02-26T03:07:42Z,1,Film & Animation,OLA STUDIOS TV
tKiiw_JYn78,"ABATEN a ""EL MENCHO"": ESCOLTAS INTENTARON RESCATAR SU CUERPO, en TAPALPA, JALISCO.",2026-02-22T18:12:36Z,767790,10765,1840,2026-02-26T03:07:42Z,25,News & Politics,LAS NOTICIAS CON EL MEXA
5eWR0m1co6A,NUNCA TE CRUCES A UN PAYASO MEXICANO... ARGENTINOS MUEREN DE LA RISA! #shorts #humor,2026-02-22T01:00:13Z,1893312,17379,68,2026-02-26T03:07:42Z,24,Entertainment,Cachorro Free
0hSAwT7Ildw,I Secretly Worked As A Janitor,2026-02-21T18:15:01Z,1303548,80449,967,2026-02-26T03:07:42Z,24,Entertainment,Sambucha
A3_sk66S10Y,"Kash Patel Parties in Italy, SCOTUS Strikes Down Tariffs, Trump to Release UFO Files: A Closer Look",2026-02-24T02:00:18Z,1009416,32196,1720,2026-02-26T03:07:42Z,23,Comedy,Late Night with Seth Meyers
6PFvSeyZQPU,Quão rápido você precisaria correr para andar sobre a água?,2026-02-21T23:35:01Z,1586681,77985,768,2026-02-26T03:07:42Z,22,People & Blogs,Eskelletox
tbItrPsMdyE,🎵  PRIMEIRO OU ÚLTIMO? 🎵  * A Música dos Opostos! #shorts #educaçãoinfantil,2026-02-21T15:01:20Z,1796989,14198,0,2026-02-26T03:07:42Z,24,Entertainment,HORA DO MOSTARDA 
e77iGQh_T1Y,que chido voy a ser tío 🤑 #random #memes #humor,2026-02-21T21:00:15Z,2559985,73695,748,2026-02-26T03:07:42Z,23,Comedy,Tio Golden
D34Ly_0L1N4,A million #MilanoCortina2026 dreams are keeping us awake! ✨,2026-02-21T23:22:48Z,1546863,24652,183,2026-02-26T03:07:42Z,17,Sports,Olympics
p7XwXHTIPcA,Trading a NOOBINI to a DRAGON in 1 Hour in Steal a Brainrot..,2026-02-23T18:40:23Z,1141289,15592,1751,2026-02-26T03:07:42Z,20,Gaming,CaylusBlox
Lhd8TgKRJkk,He Thought It Was Just A Game He Was Wrong 😱🔥 #suspense,2026-02-20T17:00:40Z,5742491,200246,6023,2026-02-26T03:07:42Z,22,People & Blogs,Akai Scope
uXRD26hzFAA,Doey Plays Hide and Seek on the Farm! 🚜 #playtime | Wolf Joe | 파피플레이타임,2026-02-18T21:00:58Z,5079292,105208,369,2026-02-26T03:07:42Z,20,Gaming,Wolf Joe Toons
9dDRwBUSKo8,Minta bagi penggaris permen,2026-02-22T07:01:34Z,5030807,38235,13,2026-02-26T03:07:42Z,22,People & Blogs,Ardipetto
4emT0f-xc6k,Would you press the BUTTON to be a MILLIONAIRE High On Life 2 Easter egg?!  #easteregg #highonlife2,2026-02-20T20:54:48Z,2854270,89818,675,2026-02-26T03:07:42Z,20,Gaming,Captain Eggcellent But Shorter
52FDYR8aCx4,The Roaster Gets Roasted🤣Sudheer Echoes Sumanth Prabhas Only to Get Slammed by Rana!#shorts #funny,2026-02-20T01:32:00Z,3685767,0,37,2026-02-26T03:07:42Z,1,Film & Animation,HV entertaiments
iTthERDguMA,Cruella Sprayed Peper In His Eyes To Steal A Dalmatian !,2026-02-21T13:08:11Z,2924804,27187,49,2026-02-26T03:07:42Z,22,People & Blogs,AIHeroicStories
K2sDKLRGjEQ,La pequeña Nicole es puesta a prueba. #elasombrosomundodegumball #gumball,2026-02-20T15:00:30Z,3888729,214841,416,2026-02-26T03:07:42Z,22,People & Blogs,Diarios de Gumbal
FJ4xhbC6ue0,This lost Tesla key opened a random car… but HOW?! 🚗 #trendingshorts,2026-02-19T12:50:36Z,2967785,14567,4,2026-02-26T03:07:42Z,22,People & Blogs,Rizzexplain
k0buYMOZTT8,El secreto para proteger a la vaca es este imán 🐄😯,2026-02-21T16:00:54Z,2121539,0,3093,2026-02-26T03:07:42Z,24,Entertainment,REY HUB🦁
sp00DspoQzI,LOS BROS REACCIONAMOS A TIKBROS! #4 🎨,2026-02-17T18:10:00Z,1575949,50877,4659,2026-02-26T03:07:42Z,20,Gaming,ElAbrahaham
72lBf2ncrb4,"They Ruined His Skates, He Fed the Kitten Anyway 🥺🛼🐱",2026-02-18T00:02:31Z,2619476,63760,589,2026-02-26T03:07:42Z,1,Film & Animation,The GPT Stories
SCepyjf7_Po,FIZ A MASHA E O URSO DOS ELEMENTOS *Os Rosa gostaram ?,2026-02-17T21:06:42Z,1495251,42701,1414,2026-02-26T03:07:42Z,20,Gaming,Leozinn 077
hRh0BYiTz5Q,ENTENDIÓ lo que PASABA justo a TIEMPO 🫣🤣 #shorts #divertido #fail #humor #curiosidades,2026-02-21T00:01:13Z,2928233,52724,128,2026-02-26T03:07:42Z,24,Entertainment,AprendeYDivierTT
ZKVQbihnNXY,Aquel a quien menosprecias podría ser el héroe que necesitarás mañana,2026-02-21T12:00:54Z,2759005,84540,539,2026-02-26T03:07:42Z,2,Autos & Vehicles,Pablo Rafael
13YQNS5EStw,Popular Indian educator Khan Sir recently made a bold comment about the dowry,2026-02-22T06:30:01Z,8013111,54385,1736,2026-02-26T03:07:42Z,24,Entertainment,TrendVerse
YPOfYntrrcU,Your fingers are actually a clock,2026-02-20T18:33:58Z,2754264,111984,653,2026-02-26T03:07:42Z,28,Science & Technology,Mark Rober
DfaOswg-vCc,CAMBIO A MI NOVIA POR MI HIJA EN SAN VALENTÍN 😱💔,2026-02-18T00:11:58Z,1531814,30073,5395,2026-02-26T03:07:42Z,24,Entertainment,Mau McMahon
oc2SGpj_psg,집에 오자마자 깜짝 놀라 오열한 여성,2026-02-19T08:01:02Z,3054343,11587,160,2026-02-26T03:07:42Z,24,Entertainment,동동덕
iP1DrzuhtMk,"Ilia does a backflip just for fun at the Olympics Figure Skating Exhibition Gala, Milano Cortina🤯🫶",2026-02-22T04:36:42Z,2999076,73524,1213,2026-02-26T03:07:42Z,19,Travel & Events,"Lighttravelsfaster - Eileen Rhein, Esq."
2MVO99S7Bnk,NOS ATRAPA EL PAYASO en Roblox Scary Shawarma Kiosk con PaolazGames,2026-02-17T19:34:34Z,1508541,23323,2087,2026-02-26T03:07:42Z,20,Gaming,Lyna
dXqd3yrHVuA,His Hit Nearly Made Me Lose The Secret Block,2026-02-21T09:35:24Z,2704162,0,218,2026-02-26T03:07:42Z,20,Gaming,poggi
8BxYuNOY9EM,美容室でおじいさんを見下していた客,2026-02-20T10:00:00Z,3824716,101996,273,2026-02-26T03:07:42Z,22,People & Blogs,ネット旅行
Rk7AnJ7bIAc,ME RECHAZAN EN STEAL A BRAINROT  #roblox #robaunbrainrot,2026-02-20T23:18:42Z,3305676,71104,2423,2026-02-26T03:07:42Z,20,Gaming,SoyLugoBlox
EWN4iuNIPDg,O QUE MUDOU COM A CHEGADA DA OLÍVIA? 🤔,2026-02-21T21:15:18Z,2482695,108945,1854,2026-02-26T03:07:42Z,22,People & Blogs,Pai da Mia
bcUKXhh_htU,Asteroid learned a new trick 🤩,2026-02-20T14:41:41Z,3603741,25994,566,2026-02-26T03:07:42Z,15,Pets & Animals,Nathan Kessel
H7l0t5EYhvw,🤖 THE DAY THE ROBOTS DIED 🚨 (Bruce Willis Action Sci-Fi Breakdown),2026-02-18T09:11:50Z,2907886,15774,120,2026-02-26T03:07:42Z,1,Film & Animation,FilmFables
qJeLKg9WPaI,What a intresting game between them 😱❤️ @triggeredinsaan  #liveinsaan #shorts,2026-02-21T02:45:00Z,2981293,17516,37,2026-02-26T03:07:42Z,22,People & Blogs,Triggered Anaya 
ERrfh2cJbQo,He Built a Hidden Underground Tree Bunker… Then a Bear Showed Up 🐻🔥,2026-02-20T00:20:51Z,2704080,15339,36,2026-02-26T03:07:42Z,22,People & Blogs,Hidden Ground
bSQsDrmZL3g,Juntaron a un lobo domesticado con un pitbull #animals #perros,2026-02-19T21:14:40Z,3757047,43484,275,2026-02-26T03:07:42Z,15,Pets & Animals,Soy Fabuloso 
5ZCnsjeU_50,turning myself into a 90s desi bebot 🪩 || Tejasvi Rajput || #ytshorts,2026-02-20T14:13:25Z,2466169,73333,595,2026-02-26T03:07:42Z,22,People & Blogs,Tejasvi Rajput
jRqVPzasInY,Hari yang mantap hari pertama puasa #ytshorts,2026-02-19T08:03:51Z,3701847,14292,16,2026-02-26T03:07:42Z,22,People & Blogs,Ardipetto
iNzeT3KTT3k,Stokes Twins Por Qué Nunca Rechaces a Tanner😳,2026-02-21T07:09:15Z,4910700,52316,851,2026-02-26T03:07:42Z,24,Entertainment,Fan de los Twins
ifnQnbbe5Po,He put on a show during the timeout 😮‍💨 (via @MiamiHurricanesAllAccess),2026-02-21T00:45:42Z,3322500,58720,533,2026-02-26T03:07:42Z,17,Sports,Bleacher Report
IxMqQqLf12Q,"""Bruce Lee - One Kick. The Flame Never Stood A Chance.",2026-02-21T01:00:33Z,5042548,54439,726,2026-02-26T03:07:42Z,24,Entertainment,Isholives
4-RjudC5eu8,VIRAL 🐕‍🦺🤣 Firulais vs Therian. ¿A quién le vas?,2026-02-22T11:32:47Z,3369650,58315,2172,2026-02-26T03:07:42Z,10,Music,Barraganista
wrIX81cHmWg,You can literally make a knife out of anything,2026-02-19T05:54:50Z,3854191,44334,167,2026-02-26T03:07:42Z,20,Gaming,ATAUD
F5gj9GduVlk,He Climbed Into a Hanging Tree Cabin… Then Wolves Surrounded Him 🐺🌲,2026-02-19T20:19:15Z,2408523,19668,120,2026-02-26T03:07:42Z,22,People & Blogs,I Left the Noise
YmcpaBDSiMw,"the $100 rescue that stopped a $10,000 property loss #shorts",2026-02-20T23:23:07Z,3011238,104210,2460,2026-02-26T03:07:42Z,15,Pets & Animals,Fauna Archives
nf3I90iVnlo,The Babies Kept in a Mysterious Los Angeles Mansion,2026-02-19T21:39:16Z,2659313,100234,2689,2026-02-26T03:07:42Z,24,Entertainment,The New Yorker
qcSonhTHqUo,"This was a HUGE mess but so fun, let me know if you’re going to want the final result of both",2026-02-20T23:52:32Z,2021533,35685,1167,2026-02-26T03:07:42Z,22,People & Blogs,Kirra Lee
exMplWWAr94,Testing the Morality of AI Ambulance 🚑♖️,2026-02-20T08:45:29Z,3019555,57406,1360,2026-02-26T03:07:42Z,22,People & Blogs,Þolemod
NCxl7-ZSIwU,do NOT have a mime for a roommate,2026-02-19T19:18:26Z,2947172,163841,499,2026-02-26T03:07:42Z,23,Comedy,Cool Guyz Online
T0DV3pMHXhw,"Minecraft, But I Can't Touch Something That Starts With The Letter ""S""",2026-02-21T17:00:45Z,3082526,50530,884,2026-02-26T03:07:42Z,20,Gaming,iShoya Shorts
WhIJSY6CCSc,Cc cumples el 29 de febrero 🥴😂 uds conocen a alguien así #comedia #29defebrero #cumpleaños #humor,2026-02-20T10:52:24Z,2391473,53412,365,2026-02-26T03:07:42Z,22,People & Blogs,aum aim
PFgbxFAT5fI,Noob Vs Pro Vs Legend😱 In Steal A Brainrot Roblox!,2026-02-20T19:45:12Z,3173865,13076,163,2026-02-26T03:07:42Z,20,Gaming,ParthyBlox
_tBtqyisJ-M,Aiunii diciendole a mami qué hermoso está su vestido.  #artista #baby #funny #venezuela,2026-02-20T23:15:19Z,3916834,16934,70,2026-02-26T03:07:42Z,22,People & Blogs,Noti Wheelers
L-MLDKjJYIA,It was a nice one too! 😏 #ww2 #history #reenacting #shortsfeed,2026-02-19T17:52:14Z,2394300,69995,274,2026-02-26T03:07:42Z,24,Entertainment,Echoes Of The Past
fS7kGAnfN_Y,"Antes de morir, Eric Dane envió mensajes de despedida a las 3 personas más importantes de su vida.",2026-02-20T23:59:20Z,2597775,49217,338,2026-02-26T03:07:42Z,22,People & Blogs,Top Celebridades
iMh9qa5dC2Y,Daddy put on baby slipper and fixed in a second 🤣🤗🤪 #shorts #viralvideo #funnyshorts #trending,2026-02-20T13:26:00Z,3167718,0,0,2026-02-26T03:07:42Z,22,People & Blogs,Misti Happy Lifestyle Games & Shorts
SlIUCAL-A6o,It’s all in the bends and folds,2026-02-19T20:03:38Z,10883155,206423,1248,2026-02-26T03:07:42Z,27,Education,Author Ceramics Workshops
sVj4DdU9Eh8,GUESS THE NUMBER GAME🔥❤️ PT.4 SHE FINALLY WON #viral #couples,2026-02-19T20:01:18Z,10566593,323145,1549,2026-02-26T03:07:42Z,20,Gaming,Blaise 
7wM28u1Om5g,POV: Generating A New World From Nothing vs Emoji Reaction #shorts #meme #minecraft,2026-02-18T15:57:21Z,8090170,160008,413,2026-02-26T03:07:42Z,20,Gaming,Beeevids
hlbbugMNWLI,Black ceilings are the new thing! #alecpaints #diy,2026-02-21T17:59:55Z,10901525,245733,1563,2026-02-26T03:07:42Z,26,Howto & Style,Alecpaints
-7XZZOR08BA,🍎🔥💥Mercedes built the CLR GTR at $2.5M — only a few lucky drivers ever experienced its power,2026-02-21T14:00:00Z,9610287,0,0,2026-02-26T03:07:42Z,22,People & Blogs,Babu Bhaiya
dOjHsLoT1Es,He played a prank on his best friend.,2026-02-18T20:51:31Z,5763904,240839,844,2026-02-26T03:07:42Z,22,People & Blogs,9-1-1 house
81F04kA75dQ,She grabbed a Orange N64 for crazy cheap 🤘🤘🔥 #retrojakes #retrogaming #fyp #nintendo #videogames,2026-02-21T18:04:30Z,3481314,108277,2354,2026-02-26T03:07:42Z,22,People & Blogs,Retro Jakes
H5NGPOxLD1M,3 Bite Momo Challenge – Win ₹5000! #shorts #challenge #foodchallenge,2026-02-19T13:33:13Z,2354341,46542,122,2026-02-26T03:07:42Z,22,People & Blogs,The Challenger Pradip
YufjVbw_6Ok,ENFRENTÉ A MIS AMIGOS A VER QUIÉN ME CONOCE MÁS - DELFINES vs MAGENTAS,2026-02-17T18:46:49Z,1446010,37323,2208,2026-02-26T03:07:42Z,24,Entertainment,MARIANA
UEP3dtgueuo,só a criança mais educada pode vencer #ftv #filmes #cenasnarradas,2026-02-21T13:51:52Z,2472505,46667,442,2026-02-26T03:07:42Z,22,People & Blogs,DANIEL FLIXX 
kwZwZZ60hjc,A menina quer brincar de cozinhar com seus bichinhos 😲🐶,2026-02-21T19:15:02Z,4092347,18774,9,2026-02-26T03:07:42Z,24,Entertainment,Zord Facts
G2A0bS6s_Y4,A paralisia do sono vem assustando pessoas e já atingiu famosos como Maisa e Whindersson Nunes 😱💤,2026-02-21T15:30:08Z,6259518,19765,817,2026-02-26T03:07:42Z,22,People & Blogs,Fofoquei sem querer
vrXePfnr-jo,Su Hija Sorprendió a Toda la Carrera Cuando Hizo Esto…,2026-02-19T21:30:12Z,2781300,75206,312,2026-02-26T03:07:42Z,24,Entertainment,visuesp
azvq9Te1mog,A Mira pegou o vestido da Rumi,2026-02-20T20:03:59Z,2424836,142441,692,2026-02-26T03:07:42Z,24,Entertainment,Epic Toon
ipBFZMTXAZU,GTA 5 Spiderman create a new swimming pool #gta5 #gta #shorts #shortsfeed #spiderman #ironman,2026-02-20T01:30:42Z,3180231,0,3,2026-02-26T03:07:42Z,20,Gaming,Krrish 
bq_Q1wd91bs,MI BASE COMO YOUTUBER DE ESCAPA DEL TSUNAMI,2026-02-22T18:12:58Z,1922085,71721,5941,2026-02-26T03:07:42Z,20,Gaming,Ler0vYT
lOsFl2PojwA,Pastor denounces Trump & says being a Conservative DOES NOT make you a Christian!🙌 #trump #shorts,2026-02-19T18:07:05Z,2917324,66021,2606,2026-02-26T03:07:42Z,22,People & Blogs,Angelica's Clips
9SixYyJ7U-M,Girls when they have a pimple,2026-02-22T02:36:57Z,3239118,66705,2001,2026-02-26T03:07:42Z,22,People & Blogs,Nick Wilkins
tNrGEU7sNaI,FIZ um TAPETE pra um DOG TRABALHADOR ⛽️🐕,2026-02-21T12:36:22Z,2534465,88889,428,2026-02-26T03:07:42Z,22,People & Blogs,Igor Cafofo
eQLcO_9jJrQ,"The 60-Meter Pink Rabbit That Fell From the Sky: The Story of ""Hase"" 🐰⛰️ #history",2026-02-19T18:58:28Z,3374479,71197,626,2026-02-26T03:07:42Z,27,Education,True Fairytale
tFxeBSVPuJM,Si vas a ir de vacaciones a Cancún y quieres rentar un yate de lujo contáctanos 🔥🏝🛳 #cancun #yate,2026-02-20T12:22:44Z,3000921,58372,1713,2026-02-26T03:07:42Z,22,People & Blogs,Yatezzitos México
Q3AqyltQgic,Talking little tom is on duty a short story😂🌊,2026-02-21T23:30:09Z,4005452,0,5,2026-02-26T03:07:42Z,22,People & Blogs,A Message From God
IzqoyzBYUBk,Bacon boy have a crush on noodle girl…😭🥹| hear me now trend #robloxshorts #roblox #shorts #gaming,2026-02-20T13:00:37Z,3750358,32466,178,2026-02-26T03:07:42Z,20,Gaming,Liilacbubbles
6obb03UMijs,I got a legal letter from the wealthiest city in Minnesota about this youtube video,2026-02-19T23:25:37Z,2089478,50967,1004,2026-02-26T03:07:42Z,24,Entertainment,Chris the Producer
nWHe86SsxMg,What If 007n7 Turned Into a Baby? 🤔 | Roblox Animation #forsaken #funny #memes #shorts,2026-02-20T02:18:59Z,2798310,62289,625,2026-02-26T03:07:42Z,22,People & Blogs,Cupyx
efqBHqg30GI,Así se impresiona a un jefe,2026-02-20T20:32:56Z,2595594,27407,28,2026-02-26T03:07:42Z,27,Education,Mr Por Pepe
eo6efWn1F6I,Танец Легонг: карьера до 13 лет 😳,2026-02-21T14:01:02Z,3286693,43478,303,2026-02-26T03:07:42Z,28,Science & Technology,Мозговзрыв
IGQfdeUR1co,The Deadly Force Behind a Dock Line: What You Don’t See #funfacts #funknowledge #sciencefacts,2026-02-18T00:24:54Z,2567349,31928,119,2026-02-26T03:07:42Z,22,People & Blogs,Jordan Goldman
t2b6hUIeYk8,They Laughed at Her Old Bike... She Built a Supercar From Palm Leaves 😱🔥 #shorts #ai,2026-02-18T12:40:01Z,2253297,47999,52,2026-02-26T03:07:42Z,24,Entertainment,ShivuToons animation
tdaB4XKO3EI,A Hero For This...,2026-02-20T03:30:57Z,2130332,149452,11800,2026-02-26T03:07:42Z,25,News & Politics,Trish Regan
TiZXMGdqL18,😰 This was not a swing but a net in which all the children were trapped!,2026-02-20T12:30:42Z,2425067,11701,8,2026-02-26T03:07:42Z,24,Entertainment,Dramisa 
nmKTn8mRV_w,Someone poked me in the butt.😂🤣daily life of a couple  #funny  #couple,2026-02-19T14:01:23Z,3147306,7503,19,2026-02-26T03:07:42Z,23,Comedy,Mon Family
wtY0jdGIuiA,This Ship Chain Is Heavier Than a Car? 😱 | 1 Link = 3 Tons! #shorts #ocean,2026-02-19T14:57:36Z,2507802,50223,257,2026-02-26T03:07:42Z,24,Entertainment,GyaanXplain
Z3ipjFsG3hA,Lol haha! Trump Makes FUN Of Army Of China! The Pool Statement #shorts,2026-02-22T14:30:20Z,2853545,183258,1456,2026-02-26T03:07:42Z,27,Education,FactTechz
rikzxkCE3R8,Healthy ah irukkanum. Tasty ah irukkanum. Aathi anna always finds a way for every amma out there ❤️,2026-02-20T13:51:03Z,2848509,96374,242,2026-02-26T03:07:42Z,26,Howto & Style,Cookd
AeL5TeXddF4,COMENTA A QUÉ CIUDAD VAS A VER A AITANA 😍​🤣​,2026-02-19T09:00:14Z,3413760,10642,388,2026-02-26T03:07:42Z,22,People & Blogs,Club de Fans Aitana
x6ZskQ9fcTc,The Soldier Who Adopted a Girl,2026-02-20T16:01:30Z,2624081,66066,348,2026-02-26T03:07:42Z,22,People & Blogs,Rennrat
GIv4Z8bS_E4,Hubby is such a CHEATER!!  😡 #mcdonalds #fastfood #foodchallege #coupleschallenge #couple,2026-02-21T21:31:26Z,2611123,50849,806,2026-02-26T03:07:42Z,24,Entertainment,KristinAndJamil
7-V7mjlwpQw,NUNCA ENTRES DENTRO DEL BRAINROT 67 COMPLETO (ROBLOX),2026-02-17T21:15:01Z,1228730,34115,900,2026-02-26T03:07:42Z,20,Gaming,Chuy Mine
usmgfcu1Amk,Construction field | Grizzy & the lemmings | 30' Compilation | 🐻🐹 Cartoon for Kids,2026-02-20T11:01:45Z,1372545,5030,0,2026-02-26T03:07:42Z,1,Film & Animation,Grizzy & les Lemmings
R4sm6c312fc,WHO SHOULD LIVE IN A CAGE?😂,2026-02-20T02:13:00Z,2970893,0,28,2026-02-26T03:07:42Z,22,People & Blogs,JULI_PROETO
QFGQAJyDe1A,NO APUNTE EL LÁSER A UNA ARAÑA CON CRÍAS,2026-02-21T19:31:22Z,1949886,100433,134,2026-02-26T03:07:42Z,24,Entertainment,iTeczio
OcDib27Mg1c,Building a cozy shelter inside a massive forest log #survival #diy #forest,2026-02-21T19:53:59Z,2913559,70236,971,2026-02-26T03:07:42Z,22,People & Blogs,Inspiring Ideas
_RX3N0MLSYU,Fábio pagou a bola de basquete atoa kkk #meme #comedia #engraçado #humor #risos #casal,2026-02-21T21:10:00Z,2695879,52882,227,2026-02-26T03:07:42Z,22,People & Blogs,A ruiva da roça / Fabio Castro
HyvTUOp_2Jk,Battle of the Bulge (1965) | Explosive trap turns the tide for the Allies 💥🔥🚛,2026-02-20T09:10:23Z,2514588,13336,99,2026-02-26T03:07:42Z,24,Entertainment,02 Nguyen
dCLuJjPF5Io,A Horse Sat Calmly During His Prayer 🐎🤍✨#shorts #youtubeshorts #islamicvideo #foryou,2026-02-18T04:30:00Z,4141756,56262,231,2026-02-26T03:07:42Z,27,Education,Haider Shorts 
KfD_EULI-FM,Based on a True Story,2026-02-20T14:37:28Z,2395837,57468,1363,2026-02-26T03:07:42Z,22,People & Blogs,kkokkoramen
t3v5kfcFYvI,Tyrants who had a Tragic Past 🦖,2026-02-21T20:56:44Z,2270243,75662,844,2026-02-26T03:07:42Z,24,Entertainment,Farzan Films
N8wNOv43gc0,"Give a snake a crown, it’s still a snake. #fakefriends #motivationalvideo #bestquotes #storytelling",2026-02-20T12:52:56Z,2592562,40337,188,2026-02-26T03:07:42Z,20,Gaming,Ayush Jilewa
jj9N0pF9q7Y,I Built a Secret Underwater Container Room ✨,2026-02-24T00:15:04Z,20243513,170917,281,2026-02-26T03:07:42Z,24,Entertainment,Home Magic
o4o48HzJAbE,Is He The King Of Giant Snacks? 👑🤔🍿,2026-02-19T19:00:51Z,18652815,0,1590,2026-02-26T03:07:42Z,22,People & Blogs,STARTYSON
O90LnfGibJU,She cooks with a tennis racket.. #shorts #shortsfeed #youtubeshorts #cringe #lifehack #comedy #funny,2026-02-20T19:39:58Z,17544037,405085,9325,2026-02-26T03:07:42Z,22,People & Blogs,LouisAyy
GmAYooOx27s,A surprise gift for Tani #funny #scaryteacher3d,2026-02-21T12:00:33Z,19604934,95665,33,2026-02-26T03:07:42Z,1,Film & Animation,Brainrot Family
mb_ZpMEHSDs,¿Cual puede mover a RUMI? 😱😅,2026-02-20T21:20:21Z,12882448,463060,1289,2026-02-26T03:07:42Z,24,Entertainment,Leo Show 
59y_NOPOvR0,She attempts to do a handstand for 100 seconds!,2026-02-18T16:12:21Z,14261240,471963,1805,2026-02-26T03:07:42Z,10,Music,Saif Shawaf
IL2Empf--M8,This PREGNANT WOMAN Built a ROCK FOREST ROOM With a PANORAMIC GLASS FLOOR OVER A RIVER,2026-02-22T10:16:28Z,16912104,158684,106,2026-02-26T03:07:42Z,22,People & Blogs,Wild Digs
lqDc5ZmIq-o,Do you have a backup? | Bullet Train | MATADORA (Super Slowed),2026-02-19T16:16:53Z,11479754,240361,1163,2026-02-26T03:07:42Z,22,People & Blogs,Zeroone
mj9p90JRZTQ,As a KID vs As an ADULT,2026-02-23T12:01:15Z,14276674,161137,913,2026-02-26T03:07:42Z,24,Entertainment,MiniMoochi
_iX-pUnfMO4,Never Climb a Tree from a Tiger | #facts #animal,2026-02-23T13:55:05Z,16183707,186123,193,2026-02-26T03:07:42Z,27,Education,FactRound_My
nDCkMoO716c,Erling & Neymar made a fake pool 😤😰,2026-02-22T01:01:02Z,9183667,234836,809,2026-02-26T03:07:42Z,22,People & Blogs,MOMIN BRO 900K
Vh725A2oBYA,Beggar Was Actually a Millionaire ~ Vihan and Kiara Love Story #love #lovestory,2026-02-19T00:30:26Z,10525252,0,221,2026-02-26T03:07:42Z,24,Entertainment,Facto Hoshiyar
n99FImR2KvE,Building a secret Underground Luxury Cabin Hidden in a Mud Hill,2026-02-20T13:31:01Z,10314012,82789,211,2026-02-26T03:07:42Z,22,People & Blogs,ASMAR Houses 
NRgyrz7ctZ8,Tabla bajaoBuilt the CLR GTR at $2.5 🏡M only a few lucky drivers experienced power 😅🍓#reelschallenge,2026-02-21T12:30:35Z,13586868,0,6,2026-02-26T03:07:42Z,24,Entertainment,Atika Our Moni
EyX99ii476g,A Gift of Light from Tiny Friends 💫,2026-02-20T10:00:32Z,9089223,128782,0,2026-02-26T03:07:42Z,15,Pets & Animals,もこまるファミリー【赤ちゃんと猫2匹との暮らし】
KaUuPNYHFNg,I Built a School in Mexico,2026-02-22T17:00:00Z,9190182,420696,8563,2026-02-26T03:07:42Z,24,Entertainment,MrBeast
So0l0-IBi8s,Ronaldo took a heart shaped photo in the sand! #ronaldo #cosplay,2026-02-22T20:00:20Z,12416376,42273,67,2026-02-26T03:07:42Z,24,Entertainment,HOPPER
FwslooI6PHU,Bu guru nemuin penyimpanan hp rahasia di kelas,2026-02-22T10:24:06Z,9754134,60080,92,2026-02-26T03:07:42Z,22,People & Blogs,YogaS
CPhYswFKPgM,Se salvó de algo terrible gracias a su hermanita,2026-02-22T18:44:11Z,9299856,98422,172,2026-02-26T03:07:42Z,22,People & Blogs,Jesus Sulbaran
uboJNeP0iOg,He Tried to Be a Hero… and Fell in the Lake,2026-02-23T15:20:38Z,7770278,0,11,2026-02-26T03:07:42Z,24,Entertainment,CurioVerse
n9u0TrBbspQ,Choose a pair of sandals 🥰🧦🦶🏻 Leather foot slippers 🥰🦶🏼🥰 #love #viralvideoshorts #trendingshorts,2026-02-21T07:43:35Z,11416790,39171,11,2026-02-26T03:07:42Z,24,Entertainment,BaBa Toys
TOHy45TrwbY,Eagle Saves a Mystery Egg from a Kangaroo #halo #eagle #eggs #crow #kangaroo #cbum,2026-02-22T12:32:39Z,8092063,105139,53,2026-02-26T03:07:42Z,22,People & Blogs,MrMonkeyBoy
67FAkfetUU8,Never Underestimate the Quiet One 👇,2026-02-22T13:02:51Z,9416014,272741,2303,2026-02-26T03:07:42Z,24,Entertainment,mdscae
5aOP2kQJ9ts,Las idols les dan regalos a las minis #comedy,2026-02-22T02:11:06Z,8780693,92521,3417,2026-02-26T03:07:42Z,23,Comedy,Señorita Influencer
lj29icrsBew,How The Piltdown Man Fooled Scientists 😮,2026-02-22T21:00:43Z,7316378,279211,2923,2026-02-26T03:07:42Z,19,Travel & Events,Zack D. Films
gxY8bi5shSk,Even though Nawaz is a senior actor but still went and greeted them with so much humbleness #viral,2026-02-23T04:24:20Z,10317176,111715,398,2026-02-26T03:07:42Z,10,Music,Saurav Thakur
LywI1eDq09o,The Power of a Father’s Love || Vlogs❤️,2026-02-20T03:26:01Z,6422399,0,355,2026-02-26T03:07:42Z,22,People & Blogs,FactsBanglaFacts
M_ynbAQAR0M,Introducing the VitaWear SmartBand a next-generation wearable gadgetb #kareenakapoorkhan,2026-02-20T06:12:37Z,9399628,41838,49,2026-02-26T03:07:42Z,24,Entertainment,Bebo Rani 
dxX6d9vujwY,Mercedes Built the CLR GTR at $2.5 🏡M only a few lucky drivers experienced power🍓😅#reelschallenge,2026-02-23T13:23:16Z,7612779,54748,14,2026-02-26T03:07:42Z,22,People & Blogs,Abdul Wahid2m
nc1n9y-MOlY,Peacock Saves a Mystery Egg from a Elephant #halo #peacock #eggs #elephant #parrot #cbum,2026-02-23T13:05:04Z,7434625,102032,56,2026-02-26T03:07:42Z,22,People & Blogs,MrMonkeyBoy
KSRvGauojWQ,He Brought Milk for His Princess… But She Won with a Clever Watermelon Trick,2026-02-22T11:46:21Z,9451073,0,23,2026-02-26T03:07:42Z,24,Entertainment,Happy L story 
qKA4iWWXhkI,Why is everyone curious about this? 🤔❓The movie title is at the end.#Shorts#movie,2026-02-22T06:56:17Z,6602687,215115,3561,2026-02-26T03:07:42Z,24,Entertainment,Atlas4074
LxIXNj0_DLU,The Leopard That Ate Over 100 People 😨,2026-02-22T13:30:19Z,7148941,351131,2725,2026-02-26T03:07:42Z,19,Travel & Events,Zack D. Films
GMbjf6eL_Q0,#movie The Final Stand: Machine Gun Fury Meets a Knife in Eddington's Brutal Climax,2026-02-22T11:10:18Z,6963023,70170,766,2026-02-26T03:07:42Z,1,Film & Animation,Cindy
VJ1SPVL65Ig,"They Different Down Here, I seen a police car on swangaz Sunday #houston #cars  #amp #explore",2026-02-19T17:30:33Z,6626204,271479,10207,2026-02-26T03:07:42Z,10,Music,Always Make Profit Music Group
UCyup_8ZQyY,Adiós APAGA la VELA 🥀 #mrrelevante #momentostristes #culturapop,2026-02-21T18:08:14Z,6522512,168147,7624,2026-02-26T03:07:42Z,1,Film & Animation,MrRelevante
b1YaSFTriNw,Transforming a Homeless Shelter into a Luxury Tiny Home!,2026-02-22T17:01:01Z,8531241,111369,187,2026-02-26T03:07:42Z,22,People & Blogs,HyperBuild Timelapse
c-fAWEopkpw,A Mahadev Idol Was Found in the Trash And a Miracle Happened #harharmahadev #god#lesson#shorts,2026-02-22T15:42:32Z,6324213,0,482,2026-02-26T03:07:42Z,1,Film & Animation,IshTatva
80L5wifc7PA,Ranking the most impressive sounds ever.,2026-02-20T10:16:57Z,7327188,164928,363,2026-02-26T03:07:42Z,22,People & Blogs,MrStan
5_mxKXbMm9g,The wife nobody expected..! (Cr: @berniezx10alderman /IG)  #bikerlife #shorts #fyp #ragebait,2026-02-21T20:24:51Z,6581197,0,7676,2026-02-26T03:07:42Z,22,People & Blogs,Pengo - بينقو
ovlGl71WfIE,Naruto changed his way of disposing of trash after encountering a kitten#shorts #naruto,2026-02-22T13:21:58Z,7280068,62498,187,2026-02-26T03:07:42Z,24,Entertainment,Naruto AI
teY6kciRYVQ,Is that a girl or a boy looking in the background?後ろで見てるのは女の子？男の子？ #cosplay #zootopia2 #zootopia,2026-02-22T10:39:13Z,9170608,36519,556,2026-02-26T03:07:42Z,24,Entertainment,だんくんTV
EPFVwLN4iYE,¿Cómo detectar a un policía falso? REAL vs FAKE,2026-02-23T21:00:15Z,5731789,253901,814,2026-02-26T03:07:42Z,27,Education,Ley De Mike
R-gvenWlR4s,How A Salon Hair Wash Can Lead To A Stroke 😨,2026-02-24T13:30:30Z,5845216,216292,3076,2026-02-26T03:07:42Z,19,Travel & Events,Zack D. Films
WtjFoNqef5Y,Grandma Built a Dream Bamboo House After the Hut Collapsed 🏠 | 📖 Mini Wood Toys | #ai #craft #love,2026-02-20T06:30:31Z,4884896,0,70,2026-02-26T03:07:42Z,24,Entertainment,Timeless Wooden Art
lrdMvR5kewg,ヤンキーに絡まれた⁉︎#サッカー,2026-02-22T09:00:56Z,6099030,115283,673,2026-02-26T03:07:42Z,17,Sports,アシフットボール-葦フットボール
XtZQfbGY0ZI,Your Hot Neighbor asks you for a Favor,2026-02-21T13:01:02Z,5043600,245904,715,2026-02-26T03:07:42Z,1,Film & Animation,Plan3
DeQuZ9iWlSU,This Is How You “Reprogram” a Bee Colony 👑,2026-02-21T08:00:15Z,5616690,91918,269,2026-02-26T03:07:42Z,28,Science & Technology,COSMIC PITH
7DQNDpGPL1s,Le robé a mi amigo 😬 #shorts,2026-02-22T20:14:32Z,4552790,203361,1426,2026-02-26T03:07:42Z,23,Comedy,Jexs
kIHVD27R-10,La Triste Historia de un RECHAZADO 🥀 #mrrelevante #momentostristes #culturapop,2026-02-22T17:08:53Z,5227507,144102,4210,2026-02-26T03:07:42Z,1,Film & Animation,MrRelevante
Lu9JNtEq4_0,Adopted by a Lion 🦁❤️,2026-02-18T21:30:05Z,14384155,151894,1139,2026-02-26T03:07:42Z,22,People & Blogs,BravePaws
b-D5HIhiqx8,Monkey’s Mud Bike MELTS in Rain… Then He Builds a Desert Plane to Save Everyone! 😱✈️,2026-02-21T13:00:57Z,15823689,99267,9,2026-02-26T03:07:42Z,24,Entertainment,Storive Studios
lznB-3TdTww,El Creador Spawneó Lucky Blocks Divinos ⚜️🔥,2026-02-20T10:01:14Z,10616730,442974,572,2026-02-26T03:07:42Z,20,Gaming,Hackean2
tsO4rvrppfA,Make a lot of Sooji papad in water 😅 #shortsfeed #viral #cookingvlog #soojipapad #holi,2026-02-20T15:35:53Z,9482086,114689,193,2026-02-26T03:07:42Z,26,Howto & Style,Sweety's Kitchen
SRDwc6iYqRg,TEMPLO de la FORTUNA es la SUERTE de UNA PERSONA 🤫🤣 #shorts #curiosidades #china #humor #divertido,2026-02-22T20:01:01Z,10328674,137615,334,2026-02-26T03:07:42Z,24,Entertainment,AprendeYDivierTT
tPjnC9D0Qq0,"""एक बहन, एक धोखा… और भाई का गुस्सा!""🫡.#shorts",2026-02-19T13:43:59Z,4651176,127724,808,2026-02-26T03:07:42Z,1,Film & Animation,TANNU EXPLAIN 
uhw20gpbtsA,Esta Chica Me Va A Volver Loco Con Las Bebidas 😂😱,2026-02-23T17:01:25Z,6107517,86665,93,2026-02-26T03:07:42Z,22,People & Blogs,YoSoyCactus
e3s-LOXx-sI,Meeting the Special Guest at Lily Lovebraids Tea Party 👀,2026-02-19T21:22:32Z,4355781,142748,3783,2026-02-26T03:07:42Z,20,Gaming,Tasty Husbands
QwCwDe8jaO0,Цепь на карьерном самосвале #факты #технологии,2026-02-22T14:05:02Z,5762693,29374,184,2026-02-26T03:07:42Z,22,People & Blogs,Kozy Mozy Production
zElBQhOlKPg,A “skin tag” may not be a skin tag 👀,2026-02-20T12:40:42Z,7062632,20756,218,2026-02-26T03:07:42Z,22,People & Blogs,dr.lindaxing
fvyfpaXpxts,Grey's Anatomy (2005) | A Bomb Inside the Patient 😱💣🏥,2026-02-20T09:10:15Z,6265222,293082,1395,2026-02-26T03:07:42Z,1,Film & Animation,Ronan Steele
1EL2wx7H5Qk,Asi castigan a los JUGUETES MALOS.... #drsackgaming #parati #horror #feedshorts #poppyplaytime,2026-02-19T22:38:34Z,5328654,56477,602,2026-02-26T03:07:42Z,24,Entertainment,Dr. Sack Gaming
vOhKkNr0Lq8,Hiding as a BLACKSMITH Structure!,2026-02-22T14:48:09Z,4533932,174440,1000,2026-02-26T03:07:42Z,20,Gaming,CoffeeFuelledGenius
e1rXoz2Du1I,Jesus vs. Satanás: Apenas 1% dos que amam a Deus verão este vídeo de bênção😂 ✅✝️↔️❌👹 #Deus #Jesus✨🔔,2026-02-22T14:00:55Z,4362948,0,661,2026-02-26T03:07:42Z,22,People & Blogs,God's Message Today 0.2
RwO6hLVM6oA,Ranking Best I'm Just A Baby Trend Part 1 #shortsviral,2026-02-19T23:00:49Z,4556333,67611,112,2026-02-26T03:07:42Z,24,Entertainment,Homie Rank
FA4tBhTrO3U,Broguin drowned in the ice water PART 11  #roblox,2026-02-22T11:16:23Z,3926744,97908,1440,2026-02-26T03:07:42Z,20,Gaming,CocoLocoWyd
zf6jQ2otnDE,Sorprendi a mi mamá ❤️😱 #shorts #video #youtubeshorts #comedy,2026-02-19T02:37:25Z,6347987,44604,1613,2026-02-26T03:07:42Z,24,Entertainment,Soy Marie Oficial 
GZGEBxEvj_Y,It was such a vibe 🤣🤣🤣 #trending #comedy #funny #viralvideo,2026-02-20T21:43:34Z,7354295,24179,124,2026-02-26T03:07:42Z,10,Music,THE ROCK OF AFRICA
1qmemqVffI0,“The ending is really hilarious🎀🤣💯 #shortsfeed,2026-02-21T07:18:49Z,5063667,0,139,2026-02-26T03:07:42Z,24,Entertainment,editsbyRS
f48ev3b2wYs,From Printing X-Rays to… ? A Heartwarming Job Hunt,2026-02-22T14:00:53Z,5496082,222411,460,2026-02-26T03:07:42Z,22,People & Blogs,Cathy Bechtelar
IPR1SVN9Y3U,The clown overthought it.#joker #shorts,2026-02-20T12:00:24Z,4403935,30877,82,2026-02-26T03:07:42Z,22,People & Blogs,Untitled Joker
uB92_9V65Po,He Made a Secret Drawer… And No One Expected This! 😱,2026-02-23T06:29:59Z,4415407,0,34,2026-02-26T03:07:42Z,24,Entertainment,Dastan
ZFsrw_7FjoM,I built a hidden luxury storm bunker under a U.S. backyard,2026-02-20T14:12:58Z,6724742,59681,1331,2026-02-26T03:07:42Z,26,Howto & Style,Build Rescue Lab
iHaiYFi0kE0,The PROTOTYPE'S True Identity In Poppy Playtime Is HEARTBREAKING 🤡#shorts,2026-02-21T13:01:13Z,3915604,120716,874,2026-02-26T03:07:42Z,20,Gaming,Reapz
ck97ejftbJE,She Found A 1500 Year Old Sword In A Lake 😮,2026-02-22T20:00:21Z,20765499,847472,4511,2026-02-26T03:07:42Z,19,Travel & Events,Zack D. Films
UrA4Z7P5qgI,Paso a paso del Operativo que culminó con la muerte de “El Mencho”: Defensa - Estrictamente Personal,2026-02-23T14:42:03Z,1605552,11890,1892,2026-02-26T03:07:42Z,25,News & Politics,NMás
iwhgeBAx3gQ,"SCORE A PENALTY, WIN $1,000: LEGENDS EDITION",2026-02-23T17:01:06Z,1790164,51841,1371,2026-02-26T03:07:42Z,17,Sports,KSI
NbRn5mML32Q,Falling asleep on a flight takes me forever.,2026-02-21T19:11:21Z,8714112,26862,379,2026-02-26T03:07:42Z,22,People & Blogs,Anya Matusevich
#NAME?,Mamá le dio agua a Sonu 😱🤣,2026-02-20T15:55:00Z,4027972,40331,21,2026-02-26T03:07:42Z,22,People & Blogs,EpicCorto
a7jMtiTVuu8,Bar Brawl MASTERCLASS! Casey Bowman Wrecks 8 Thugs With a BEER! | Ninja#short #movie,2026-02-20T14:49:52Z,4563327,40495,243,2026-02-26T03:07:42Z,1,Film & Animation,Bella4
4Z8sYYw5tio,Ini Solusi Cerdas atau Sedang Menghindari Hidup Sendiri?,2026-02-19T10:00:09Z,4855614,59164,556,2026-02-26T03:07:42Z,22,People & Blogs,Aku Lewat
GGqywGnFzvk,😡 PROFESSORA EMILY EXPULSOU A AMY ROSE DA ESCOLA(TADINHA!😭😭),2026-02-21T14:25:08Z,4026077,89226,292,2026-02-26T03:07:42Z,22,People & Blogs,ninezinHISTORiaIA
qQqysj7Kwzo,"Todo pai teme esse dia, mas a filha deu a notícia… #humor",2026-02-21T00:08:04Z,5131567,75564,1204,2026-02-26T03:07:42Z,22,People & Blogs,Victao Edits
v3Usydj1RiM,POV: Escaping a Bear Into a Hidden Bunker,2026-02-22T23:30:18Z,4086450,29873,85,2026-02-26T03:07:42Z,22,People & Blogs,Mythic Shelter
LCLA2-GdYNo,What a big motorcycle brother,2026-02-22T12:16:59Z,5461156,20831,16,2026-02-26T03:07:42Z,24,Entertainment,FunVillage41
99py5WSQOu8,ade jadi anak sketboard😅🤣🤣🤣 #trandingshorts,2026-02-18T21:03:54Z,4904779,22747,172,2026-02-26T03:07:42Z,24,Entertainment,ade & kk
GaFRr7QHkEI,“When Dad Pretends to Feed a Panda Just to Make His Daughter Eat!” 🐼😂,2026-02-22T15:52:30Z,4047207,0,12,2026-02-26T03:07:42Z,24,Entertainment,Cr Fact
0o5GlC_SlC4,Güvenlik ile motorcunun medeni konuşması 🙄,2026-02-20T16:00:02Z,3911956,85470,1006,2026-02-26T03:07:42Z,24,Entertainment,Zeytinsen
JbJBSpJdynw,Por Qué Disparan Flechas A Novia😨,2026-02-22T19:00:26Z,4112158,39046,48,2026-02-26T03:07:42Z,22,People & Blogs,Numbat Shortz
Giq7Vs34WGo,"Introducing the ""VitalWear SmartBand,"" a next-generation wearable gadget",2026-02-20T10:19:57Z,4695400,0,55,2026-02-26T03:07:42Z,24,Entertainment,Mr fun facts
neHgy5GwTjY,This Parrot Just Wanted to Be a Mom 🦜💛,2026-02-24T03:13:53Z,3566324,72608,656,2026-02-26T03:07:42Z,22,People & Blogs,Infi's Diary
VyY5FowPEPQ,TANKER REACT We Took a Heart Sand Photo! #kpopdemonhunters #huntrix #kpop #cosplay,2026-02-21T17:00:49Z,5669748,17572,11,2026-02-26T03:07:42Z,22,People & Blogs,TANKER
zQh4dFPrekQ,Sonic destroy Eggman car 💀😱 | Sonic the hedgehog | #sonic #edit #shorts #animation,2026-02-22T22:00:51Z,4597771,29175,157,2026-02-26T03:07:42Z,24,Entertainment,Ranedits
NksOjUslxOg,#movie In this gripping deep dive into the 2007 thriller The Brave One,2026-02-19T12:21:23Z,3848295,78778,559,2026-02-26T03:07:42Z,29,Nonprofits & Activism,American Premiere
QF--WodKE3w,Terra Formars (2016) | Serum Injection Begins – Humanity Evolves to Face the Roach Army 🧬,2026-02-23T11:18:36Z,3662403,40309,123,2026-02-26T03:07:42Z,1,Film & Animation,Beenle
KgeJnAwS-zQ,POV: you’re doing soundcheck…and a 10 year old DJ takes your job🔥.  #darbuka #rodolphemanoukian #dj,2026-02-18T20:03:07Z,3672901,71393,399,2026-02-26T03:07:42Z,22,People & Blogs,Rodolphe Manoukian
NMezK_S0sEs,Ibu ayam diperban? Anak ayam panik cari biangkeroknya🤣❕,2026-02-20T11:31:25Z,4308305,18440,5,2026-02-26T03:07:42Z,24,Entertainment,Nara_Dewi
bFQgOLnTbPU,How modern parents raise a child,2026-02-21T23:00:51Z,2894204,57131,190,2026-02-26T03:07:42Z,24,Entertainment,Loren Stories
GAO3-M6CoTE,Pagal Mercedes Built the CLR GTR at $2.5 M only a few lucky drivers experienced power#reelschallenge,2026-02-24T01:00:16Z,5425028,16230,3,2026-02-26T03:07:42Z,24,Entertainment,BILU BEASTX
paI9ekf8fwY,How to Turn a $20M Ask Into a $70M Deal  #bigbang #lol #comedy #thebigbangtheory  #shorts,2026-02-20T16:22:48Z,4307436,87809,358,2026-02-26T03:07:42Z,20,Gaming,Tasmia Gaming
7tRilROVq28,Estos perros hicieron lo imposible por volver a casa,2026-02-21T17:25:00Z,3120634,56550,75,2026-02-26T03:07:42Z,22,People & Blogs,Archivo Curioso
4Rcr9H7qr7k,The Ultimate Laugh Challenge: Top Funny Clips! 😂 #boomnationtv #funny #comedy #memes,2026-02-19T15:00:14Z,3759916,0,824,2026-02-26T03:07:42Z,23,Comedy,Boom nation tv
vv_FnKy3p2Q,I dived 50ft to save my dog from a sinking car... 🌉😱 #rescue,2026-02-21T21:09:35Z,4931238,67079,262,2026-02-26T03:07:42Z,24,Entertainment,ZooPhenomena
U_dTVwsLxWw,Her First Time as a Mom 🥹🐾,2026-02-21T12:30:42Z,3633332,61959,140,2026-02-26T03:07:42Z,24,Entertainment,L Facts
CsTjkRi3tQg,Leozinn 077💡Reclamou Do Patinete Para a Vovó!😱,2026-02-22T17:30:03Z,3030644,52321,51,2026-02-26T03:07:42Z,24,Entertainment,Timer Quiz
EZRLTkv-TWs,подписки и разбитое сердце,2026-02-22T11:00:00Z,3279525,93432,593,2026-02-26T03:07:42Z,22,People & Blogs,ПОСЛЕДНЯЯ ИЗВИЛИНА
InSvvMGZqUw,The truth of a Corvette spare tire,2026-02-23T18:15:52Z,4087394,80333,1107,2026-02-26T03:07:42Z,2,Autos & Vehicles,Exotic Rubber
SjqzpgH9LVs,He does miracles A🤪🤔🌟#amen#prayer #shorts#deus #jesus #bible,2026-02-21T08:40:47Z,4042813,15421,6,2026-02-26T03:07:42Z,24,Entertainment,OG•Madhuxzy
yFkQRcwBbtQ,Dedektif Cücük Otelde 🔎🫆🕵️‍♀️,2026-02-22T12:11:04Z,3909415,20855,93,2026-02-26T03:07:42Z,22,People & Blogs,Selin Nila
dKPPI-CfX3Y,📍Adele stops her concert to help a fan pull off the ultimate surprise proposal 💍,2026-02-18T19:41:30Z,2793562,166641,1246,2026-02-26T03:07:42Z,10,Music,Billboard Nigeria
5Acm8oqS80s,Atropel*do por um Trem,2026-02-23T22:53:54Z,3418559,166271,1459,2026-02-26T03:07:42Z,27,Education,"Investiga, Pinhel! "
sFbs_8T85zU,"Awalnya Zonk, Jebakan Kedua Berisi Ikan Mirip Buaya dan Koi!",2026-02-23T09:01:13Z,3273385,29593,55,2026-02-26T03:07:42Z,15,Pets & Animals,Uj Official 
#NAME?,A disabled duckling helps his cat friend #DuckRescue #CuteAnimal #AnimalRescue,2026-02-21T15:13:54Z,3807980,10838,14,2026-02-26T03:07:42Z,24,Entertainment,Vikashnisha kushwaha official
aHB3IebUpoY,Spiderman and Hulk play a prank on Hulkbuster 🤣 🤣 🤣,2026-02-21T13:00:00Z,3614303,22377,13,2026-02-26T03:07:42Z,22,People & Blogs,SpideyFat
tJJ6PQLUTc0,how to make a youtube thumbnail!,2026-02-22T19:15:03Z,4057432,94795,812,2026-02-26T03:07:42Z,24,Entertainment,Shumby
90rgeXm6JGM,"Essa criança tomou a decisão certa, mas o professor foi mais esperto 😂 #shorts",2026-02-21T16:30:06Z,3829750,43386,68,2026-02-26T03:07:42Z,24,Entertainment,Doutor Shorts
25G0CIlTwPg,What my Vietnamese family eats in a day,2026-02-22T12:21:03Z,3189345,151031,1516,2026-02-26T03:07:42Z,22,People & Blogs,Uyen Ninh
s7JQsdF60x8,He’s a Legend 😤,2026-02-22T12:01:21Z,2982903,105552,3502,2026-02-26T03:07:42Z,23,Comedy,Onevilage
iLB3Dc3YeRw,Kasihan Uangnya Ikut Hangus,2026-02-21T12:43:52Z,3379625,0,479,2026-02-26T03:07:42Z,24,Entertainment,Nur Hamka Channel
m3iFQo9vAxo,The Prehistoric Hunter With A Half-Body-Length Neck,2026-02-23T17:30:00Z,5467825,30147,242,2026-02-26T03:07:42Z,27,Education,Jaqqs
CXUN0vA3juo,His Dead Dog Sent the New Puppy a Message 😭😭,2026-02-22T13:04:19Z,2911700,136471,533,2026-02-26T03:07:42Z,20,Gaming,Near
Gqd2aXYuvAU,The CEO Owner OF ChatGPT is Crazzzzyyy! Sam Altman Facts #shorts,2026-02-22T14:30:20Z,2679170,144310,1372,2026-02-26T03:07:42Z,27,Education,FactTechz
TQ0b_mxeHDc,I SURPRISED MY BROTHER WITH AN AVOCADO COSTUME 🥑😭 #brother #halloween #foryou #shorts,2026-02-22T09:02:57Z,2595436,21549,431,2026-02-26T03:07:42Z,24,Entertainment,SodaSneakSally
Au-5X7F7wbI,The crosshair stepped on a landmine#shorts #viral #trending #shortvideo #starwars,2026-02-22T11:31:00Z,3361946,142837,873,2026-02-26T03:07:42Z,1,Film & Animation,Thorne Frame
pMxK4a0P1dE,Digan A #comedy,2026-02-23T16:45:43Z,3391737,38330,238,2026-02-26T03:07:42Z,23,Comedy,Señorita Influencer
uZmMKJ-P2Ec,Where Is the Best Seat on a Plane 🤔,2026-02-21T14:01:30Z,2949319,72253,257,2026-02-26T03:07:42Z,1,Film & Animation,NYKentertain
8q1X-KvbCTY,Cara Paling Gila Merilis Album Musik,2026-02-21T03:00:07Z,3558226,0,31,2026-02-26T03:07:42Z,24,Entertainment,RMDzone
eO1jrR28CIc,A small help can change someone's whole life. ❤️,2026-02-19T13:16:35Z,3588998,0,203,2026-02-26T03:07:42Z,24,Entertainment,ForgeCine AI
wliH0fJvRtk,WATCH FULL Trump State of the Union 2026,2026-02-25T05:15:14Z,301114,8810,2268,2026-02-26T03:07:42Z,25,News & Politics,LiveNOW from FOX
LZ3olKqXU4A,Happiness Kisses Raven | There was a Cute Girl in the Hero’s Party,2026-02-24T18:00:31Z,42871,1615,79,2026-02-26T03:07:42Z,1,Film & Animation,Crunchyroll
jG-97ngp8r8,A Girls Hustle (Episode 3) Why TK Hustle,2026-02-25T01:43:43Z,17011,814,0,2026-02-26T03:07:42Z,1,Film & Animation,X2
K0iS-uI4ozU,The Terror of the Mysterious Cage😱 #wwe #wrestling #shorts,2026-02-20T06:00:30Z,4569204,61088,39,2026-02-26T03:07:42Z,24,Entertainment,Wrestling Secrets BD 
#NAME?,These Artists can ONLY Draw with an Eraser,2026-02-22T15:13:31Z,3444898,205766,1168,2026-02-26T03:07:42Z,24,Entertainment,SLEW
4CExrrW67Wo,POV You Are in a Bunker Inside a Massive Tree 🌳 #survival,2026-02-21T16:26:05Z,3766765,38581,318,2026-02-26T03:07:42Z,24,Entertainment,Ryuzel Zel
9o_rwyvHD8A,ATI ka bhootMercedes Built the CLR GTR at $2.5😅only a few lucky drivers experienced#reelschallenge,2026-02-21T01:00:24Z,4070143,14824,1,2026-02-26T03:07:42Z,22,People & Blogs,Bukhari King
DOgydV01YJ8,"Introducing the ""VitalWear SmartBand,"" a next-generation wearable gadget🎉 part 381",2026-02-23T05:38:12Z,3325361,0,319,2026-02-26T03:07:42Z,22,People & Blogs,Official Mohit Bhind
DIQoQ_bsAtY,Mom Making Sure I'm Asleep On A School Night.,2026-02-22T15:30:07Z,3939961,119140,935,2026-02-26T03:07:42Z,23,Comedy,Ryan HD
vQbecz1KpLc,🇮🇳 lioness destroys a Brit over #Kohinoor! #briefchaat #indianjewels #sonekichidiya #britishroyals,2026-02-21T05:01:21Z,3041575,84243,4391,2026-02-26T03:07:42Z,22,People & Blogs,BriefChaat
Io4wnUqdwWc,Es un genio este payaso #humor #shorts #viral,2026-02-20T21:30:00Z,3824267,29159,187,2026-02-26T03:07:42Z,24,Entertainment,Mark MirandaPLUS
jzKneuS_JRc,"""When a coat is made for just one person... it's destined to become a legend."" #shorts #trending",2026-02-19T10:03:22Z,5518845,82529,902,2026-02-26T03:07:42Z,22,People & Blogs,editorial 7
FQEB_2-1nqE,Hice Reprobar A 30 Niños ⚠️,2026-02-22T21:00:25Z,3118573,75728,335,2026-02-26T03:07:42Z,24,Entertainment,Skydimers
__-873xbT3o,Monkeys Worshipping Hanuman Ji Inside a Cave 😱🚩🙏 | Devotion Scene #hanuman #jaishreeram #shorts,2026-02-19T15:21:03Z,4193571,78931,394,2026-02-26T03:07:42Z,22,People & Blogs,mythoxpov
toXszdnHxXE,This Love Note Has a Backup Plan! 🤣🤣,2026-02-20T19:05:00Z,3713654,108030,1112,2026-02-26T03:07:42Z,22,People & Blogs,BlobbyClips
Boa5rdSArd0,The Most Well Preserved Mummy Ever Found,2026-02-22T16:10:03Z,2581149,199110,1330,2026-02-26T03:07:42Z,25,News & Politics,Cleo Abram
XmYbidHhTGo,Si Roba Un Brainrot Fuera Al Revés,2026-02-22T15:00:00Z,2807841,60452,16022,2026-02-26T03:07:42Z,20,Gaming,Juega Jesús
QOb-A4Ej1cE,Por Esto Nunca Grabes Sola en un parking vacío a Media Noche 😱👻,2026-02-22T17:00:00Z,2553017,76296,2096,2026-02-26T03:07:42Z,24,Entertainment,sdiux
ojyzVnUVfvA,This Is Why Loud Superbikes Aren’t Always a Good Idea!,2026-02-21T00:30:46Z,3022241,79035,1585,2026-02-26T03:07:42Z,24,Entertainment,Ayush ingle
fmieoSTI_yY,LIVE: Trump delivers State of the Union address (full speech),2026-02-25T06:51:31Z,1526512,14105,1640,2026-02-26T03:07:42Z,25,News & Politics,Associated Press
dO_K3l76Xd4,El Abrahaham le regala 500 dólares a Hollman por error | #elabrahaham #shorts,2026-02-23T20:57:16Z,2666472,57869,583,2026-02-26T03:07:42Z,20,Gaming,Lo Mejor De Abrahaham
0BW6OX-84Og,Intentó robar el coche a la persona equivocada!🤣 #peliculas #series #shorts,2026-02-21T22:20:00Z,3340168,0,415,2026-02-26T03:07:42Z,1,Film & Animation,Neromerta
JqZ4oa2taw0,Help Me Save My Friend!,2026-02-21T14:00:34Z,2407443,81082,450,2026-02-26T03:07:42Z,24,Entertainment,Alan's Universe
vOwF5LtWQUU,Bocil kribo beruntung banget nemu rangka sepeda #shorts #reactionvideo #react #eldanboy,2026-02-21T11:15:05Z,2939855,11667,40,2026-02-26T03:07:42Z,10,Music,EL DAN BOY
h_VZ0N5HTjo,it's just a tank going in circle ⭕🛞,2026-02-21T02:07:30Z,4545373,0,1119,2026-02-26T03:07:42Z,22,People & Blogs,Z Y A N 02
vypf0uhpfCk,She Turned a Police Chase Into a Game of Bumper Cars,2026-02-21T20:24:57Z,3160003,55551,2734,2026-02-26T03:07:42Z,24,Entertainment,ReelzChannel
xS36brV-Exg,Ever seen a horse race like this 🤣🔥 Mississippi is different 🤞,2026-02-21T14:58:10Z,3055664,55348,3274,2026-02-26T03:07:42Z,17,Sports,Sportz Clipz TV
RY7EpSp2KTI,He built a Riverside hidden bunker 🏞️ #satisfying #transformation #diy #construction #bunker,2026-02-21T10:26:35Z,3027042,17759,133,2026-02-26T03:07:42Z,22,People & Blogs,RenovMan
FBk1SkFOj_g,Seeing Ilia Malinin & Adam Siao Him Fa do a synchronised BACKFLIP at the OLYMPICS Exhibition Gala🤯,2026-02-22T07:06:19Z,2782143,70345,552,2026-02-26T03:07:42Z,19,Travel & Events,"Lighttravelsfaster - Eileen Rhein, Esq."
ZAUl-4L-sy4,A Conversation That Feels Too Familiar in 2025 👇,2026-02-23T13:04:42Z,2886215,102745,2104,2026-02-26T03:07:42Z,24,Entertainment,mdscae
anT4nCxx6Qk,O astronauta mágico que perdeu a paciência!,2026-02-21T15:26:48Z,2924299,22525,18,2026-02-26T03:07:42Z,22,People & Blogs,Shortszeras 
2_WUzugPtmI,El tiro libre más difícil de concentrarse 😂🏀,2026-02-19T15:00:07Z,2762472,49425,725,2026-02-26T03:07:42Z,17,Sports,Entrénate para la Vida
J1e8Ux_RL3Y,“Viral! Pengakuan Mengejutkan Anak Tentang Ibu Tirinya Sebelum Tutp  Us*a”,2026-02-21T00:10:03Z,5389196,14473,770,2026-02-26T03:07:42Z,24,Entertainment,Fafa family 
f8Lc_ee2BPA,A world where everyone speaks only the truth.,2026-02-20T21:40:25Z,2514709,105324,536,2026-02-26T03:07:42Z,22,People & Blogs,9-1-1 house
2oHYYau4F3Q,""" Bro Casually Jumped Off A Cliff "" - Tom Cruise Edit | Mission Impossible | Loucura Letal Slowed",2026-02-20T10:22:35Z,1808512,0,84,2026-02-26T03:07:42Z,22,People & Blogs,ICON EDITZ
q5142LEh3Tc,JALAN SESUAI WARNA DADU!!,2026-02-23T10:15:11Z,2275899,27300,41,2026-02-26T03:07:42Z,24,Entertainment,Yudist Ardhana
tvMJTErjf20,From cute ladki to Anti - what a turn! 🤣😂🎀💯 #shortsfeed,2026-02-21T08:24:00Z,2334749,0,79,2026-02-26T03:07:42Z,24,Entertainment,editsbyRS
usj8gpiehAY,A Mother Even Works in Dirty Sewers to Save Her Sick Son.,2026-02-21T12:43:28Z,2785773,43233,126,2026-02-26T03:07:42Z,22,People & Blogs,SurvEcho
S7Z0dyge2Po,cows made a surprise visit to the shop pushed some items and walked out calmly...🐮 #shorts,2026-02-21T14:20:06Z,2259204,44454,454,2026-02-26T03:07:42Z,24,Entertainment,contentkikami
FDiH-7heBlo,"Introducing the “CrickoWear Pro Band,” a revolutionary next-generation smart wearable🎉",2026-02-24T00:51:58Z,3183510,30356,356,2026-02-26T03:07:42Z,17,Sports,CrickBox11
U3_EhDTctPk,✨HODAAA✨Contexto Solo yo puedo molestad a mi hermano😂#comedy#skit#Pov#Foryou,2026-02-21T01:01:21Z,2374166,39468,80,2026-02-26T03:07:42Z,22,People & Blogs,lsjmmmm
L1XPa9Qvp4g,they build a house inside the tree #shortvideo,2026-02-21T10:45:04Z,2903805,0,15,2026-02-26T03:07:42Z,22,People & Blogs,Top 3 Viral
alsykOBdhp4,menemukan sarung tangan ajaib di pinggir jalan.,2026-02-22T04:47:00Z,2706007,13375,3,2026-02-26T03:07:42Z,24,Entertainment,Vlog Vampir
zCGGg9tBi9c,Alysa Liu Walked Away From Skating… and Came Back a Champion 🥇,2026-02-21T00:31:10Z,2502982,66023,441,2026-02-26T03:07:42Z,1,Film & Animation,Heartsnreels
l60_D-S2OO4,Lisa becomes a magician... #thesimpsons #thesimpsons #funny,2026-02-21T04:29:00Z,2013328,54582,171,2026-02-26T03:07:42Z,22,People & Blogs,Myth_analyst
IuuvPLo-xCc,Pierde recompensa por no regresar cartera a millonario 😭 lloramos,2026-02-20T03:12:39Z,2240251,59395,437,2026-02-26T03:07:42Z,22,People & Blogs,Fernando Ayuda
ArgSFl8kRMA,A Simple Gesture That Changed the Moment wood working art_hand crafts_#shorts,2026-02-23T02:35:21Z,2139424,50222,37,2026-02-26T03:07:42Z,1,Film & Animation,Trendy Facts 
u8acGf21Bic,SORPRENDIÓ a TODOS con esta GENIAL IDEA para DECORAR el JARDÍN de su CASA,2026-02-20T17:30:00Z,2912144,32677,145,2026-02-26T03:07:42Z,24,Entertainment,Juan Perez
4xTW3NxK5qs,A Million Ways to d*e in The West (2014) | Duell zwischen Clinch und Stark,2026-02-21T15:04:10Z,2549005,59285,145,2026-02-26T03:07:42Z,22,People & Blogs,Story of the day
gk2xexSzONc,I Didn’t Expect This From A Kids Adjustment…,2026-02-20T20:55:01Z,2189743,57780,1287,2026-02-26T03:07:42Z,24,Entertainment,Dr. Holden Stanfill
FSg5864Yuyg,If an Introvert turns into a Extrovert,2026-02-22T04:01:33Z,3384082,34009,65,2026-02-26T03:07:42Z,22,People & Blogs,tufffdt
lekAYYHrboE,a north korean escapee found my video,2026-02-22T16:01:00Z,3874282,164286,1696,2026-02-26T03:07:42Z,24,Entertainment,RoyalPear
hNmyplywKFg,O rei foi desafiado no jogo do reflexo #shorts,2026-02-18T21:00:47Z,3196530,27050,22,2026-02-26T03:07:42Z,24,Entertainment,Capitaobritto
a5T-G6epuw8,Learning to Share: Chris and Mike’s Sharing is Caring story,2026-02-21T10:00:00Z,1643013,4333,0,2026-02-26T03:07:42Z,24,Entertainment,Chris kids show
zxPMhRQnI84,Patrick Jane Gets Caught Vandalizing the Bathroom #shorts,2026-02-21T14:22:14Z,2853396,150206,681,2026-02-26T03:07:42Z,22,People & Blogs,floxseditz
IJJIgwI-mT8,The Tool That Creates a Perfect Y Weave Pattern ⚒️ #shorts,2026-02-22T19:03:49Z,3609335,41812,649,2026-02-26T03:07:42Z,22,People & Blogs,Invention
VOVHxyObM-g,When the Queen is getting ready in the bathroom #Milliebobbybrown,2026-02-22T01:29:54Z,2857251,36626,325,2026-02-26T03:07:42Z,22,People & Blogs,Celeb Quill
SudT7jK4RTE,The Dumbest Solution For The USA! 😭😭,2026-02-21T18:00:34Z,3129298,91846,2362,2026-02-26T03:07:42Z,22,People & Blogs,BlobbyClips
l99Wxk3UNdo,"My mom raised me as a single mother, never knowing who my father was because of the circumstances",2026-02-21T11:23:17Z,2318970,13344,42,2026-02-26T03:07:42Z,24,Entertainment,Silk Glow Channel 
7nbIcNYYCCU,Venom vs. Dog Fighters | The Most BRUTAL Scene in The Last Dance (2024) 🔥,2026-02-19T13:53:06Z,2277025,26320,54,2026-02-26T03:07:42Z,22,People & Blogs,Scene Analysis
veG00J9JA-c,The Final Boss Of Negotiation 🤝,2026-02-23T01:03:25Z,2607310,90395,391,2026-02-26T03:07:42Z,24,Entertainment,ItsFrankyBoi
yDSnfjEIUO0,Quick Trick to Draw a Crab! 🦀🤯 #linhchihihi #messyclassroom #schoolcrush #schooldrama,2026-02-23T10:01:24Z,2469146,61961,127,2026-02-26T03:07:42Z,22,People & Blogs,Linh Chi
xgqaLUAQRe0,When Your Suspension Is Expensive Than A Lamborghini ☠️,2026-02-21T12:39:12Z,2865410,0,705,2026-02-26T03:07:42Z,2,Autos & Vehicles,Sh1ft Hub
w04ISULJwL4,Referee Gave a Red Card to a player 😹⚽ | Funniest Football Moment #football #soccer,2026-02-21T14:26:46Z,4969805,7742,186,2026-02-26T03:07:42Z,22,People & Blogs,Paw Panda
NJX4LBUjjDg,Reed Roof Thatching by a Craftsman’s Hands: The Fixing and Smoothing Process,2026-02-22T15:36:21Z,4722647,9718,47,2026-02-26T03:07:42Z,22,People & Blogs,HardCraft Vision
dpTTo__v4KE,David Miller! What a player 😭| Princy Parikh #india #cricket #indvssa #t20worldcup #icc #worldcup,2026-02-23T03:24:13Z,2445544,33145,244,2026-02-26T03:07:42Z,22,People & Blogs,Princy Parikh
kgurFXQ5MZA,AURA Moment in Steal a Brainrot #roblox #robloxshorts #trending #shorts #usa,2026-02-21T16:44:15Z,2344439,52450,608,2026-02-26T03:07:42Z,20,Gaming,Tomaa
Xs0HZOTuZZg,ele deu o Ouro pro Rival?,2026-02-23T21:58:49Z,2968629,171857,2012,2026-02-26T03:07:42Z,27,Education,"Investiga, Pinhel! "
MAwwocBjxoY,Puxaram o boné de um Streamer fitness e teve a calvice exposta,2026-02-24T01:15:20Z,2890537,159355,2326,2026-02-26T03:07:42Z,20,Gaming,Sev7n Games OFICIAL
C3ar8SAwO6I,El Cartel de México Bloquea a un Motociclista (LandonBishoff),2026-02-23T01:05:42Z,2505152,74374,416,2026-02-26T03:07:42Z,2,Autos & Vehicles,NixR34
zMRsSdeLgHg,The first outfit is actually a dance costume believe it or not (not a cheer uni),2026-02-21T07:50:58Z,2627805,50152,363,2026-02-26T03:07:42Z,17,Sports,Rylie Shaw 
K0xriVXFFUk,Vio el FUTURO 👀📺 #mrrelevante #momentosépicos #culturapop,2026-02-23T00:35:59Z,1878327,78126,1453,2026-02-26T03:07:42Z,1,Film & Animation,MrRelevante
olhzlBN7wEw,"Introducing the ""VitalWear SmartBand,"" a next-generation wearable gadget😭",2026-02-22T00:12:48Z,3466287,37260,271,2026-02-26T03:07:42Z,24,Entertainment,Nishal Man
_aWqT5dKY2E,Why Ice Cream Was Better as a Kid! 🤔🤔,2026-02-23T22:16:23Z,2588207,54875,209,2026-02-26T03:07:42Z,22,People & Blogs,BlobbyClips
fFCe7uqTl9c,"Denzel Washington: It's just a movie, it ain't that big a deal.",2026-02-19T23:30:47Z,2199723,55304,1643,2026-02-26T03:07:42Z,27,Education,TheWealthrive
prD-zbe5n_k,She Turned Into A Mummy Just For Fun 😍😍 #blackpink #kpop #lisa #jennie #jisooo #rose,2026-02-21T04:30:23Z,3516380,12816,183,2026-02-26T03:07:42Z,22,People & Blogs,Your Zesty
8WoMayPrNnc,UNEXPECTED job for a 14yo? 🤯 Ep. 511 🪜,2026-02-21T19:35:44Z,2306149,83577,779,2026-02-26T03:07:42Z,27,Education,Max Klymenko
3w1yOcYPDh4,Shalini makes a graceful entry at the JFW Movie Awards 2026.🤩😍,2026-02-21T09:33:34Z,2170697,44080,108,2026-02-26T03:07:42Z,24,Entertainment,JFW Binge
0uvZZt8aNCs,Steal a brainrot PUBLIC SERVER RAGEBAIT 💀,2026-02-22T15:24:34Z,2546083,15873,216,2026-02-26T03:07:42Z,20,Gaming,Sxzxr
Ec9cV40DBzk,The Ancient Trick That Turns Ice Into a Treasure,2026-02-21T07:45:00Z,3056876,60814,506,2026-02-26T03:07:42Z,24,Entertainment,Earth's Journal
FNi3BiSXxPM,El niño mato a sus padre por un Xbox 😱,2026-02-22T00:30:00Z,2039931,64639,386,2026-02-26T03:07:42Z,24,Entertainment,Daarl Shortz
jIUqxDoJp5E,THE SHARK WITH A SNAKE'S MOUTH,2026-02-20T18:01:01Z,3729688,32738,604,2026-02-26T03:07:42Z,22,People & Blogs,Vortex Revelations
kw5c9hgtyPE,동생에게 주인이 생겼습니다,2026-02-21T05:33:44Z,4026271,29333,259,2026-02-26T03:07:42Z,24,Entertainment,오늘은너
CtjqG758juA,This Wedding Just Took a Wild Turn 😬🔨#therookie #tvshow #crimeseries,2026-02-23T14:00:17Z,2759656,144133,403,2026-02-26T03:07:42Z,22,People & Blogs,Amine27
_chWxkj6EA4,THE LAST BOX CHANGED EVERYTHING 😱🤯,2026-02-22T00:00:46Z,2490676,113234,2778,2026-02-26T03:07:42Z,23,Comedy,LazyDevv
eyKnudJUndA,猫に優しい国・トルコのシェフ❤️ #shortvideo #トルコ　#野良猫,2026-02-21T09:00:53Z,1817547,19388,224,2026-02-26T03:07:42Z,24,Entertainment,ゆっくりキ〇ガイ
ZeNnJuRj9bA,Khoảnh khắc vỡ òa hạnh phúc của người mẹ 🥰❤️,2026-02-21T13:15:05Z,2446208,24331,93,2026-02-26T03:07:42Z,22,People & Blogs,Mỗi Ngày Một Chút
LUsMcedzZyI,Dada arrested jalpari but a boy saved jalpari from dada.       #dada #diamonds  #shorts  #cartoon,2026-02-21T07:55:58Z,1813609,17257,8,2026-02-26T03:07:42Z,22,People & Blogs,Satories House
q7rJa648LUQ,How A Tiny Rock Can Crack A Helmet And Break Bones,2026-02-23T11:12:46Z,4211684,20449,151,2026-02-26T03:07:42Z,22,People & Blogs,Jaqqsa
yUoe1Yg3xN4,Can't Wait For Hero Barbarian Barrel 💀,2026-02-21T15:24:46Z,2183022,45401,646,2026-02-26T03:07:42Z,20,Gaming,MORTEIRO
jgF26i5j7x4,El Chico Les Hizo Una Broma A Todos Sus Amigos ❤️,2026-02-22T21:10:32Z,2309307,74332,172,2026-02-26T03:07:42Z,22,People & Blogs,Parthenatos
KwPWSUBR1nk,El TOCINO AMABLE FUÉ AGRADECIDO Gracias a ESTOS BRAINROTS! 💔😥,2026-02-22T00:34:00Z,1947998,0,396,2026-02-26T03:07:42Z,20,Gaming,SANTYPRO
UeEQxAVDFfE,Volvi a romper mi telefono nuevo? 🤯😱🥶🤩,2026-02-23T22:41:39Z,2037103,67228,1020,2026-02-26T03:07:42Z,20,Gaming,Diosdado Juarez
PDSpHyytVCs,La Salsa Más Aterciopelada del Mundo,2026-02-23T22:07:55Z,1818120,141620,930,2026-02-26T03:07:42Z,22,People & Blogs,GastonGBG
#NAME?,LIVE Monologue: A Dark Speech Filled With Divisive Lies | USA Women's Hockey Gets A Better Offer,2026-02-25T06:20:48Z,2604556,92079,4929,2026-02-26T03:07:42Z,24,Entertainment,The Late Show with Stephen Colbert
91-HDdVWidQ,A los 9 años me secuestraron y me entrenaron para matar | Beto #Penitencia 177 #entrevista #México,2026-02-24T14:00:07Z,1624280,61250,6887,2026-02-26T03:07:42Z,22,People & Blogs,Penitencia
oDBlhitCh08,Steal a Brainrot Taco Tuesday,2026-02-25T00:12:01Z,914350,8964,38,2026-02-26T03:07:42Z,20,Gaming,KreekCraft
dLanLQkGXlc,O Palhaço Pegou a Bala e Levou Ela Pra Floresta!! *ela sobreviveu?,2026-02-24T21:40:11Z,1213235,53599,4252,2026-02-26T03:07:42Z,20,Gaming,Taspio
jmdpINE0ttQ,O será que aconteceu aqui? 😳 @A@ApolloSantviral #tutorial #entretenimento,2026-02-24T02:11:37Z,2672663,12253,25,2026-02-26T03:07:42Z,24,Entertainment,Mayca Brasil
8sAVQWKgMjg,Baby Keem - Birds & the Bees (Official Video),2026-02-23T20:15:01Z,960362,76421,4711,2026-02-26T03:07:42Z,10,Music,BabyKeemVEVO
Nl747nirBEY,ye kya Howa Mercedes Built the CLR GTR at $2.5 M only few lucky drivers experienced #reelschallenge,2026-02-22T13:00:47Z,23455918,76422,15,2026-02-26T03:07:42Z,22,People & Blogs,Shah G
lDaX8qWe-_g,Cambio a su Hija por un Plato de Comida #drama #tv #movie #novela #historias,2026-02-20T18:54:00Z,6490731,154038,767,2026-02-26T03:07:42Z,22,People & Blogs,Josias Mosquera
U5b3pFGSvSk,The secret of the clown.#joker #shorts,2026-02-21T16:00:41Z,8012791,71477,61,2026-02-26T03:07:42Z,22,People & Blogs,Untitled Joker
lMAXFOLFLng,The BEST MAGIC REACTION with THROBBIN vs THE FLASHER 😱 #magic #funny #youtubeshorts #fyp,2026-02-21T16:59:24Z,5610360,279282,1943,2026-02-26T03:07:42Z,24,Entertainment,Tyler Sherwin
uIQAeZa-HbE,입원 중에 가스 새는거 감지하고 신고한 디시인,2026-02-20T23:01:12Z,2680766,39446,709,2026-02-26T03:07:42Z,22,People & Blogs,레리리
c3UATdEm9KY,vijay is really a gentleman ♥️🥰 #aliabhatt #deepikapadukone #bollywood #viralshorts,2026-02-21T16:06:06Z,3698532,0,69,2026-02-26T03:07:42Z,24,Entertainment,Filmy Raftaar 
tmhrqr8Ueyk,El Día que Le Detuve Un Golpe a Mi Papá😱😱,2026-02-23T22:36:22Z,2183707,89833,948,2026-02-26T03:07:42Z,20,Gaming,Alex Crashers
ck2oFuAsjUk,I shot with FIRE for a video 🔥!! #shorts #bts,2026-02-21T09:37:35Z,2339940,0,21,2026-02-26T03:07:42Z,22,People & Blogs,Komal Soni
YZUNElBC1XU,💍¡La boda estaba a punto de cancelarse… pero este vestido salvó su honor en el último segundo! 😱👗✨,2026-02-21T15:30:23Z,1859667,0,2997,2026-02-26T03:07:42Z,22,People & Blogs,Zentero
sstZa0Wy0KA,Le moment où il a su que c’était LUI 🐶 #shorts,2026-02-22T21:14:07Z,2638931,96266,368,2026-02-26T03:07:42Z,22,People & Blogs,FlixFollower
j3ouFqgoe9w,NUNCA TE CRUCES A UN PAYASO MEXICANO... ARGENTINOS SE PARTEN DE RISA! #shorts #humor,2026-02-22T21:24:53Z,2358898,32786,171,2026-02-26T03:07:42Z,24,Entertainment,Cachorro Free
CLrBtYZ5IHA,A Little Hero with a Big Heart,2026-02-23T14:40:00Z,1760959,31576,674,2026-02-26T03:07:42Z,1,Film & Animation,Mr Explainer
lvFvYh2ROWo,Cuando pides mucha salsa 🤣 #shorts,2026-02-22T02:30:29Z,2151516,17764,39,2026-02-26T03:07:42Z,22,People & Blogs,Cristofher Hernandez
V9dmkpbJiYo,MILAN-COMO | HIGHLIGHTS | Paz and Leao Shine in Milan | SERIE A 2025/26,2026-02-18T22:33:46Z,969763,14313,455,2026-02-26T03:07:42Z,17,Sports,Serie A
QQ2jXHt3LH4,Vegeta Saved Goku in the Craziest Way! 🚁🔥 Emotional Story #shorts #goku,2026-02-23T07:56:20Z,1529369,66628,110,2026-02-26T03:07:42Z,24,Entertainment,DM Originative
Ao_jPcLgToA,DO NOT GO TO THE KPOP DEMON HUNTERS CONCERT AT 3 AM...,2026-02-21T19:00:06Z,764031,15734,3998,2026-02-26T03:07:42Z,20,Gaming,The Besties 
OTwkAsvCnDo,"DRUMS OF THE MASQUERADE(EKWEDIKE)(New Movie)FREDERICK LEONARD, LIZZY GOLD 2026 Latest Nigerian movie",2026-02-23T16:00:37Z,919589,16660,2630,2026-02-26T03:07:42Z,24,Entertainment,SUNYRICHY NOLLYTV
zG3GVg_hQ_o,"BREAKING: Armed man shot, killed at Mar-a-Lago, Secret Service says",2026-02-22T14:11:32Z,699192,13303,5947,2026-02-26T03:07:42Z,25,News & Politics,Fox News
Rj9Gturk6rQ,Жительница Воронежа устала от запретов! Каждое утро что-то новое,2026-02-23T17:00:00Z,1116800,49714,5914,2026-02-26T03:07:42Z,25,News & Politics,Лига Свободных Наций
TiArx5AoZKk,ENTENDA A M0RTE DE EL MENCHO E AS CONSEQUÊNCIAS NAS RUAS MEXICANAS,2026-02-23T00:21:26Z,689648,40020,1944,2026-02-26T03:07:42Z,22,People & Blogs,Iconografia da História
Geh1ZEjkaeM,"ITZY ""THAT'S A NO NO"" (FULL CAM VER.) @ 'TUNNEL VISION' in SEOUL",2026-02-23T11:00:11Z,837964,51598,2016,2026-02-26T03:07:42Z,24,Entertainment,ITZY
7rb20Iqc54A,Every Spider-Man Best-Friend Becomes A Villain,2026-02-23T23:30:03Z,1205639,43702,236,2026-02-26T03:07:42Z,24,Entertainment,COCO
qq1x6u__ddU,GUESS CAR EATER AND MORE EATERS HUNTERS BEHIND THE DOOR LIMINAL HOTEL Garry's Mod,2026-02-23T02:10:30Z,5466060,23594,9,2026-02-26T03:07:42Z,20,Gaming,ZOOWAKE - Games
1MY_PxGZlDk,Mikhail Shaidorov steals the show! 🐼🔥 Ps: Keep an eye for a surprise guest at the end 👀,2026-02-22T00:56:50Z,4660792,37384,326,2026-02-26T03:07:42Z,17,Sports,Olympics
ee0m6ZEuTK4,Se Robaron Las Pipsas 🍕,2026-02-20T21:00:47Z,5057131,92236,541,2026-02-26T03:07:42Z,24,Entertainment,Skydimers
m03K_vgpTUE,It’s an entire operation😂,2026-02-19T21:01:01Z,4326816,81463,630,2026-02-26T03:07:42Z,23,Comedy,Onevilage
tE-DhND4iMU,This Man Became a Hero in Seconds 👏,2026-02-22T14:05:02Z,4308503,0,5,2026-02-26T03:07:42Z,22,People & Blogs,Jazzy Voice
KX-0neakyvA,EL PROTOTIPO NUNCA QUISO DAÑAR A POPPY EN POPPY PLAYTIME CAPITULO 5 😱👀,2026-02-22T17:49:56Z,3092174,94136,949,2026-02-26T03:07:42Z,20,Gaming,Magmuh
i6Zr5cm3gu4,He Threw the Cat Away… But What Happened Next Will Make You Cry 🥺🐾 #demariki,2026-02-22T14:01:05Z,3014818,17134,27,2026-02-26T03:07:42Z,22,People & Blogs,Demariki
BJjXPWUJqj8,A stress reliever as a stress reliever?? #stress #stressrelief #health #blood #nurse,2026-02-19T16:12:42Z,2344619,8845,46,2026-02-26T03:07:42Z,22,People & Blogs,Olivia Jaymes
bIX5nhIlXP4,🔥 That Smile Was a Warning,2026-02-21T01:30:25Z,2490308,0,0,2026-02-26T03:07:42Z,24,Entertainment,UFCplus
YeymIQ-NEvM,Ancient Script Found Written on a Live Pigeon 😮,2026-02-22T14:00:52Z,2458501,21347,234,2026-02-26T03:07:42Z,28,Science & Technology,MrScoopz
rWB1ya_X0Yg,"SE EU FALAR A LETRA ""E"" O VÍDEO ACABA",2026-02-22T22:35:09Z,2247412,78554,1702,2026-02-26T03:07:42Z,24,Entertainment,Ronazim
65yeHaWjn-o,Ya se con quién me voy a casar 🤣 #comedia  #youtubeshorts  #sketch  #shortvideo #humor,2026-02-23T08:06:36Z,2610846,23206,103,2026-02-26T03:07:42Z,22,People & Blogs,爆爆爆
dRyDUbgINwM,This Kind Man Helped a Pigeon 🕊️❤️,2026-02-23T02:45:04Z,2210136,24099,93,2026-02-26T03:07:42Z,22,People & Blogs,Infi's Diary
G4phnhGZ1cQ,EU reacciona a muerte de “El Mencho”; ofrecía recompensa de 15 mdd,2026-02-22T20:12:46Z,748347,4777,302,2026-02-26T03:07:42Z,25,News & Politics,EXCELSIOR
sESPjzVklno,How to say comfortable? sound more like a native speaker  #englishpronunciation,2026-02-23T11:42:10Z,1273438,11006,118,2026-02-26T03:07:42Z,27,Education,English with Steve Ford
vuljXWYv0oc,2 birds on a wire trend 🥹🪽- Cadel and Mia #shorts,2026-02-23T12:33:41Z,1709669,31873,1134,2026-02-26T03:07:42Z,22,People & Blogs,Cadel and Mia
X9dPnQhsICE,"Abaten a Nemesio Oseguera, “El Mencho”, líder del CJNG, en operativo en Tapalpa, Jalisco",2026-02-22T17:59:30Z,603054,0,1419,2026-02-26T03:07:42Z,25,News & Politics,El Universal
EZgtndQZjiY,The demon has been taught a lesson#Jesus#christ#Daemon,2026-02-23T11:00:31Z,994992,11466,13,2026-02-26T03:07:42Z,22,People & Blogs,The hand of God
2gvSzBnIzD8,LA VENGANZA IMPLACABLE DE HARFUCH! A 6 AÑOS DE SU ATENTADO!,2026-02-23T16:11:50Z,533988,22675,1376,2026-02-26T03:07:42Z,25,News & Politics,The Mexican Family
rRDkA-07ygo,We Built a BUNKER to HIDE from GOO GOO GAGA..(Brookhaven),2026-02-23T15:43:47Z,628447,14585,1369,2026-02-26T03:07:42Z,20,Gaming,Angelazz Brookhaven
xgDVm419fIQ,Leavitt puts Mexican cartels on NOTICE: Do not 'lay a finger' on US citizens,2026-02-24T13:45:16Z,524751,9980,3518,2026-02-26T03:07:42Z,25,News & Politics,Fox News
aGyYKXlGzas,Fanum Trolls Cashier For A Discount 😂,2026-02-23T20:27:22Z,1109771,46848,201,2026-02-26T03:07:42Z,24,Entertainment,Fanum Live
x7lqoQhF57E,El atentado del CJNG a García Harfuch cambió las reglas en México,2026-02-23T03:16:00Z,473661,3190,361,2026-02-26T03:07:42Z,25,News & Politics,NMás
VF_cgn6_72k,🚨 COCHE BOMBA EN JALISCO ABATE A CAPITÁN DE LA GUARDIA NACIONAL,2026-02-24T20:26:05Z,486053,17184,1997,2026-02-26T03:07:42Z,25,News & Politics,The Mexican Family
KCkc9siATIA,Masha and the Bear 2026 🤔 Guess the Food❓Best episodes cartoon collection 🎬,2026-02-24T09:00:00Z,679067,592,0,2026-02-26T03:07:42Z,1,Film & Animation,Masha and The Bear
khN8qZkiz1s,New details on man fatally shot at Trump's Mar-a-Lago,2026-02-22T23:00:22Z,448936,3506,3115,2026-02-26T03:07:42Z,25,News & Politics,ABC News
QHL53DZj4_c,The Americano Was A Product Of World War 2 #funfact,2026-02-24T17:00:42Z,1117414,63632,791,2026-02-26T03:07:42Z,24,Entertainment,Doug Sharpe
MG88tVgsSzY,Minuto a Minuto: La Muerte de “El Mencho”,2026-02-22T22:04:45Z,597871,18695,390,2026-02-26T03:07:42Z,25,News & Politics,N+ UNIVISION
y0BrXsKd6m4,Ukraine Just STARTED a Fire Russia Can’t STOP… Putin Can Only Watch It BURN,2026-02-24T15:01:42Z,503004,11659,533,2026-02-26T03:07:42Z,25,News & Politics,The Military Show
MQvBlNgl4MY,‘Humiliated’ Beatrice & Eugenie ‘in a state’ as questions grow over what they knew about Epstein?,2026-02-20T19:00:30Z,434241,6973,2994,2026-02-26T03:07:42Z,25,News & Politics,The Sun
T3zwwXL_1Vk,😱Grow a Garden 2 ВЫШЕЛ! Я СТАЛ АДМИНОМ в GARDEN HORIZONS и ВЫБИЛ ДИВАЙН!,2026-02-23T04:00:32Z,425910,13396,2395,2026-02-26T03:07:42Z,20,Gaming,FixEye - Роблокс
m6QjnIZlCGs,🏁🏎️👧🏻 Daddy Builds a Race Track for His Daughter 🚗 🎮 💖 #shorts,2026-02-23T10:15:08Z,757645,4825,4,2026-02-26T03:07:42Z,24,Entertainment,Linh Nhi Shorts
d8U_VPUlGFA,🎶 On My Belly 🎶 On My Belly 🎶 There’s a Belly Button! 🎶,2026-02-23T12:01:00Z,983030,9723,0,2026-02-26T03:07:42Z,27,Education,Cocomelon - Nursery Rhymes
9W5jzKSBCtE,'The Five' ROASTS Newsom and AOC,2026-02-24T00:45:02Z,419762,10147,1731,2026-02-26T03:07:42Z,25,News & Politics,Fox News
qltp0tlGHWc,🧊💜👑Rumi ⚔️ Mira😈 | ¡Ayuda a Rumi a convertirse en la Reina del Hielo! ❄️🥺 #kpopdemonhunters #shorts,2026-02-22T15:01:31Z,970397,23700,160,2026-02-26T03:07:42Z,24,Entertainment,Crónicas de Huntrix
1KVIoXetq9o,mein LETZTES STEAL A BRAINROT VIDEO...,2026-02-20T13:30:01Z,365347,9469,2108,2026-02-26T03:07:42Z,20,Gaming,Standart Skill
H1kO_6yXLGg,"NEW: Authorities identify man who was shot, killed at Mar-a-Lago",2026-02-22T17:15:00Z,346898,5790,2117,2026-02-26T03:07:42Z,25,News & Politics,Fox News
3NvAkCGyOU4,NO WAY MARVEL RIVALS HAS A DC COUNTERPART 😭😭😭,2026-02-23T18:02:22Z,764658,25717,690,2026-02-26T03:07:42Z,20,Gaming,Khyomaru
i87U6HuESeA,Knight of the Seven Kingdoms Finale BREAKDOWN - Every Game of Thrones Easter Egg,2026-02-23T03:40:00Z,357993,9062,895,2026-02-26T03:07:42Z,1,Film & Animation,ScreenCrush
hcNIoh2efeo,Vivir con miedo… ¿a dónde se va uno? #elmexitachi #shorts #short,2026-02-24T02:59:58Z,731640,20183,236,2026-02-26T03:07:42Z,22,People & Blogs,elmexitachi
li8F6tjYZDU,ROMA-CREMONESE | HIGHLIGHTS | Brilliant Display At The Olimpico | Serie A 2025/26,2026-02-22T22:31:57Z,320570,6321,197,2026-02-26T03:07:42Z,17,Sports,Serie A
Wj-zZC5vrnE,PUTIN Is in the Same Position as HITLER on His Last Day… It’s OVER!,2026-02-23T20:00:21Z,316284,10162,899,2026-02-26T03:07:42Z,25,News & Politics,The Military Show
#NAME?,Adley & Niko JAPAN CANDY CHALLENGE!! a Funny night Rating Rare Japanese Candies 1 star to 5 Stars ⭐,2026-02-20T20:59:40Z,323795,2637,648,2026-02-26T03:07:42Z,24,Entertainment,A for Adley - Learning & Fun
6TZ5V_17xXM,I built a beaver dam in a forest #diy #outdoors #homestead #nature #beaverdam #forest #beavers,2026-02-23T19:13:14Z,589547,11030,183,2026-02-26T03:07:42Z,26,Howto & Style,SageSmokeSurvival
jTkT8UoqHE0,KABRITA REACCION A ANGI FIRE 😱 ELLA JURA 🙏 Angi Fire (VIDEO OFICIAL🛐),2026-02-20T22:00:03Z,313163,11001,818,2026-02-26T03:07:42Z,22,People & Blogs,Kabritaa
5gVggOgInd0,A Casa do Dragão - Temporada 3 | Teaser Oficial | HBO Max,2026-02-19T16:02:37Z,293877,9782,733,2026-02-26T03:07:42Z,1,Film & Animation,HBO Max Brasil
_EyUYdKdodQ,Essa iniciativa representa a Casa dos Campeões 🏆 🫡 #maxtitanium #casadoscampeoes #fisiculturismo,2026-02-23T22:27:04Z,567592,25746,145,2026-02-26T03:07:42Z,17,Sports,Max Titanium
bCHqheb0Ilo,Los primeros 18 participantes comienzan a conocerse - Gran Hermano 2026,2026-02-24T04:16:47Z,290659,1710,496,2026-02-26T03:07:42Z,24,Entertainment,Gran Hermano Argentina
ecdgD4XS6AY,‘Gutfeld!’: This guy is a STAR...,2026-02-24T05:15:08Z,316734,8992,756,2026-02-26T03:07:42Z,25,News & Politics,Fox News
U4aM6DpJQxQ,Having a PET SLEEP OVER in Minecraft!,2026-02-23T14:00:36Z,283724,2993,353,2026-02-26T03:07:42Z,20,Gaming,Dash
8PQ7l905aVM,President Donald J. Trump’s 2026 State of the Union Address,2026-02-25T04:33:16Z,5856048,86921,0,2026-02-26T03:07:42Z,25,News & Politics,The White House
5OpisW7FN50,Father buried his son after stealing a bike | 🥺 | अपने बेटे को दफन किया | #shorts #youtubeshorts,2026-02-20T14:00:09Z,10067916,55439,9,2026-02-26T03:07:42Z,24,Entertainment,Funxplosion
eiYUg4CuhOU,It’s honestly a daily occurrence #dental #funny #dentist #dentalassistant #dentalhumor #nurse,2026-02-19T16:19:32Z,10160219,281124,1685,2026-02-26T03:07:42Z,22,People & Blogs,megangaza
x747Tl7sHsY,小丑变成狗了？#clown #couple #shorts,2026-02-23T09:30:29Z,7538458,73382,87,2026-02-26T03:07:42Z,22,People & Blogs,小丑夫妇
ztf7Lpgc0xg,#movie Sarah Walker Proves Why She's the Deadliest Spy in Burbank: Chuck S2 Fight Breakdown,2026-02-22T11:08:24Z,8188937,81149,781,2026-02-26T03:07:42Z,1,Film & Animation, Koi
8nhDr2tKucU,🏴‍☠️👀 The REAL Reason Pirates Wore Eyepatches,2026-02-19T14:46:11Z,7325287,244736,518,2026-02-26T03:07:42Z,28,Science & Technology,Zero Theory
AUB3AN5PlXI,when you play a prank on your fishing buddy (you are the fish god) #helpmemakethismakesense,2026-02-20T16:19:16Z,6769189,58433,58,2026-02-26T03:07:42Z,24,Entertainment,zixxks
zDjUdPCLeek,Jimmy Kimmel Reacts to Donald Trump’s State of the Union Address 2026,2026-02-25T05:30:28Z,4634842,150201,6990,2026-02-26T03:07:42Z,23,Comedy,Jimmy Kimmel Live
d6NGOkY1ffc,"“A marriage without consent brings pain and unhappiness to both the woman and the man,""💔#heartbreak",2026-02-23T14:28:27Z,7506985,102973,70,2026-02-26T03:07:42Z,22,People & Blogs,RCK World
WCZw76NwGzw,Bro got a little nervous😅,2026-02-22T14:56:25Z,7599156,147457,884,2026-02-26T03:07:42Z,22,People & Blogs,Arte-Pino
xQxQ5sx8AiY,The boy delayed turning the steering for a second 😲,2026-02-23T09:30:38Z,6264370,22806,9,2026-02-26T03:07:42Z,24,Entertainment,Factsifa
CEYOMEQv8bU,Rumi Choked on a Fishbone 😭 #banaraslitfest​​,2026-02-20T23:17:59Z,8832277,223376,637,2026-02-26T03:07:42Z,24,Entertainment,OddLab
lFVt0lIbn1s,They crossed the line 😡 || Kdrama 🎭 Moving #fv #shortvideo,2026-02-23T15:50:01Z,8311477,0,332,2026-02-26T03:07:42Z,24,Entertainment,ღ ᴅʀᴀᴍᴀ ʙʟᴏᴏᴏᴍ ღ
S3eDsbHbSfA,ESTAFARON A NATI ‼️,2026-02-19T18:00:27Z,4780142,63957,189,2026-02-26T03:07:42Z,22,People & Blogs,ชื่อไหม เด้อ
1zAyPqrCqfc,Ela Foi a Primeira Mulher a Usar Calças 😮🎥 Série: 1883,2026-02-20T15:11:36Z,4619508,216032,733,2026-02-26T03:07:42Z,1,Film & Animation,Trecho Favorito
nsOyCqEb-Qc,what a sweet gesture ❤️😍 #farahkhan #ranveerallahbadia #shortsfeed #shorts,2026-02-23T11:07:58Z,5082782,99222,168,2026-02-26T03:07:42Z,22,People & Blogs,All about your favs
9yl7nIwsnrg,ESTO PASA si IGNORAS a LILY LOVEBRAIDS en Poppy Playtime 5,2026-02-22T20:29:47Z,4207735,145044,1542,2026-02-26T03:07:42Z,20,Gaming,HarvinGame
7r-wt-O3xVk,Девушка Обиделась на БЫВШЕГО и Завалила его ЗАКАЗАМИ Еды,2026-02-22T08:45:00Z,3833135,71913,576,2026-02-26T03:07:42Z,25,News & Politics,Минуту Внимания
BcjyqEYrfYo,PENCURI TERHEBAT DI DUNIA‼️ #shorts #alurceritafilm,2026-02-21T14:42:18Z,3534070,101494,359,2026-02-26T03:07:42Z,24,Entertainment,Cinemazil
WEo83Vf-PNw,WHEN A FRIEND IS STRUGGLE TO PAY OFF A DEBT  #shorts,2026-02-19T16:00:00Z,4029314,34061,40,2026-02-26T03:07:42Z,22,People & Blogs,hhhk
gdjfwWuaN3E,TOUGH AS NAILS! Why Aluminum is the King of Fishing Boats 🛳,2026-02-22T13:19:03Z,4876203,12692,136,2026-02-26T03:07:42Z,28,Science & Technology,Working Planet Shorts
Gntxpyzenos,We are proud to share that SBI has emerged as a Winner in 4 Categories,2026-02-22T16:23:07Z,3604892,133,2,2026-02-26T03:07:42Z,27,Education,State Bank of India
o3be_uhf9BU,A Company Just For Manufacturing,2026-02-23T18:02:17Z,4353612,140302,5196,2026-02-26T03:07:42Z,22,People & Blogs,Military Pods
SwqgBYKaZwg,He's a Barber. He's the Boss. And He Just Destroyed 10 Men with Scissors. ✂️🔥,2026-02-22T10:53:51Z,3328291,39604,319,2026-02-26T03:07:42Z,22,People & Blogs,Discover Series
iu1cqblLtes,It’s not about being the fastest 🏃🗿,2026-02-21T22:45:10Z,4210398,115635,1357,2026-02-26T03:07:42Z,20,Gaming,HecticSherlock Gaming
PYtzZgH_rYs,"Introducing the ""VitalWear SmartBand,"" a next-generation wearable gadget🎉 part 382",2026-02-23T08:51:15Z,3802493,0,100,2026-02-26T03:07:42Z,22,People & Blogs,Official Mohit Bhind
j2F04mtc4G8,Nadie Elige A Jesús! 😱,2026-02-23T18:00:48Z,3866361,57415,719,2026-02-26T03:07:42Z,24,Entertainment,Toro Travieso
BEai5GVv9FM,ele fez a irmã passar vergonha na escola kkkkk l #humor #engraçado #irmãos #shorts,2026-02-23T00:16:43Z,3675635,121765,316,2026-02-26T03:07:42Z,24,Entertainment,Tio Baldo
NB2SgCbxd9o,originally priced around $1.5 million is the mercedes CLR GTR considered oneof the most expensive,2026-02-20T08:12:41Z,3966534,9694,14,2026-02-26T03:07:42Z,22,People & Blogs,Neha sikandar
JymS1lJ2e-U,😱He Underestimated the Kid… Big Mistake,2026-02-19T16:00:00Z,3202467,121784,3592,2026-02-26T03:07:42Z,24,Entertainment,ShortzField
Y2JfL9vKBs0,Mintak clay sama kucing,2026-02-23T14:24:35Z,3755304,20077,15,2026-02-26T03:07:42Z,22,People & Blogs,Rocky_05 official
1oxL64KWjCU,A su novio no le hizo ninguna gracia y su cara lo dijo todo,2026-02-22T23:30:01Z,3391645,21921,73,2026-02-26T03:07:42Z,22,People & Blogs,Jon Sinache
7uqNXiAu9n4,When Stateside Hits the Ice #pinkpantheress #zaralarsson,2026-02-22T15:41:32Z,4270160,92781,460,2026-02-26T03:07:42Z,10,Music,Music & Megamix Super News
AwzwtK7iMCk,LA TRAMPA DE PAJA NO FUNCIONA!,2026-02-22T23:33:00Z,3474132,81255,226,2026-02-26T03:07:42Z,20,Gaming,Gelo
7xCscYKOmK4,"Sniper in the dense forest, a single soldier's desperate",2026-02-23T09:28:40Z,3291413,38442,153,2026-02-26T03:07:42Z,1,Film & Animation,Hperpetual
tAVNwbe75jc,Valve Release: The Controlled Vent of a Gas Cylinder's Last Breath,2026-02-23T03:26:41Z,4770957,9164,22,2026-02-26T03:07:42Z,22,People & Blogs,The Rustic Pantry
BaqKwoPPGng,We COVERED a Sweater in Stickers?! 😳,2026-02-21T15:00:17Z,2901467,24485,299,2026-02-26T03:07:42Z,22,People & Blogs,Sticki Rolls
zjDOqYlzjzs,you wanted it to be a surprise ❤️ #friends #edit #tvshow,2026-02-23T12:15:10Z,3147829,108446,355,2026-02-26T03:07:42Z,1,Film & Animation,Reel Rush Sitcom
iF4sQ9sBnHY,You are actually a Horse #minecraft,2026-02-23T07:50:54Z,3363739,99348,918,2026-02-26T03:07:42Z,20,Gaming,BlockerLocker
7F_Trew8AZI,LIKE SI AYUDARÍAS A SANTI #santi #santioficial #funny #shorts,2026-02-23T15:30:08Z,3629461,33385,82,2026-02-26T03:07:42Z,23,Comedy,Santi Oficial
k8bbkA7GZGc,"Amigos, hoy vamos a jugar el juego de Real o Pastel 🍰P-144 #shortvideo #viral #shortsfeed",2026-02-23T14:30:39Z,3185175,0,196,2026-02-26T03:07:42Z,22,People & Blogs,Kicks Bear
P6cBSj8-ZNg,Can't Wait For Hero Magic Archer 💀,2026-02-22T15:00:00Z,2792484,72767,734,2026-02-26T03:07:42Z,20,Gaming,MORTEIRO
AoEQPzE283g,He Turned a Guard Into the Star of the Show 🕺❤️ #shorts,2026-02-23T13:49:45Z,3271503,34587,252,2026-02-26T03:07:42Z,22,People & Blogs,Ryzen Explain 
hPb7dkkPDD8,Running away is the best strategy 😆#taihoa #shorts #funny,2026-02-23T10:30:24Z,3511540,34881,149,2026-02-26T03:07:42Z,24,Entertainment,H&T Official
sz2LQjTWrHw,Parecía Un Experimento Normal... ¡Hasta Volverse Morado! #curiosidades,2026-02-20T22:15:04Z,2986604,36276,73,2026-02-26T03:07:42Z,24,Entertainment,¿Sabías Esto?!
3e1fJcRNUoc,They were caught in a great flood..✨,2026-02-22T16:18:29Z,2815255,48165,66,2026-02-26T03:07:42Z,22,People & Blogs,Biubiubuff
4mKhSBpKDDA,"Challenge a bottle of water in one breath, the stage is everywhere",2026-02-22T12:02:56Z,3375029,11291,18,2026-02-26T03:07:42Z,22,People & Blogs,Xiao Feng
akaJZZeTa1s,Capybara Gets Blamed… But Max Finally Confesses & Cleans the School Wall! 😳🎨 #capybara,2026-02-22T17:38:00Z,2723241,68635,270,2026-02-26T03:07:42Z,22,People & Blogs,CapyWonders
XC27xTLHm0w,잘대 소리를 내면 안되는 비행기,2026-02-21T04:34:55Z,2907027,37833,271,2026-02-26T03:07:42Z,23,Comedy,냐옹무비
XcAwNC0_fSU,transforming into a spike,2026-02-23T12:51:25Z,3622324,25824,388,2026-02-26T03:07:42Z,24,Entertainment,lappwv
rfoKr7yCET8,Seeing who can read more pages while the other runs their fastest mile,2026-02-21T23:25:27Z,2498553,147455,589,2026-02-26T03:07:42Z,22,People & Blogs,Maya & Hunter
QAbEGaZ7WEk,The clown is so happy.#joker #shorts,2026-02-22T14:00:39Z,2285201,25039,137,2026-02-26T03:07:42Z,22,People & Blogs,Untitled Joker
_nKRpZ82uG0,Mercedes🤓 Built the CLR GTR at $2.5 🏡 M only a few lucky drivers experienced power 😅🍓#reelschallenge,2026-02-23T02:00:35Z,3031233,11221,0,2026-02-26T03:07:42Z,22,People & Blogs,Shah Jee
_RwvEtkt2kg,There's actually a grassland in the office#shorts,2026-02-21T10:45:21Z,2187285,59339,523,2026-02-26T03:07:42Z,22,People & Blogs,CineRealm
zETGphmtuZU,Help Hulk Dig Deeper to Find the Biggest Diamond! 💎🔥#hulk  #spidey,2026-02-22T13:38:09Z,2724119,113199,58,2026-02-26T03:07:42Z,24,Entertainment,ZekiLand Funny
XeeA2UVpAWU,Love my fam,2026-02-23T06:37:56Z,2104605,116234,1096,2026-02-26T03:07:42Z,22,People & Blogs,Bridey Drake
lUq7AF0JgnA,Гениальная идея раздвижных ворот своими руками,2026-02-23T11:01:15Z,2844064,8886,111,2026-02-26T03:07:42Z,28,Science & Technology,ParanormX
0NCRhi2mEdI,"Introducing the ""VitalWear SmartBand,"" a next-generation wearable gadget,",2026-02-23T13:09:54Z,2462327,16352,5,2026-02-26T03:07:42Z,22,People & Blogs,SK YT
filo02qySJU,The Craziest Action Movie Scene Ever,2026-02-21T17:17:57Z,2634830,110178,642,2026-02-26T03:07:42Z,20,Gaming,Siege Pack
85J9T6KtkJQ,¿Rumi podrá sacar a Mira del agujero?💔😱,2026-02-22T17:53:19Z,2329267,20211,29,2026-02-26T03:07:42Z,22,People & Blogs,Jesús Scope
5V3BncH6NTw,Why Is It Opened Before A Bicycle Race #shorts #ytshorts,2026-02-23T14:46:45Z,3386708,0,1,2026-02-26T03:07:42Z,24,Entertainment,FactsMail 2.0
ORFj8ulQ2UA,"When Grandma's house collapsed, Grandma built a new luxury Bamboo House #craft #grandmother #bamboo",2026-02-23T12:30:10Z,2213861,0,73,2026-02-26T03:07:42Z,22,People & Blogs,Nature Craft Ai
gXEoZU-gz9E,Bro had the WORST Timing 💀,2026-02-22T16:30:28Z,2166833,50782,575,2026-02-26T03:07:42Z,20,Gaming,Floriz
Hc7oXAUxjPg,When Cherki Almost Made A Comeback 🤯🔥,2026-02-22T20:19:16Z,2287164,40719,101,2026-02-26T03:07:42Z,17,Sports,GoalFX
iCbaGs6eViU,they built a death note in build a boat 💔,2026-02-22T19:32:55Z,2266512,75016,1424,2026-02-26T03:07:42Z,24,Entertainment,Doron’s World
7imW7GotI6g,hamari new chair a gai 🥰🥰,2026-02-22T12:35:00Z,2252153,11677,19,2026-02-26T03:07:42Z,22,People & Blogs,Annu With Mk vlogs
4_RKhJUJ6H4,ELA ENCONTROU A ESPADA LENDÁRIA DO IMPERADOR,2026-02-23T15:59:53Z,4242780,62980,173,2026-02-26T03:07:42Z,20,Gaming,Thiago da Achah
dPIiTnz68mo,Jinu Kicked Steve Out of the Elevator… But the Truth Shocked Him #minecraft #shorts,2026-02-22T10:00:52Z,4704661,35178,24,2026-02-26T03:07:42Z,1,Film & Animation,Pop Dash
Oi7n4fZiVV0,Lightning McQueen In The Maze! #shorts,2026-02-21T12:00:38Z,3918249,19388,12,2026-02-26T03:07:42Z,20,Gaming,Felli
zY7GbgIQciY,She's a real friend! 🗿 #shorts #funny #trending #cat,2026-02-22T10:55:01Z,3590671,16539,92,2026-02-26T03:07:42Z,22,People & Blogs,Naseer Khan
Jka6zERpDjo,Creamy Mac & Cheese in the Air Fryer! Crazy Experiment!,2026-02-20T10:14:20Z,3525766,63188,267,2026-02-26T03:07:42Z,22,People & Blogs,KRISTASTICA
LjhqBhtn8hg,PLAYER NO es un EXPERIMENTO 🔬😐,2026-02-23T17:45:03Z,3314107,94248,1225,2026-02-26T03:07:42Z,20,Gaming,Codigo exe
rqln5qgSqtg,The Gum Beggars Won’t Like This 😭,2026-02-22T14:30:41Z,3877850,72302,3013,2026-02-26T03:07:42Z,22,People & Blogs,John Vibes
nwNARnY1iec,Planting Tomorrow's Flavor: Setting Garlic Shoots in the Field 🧑🌾🌿,2026-02-21T20:00:38Z,4697238,5505,8,2026-02-26T03:07:42Z,26,Howto & Style,Clever solution
fLOiKyijfSs,was THAT a good idea?  #roblox,2026-02-23T04:06:44Z,2867247,42377,1003,2026-02-26T03:07:42Z,20,Gaming,Luckman
oDiE0PBfAQI,Cosas que nunca le haría a mis Fidget Toys caseros 🤯 #art #paper #manualidades,2026-02-22T14:15:05Z,2837500,17352,529,2026-02-26T03:07:42Z,24,Entertainment,Miricraft
YpSsWkeXU1k,@NickDiGiovanni Cooks A Dollar Tree Steak!,2026-02-22T21:13:12Z,2508864,77045,189,2026-02-26T03:07:42Z,22,People & Blogs,Cooked Clips
cpPhoBACc_w,Olha a lição que o frentista deu para esse homem.#reflexão,2026-02-23T10:52:16Z,2779703,80317,1610,2026-02-26T03:07:42Z,24,Entertainment,Cortes Aleatórios vídeos 
9j7BqUY5hFU,ROBLOX is coming to an END... 💔😔,2026-02-21T03:16:41Z,2041813,18076,511,2026-02-26T03:07:42Z,22,People & Blogs,Blox Times
MbDM3DkFKSI,"Bocil Ngamuk, Udangnya Diserobot Ayah 😂🍤",2026-02-23T06:00:00Z,2290536,14191,17,2026-02-26T03:07:42Z,22,People & Blogs,FUNNYVERSE
n1YKHGg7_A8,She Was Locked in a Secret Room. She Watched Her Fiancé Fall in Love With Her Replacement.,2026-02-22T03:25:40Z,2716061,94088,236,2026-02-26T03:07:42Z,22,People & Blogs,neil mccormick
oOx57OHB4-4,That Little Doctor Stole the Show 🩺💛 #pankhuriawasthy #cute #trending #aliabhatt #bollywood #shorts,2026-02-23T15:00:00Z,2860658,20439,62,2026-02-26T03:07:42Z,24,Entertainment,The Filmy Folk
_KGRh4pAt0Y,My Luck Is CURSED… Admin Block Trolled Me & The Tsunami Ended It 😭🌊 #usa #brainrot #stealabrainrot,2026-02-22T18:07:47Z,2203132,0,74,2026-02-26T03:07:42Z,20,Gaming,YADU
_khJd1J2QpE,He Raised a Two-Headed Fish 🐟😳 #shorts,2026-02-23T21:40:12Z,1800099,28792,143,2026-02-26T03:07:42Z,22,People & Blogs,Infi's Diary
t4hcwN52Pd8,One day he will find a home 🥹💔 #dog #fyp #dogofinstagram,2026-02-22T11:25:56Z,2586774,16575,1011,2026-02-26T03:07:42Z,22,People & Blogs,Jetson Pets
DvAqypehkNA,Working 24 hours straight makes mistakes inevitable 😓⏰The movie title is at the end.#Shorts#movie,2026-02-23T11:12:26Z,2001486,90360,515,2026-02-26T03:07:42Z,24,Entertainment,Atlas4074
lovCfLS_0o0,No one can match Sunil Grover what a act #sunilgrover #madhuridixit #kapilsharma #netflixseries,2026-02-22T13:30:49Z,1762157,0,41,2026-02-26T03:07:42Z,23,Comedy,Devnox Editzz
ZX3ihCiHTro,Cậu bé nhặt được Vật Nhiễm Phóng Xạ và cái kết,2026-02-22T09:46:54Z,2155485,0,31,2026-02-26T03:07:42Z,22,People & Blogs,Chỉ Vietsub
3M8zfLwmlxM,MICHAEL JACKSON & JACKIE WILSON MASHUP 1995 vs 1962 | HE TOOK THE FOUNDATION AND MADE IT BETTER 🐐🔥,2026-02-22T17:09:43Z,2498173,32591,641,2026-02-26T03:07:42Z,24,Entertainment,SLY
qKW5rkph8bw,papa adit melin ada air mancur #trendingshorts,2026-02-23T09:20:33Z,2875439,7353,5,2026-02-26T03:07:42Z,24,Entertainment,papah dan adit
IflfkKGTqPI,ASSIM VOCÊ CONSEGUE LEMBRAR A SENHA DO CADEADO,2026-02-23T21:20:12Z,2580054,29839,278,2026-02-26T03:07:42Z,20,Gaming,Thiago da Achah
hgv8C-8VXcY,배달시장이 중국인에게 장악당한 이유,2026-02-23T02:29:39Z,1900222,24246,3236,2026-02-26T03:07:42Z,25,News & Politics,솔직한여자TV
05WLzXYZXIo,Among Us in 2020 was a fever dream 😭,2026-02-23T00:00:01Z,2735903,72084,800,2026-02-26T03:07:42Z,24,Entertainment,monium
i558aKJA1lc,Bruce Wayne HUMILIATES the Board Room!#movie #film,2026-02-22T10:55:38Z,2159729,33028,206,2026-02-26T03:07:42Z,1,Film & Animation,Scene Analysis
Nkc1siLj4PQ,Can This Trick Save a Broken Screen? 🛠️👀 | Windshield Repair Kit,2026-02-23T13:38:08Z,2168806,33272,13,2026-02-26T03:07:42Z,28,Science & Technology,SimpleGhar Tamil
BDn1s_FmzSU,The Silverware Story 🥄,2026-02-23T03:25:00Z,2106856,104642,494,2026-02-26T03:07:42Z,22,People & Blogs,Mark
hQSux1l3tF0,3 animales que protegen a otras especies,2026-02-23T11:25:48Z,1897054,64353,155,2026-02-26T03:07:42Z,24,Entertainment,MundoAnimales
gA-SzyloIAM,LE PUSE una CÁMARA ESPÍA a HEXO !!,2026-02-25T00:30:07Z,1256239,42168,19772,2026-02-26T03:07:42Z,24,Entertainment,YOLO AVENTURAS
I-L-SyAQfYk,A vida da mãe de recém nascido kkk #meme #humor #viral,2026-02-22T21:03:10Z,2699321,13122,69,2026-02-26T03:07:42Z,22,People & Blogs,Katssa Melkya
yW3V-UPalJo,#A very funny situation,2026-02-21T05:08:49Z,3042647,19094,42,2026-02-26T03:07:42Z,22,People & Blogs,Yituber Ibrahim Al-Khader
Vn8DHdj95bw,Fui a ver el Peor Equipo de FIFA en la Vida Real,2026-02-23T16:29:02Z,1035909,19185,637,2026-02-26T03:07:42Z,17,Sports,Rulas 47
8KSblgFdjnk,Me enfrente a un hacker descarado de lobo solotario☠️,2026-02-24T00:06:48Z,1279063,61357,739,2026-02-26T03:07:42Z,20,Gaming,SOYTINCA
fijSdJqWNeY,I Made A MONSTER Sandwich.. 🥪😭,2026-02-24T15:40:00Z,1861872,43665,2461,2026-02-26T03:07:42Z,20,Gaming,Tyler Vitelli
ohFZekvbQUQ,Historia de una Relación | Vivir es increíble,2026-02-24T05:13:21Z,1755123,193,6,2026-02-26T03:07:42Z,24,Entertainment,GNP Seguros
p0sq3TZaOnQ,"""Wound-up and weird"": Maddow's INSTANT REACTION to Trump's State of the Union",2026-02-25T04:44:45Z,693603,20061,4420,2026-02-26T03:07:42Z,25,News & Politics,MS NOW
pjGvA-D0Fcs,President Trump 2026 State of the Union Address & Democratic Response,2026-02-25T04:33:57Z,637308,8551,3411,2026-02-26T03:07:42Z,25,News & Politics,C-SPAN
C7Oj_liF2NE,A final time on Olympic home ice 🇮🇹⛸️ #MilanFigureSkating,2026-02-21T18:28:05Z,1722365,13956,90,2026-02-26T03:07:42Z,17,Sports,Olympics
wGs_lozRXGo,¡Última hora! Abaten a 'El Mecho' durante operativo en Guadalajara; reportan bloqueos en el país,2026-02-22T18:00:10Z,556047,5483,1700,2026-02-26T03:07:42Z,25,News & Politics,TelediarioMx
SpYYk59D_8I,I'm a BABY AXOLOTL in Minecraft!,2026-02-22T20:20:53Z,565413,10604,1321,2026-02-26T03:07:42Z,20,Gaming,Aphmau
BP-DJTY94O0,🔴Tacos Tuesday ADMIN ABUSE + TOP 1 Monde !,2026-02-25T01:16:37Z,537153,13500,580,2026-02-26T03:07:42Z,20,Gaming,Unchained_Off
Wss3c6dAdvE,DA UMA RAIVA QUE O MOSQUITO NÃO CONSEGUE ACHAR A JANELA PRA SAIR KAKAKAKA😹❤️,2026-02-23T18:20:00Z,1028942,33804,545,2026-02-26T03:07:42Z,24,Entertainment,mihtanino
g6vA3gXXsbs,Whatever I GOOGLE COMES TO LIFE In Steal a Brainrot...,2026-02-24T16:00:56Z,416490,19045,1219,2026-02-26T03:07:42Z,20,Gaming,Techys
e2CjoaVubW4,A Zion le hacían bullying!,2026-02-22T00:00:41Z,845259,14923,60,2026-02-26T03:07:42Z,23,Comedy,Juanpis González
t1-hlBr7grg,Building a CITY BASE To Survive 1000 Nights In 99 NIGHTS IN THE FOREST (Roblox),2026-02-20T19:15:04Z,369969,4863,844,2026-02-26T03:07:42Z,20,Gaming,soph!
AVCCJ_3CiFc,J Jameson despide a Eduard Brock #Shorts,2026-02-23T00:30:07Z,735967,0,359,2026-02-26T03:07:42Z,24,Entertainment,The Shooterman
wHO1cR0qjn4,BREAKING: Dem EJECTED from Trump's State of the Union address,2026-02-25T02:32:12Z,365173,6101,2904,2026-02-26T03:07:42Z,25,News & Politics,Fox News
Fmd8ClZZQUg,Quando a minha esposa me pede alguma coisa,2026-02-19T20:55:00Z,7452468,105734,747,2026-02-26T03:07:42Z,24,Entertainment,Falaidearo
DdpjCfwkOE4,2 birds on a wire trend! 🪽🥰,2026-02-21T10:00:30Z,6647443,97611,1834,2026-02-26T03:07:42Z,22,People & Blogs,Mia Van Haarlem
nnPA1s12e90,He found out a very powerful kinfe mistakly,2026-02-19T16:21:14Z,5330228,75748,39,2026-02-26T03:07:42Z,22,People & Blogs,Chobbir Anotorale
1OwcQforVPE,Amazing Barehand Fishing: Catching a Giant Mud Eel! #fish #fishing #handfish,2026-02-19T04:00:00Z,4046251,9359,9,2026-02-26T03:07:42Z,22,People & Blogs,Local Fishing
vQf9tqaNOII,A Guerra Secreta das Formigas,2026-02-21T15:01:28Z,2174714,48311,882,2026-02-26T03:07:42Z,27,Education,Fritando Neurônio
cE2cnoiwK9s,BI HUỲNH CHƠI THỬ GROW A GARDEN 2.0 MỞ KHÓA DAWN BLOSSOM HIẾM NHẤT,2026-02-25T09:47:55Z,547520,9617,1010,2026-02-26T03:07:42Z,20,Gaming,Bi Huỳnh Roblox
KRpyopvtvVs,Sean Hannity: Dems are a 'soulless party',2026-02-25T05:45:03Z,347618,11035,3667,2026-02-26T03:07:42Z,25,News & Politics,Fox News
E-2SPzBHWc0,President Trump delivers the 2026 State of the Union address to Congress — 2/24/2026,2026-02-25T04:11:00Z,323065,3093,0,2026-02-26T03:07:42Z,25,News & Politics,CNBC Television
KUjqFWntQ7w,Quico salvó a Don Ramón de un insecto #donramón #quico #elchavo,2026-02-24T00:00:31Z,728585,13330,115,2026-02-26T03:07:42Z,24,Entertainment,Chavoland
ctUIXaIJEnA,JJ wanted a goaltending call 🤔,2026-02-23T02:31:01Z,609709,6749,154,2026-02-26T03:07:42Z,17,Sports,Bleacher Report
DYn1DuzqPd0,プロスピAニュース スペシャル【プロスピA】,2026-02-25T10:52:49Z,284742,5683,280,2026-02-26T03:07:42Z,20,Gaming,パワプロ・プロスピ公式チャンネル
92ekTv_ztHs,WATCH LIVE: President Donald Trump’s 2026 State of the Union Address | Direct floor feed,2026-02-25T04:17:35Z,327279,4138,0,2026-02-26T03:07:42Z,25,News & Politics,PBS NewsHour
rC41uACXEHw,¡ES CUMPLEAÑOS DE SAMMY! MEGA ADMIN ABUSE en STEAL A BRAINROT! (Roblox),2026-02-25T00:30:10Z,271698,3649,123,2026-02-26T03:07:42Z,20,Gaming,Linkego
sO-YwMjiWts,Fixing a Bad Dowel Joint #shorts #woodworking #diy,2026-02-23T11:08:54Z,511055,6117,57,2026-02-26T03:07:42Z,26,Howto & Style,TWCDesign
XeDo4CCgDmQ,Perspective-taking is a common challenge in autism…❤️‍🩹 #autistic #autism #autismawareness #therapy,2026-02-19T19:00:48Z,365511,31558,409,2026-02-26T03:07:42Z,15,Pets & Animals,Kaelynn Partlow
KrAwGLMwMdI,😱Grow a Garden 2 ВЫШЛА! Я СТАЛ ТОП ИГРОКОМ в GARDEN HORIZON РОБЛОКС!,2026-02-23T07:55:59Z,245664,6341,2027,2026-02-26T03:07:42Z,20,Gaming,EroxBlox
heQXp3P1VWI,The BAFTA's Showed Us Who People Really Are,2026-02-25T17:01:10Z,742889,59597,8365,2026-02-26T03:07:42Z,24,Entertainment,The Critical Drinker
shOpZCKg9Xo,We Survived In A FISHING CABIN For 99 Nights In The Forest..,2026-02-24T13:02:00Z,249909,4047,623,2026-02-26T03:07:42Z,20,Gaming,Kat
iR8rXAqm_IQ,How often do teams actually win 5 in a row?,2026-02-24T12:01:17Z,421498,20507,163,2026-02-26T03:07:42Z,17,Sports,Tifo Football by The Athletic
tvCt4E-jJdw,'The Five' on Trump's BIG night...,2026-02-25T00:00:06Z,236311,4955,1117,2026-02-26T03:07:42Z,25,News & Politics,Fox News
RH9ZgfJQ5hc,Meanwhile... A Man With 3 Penises | Giraffe vs. Ostrich | Wrestling Speed Dating,2026-02-25T09:06:37Z,319779,15860,552,2026-02-26T03:07:42Z,24,Entertainment,The Late Show with Stephen Colbert
ws_1cjZJtf8,"The View Full Broadcast – February 24, 2026",2026-02-24T20:00:50Z,232687,5434,1148,2026-02-26T03:07:42Z,24,Entertainment,The View
nnDte10lunw,Watters: THIS may be the pinnacle of Trump's power...,2026-02-25T01:30:21Z,215604,4467,954,2026-02-26T03:07:42Z,25,News & Politics,Fox News
t--Pcz7V0Rg,Babu descobrindo que a 'Chaiany' não é 'Chaieny' | BBB 26,2026-02-23T14:16:41Z,396413,12698,203,2026-02-26T03:07:42Z,24,Entertainment,Big Brother Brasil
6PNFW3rkPKQ,Niñas ricas le enseñan lo importante de estudiar a otra niña humilde ￼,2026-02-24T23:50:07Z,667802,16273,53,2026-02-26T03:07:42Z,22,People & Blogs,Jesus Sulbaran
#NAME?,Chuck on the 2026 All-Star Game ‘They played a quarter... don't give them a cookie’ | Inside the NBA,2026-02-21T00:50:58Z,199479,2000,414,2026-02-26T03:07:42Z,17,Sports,NBA on ESPN
eHkZz-K0Nwk,quem é a pior amiga nessa história?,2026-02-24T15:30:55Z,207871,20812,1254,2026-02-26T03:07:42Z,24,Entertainment,Matheus e Guigo Show
zy9cCJ7rzAg,LIVE ANALYSIS: Watch live reaction to Trump's State of the Union WITH Symone and Eugene!,2026-02-25T04:45:17Z,194535,2510,257,2026-02-26T03:07:42Z,25,News & Politics,MS NOW
xsAnC1vloPQ,Aぇ! group【ASMRなのに…悲鳴!?】イヤホン着用にご注意ください 笑,2026-02-24T12:01:41Z,196672,14792,1558,2026-02-26T03:07:42Z,24,Entertainment,Aぇ! group
WDvjdY6cdVU,This song built a generation,2026-02-24T02:00:24Z,387421,0,827,2026-02-26T03:07:42Z,23,Comedy,Justin Stagner 
yc8hyKJqyiI,Continuate a ballare il Trend 100 Mila colpi e uno di voi verrà scelto per stare con noi in villa! 💕,2026-02-23T13:03:04Z,371383,11922,478,2026-02-26T03:07:42Z,24,Entertainment,💖SOFYPAPY💙
s59hbPrzVhE,Sanremo 2026 - L'incontro tra Can Yaman e Kabir Bedi a Sanremo 2026,2026-02-24T23:17:30Z,219813,3266,560,2026-02-26T03:07:42Z,24,Entertainment,Rai
27om7zOscgU,Where's my grape? #a little laugh for every view #funny #unexpected ending,2026-02-20T07:00:02Z,403687,3898,22,2026-02-26T03:07:42Z,22,People & Blogs,The Stupid Po
riffGwm9p3M,ich BEKLAUE YOUTUBER UNDERCOVER in Steal a Brainrot!,2026-02-24T11:38:37Z,186866,3494,222,2026-02-26T03:07:42Z,20,Gaming,Standart Skill
i73R5JV3UKs,jump rope with a charging cord！,2026-02-23T11:15:20Z,525355,2339,6,2026-02-26T03:07:42Z,22,People & Blogs,HAYATAKU はやたく
QDS5fRBTTTk,Remembering a Titan,2026-02-24T17:00:41Z,238323,16226,1111,2026-02-26T03:07:42Z,20,Gaming,IGN
2L3VpT_9Ux4,NEW Steal A Brainrot DIVINE fuse insane luck,2026-02-23T15:35:44Z,284300,4226,143,2026-02-26T03:07:42Z,20,Gaming,Sxzxr
8kla0J1Jfp0,Beto a Saber - FEB 24 - ENTREVISTA COMPLETA A HERNANDO DE SOTO | Willax,2026-02-25T03:19:07Z,205638,3015,1241,2026-02-26T03:07:42Z,25,News & Politics,Willax Televisión
JR2yw0dHX34,Une journée avec moi ❤️,2026-02-19T10:42:27Z,163507,1150,0,2026-02-26T03:07:42Z,22,People & Blogs,Happy kids Vlog
66H-cWqy5R0,I Surprised Sammy with BIRTHDAY GIFT in Steal a Brainrot Roblox,2026-02-25T08:32:02Z,254918,7723,1839,2026-02-26T03:07:42Z,20,Gaming,SenpaiUnlimited
Qo4DPudFJEY,"💣👀 ""C'est une bombe ou quoi ?"" 😅 Luis Enrique a encore craqué ! #shorts",2026-02-24T16:15:03Z,327800,4078,132,2026-02-26T03:07:42Z,17,Sports,beIN SPORTS France
eMlBnkyez2c,I Melted an In-N-Out Burger Into a Dip!!?,2026-02-22T16:44:24Z,228171,7748,191,2026-02-26T03:07:42Z,22,People & Blogs,Meatlicious
Gl30Uaf5uWg,When You Make A Pillow Fort 🤣 #shorts #relatable,2026-02-24T00:40:00Z,267793,5448,56,2026-02-26T03:07:42Z,23,Comedy,depeet
#NAME?,🚨 ¿El PROTOTIPO lanzó a POPPY o a PLAYER en el tanque de EL FINAL? 🤔 || POPPY PLAYTIME 5⭐,2026-02-24T19:58:52Z,253461,20605,339,2026-02-26T03:07:42Z,24,Entertainment,Sergioks
tyLBHwk72TU,The Tool That Protects a Luxury Watch!🤯,2026-02-23T16:03:23Z,261003,0,8,2026-02-26T03:07:42Z,27,Education,ScienceWith-AD7 
BhUNI2uKGnc,World Right Now In A Nutshell: #europe #map #mapping #mapper,2026-02-23T17:30:03Z,311256,4529,472,2026-02-26T03:07:42Z,24,Entertainment,PortugalCountryBali
eUQHhlMVAdQ,When Dad Started Pulling a Crocodile Out of the Pool🤯 Chintu Stood There Totally Shocked! 😂🐊👀,2026-02-24T07:54:20Z,249707,0,1,2026-02-26T03:07:42Z,22,People & Blogs,Facts Oppy
hsXM73mgXxI,CAUGHT ON CAMERA: Lawmaker caught taking a nap at State of the Union,2026-02-25T04:15:04Z,327693,4717,673,2026-02-26T03:07:42Z,25,News & Politics,Fox News
mDqVKT6rIfk,Rappi domó a kuka Ofelia Fernández,2026-02-24T00:04:14Z,177274,7585,333,2026-02-26T03:07:42Z,22,People & Blogs,Mate con Mote
ymhn-3I5kQY,What is a 'Lenny Skutnik'?,2026-02-24T12:52:00Z,150040,4532,163,2026-02-26T03:07:42Z,25,News & Politics,CNN
v16oYLlq47k,POV: When you try to be the Main Character but gravity says NO 🥚💀,2026-02-22T14:27:23Z,7106516,37755,24,2026-02-26T03:07:42Z,1,Film & Animation,Final Hour Stories
geugrkKOb04,They Underestimated Her — That Was the Mistake 👇,2026-02-23T10:02:19Z,4290210,90665,297,2026-02-26T03:07:42Z,24,Entertainment,mdscae
TLi-b2AzC0I,I guess the hands on hips was never a phase 🤣 #childhoodphotos,2026-02-23T07:54:45Z,843352,45103,146,2026-02-26T03:07:42Z,22,People & Blogs,LilBigNanc
T4sh_XaA-m4,Stephen A. STILL thinks the Pistons are the best team in the league! 👀 | First Take,2026-02-24T16:17:24Z,153448,1763,600,2026-02-26T03:07:42Z,17,Sports,ESPN
9E8wUC8D2JY,The opening 9 minutes of Trump's State of the Union 2026,2026-02-25T03:43:00Z,159579,856,1980,2026-02-26T03:07:42Z,25,News & Politics,CNN
3RdP9GKw2fE,Dad Gave Rhia a Big Kitchen Set… Sierra Got a Small One?! 😮🍳💛,2026-02-23T23:30:01Z,306952,2021,0,2026-02-26T03:07:42Z,24,Entertainment,Sierra and Rhia English
11Mn4liY73k,Seher Takes A Stand | Seher,2026-02-23T04:30:48Z,149566,4724,35,2026-02-26T03:07:42Z,24,Entertainment,Colors
U-54oX9FfZ4,who can make a pineapple 🍍,2026-02-25T14:17:45Z,302822,2973,3,2026-02-26T03:07:42Z,24,Entertainment,Natkhat Maha
c9lEUYYsew8,A Ram Sam Sam Sam | Emma And Joey Nursery Rhymes | Beep Beep #shorts,2026-02-23T07:48:38Z,160612,1296,0,2026-02-26T03:07:42Z,27,Education,Emma And Joey - Nursery Rhymes
jDvmHhZUu7I,IF A PIRATE MADE A RAP SONG,2026-02-24T20:49:53Z,127489,12546,670,2026-02-26T03:07:42Z,10,Music,Jonn
rYKPFo6okrI,Aぇ! group official【ASMRなのに…悲鳴!?】イヤホン着用にご注意ください 笑,2026-02-24T00:01:02Z,122999,16719,221,2026-02-26T03:07:42Z,24,Entertainment,Aぇ! group
PVezQ54dbIk,Can A Bullet Stop A Bear 🐻,2026-02-23T17:30:13Z,135051,3529,77,2026-02-26T03:07:42Z,22,People & Blogs,The Art Of War
94i5Voegi9c,Así cayó “El Mencho”: la pista sentimental que llevó a la inteligencia mexicana,2026-02-23T17:44:14Z,148306,1325,41,2026-02-26T03:07:42Z,25,News & Politics,Diario La Prensa - Premium
3_fzSIHaP44,POV: Você está em uma briga com a Maxiane | BBB 26 | #Shorts,2026-02-25T05:36:21Z,237003,3371,195,2026-02-26T03:07:42Z,24,Entertainment,Big Brother Brasil
vdCgHRis6ek,Playing with a Boomerang 🪃😄 #shorts #peppapig,2026-02-24T00:00:59Z,157971,1874,0,2026-02-26T03:07:42Z,1,Film & Animation,Peppa Pig - Official Channel
U4j0G5lPRKE,Debemos tratar BUEN A LOS HIJOS #comedia #familiaibañez #humor #casosdefamilia #comedy #shortsfeed,2026-02-25T03:02:33Z,189488,1724,12,2026-02-26T03:07:42Z,24,Entertainment,Familia Ibañez
SN2oavZSyn4,#shorts Steal a Brainrot Playing with viewers Live part 13 #roblox,2026-02-25T19:35:38Z,52914,190,0,2026-02-26T03:07:42Z,20,Gaming,Taros Arc
#NAME?,Orbán Viktor miniszterelnök hétfőn a Sülysápon rendezett fórumon beszélt,2026-02-24T06:41:17Z,51682,1145,85,2026-02-26T03:07:42Z,25,News & Politics,hirado․hu - Magyarország hírforrása
oG91cVfy3AA,'The View' Reacts To Trump’s State of the Union | The View,2026-02-25T19:00:59Z,123597,3519,1004,2026-02-26T03:07:42Z,24,Entertainment,The View
zx9fg1zBttk,🔴LIVE STEAL A BRAINROT NEW TRADING MACHIENE & *PVP*,2026-02-25T21:20:18Z,193666,1514,7,2026-02-26T03:07:42Z,20,Gaming,Norgotor
tiFsTsYQ-0s,Stuart Varney: This was a demonstration of how to expose your political opponents' weakness #shorts,2026-02-25T19:00:55Z,156441,12956,595,2026-02-26T03:07:42Z,25,News & Politics,Fox Business
iyvcG9URjoU,What a U.S. attack on Iran could look like,2026-02-25T15:23:43Z,3885,49,14,2026-02-26T03:07:42Z,25,News & Politics,Foreign Policy
L-7XMifJULU,The Costume Test That Made Audrey Hepburn a Star!,2026-02-25T17:00:29Z,6968,173,5,2026-02-26T03:07:42Z,1,Film & Animation,The Academy
Y2J2GOyT9XU,Marta G. Aller: “A Vox parece que lo que le ofende es que el PP le dé la razón”,2026-02-25T08:30:26Z,12230,314,18,2026-02-26T03:07:42Z,25,News & Politics,Onda Cero
XOS8IZzk23w,"🔴 Muere a los 93 años Antonio Tejero, autor del intento de golpe de Estado de 1981",2026-02-25T18:50:24Z,9923,315,44,2026-02-26T03:07:42Z,24,Entertainment,La Ventana
VjJllw9x1dQ,Mike Vrabel  wants to help Gonzalez become a captain,2026-02-25T20:23:25Z,2020,76,3,2026-02-26T03:07:42Z,17,Sports,NBC Sports Boston
7ZfTFrhbPz4,🇦🇷 #URGENTE: @KalinaAnn destroza a Chiqui Tapia por paro mafioso en AFA contra Milei y la Justicia,2026-02-25T20:00:10Z,2213,308,27,2026-02-26T03:07:42Z,25,News & Politics,Derecha Diario TV
Vb6FU09T2k4,He turned into a cat,2026-02-25T19:37:56Z,38191,167,3,2026-02-26T03:07:42Z,24,Entertainment,EBB Super Star
tZ70PGE5ygA,The ultimate arm wrestling battle 💪🔥 Who will win the ultimate glory? 👑 #familyfun #armwrestling,2026-02-22T09:52:56Z,4823357,26608,157,2026-02-26T03:07:42Z,22,People & Blogs,Our Tiny World
owMQZX862Ms,I wrote a book.,2026-02-21T02:44:18Z,1586425,220740,20049,2026-02-26T03:07:42Z,24,Entertainment,Sam O'Nella Academy
AENBKj5175g,"Third day of the New Year – Wishing you peace, warmth in your family a year filled with happiness.",2026-02-19T13:00:30Z,54099934,698947,747,2026-02-27T19:44:28Z,26,,BYB Academy
EGddu3Romps,Teacher Tried to Catch the Gate Kicker… But Every Student Had a Crazy Excuse,2026-02-20T09:28:42Z,54069239,0,54,2026-02-27T19:44:28Z,24,,Happy L story 
4qFLuUlx4SI,How Fast Can You Stop A KPop Demon?,2026-02-20T13:33:37Z,39431080,611261,1670,2026-02-27T19:44:28Z,22,,Stokes Twins
IvqWwQJndYc,Chi é Elodie in confronto a Shakira ? 😍#shakira #elodie #confronto #concerto #fan #cantante #fans,2026-02-18T22:00:17Z,57979358,159538,1031,2026-02-27T19:44:28Z,22,,OoK
HSU6L2IYlpA,She became a mummy. she became a mummy for fun!❤️,2026-02-17T14:00:32Z,42693397,0,2213,2026-02-27T19:44:28Z,22,,Red
4tzBDynpQ1E,They turned a muddy clearing into a bamboo paradise #transformation #satisfying,2026-02-18T18:45:00Z,38048344,673822,5021,2026-02-27T19:44:28Z,22,,Inspiring Ideas
ZgNkU0EgbmY,Can a 100 Pound Kettlebell Stop a 50 Cal?,2026-02-18T16:10:49Z,44429445,903469,4872,2026-02-27T19:44:28Z,22,,Yee Yee Life
yCGsrkdddoE,"A Mansão do meu cachorro desabou, então acabei dando uma casa simples improvisada para ele 😱🏠",2026-02-20T22:40:01Z,34238769,167197,1825,2026-02-27T19:44:28Z,15,,Kitem AI Dogs Oficial
WP1LBZMF1L0,Simran enters a Moneyless World🌎💸😱|Simran Makhija| #shorts #school #schoollife #funny #comedy,2026-02-19T00:30:27Z,31155859,287439,155,2026-02-27T19:44:28Z,22,,Simran Makhija
ncNl1Qu_dDE,When Military Training Turns Into a Comedy Show,2026-02-19T07:30:20Z,38099852,0,288,2026-02-27T19:44:28Z,24,,CurioVerse
TZurFnKJNns,包丁ができるまでHow a Knife is Made,2026-02-18T12:00:58Z,29349056,398982,4305,2026-02-27T19:44:28Z,24,,研師Ryota
28dq4f6MBZ0,"Officer saves old lady from a 250,000$ SCAM",2026-02-18T18:34:37Z,22103363,968155,19353,2026-02-27T19:44:28Z,22,,Patrol Log
IWz9qdq_EnA,No one is born with a dark heart ♥ #viral #status #funnyexpression,2026-02-19T05:47:26Z,21879162,0,582,2026-02-27T19:44:28Z,24,,Yash
ArvNDr9Cdbs,These people have built a luxury home #shortsvideo,2026-02-18T09:21:00Z,21691269,0,110,2026-02-27T19:44:28Z,22,,Shorts With Sai 2
sEITEY7x7Tg,What Happens to Your Grip If You Squeeze a Hand Gripper for 30 Days?,2026-02-19T04:30:38Z,27454737,436944,495,2026-02-27T19:44:28Z,17,,Skull Yogi
S_9F_sLCjW0,Pain of Having a Stepmom🥹 #stepmomlife #jagritipahwa #stepparents #realitycheck #treatchildrenwell,2026-02-17T13:28:55Z,20201476,393983,963,2026-02-27T19:44:28Z,23,,Jagriti Pahwa
7Q9SQN-uXGo,Never Ride a Bicycle Without Brakes 😱,2026-02-17T12:05:00Z,22593307,0,32,2026-02-27T19:44:28Z,22,,Jazzy Voice
D13XpZl8ncw,Mercedes Built the CLR GTR at $2.5 🏡 M only a few lucky drivers experienced power 😅🍓#reelschallenge,2026-02-19T05:33:30Z,38030695,0,40,2026-02-27T19:44:28Z,22,,Ai Desi Suparman
83hTFo-NTJo,40 Min Breath Hold 🔥🔥 | The Titan | MATADORA - DJ Asul (slowed) #trending #shorts,2026-02-19T18:00:14Z,24855289,552090,606,2026-02-27T19:44:28Z,22,,Shefasiu
Kq_JFZAYgEw,LNF - Sweet Little Sister Helps Build a LEGO Toy 🥰 #shorts,2026-02-19T13:15:03Z,29140687,212834,321,2026-02-27T19:44:28Z,24,,Linh Nhi Family
BOlXbshBAcY,When my kids wants a snack,2026-02-17T20:50:22Z,20398969,85753,138,2026-02-27T19:44:28Z,22,,Lauren Agans
LBBcyMP3bvs,Last one was a DISASTER,2026-02-19T03:45:01Z,18610758,331030,1552,2026-02-27T19:44:28Z,22,,RandomDude
zMdTLEsPtVo,They Saved a Lonely Monkey 🐒,2026-02-22T00:07:00Z,16096052,0,879,2026-02-27T19:44:28Z,15,,Facto Heart
4Ak_ddguqMw,POV: Snow Forest Shelter – What Happens After the Door Closes? ❄️🚪,2026-02-19T23:30:05Z,21457369,205709,538,2026-02-27T19:44:28Z,22,,Mythic Shelter
#NAME?,He Became a Lobster Dad 🦞🥹 #shorts,2026-02-17T19:44:43Z,16064742,381292,2537,2026-02-27T19:44:28Z,22,,Infi's Diary
#NAME?,Este hombre salvo a todos Los animals del tsunami,2026-02-17T22:44:13Z,15644677,250102,2032,2026-02-27T19:44:28Z,22,,Miccobi ai
PfrJkSQV_HE,Tikung Folding Fence: Smart Trick to Secure a House in a Narrow Land,2026-02-17T12:15:16Z,29762276,128662,870,2026-02-27T19:44:28Z,22,,The busy person
Dlwu-IY0Ajg,Eve hırsız girince köpekler vs kediler,2026-02-18T07:30:13Z,20316951,76130,75,2026-02-27T19:44:28Z,24,,BETER BÖCÜK TÜRKİYE
nbr6iJOFxck,They Saved a Lonely Panda 🐼,2026-02-18T00:17:00Z,13577235,0,1170,2026-02-27T19:44:28Z,15,,Facto Heart
XeoNQ-Qstxo,How Scientists Filmed A Ladybug’s Hidden Wings 🧐,2026-02-21T22:30:06Z,16279350,781596,3295,2026-02-27T19:44:28Z,19,,Zack D. Films
lLtOtMKdvWo,Penguin Saves a Mystery Egg from a Bear #penguin #eggs #owl #bear #cbum,2026-02-18T12:46:04Z,15099888,233478,100,2026-02-27T19:44:28Z,22,,MrMonkeyBoy
v6ZGT4ppzkk,Nahi khaonga Mercedes Built the CLR GTR at $2.5😱 only a few lucky drivers experienced#reelschallenge,2026-02-18T11:05:00Z,25675081,146140,29,2026-02-27T19:44:28Z,22,,Gajju.1000
IHWlvwu8t1w,The Mandalorian and Grogu | Official Trailer | In Theaters May 22,2026-02-17T14:00:19Z,10448575,132344,8979,2026-02-27T19:44:28Z,24,,Star Wars
sb6UyV5SGs0,GRWM in a casual evening look ✨,2026-02-18T14:16:47Z,12722861,131044,343,2026-02-27T19:44:28Z,22,,mnsee.fashnlife
hPaKlFUvnr8,This Man Built a House No Thief Can Crack wood working art_hand crafts_#shorts,2026-02-20T04:27:51Z,22875407,269429,309,2026-02-27T19:44:28Z,1,,Trendy Facts 
jLD5Ovx739s,Safety First While Riding a Scooter! 🛴🛑 Sierra Teaches Rhia 💛,2026-02-18T19:30:15Z,35206348,152379,0,2026-02-27T19:44:28Z,24,,Sierra and Rhia English
4ppxMFHQ9MY,They Built a $2M Container House Underwater 🌊😳,2026-02-20T01:25:06Z,16280047,167040,2334,2026-02-27T19:44:28Z,28,,SurfaceFlow
AP-Q8DAUvLE,Hiding as a TRAPDOOR!,2026-02-18T12:48:27Z,11770969,409969,2232,2026-02-27T19:44:28Z,20,,CoffeeFuelledGenius
dnYyNC0o1So,When you try to steal an air compressor but the roof crew came prepared with lumber and nail guns 😭,2026-02-19T21:13:49Z,13365833,174412,7695,2026-02-27T19:44:28Z,22,,More Than Laughs
Npd-gHXEduw,🌳🔥 I Built a Hidden Tree House Inside a Giant Tree | Satisfying Cabin Build Timelapse,2026-02-18T17:23:02Z,16001278,246536,1611,2026-02-27T19:44:28Z,26,,RenovaTime
oIGNFO2kGWI,I Put an Aquarium in My Living Room Floor?! 🌊🐠 Ocean 3D Floor #OddlySatisfying #Aquarium #EpoxyFloor,2026-02-20T20:00:00Z,12501125,83141,198,2026-02-27T19:44:28Z,24,,All That Epoxy
UHmSqnpchps,脳がバグる色んな神童まとめ,2026-02-20T03:30:33Z,14442276,238178,1074,2026-02-27T19:44:28Z,22,,何もなかつた
xTokoZUERuk,The Teen Who Fought The Nazis 😮,2026-02-18T20:30:21Z,13020102,905927,6137,2026-02-27T19:44:28Z,19,,Zack D. Films
yapKgtrAyPY,El Perro Que Estafó A Todos 😧,2026-02-20T18:01:12Z,15358292,240784,399,2026-02-27T19:44:28Z,24,,Dan
Q807tnfXvvA,JANDEL IS BACK? - GROW A GARDEN | ROBLOX ANIMATION,2026-02-20T05:17:50Z,13860474,209628,8173,2026-02-27T19:44:28Z,20,,GH'S
IG_neYL3oCs,مين هنا برج الاسد؟😱,2026-02-18T12:21:00Z,14372022,78275,112,2026-02-27T19:44:28Z,15,,Mohamed Elyamany 
fuHkWonUYsY,Can He Get a Kiss?,2026-02-20T13:01:14Z,12136549,348280,247,2026-02-27T19:44:28Z,24,,Zhong
LrBq-ZVZDe0,POV: When A Stranger Back Stabs You  #fashion #prom #dressess #formaldress #promdress #dressootd,2026-02-17T14:45:04Z,13468153,293683,619,2026-02-27T19:44:28Z,22,,Milivine Studio
sL_OcKykegA,"KID HAS A $15,000 GENGAR CHAIN?  #cardshow #vendorpov #pokemoncards #pokemon #gengar #funny",2026-02-17T19:36:21Z,13262894,335714,3084,2026-02-27T19:44:28Z,20,,westcollectsx
cc_F6SuECPE,POV: You Have a SECRET Weapon in Shawarma Kiosk Roblox 😂,2026-02-18T03:14:33Z,12123663,176182,203,2026-02-27T19:44:28Z,20,,nothayus
jgUx1Dxweaw,Best Dancer For A Reason 🔥💯 #bollywood #hrithikroshan #shorts #trending,2026-02-18T13:50:43Z,10882026,182281,150,2026-02-27T19:44:28Z,24,,AMANHRX 
zdpd1qFlR-Y,Make A Word Challenge Gone Wrong,2026-02-20T12:01:43Z,12426940,224883,4122,2026-02-27T19:44:28Z,24,,MiniMoochi
#NAME?,Ever seen a dancing pony? Wait till the end🦄  #dance #trend #sweden,2026-02-17T17:15:15Z,13029761,116938,1654,2026-02-27T19:44:28Z,22,,Isabell afro
qCUN5ZkBoAw,Takla🤯Mercedes Built the CLR GTR at $2.5😱only a few lucky drivers experienced power🌲#reelschallenge,2026-02-20T09:52:00Z,19727926,0,11,2026-02-27T19:44:28Z,22,,A1 facts 5M
2Su4-AJtr8Y,That Was Not A Bark😂 #ishowspeed #kaicenat #edit,2026-02-20T23:48:34Z,13747805,258051,1605,2026-02-27T19:44:28Z,24,,Goofy Recaps
1xGVoBKK9Xc,Bruce Lee kicks an arrow mid-air. No warning. Pure speed.,2026-02-18T07:00:04Z,12636405,44210,85,2026-02-27T19:44:28Z,22,,Kung Fu Mighty
Xp8bFu8pmMk,🎃 A Luxury Home Built Inside a Simple Pumpkin 🏠✨,2026-02-21T07:37:02Z,9341251,0,67,2026-02-27T19:44:28Z,22,,Facts Oppy
PREzdpuXxb4,"The human body transports water, greening the desert is a funny special effect",2026-02-21T05:00:26Z,21012475,70181,28,2026-02-27T19:44:28Z,24,,Kayvan Nanditama
#NAME?,HE WAS 1v1 WITH THE KEEPER… THEN THIS HAPPENED!😱 #futebol #goalkeeper #footballshorts,2026-02-17T16:15:00Z,13344874,11773,100,2026-02-27T19:44:28Z,24,,GoalMad Football
kpgOXvhawws,How Thick Would A Cast Need To Be To Stop A Bullet 🤔,2026-02-21T13:30:56Z,9706142,322943,2215,2026-02-27T19:44:28Z,19,,Zack D. Films
gYGI63LH9Uo,Cuando tu hijo deja claro a quién quiere más delante de todos,2026-02-19T21:00:55Z,11651977,197058,518,2026-02-27T19:44:28Z,22,,Jon Sinache
tJXeFAGLhr8,Lyna y Larin Junior visitaron a un mago 🧙‍♂️,2026-02-17T19:09:41Z,11846386,72341,52,2026-02-27T19:44:28Z,24,,Wekas
HqRL_bz9suk,A Cruel Betrayal and the Golden Retriever Who Refused to Let Go,2026-02-19T01:55:40Z,13503324,60255,267,2026-02-27T19:44:28Z,22,,Sigma Rescue
AeL7G4csR1E,Building a Secret Underwater Container Room 🏠,2026-02-22T00:15:00Z,10790731,107588,228,2026-02-27T19:44:28Z,24,,Home Magic
z7R8v2w3D_A,Transforming a Mound into a Luxury Underground Room – Hyper-Lapse Build,2026-02-20T14:09:07Z,11783350,186296,466,2026-02-27T19:44:28Z,24,,Quite Homes
VnedT-8sHOc,I Pretended To Be A Wax Figure,2026-02-19T18:15:07Z,10104122,477681,3251,2026-02-27T19:44:28Z,24,,Sambucha
jHbGX8APjWM,POV You Found a Secret Bunker in the Forest #survival,2026-02-17T23:30:14Z,10345972,82996,339,2026-02-27T19:44:28Z,22,,Mythic Shelter
ZVrEaT8R5L4,SALVÓ A SU CERDITO 🥹,2026-02-18T00:03:27Z,10203507,223441,3511,2026-02-27T19:44:28Z,20,,elElias
lLhVf_DEwKY,Les presento a las IDOLS #comedy,2026-02-17T15:08:20Z,12409551,176497,22193,2026-02-27T19:44:28Z,23,,Señorita Influencer
8lXEiPJeQvI,La Profesora Se Sorprendió Al Grabar A Sus Alumnos En Secreto ❤️,2026-02-17T19:02:01Z,8857185,130166,151,2026-02-27T19:44:28Z,22,,Parthenatos
cAXnxiHgYLo,That One Bro With a Spear #usa,2026-02-19T18:30:49Z,10759352,85572,535,2026-02-27T19:44:28Z,20,,Kajuto
shoF4s1V4Kw,Flying a Class better than First Class #singaporeairlines #firstclass #suites #flight,2026-02-20T18:09:36Z,17683690,251814,1533,2026-02-27T19:44:28Z,19,,Damon Geis
65aQZwX89Bk,She Gave Her Son a 3D Pen… Then She Walked Into His Room 🤯,2026-02-19T16:57:00Z,10460497,149636,16117,2026-02-27T19:44:28Z,22,,Funtale
Tjj0bcAgN9U,Turtoise was having a great day until... 🐢#truestory,2026-02-20T06:00:42Z,9664255,114966,533,2026-02-27T19:44:28Z,24,,wholesomesque
VH1cwfleTro,The Cuban Pilot Who Defected With A MiG-29 To America,2026-02-18T17:25:19Z,11219142,325322,5413,2026-02-27T19:44:28Z,22,,Underground Bullets
7OTHPYWdDhc,"This poor puppy has no cash to buy a food of plate, so rich puppies making fun of him #animahal",2026-02-20T12:30:01Z,10284818,152292,894,2026-02-27T19:44:28Z,15,,Ani Mahal
KHfS-oqxwi0,Cortei a armadilha da planta carnívora?!😱 #shorts,2026-02-18T02:02:56Z,7929054,291931,1702,2026-02-27T19:44:28Z,24,,Gabrielmiranda_ofc
599zPZj_yQI,qual o MÁXIMO que o celular bloqueia por ERRAR A SENHA?,2026-02-20T23:00:00Z,10501854,215954,1775,2026-02-27T19:44:28Z,24,,Giuliana Mafra
twsKdgvDxo4,Hiding as a GATE!,2026-02-19T09:35:57Z,11753414,315878,2063,2026-02-27T19:44:28Z,20,,CoffeeFuelledGenius
OCKocEl_2BA,He OPENS a BLUE WHEEL OF CHEESE,2026-02-20T15:30:25Z,10396123,307418,2557,2026-02-27T19:44:28Z,23,,Lionfield
jK-_-BBfgAY,¿A Quién Salvarías?💔😢 #kpop #rumi,2026-02-17T14:44:27Z,9569137,296235,718,2026-02-27T19:44:28Z,22,,Vaya Historia!
qtySq8iQqLc,A good relationship requires effort to maintain.#shorts,2026-02-19T10:21:58Z,9336170,385646,5765,2026-02-27T19:44:28Z,22,,ShadowHarbor 
x1JBLVQDY7s,He Climbed A Building To Rescue A Child 😱,2026-02-20T20:30:09Z,8859898,595742,6538,2026-02-27T19:44:28Z,19,,Zack D. Films
UCHRs6IYG50,When Ederson Became a Midfielder 😂,2026-02-17T19:23:23Z,9840601,101908,223,2026-02-27T19:44:28Z,22,,OffsideShorts90
TJykDaWPs8M,Elder Sister Teaches His Young Sisters Like A Mother 🥹,2026-02-18T02:00:25Z,8066316,0,53507,2026-02-27T19:44:28Z,22,,saifu ke shorts
UZNshSF7ckw,A EMILLY CAIU DA ESCADA EM UMA GRAVAÇÃO *Ela ta bem ?,2026-02-20T15:00:11Z,4481939,85123,5651,2026-02-27T19:44:28Z,28,,Emilly Vick
GighSdrzF4Q,Silent SOS Saved a Life 🌟#rumilife,2026-02-20T12:30:22Z,10585314,188126,869,2026-02-27T19:44:28Z,23,,Rumi Life
w_B6znHQBoU,This Guy Accidentally Ended Up in a Music Video,2026-02-19T20:11:34Z,10814330,161927,397,2026-02-27T19:44:28Z,24,,Hublot Baggins
ALlHMMEOs_4,Ranking The Funniest Make A Word Challenge 🤣💀 Part 4,2026-02-20T20:08:34Z,8166066,240239,1700,2026-02-27T19:44:28Z,22,,sylpd
Mwqmd6JMTBI,Me encontré con un ¿THERIAN?,2026-02-18T20:00:00Z,6791046,291363,8913,2026-02-27T19:44:28Z,20,,Iraa
_diDNxI9lkM,Watch Water Turn Into a Glowing Ice Lantern in Freezing Air! ❄️✨,2026-02-17T12:30:17Z,7383255,0,21,2026-02-27T19:44:28Z,24,,Facts Ki Story
ssu_1ljppoA,A roupa 🐘🦊🐷 Emilly Vick💗Ketlen💜Leozinho💡,2026-02-17T21:15:06Z,8080343,140765,327,2026-02-27T19:44:28Z,22,,Super Aventura
vJk33ppCaAI,This Golf Gadget Is Banned for a Reason 😳,2026-02-18T13:01:51Z,9708797,92187,130,2026-02-27T19:44:28Z,27,,Mindsy
otgNWj4OI4Q,Police Officer Gives Kids a Moment They Will Never Forget…,2026-02-21T19:27:26Z,7824143,219750,1437,2026-02-27T19:44:28Z,22,,Crisis Cams
FAFE4cgt7vE,Simran enters a Powerless World🌎💪🏻😱|Simran Makhija| #shorts #school #schoollife #funny #comedy,2026-02-20T00:30:24Z,8072422,94704,60,2026-02-27T19:44:28Z,22,,Simran Makhija
ik_LrOYA5Y8,Este truco loco obligó a la iglesia a comprar su casa 😱🐷 #shorts,2026-02-20T15:07:33Z,11411194,0,389,2026-02-27T19:44:28Z,24,,sir janbaa
8Lu_hl-r88w,You don’t get a BETTER high protein snack than this 🫡🇿🇦 (67g protein/100g) #mealprep,2026-02-19T16:52:03Z,9595419,224527,3770,2026-02-27T19:44:28Z,17,,Noel Deyzel
cRgBCNJ9g74,This Is NOT a Reflection… It’s Twins 👬🔥,2026-02-18T03:30:27Z,9727782,114430,329,2026-02-27T19:44:28Z,22,,MC REPEAT
m6_s6ANu3E8,Putting Ai Police Through a Moral Test 🚔⚖️,2026-02-17T13:06:54Z,7900169,131576,2092,2026-02-27T19:44:28Z,22,,Þolemod
2FPDWMvolfw,Who else has a separate stomach for desserts? #itbelikethat #justforlaughs #motherson #dessert #yum,2026-02-20T04:23:46Z,7950867,218687,528,2026-02-27T19:44:28Z,22,,Michelle Tiang
Q51mbsIB1GY,Will KFC Fill The Worlds Biggest Bucket?,2026-02-17T16:00:41Z,67439273,1781407,2818,2026-02-27T19:44:28Z,24,,DanCookedIt
SkXEOg9-pwg,…and the reaction speaks for itself 🫶🥇,2026-02-20T19:10:34Z,35674636,395747,1572,2026-02-27T19:44:28Z,17,,Olympics
6zD2tmUokmI,Kanye Samples Like A Boss,2026-02-19T00:00:18Z,35434347,594273,4026,2026-02-27T19:44:28Z,24,,ePianoh
kCEZ4s7dKQo,Shower under an Umbrella😂 傘の下でシャワーを浴びる,2026-02-20T01:01:01Z,30351541,85697,24,2026-02-27T19:44:28Z,24,,TTINY BOY
_TLaN8h2Ms0,What you choose the durian ladder 🪜 🥑,2026-02-17T15:01:40Z,27885532,98794,15,2026-02-27T19:44:28Z,22,,Thong To Short Fun
6_LD7s4d234,He deserves an Olympic medal 🔥#olympics#winterolympics2026 #winterolympics #video #figureskating,2026-02-18T00:50:07Z,20300334,352350,1444,2026-02-27T19:44:28Z,17,,Ian Gunther
Xto32bRZPwA,When An Arab Serves Indian Food,2026-02-21T11:08:12Z,29282625,817224,4251,2026-02-27T19:44:28Z,19,,Khalid Al Ameri
D8ilttqEW2k,Which animal cause the most damage #shorts,2026-02-17T18:42:50Z,12951889,175549,920,2026-02-27T19:44:28Z,22,,VITMI
0qDo88oZD34,嫌がらせ行為を目撃した教師のガチ対応,2026-02-19T02:00:01Z,9944229,194283,2323,2026-02-27T19:44:28Z,1,,一分世界
97yKWpq1ykQ,a pessoa MAIS BAIXA do mundo,2026-02-21T15:00:00Z,8910922,183650,1556,2026-02-27T19:44:28Z,24,,Giuliana Mafra
yH20Z2FsGzw,He turned an awkward moment into a sweet one ❤😍... #priyankachopra #nickjonas #shraddhakapoor #edit,2026-02-18T10:06:20Z,9466149,74757,151,2026-02-27T19:44:28Z,1,,Filmy Beats 
bvTXF49udAY,A HISTÓRIA DE SUPERAÇÃO DA GIULIANA MAFRA - Peraltas Comedy #giuliana #peraltascomedy #shots,2026-02-17T15:01:04Z,8253648,241632,6021,2026-02-27T19:44:28Z,23,,Peraltas Comedy 
8erQRvNBNeQ,I’m Never Buying a Robot Vacuum Again! 📉 Roomba Fail,2026-02-17T17:49:40Z,10355900,19823,1450,2026-02-27T19:44:28Z,24,,Dahiyane Bilgiler
JG5-JPaBQvU,Fizeram bullying no colégio com a minha filha...,2026-02-19T17:00:19Z,8003743,73556,420,2026-02-27T19:44:28Z,24,,Kelvin & Marina l Casal do Humor
1vFMjwLRCh4,Use a bucket to splash paint on the hood. #เคาะพ่นสี #ช่างทำสีรถยนต์ #automotive,2026-02-20T02:14:57Z,9798766,29102,661,2026-02-27T19:44:28Z,22,,อุไร การะจักร
KnATPoaNMc0,a baby who is a thirsty dog,2026-02-18T05:17:08Z,7164434,65893,577,2026-02-27T19:44:28Z,22,,Tiny Smile Studio
1Kf7rH7YIh8,Esta abuela se disfrazaba todos los días para hacer sonreír a su marido #shorts,2026-02-19T23:00:02Z,7364230,0,28628,2026-02-27T19:44:28Z,24,,sir janbaa
kdYXK06iFbc,La Chica Más Amable Del Mundo 😯❤️,2026-02-21T15:01:20Z,9067940,177574,423,2026-02-27T19:44:28Z,24,,El Chico Estrella 🌟
DkBIlBKr_w4,A Father’s Love for His Son and Daughter 🥹❤️,2026-02-17T14:33:06Z,6759072,130345,282,2026-02-27T19:44:28Z,10,,Teddy Dear
pD2rC0jMvtE,ele Bateu o Recorde e Continuou,2026-02-19T19:03:41Z,7846001,479799,1937,2026-02-27T19:44:28Z,27,,"Investiga, Pinhel! "
CawIWxOnACA,Batman really turned into a kid and still kept his rizz at zero... 😭🥀 #dc #shorts #memes,2026-02-21T13:49:42Z,9925824,461844,2534,2026-02-27T19:44:28Z,22,,SafeHaven
A3tSCIhqj_Y,Minecraft In a MILLION Years...,2026-02-22T03:22:28Z,10340821,349378,1990,2026-02-27T19:44:28Z,20,,Fangorn
K1WL00Qu6Hk,📡🛑 Can Radar Find a Body Hidden in Cement?,2026-02-20T19:34:11Z,9096631,328609,2875,2026-02-27T19:44:28Z,28,,Zero Theory
z9AWzvLFxQo,Transformaron una cuchara en un recogedor,2026-02-18T01:30:57Z,8142098,29509,53,2026-02-27T19:44:28Z,24,,Nocheon
kl8UCmCIpSU,Yes or No? (Make a random drink challenge) Part 98,2026-02-17T22:00:54Z,7942226,286499,957,2026-02-27T19:44:28Z,24,,Godfrey Twins
ThU6LK8xEdE,Gold medalist Alysa Liu has a BLAST in the exhibition gala | Winter Olympics 2026 | NBC Sports,2026-02-21T22:35:45Z,4313434,121943,3168,2026-02-27T19:44:28Z,17,,NBC Sports
rrICaz6RxBA,KEKUATAN ISTIQOMAH SHOLAT WALAU PUN DI AREA NASRANI,2026-02-20T09:53:58Z,24781467,66547,1886,2026-02-27T19:44:28Z,22,,Raja Ryzal Kelayang
chTNXwVQg0Y,Este Artista Engañó A Tu Cerebro En Segundos 😵 #tonyfranco,2026-02-19T23:00:50Z,8237471,204705,515,2026-02-27T19:44:28Z,22,,Tonyfrancog
#NAME?,Hiding as a CLOUD Until My Friend Notices!,2026-02-20T16:59:46Z,5856518,194619,1251,2026-02-27T19:44:28Z,20,,CoffeeFuelledGenius
4n2HTFDoEC8,Girl robbed a statue thief 😮 | RESPECT |,2026-02-19T02:06:02Z,7141086,0,27,2026-02-27T19:44:28Z,24,,Respect Boron
Sskh-A_0w9c,A hitman walks in on the ultimate bro moment... and has NO idea how to process it. 😂🫘,2026-02-21T10:30:22Z,8767007,195614,457,2026-02-27T19:44:28Z,1,,Fae Plunkett
MPuqvgdIQz0,I Got a New MOM?,2026-02-22T13:00:39Z,7682459,173276,133,2026-02-27T19:44:28Z,24,,Zhong
Ir58FFWLyQ8,A bañarse con agua fría 🚿 #alemania #humor #alemana #colombia #cultura,2026-02-18T17:56:29Z,6361829,80285,769,2026-02-27T19:44:28Z,22,,Jose y Maggi
5a6YDUdQUE0,NO DEJES CAER A RUMI😰💔,2026-02-19T01:25:09Z,7016750,62224,33,2026-02-27T19:44:28Z,24,,Roythithi
ieFSsRr-dAc,Dirt bikes need registration and a plate... #shorts,2026-02-17T14:30:46Z,5716105,238832,3393,2026-02-27T19:44:28Z,24,,Throttlehead
W4h-zPiK1aM,Building a Highway Bridge on a Vertical Cliff | Engineering Visualization,2026-02-18T20:46:11Z,8574461,0,301,2026-02-27T19:44:28Z,22,,GeoRevive
TfrOPI5AM10,Kalian juga punya kan celengan seperti ini? #shortvideo,2026-02-17T23:36:37Z,7692423,73671,0,2026-02-27T19:44:28Z,22,,Ninis marsela
MCx6ngtDveQ,"Meu irmão Vinícios APRENDENDO A LAÇAR, Treinando laçando nóis #irmãos #humor #familia #laço #feliz",2026-02-17T21:00:19Z,6348036,104165,422,2026-02-27T19:44:28Z,22,,A ruiva da roça / Fabio Castro
R6zZrUHFrI0,The Woman Who Poisoned Her Own Lookalike 😨,2026-02-21T15:30:28Z,6374537,308232,2078,2026-02-27T19:44:28Z,19,,Zack D. Films
I3DS8Jp023Y,A Coconut with Striking Color Contrast,2026-02-17T18:01:13Z,7182469,108313,140,2026-02-27T19:44:28Z,22,,CoCo
q_-dV6ZHxJw,você respira MELHOR que a maioria?,2026-02-19T23:00:00Z,11772118,146861,687826,2026-02-27T19:44:28Z,24,,Giuliana Mafra
DDB5BWxIZ1Q,Bhikari Chal Mercedes Built the CLR GTR at $2.5M only a few lucky drivers experienced#reelschallenge,2026-02-20T08:00:13Z,8268491,27234,9,2026-02-27T19:44:28Z,22,,Monster Reaction
4ujJzFjvFag,Never Do This at a Water Slide! 😱,2026-02-21T07:35:41Z,8560280,0,12,2026-02-27T19:44:28Z,27,,Facto Knock
o_uc2XK-45I,A Wild Wolf Begged Me for Help… I Couldn’t Believe Why,2026-02-18T20:05:06Z,7405604,72265,245,2026-02-27T19:44:28Z,24,,Cooked Content
QqCbYMrOPmI,He Built a Fence… THROUGH His Neighbor’s Garage! 😳🔨,2026-02-18T01:01:48Z,6261859,113202,987,2026-02-27T19:44:28Z,22,,Case Dismissed
KfFkrVR1Hr8,"Introducing the ""VitalWear SmartBand,"" a next-generation wearable gadget🎉 part 377",2026-02-22T06:03:37Z,9487497,0,384,2026-02-27T19:44:28Z,22,,Official Mohit Bhind
aWIBC40SM0k,Bullies Mocked a Small Kid… Until His Cop Dad Showed Up 👮‍♂️🔥,2026-02-17T16:08:23Z,5421867,0,12105,2026-02-27T19:44:28Z,22,,Cyberjao
m0BFZkPsoWY,Twenty One Pilots - Drag Path (Official Video),2026-02-17T23:02:14Z,3526761,265347,11716,2026-02-27T19:44:28Z,10,,twenty one pilots
xGc78O6FUpk,The Principal Called ☎️,2026-02-18T16:47:23Z,7568487,265296,2155,2026-02-27T19:44:28Z,22,,Meatlicious
6_Gk66rtNvo,China Just Built a 28km Underwater Tunnel Cutting Travel Time to 30 Minutes ❤️‍🩹,2026-02-20T15:30:08Z,18157773,242094,3685,2026-02-27T19:44:28Z,10,,Endless Love
ZnUx1fDagBc,Así NO llegaré a Mi Base....💀 #roblox,2026-02-18T19:22:30Z,6252042,189556,324,2026-02-27T19:44:28Z,24,,Rtres
LZNo-479W4s,Mi Amigo Es Un Therian !!😱🤯,2026-02-19T17:33:34Z,5859686,134273,2213,2026-02-27T19:44:28Z,24,,YOLO AVENTURAS
3ai5XCIIlj4,My Dog Risked Everything to Save a Bear Cub 🥺🐾 #animalrescue #emotional #animals,2026-02-20T16:31:22Z,10132867,0,2571,2026-02-27T19:44:28Z,22,,AniStory
94_EzFJniQc,He Taught Her To Become A Sniper 🥶 | Leon The Professional | #shorts,2026-02-19T16:32:48Z,5920778,101983,430,2026-02-27T19:44:28Z,1,,HYPEFLIX
7l36sprUB00,"""How Much for the Entire Night?"" Negotiation Gone Wild | ""It's a New York Savings and Loan Check...",2026-02-18T07:26:19Z,6803175,159998,1874,2026-02-27T19:44:28Z,1,,DysonEdit-z4h
miMXLq6c0wk,A Husband’s Desperate Revenge,2026-02-18T13:01:31Z,5719096,152457,137,2026-02-27T19:44:28Z,22,,aiStory008_01
etB6_TOjxCk,Una SEÑORA COREANA me llevó a su CASA 🇰🇷😳,2026-02-20T01:44:20Z,5747066,184846,481,2026-02-27T19:44:28Z,10,,Camila Merchant
itEM-IZFxSs,He’s a hidden leaves ninja #stitch #funny #shorts,2026-02-18T00:41:03Z,6317818,180819,2176,2026-02-27T19:44:28Z,22,,Mick’s Life
6jMhFSNpJuY,Mercedes Built the CLR GTR at $2.5 🏡 M only a few lucky drivers experienced power 😅🍓#reelschallenge,2026-02-21T02:30:05Z,6814188,0,5,2026-02-27T19:44:28Z,24,,Masuma Official Shorts
I_xP8TjA45E,¿Podrá su mamá reconocer a Rumi? 🤔 Jinu Vs Mira Vs Rumi,2026-02-18T18:35:45Z,8446012,355792,917,2026-02-27T19:44:28Z,24,,Firey Football Sp 
3T4YGqKlYEY,La hermana mayor crió a sus dos hermanas menores ❤️ #shorts,2026-02-18T21:30:00Z,7412502,63239,147,2026-02-27T19:44:28Z,22,,Benzoza
-9n5NSwvNyA,unique way to open a coconut,2026-02-17T09:09:18Z,6435465,39335,12,2026-02-27T19:44:28Z,26,,Lagot Tv
2XY4W7ZyPms,"The Old Man Built a Bamboo JCB, Won a Prize, and Helped Poor People's #shorts #ai #craft #humanity",2026-02-19T13:11:46Z,5274764,0,88,2026-02-27T19:44:28Z,27,,আলোর ডাক
dBKDE0mJ8qo,Ranking The Best I'm Just A Baby Trend (new) #shortsviral,2026-02-19T16:12:01Z,5129572,73010,597,2026-02-27T19:44:28Z,24,,Panzu
c5VA3_pdzM4,12m subs complicated Mercedes Built 😅only a few lucky drivers experienced power#reelschallenge,2026-02-21T14:49:35Z,11596582,0,3,2026-02-27T19:44:28Z,22,,koko Atika
DjH425dDePU,"Introducing the ""VitalWear SmartBand,"" a next-generation wearable gadget",2026-02-19T03:57:22Z,9772015,114184,218,2026-02-27T19:44:28Z,22,,susanta Shorts video 
MAOhJws6aug,@seppseats great recipe! #mushroom #sandwich #vegan #plantbased,2026-02-21T01:51:12Z,4996131,319534,3903,2026-02-27T19:44:28Z,22,,The Plant Slant
5Pm0XuIfx-E,Rumi ketemu boneka jadi jadian 😱 #kpopdemonhunters #rumi,2026-02-17T14:00:11Z,6677267,65620,11,2026-02-27T19:44:28Z,24,,Riki Darmawan
FYaB_b2Hm2A,El truco de las esposas de esta chica dejó sin palabras a la policía 🔥 #prank #funny #cops,2026-02-19T21:16:08Z,6969201,183485,321,2026-02-27T19:44:28Z,24,,Pablo Pol
VBq-u6bj-D4,Un hombre que fue a cortar leña en la colina  rescató por casualidad a un gatito. #animales #animals,2026-02-18T00:37:25Z,6531510,122186,444,2026-02-27T19:44:28Z,15,,Apus
4Cua_ErIuFY,Ranking The Best Make a Word Challenge Moments,2026-02-20T13:19:16Z,5158638,53807,244,2026-02-27T19:44:28Z,15,,Voidem Ranking
Ov_s4ukdC-4,Why Is American Food Built Different (In the Worst Way)?,2026-02-20T23:45:17Z,9918813,401338,22633,2026-02-27T19:44:28Z,26,,OptimalHealth
NXhpDEhOuCI,Nastya is helping her little friend find a super nanny,2026-02-18T08:00:32Z,3356725,3439,0,2026-02-27T19:44:28Z,24,,Like Nastya
0xtwybfuS4M,"A ""Star Wars"" Fan Who Died Tackling The UNC Charlotte Shooter Has Been Honored As A Jedi",2026-02-21T19:30:00Z,11560932,150097,1606,2026-02-27T19:44:28Z,22,,GojoSxn
HEuMlEt36x4,Don Frye imitating Sydney Sweeney at a UFC event will never not be funny 😭,2026-02-21T14:12:48Z,5818321,90415,562,2026-02-27T19:44:28Z,22,,POPVEIN
goVekf4Iqco,Гениальный способ идеально выровнять пол без бетона,2026-02-20T04:30:24Z,7067658,38595,1642,2026-02-27T19:44:28Z,28,,ParanormX
_iUO020VIaA,좀 심한 보디빌더,2026-02-17T23:00:43Z,6092443,80151,454,2026-02-27T19:44:28Z,1,,볼것
cSo_I7w0-kY,Genius DIY: Converting An Old Bike Into A Dual-Cylinder Air Motor 🌬️,2026-02-19T17:28:49Z,7376770,15208,148,2026-02-27T19:44:28Z,28,,Peace Working Shorts
5NjWCJXX4wM,A Hellish Treatment Method… It Hurts Before It Heals 😨🏥#movie #shorts,2026-02-20T10:20:34Z,8759662,243221,1078,2026-02-27T19:44:28Z,1,,BriannaCole
os-bbISnCPY,"""He wanted a chocolate, but then... 😱🤢""",2026-02-19T15:00:14Z,5340942,0,8,2026-02-27T19:44:28Z,24,,FACTLY TANISH
HFcYwqvKs80,A Poor Mom’s Biggest Gift for Her Child 🥺❤️🎁 #aivideo #puppymahel #gugufilms #animahal,2026-02-20T13:00:35Z,5195785,54955,102,2026-02-27T19:44:28Z,22,,GUGU FILMS🎬
TUpKEQ5pqm8,Olvidan A Chico En Prision 😧,2026-02-21T17:00:44Z,5861877,128514,210,2026-02-27T19:44:28Z,24,,Dan
MNfJAQ_AV9M,HEART-STOPPING RESCUE: Saving a Puppy from a Medieval Village to a Zoo Gorilla Pit!,2026-02-17T16:24:05Z,4448262,67766,501,2026-02-27T19:44:28Z,22,,GoofBalls
r4pezU-cO-I,狩り中の猫、完全に馬扱いされる。,2026-02-19T05:13:14Z,7299425,117696,978,2026-02-27T19:44:28Z,24,,lala time
3Gf-5rlmZcw,one minit me a saree nikal deti hun....  #bollywood #np_edittz #viralshorts,2026-02-18T09:15:01Z,5729062,40889,10,2026-02-27T19:44:28Z,24,,np_edittz
HL8WN2L3EmI,Cuci baju di putar sepeda!!,2026-02-17T11:15:02Z,7801501,26646,6,2026-02-27T19:44:28Z,15,,Yuki Rupat
4aLfMfP0M84,😱 I Saved a Cat From a Medieval Guillotine…🐱,2026-02-18T21:40:34Z,5536019,90317,846,2026-02-27T19:44:28Z,15,,AnimalsSaver 
RT3lD_TKQO8,a story of princess dress 👗 ~ mini wood toy-woodworking art skill /wood / hand crafts/ #shorts,2026-02-21T02:43:13Z,8806296,0,6,2026-02-27T19:44:28Z,24,,gaming mind
n8NQVMS0ylw,Hoy diecinueve de febrero la tierra llegó a la mitad de su vida,2026-02-20T00:40:00Z,4711600,101740,1577,2026-02-27T19:44:28Z,24,,Khe! de Ketz
gJCstXcRZwE,"A Motorcycle, A Dream, A Family ❤️🏍️#shorts  #movieclips #film",2026-02-19T12:15:00Z,7575398,229938,520,2026-02-27T19:44:28Z,1,,SoulshareTV
S80d2udNyX0,ジャンケンを実写化した結果がこちら,2026-02-19T09:48:26Z,7145340,112778,432,2026-02-27T19:44:28Z,24,,2ch面白すぎワロタw
9t5m33ccUYA,The Uncomfortable Truth About Ozempic,2026-02-17T14:59:14Z,2581373,115821,15401,2026-02-27T19:44:28Z,27,,Kurzgesagt – In a Nutshell
zJJ1ADrxTEI,A estratégia de defesa mais inesperada #curioso #bichos #animais,2026-02-19T07:31:30Z,5710586,128543,1643,2026-02-27T19:44:28Z,15,,ANIMALANDIA
imJglPFlMoU,NI SIQUIERA llegaban a TOCAR el BALÓN 🤠🤣 #shorts #curiosidades #divertido #deporte #risas #futbol,2026-02-21T20:01:01Z,5115796,75011,221,2026-02-27T19:44:28Z,24,,AprendeYDivierTT
AoM4ZL9JiH4,He Found a Huge Beehive in His Wall 🐝🧱 #shorts,2026-02-22T02:26:53Z,6014707,53173,171,2026-02-27T19:44:28Z,22,,Infi's Diary
ZOiaEIaHBrQ,A Woman's Life 😢 । Swesufe Love Status । #shorts#song#movie,2026-02-21T03:57:35Z,7512263,0,237,2026-02-27T19:44:28Z,1,,Swesufe Love Status
9huc38TDyIE,FIZ UMA MÚSICA COM EMOJIS?! 🤖🪥,2026-02-20T15:00:15Z,8016144,53834,141,2026-02-27T19:44:28Z,22,,Cacau Haxkar
QRfZdB5K0yo,UMA MÃE DISSE QUE A FILHA NUNCA IA COMPRAR UM SUPER CARRO,2026-02-17T23:00:36Z,5498739,155357,491,2026-02-27T19:44:28Z,24,,Weise2
ypVlb5PwkvA,Music Mercedes Built the CLR GTR at $2.5 😅 M only a few lucky drivers experienced #reelschallenge,2026-02-20T07:05:00Z,6956722,0,9,2026-02-27T19:44:28Z,22,,Faheem Ullah
96qzPVYOpyE,Escondí a MrBeast en mi video (y nadie se dio cuenta).,2026-02-22T00:06:42Z,13632134,370638,2908,2026-02-27T19:44:28Z,24,,GONZOK
5Fnu3I4IRpI,#movie He's right behind you🔪👻 | The Invisible Man (2020),2026-02-18T11:22:15Z,9781510,84297,632,2026-02-27T19:44:28Z,1,,Bednarski 
17mV5NsZpos,I Hid Real Gold at a Football Stadium,2026-02-18T13:39:16Z,9548064,146898,321,2026-02-27T19:44:28Z,17,,John Nellis
OC9SwMtaqIQ,The First Offer Is Almost Never the Best One 👇,2026-02-17T20:02:51Z,10503709,212552,384,2026-02-27T19:44:28Z,24,,mdscae
8myfQaem1zY,Rumi Está En El Hospital!,2026-02-17T20:06:00Z,7969452,294079,766,2026-02-27T19:44:28Z,24,,Karla Bustillos
41V19HJSmvU,Choose a pair of sandals 🧦🥰🦶🏻 Leather foot slippers 🥰🦶🏼🧦 #love #viralvideoshorts #trendingshorts,2026-02-17T09:42:36Z,11263792,39649,9,2026-02-27T19:44:28Z,24,,BaBa Toys
l-9H3i_ojis,He's gone mad; he's keeping a Burmese python as a pet💀,2026-02-18T17:01:16Z,5922340,207798,1114,2026-02-27T19:44:28Z,22,,Denisio Czelusniaki
TEgQI3x0eMM,This is a painful challenge!,2026-02-21T12:00:44Z,8683839,68438,97,2026-02-27T19:44:28Z,17,,Volleyball Remix
gfOam_0Ttnk,👩🏻‍🎨🖼️ She Melted Skittles to Draw a Cake 🤪🕺🏻🏆,2026-02-20T20:54:41Z,4584332,36595,0,2026-02-27T19:44:28Z,23,,BorisKateFamily
ylKZcvgdiqE,A regra é clara: ferrou! 🤡 #humor  #casal #trolagem,2026-02-19T22:53:05Z,5271426,65849,635,2026-02-27T19:44:28Z,10,,Music Cuts BR
9Ybp4O9EeOc,Always watch the mirrors while driving and be careful using a potty on a highway. #trucking #pickup,2026-02-22T00:37:20Z,14162754,126171,5014,2026-02-27T19:44:28Z,2,,Alan Trucker
EtFsLW2CpeY,A disabled duckling helps his cat friend 🐥apreew #DuckRescue #CuteAnimal #AnimalRescue,2026-02-21T13:00:32Z,4817034,29723,23,2026-02-27T19:44:28Z,27,,facts punam
A4rlqqpxhdc,Never in a million years Jeff 😅 #jeffdaniels #sandwich,2026-02-22T03:18:45Z,4916771,183767,5651,2026-02-27T19:44:28Z,22,,The Plant Slant
bhRetAmTCyA,¿Que Barco Moverá a Spiderman? 🕸️🚤,2026-02-22T22:11:22Z,5533375,156685,740,2026-02-27T19:44:28Z,24,,Alejo Igoa
Rh4LTMMccMM,"They Broke This Pug’s Pogo Stick, He Still Fed a Hungry Kitten 😭",2026-02-21T23:44:11Z,3912809,49292,529,2026-02-27T19:44:28Z,1,,The GPT Stories
#NAME?,What Happens If You Land On a Cloud‼️😱☁️ #shorts,2026-02-21T22:13:38Z,8337488,117344,347,2026-02-27T19:44:28Z,22,,Sqrion
y9ck6QY-PTM,She Asked the Question Too Fast 👇,2026-02-21T07:02:16Z,7662507,169641,1739,2026-02-27T19:44:28Z,24,,mdscae
wZOBW5HZc4k,I MADE A BLUE WATERMELON 😱,2026-02-18T18:31:30Z,5684131,67581,320,2026-02-27T19:44:28Z,20,,Savage Vlogs
DtJ0fKGCTNU,Nicola Coughlan Would Make Such a Wonderful Mother #bridgerton,2026-02-21T19:49:47Z,7527643,104692,362,2026-02-27T19:44:28Z,22,, The Shady Mic
V09ol13IakU,Mother's Love Give you a Golden Super Car !!,2026-02-22T02:18:55Z,4134627,89256,94,2026-02-27T19:44:28Z,22,,Ahad
KDrAYZl104I,❤️   Red 👀 she's always a VIBE ❤️ Comment ⬇️,2026-02-19T03:02:09Z,6673061,79265,710,2026-02-27T19:44:28Z,22,,Step At Home
r004YL91Nx8,頭空っぽで見れる釣りまとめ,2026-02-18T05:01:02Z,5090819,69991,268,2026-02-27T19:44:28Z,22,,何もなかつた
gaLvpAaVnP0,pov: you are a brainrot (escape tsunami for brainrots) #roblox,2026-02-20T03:00:47Z,5070757,46618,305,2026-02-27T19:44:28Z,20,,NicoBlox
LjMocl0hBvc,Michael Bennett’s AGT Performance Hits Deep With a Story of Loss and Love,2026-02-18T01:27:29Z,8197229,160195,2502,2026-02-27T19:44:28Z,24,,Tears and Talents
3-EgL9gl3QQ,el AMIGO sabía LO QUE IBA a PASAR 🤫🤣 #shorts #fail #divertido #humor #risas #autos,2026-02-22T00:01:10Z,5028786,42237,70,2026-02-27T19:44:28Z,24,,AprendeYDivierTT
l6WknPWASBQ,LE AVIENTAN ESTO A LUIS ANGEL EL FLACO #luisangelelflaco #virals #viralvideo #shorts,2026-02-20T20:00:40Z,6552808,38454,193,2026-02-27T19:44:28Z,10,,Music News Oficial
u8CeECBN9is,“How Raw Pressery Built a 500 Crore Brand… Then Lost It” #shorts,2026-02-20T10:32:34Z,11374947,0,307,2026-02-27T19:44:28Z,27,,Shubham Rajput
VDYWq7oNXXQ,"Introducing the ""VitalWear SmartBand,"" a next-generation wearable gadget🎉🎉 part 374",2026-02-21T12:25:18Z,7220363,0,85,2026-02-27T19:44:28Z,22,,Official Mohit Bhind
lue-0gSSfRc,Fantastic a Goal☠️🚀🔥 #eafc24 #eafifa #shorts #football #trending #funny #edit #viralvideo #viral,2026-02-21T15:00:07Z,5669932,13996,45,2026-02-27T19:44:28Z,17,,MNCR7
okxSW7ctuzU,地面に立てなかった馬が再び走れるまで！,2026-02-20T23:00:52Z,4406712,68444,482,2026-02-27T19:44:28Z,24,,ショート劇場
2VV9m_S410I,Extracting the soul from coffee,2026-02-20T18:14:43Z,4180027,235679,5053,2026-02-27T19:44:28Z,28,,NileRed
Y2wX5x8lp-0,Becoming a mermaid is not easy.,2026-02-19T14:25:52Z,9546786,0,177,2026-02-27T19:44:28Z,24,,Apna Scenario
seVCCBZ87MM,Young Man Prays for a Wife to Join Him in Salah | Heartfelt Ramadan Moment #islam #prayer #ramadan,2026-02-21T04:53:18Z,9842094,115146,159,2026-02-27T19:44:28Z,24,,"Hoor Collection
"
39rygjIpeq8,"Introducing the ""VitalWear SmartBand,"" a next-generation wearable gadget,",2026-02-18T02:04:27Z,5603880,38736,23,2026-02-27T19:44:28Z,22,,Happy Toons
udztNa2l5Rk,Beautiful Reunion with a Cygnet and Its Swan Parents ❤️,2026-02-19T16:01:21Z,4426917,156642,3136,2026-02-27T19:44:28Z,15,,We Love Animals
txZqy1ikb9k,THIS BEDROOM IS INSANE 😳 3D Basketball Epoxy Floor with a Plot Twist #epoxy #homerenovation #shorts,2026-02-21T01:32:13Z,4752435,22562,38,2026-02-27T19:44:28Z,24,,Pure Space Alchemy
qZ_1C4mi9JM,From Simplicity to a Better Life 🥺🤲😇#shorts #adindapuzzle,2026-02-21T08:04:45Z,18368370,236903,738,2026-02-27T19:44:28Z,22,,Adinda puzzle art
SCsLclxfaI8,I Found a Siberian lion Nursing on My dog... 😱🐕‍🦺,2026-02-18T17:42:07Z,5114630,135454,532,2026-02-27T19:44:28Z,15,,Hashmoo
734twB8TO3Y,¿Cuántos Globos pueden DETENER a RUMI? 🤔,2026-02-19T21:31:16Z,3694668,96058,250,2026-02-27T19:44:28Z,24,,Leo Show 
25J98xaR6x8,La Niña Quiere Jugar A Cocinar Con Sus Mascotas 😲🐶,2026-02-20T17:00:07Z,6540528,32103,21,2026-02-27T19:44:28Z,22,,YoSoyCactus
OoA4xLPfpEY,Обидно что вы думаете что я читерю,2026-02-20T13:00:00Z,4631254,141891,808,2026-02-27T19:44:28Z,22,,ПОСЛЕДНЯЯ ИЗВИЛИНА
92BIPdjS8K8,When section C student comes in section A 😂 Part - 1 #shortvideos,2026-02-21T09:59:01Z,7804576,33082,67,2026-02-27T19:44:28Z,22,,Adang Deangel
yNfilTp9Gjg,Jinu is a true hero！🐙🐙🐙#kpopdemonhunters​  #kpop​ #jinu​ #rumi​ #spidermanps5​  #shorts​,2026-02-18T13:17:30Z,4764314,104419,120,2026-02-27T19:44:28Z,22,,irfan bin jakaria 989
gTsoKTq0lhc,QUANDO A MÃE NÃO CONSEGUE PERGUNTAR NOS FILMES,2026-02-19T23:01:01Z,5144095,245259,2394,2026-02-27T19:44:28Z,24,,O Victor Magalhães
ALqdC_V-tpw,Simran enters a Crazy World🤪🌍😵‍💫|Simran Makhija| #shorts #school #schoollife #funny #comedy,2026-02-22T00:30:09Z,5778025,70084,94,2026-02-27T19:44:28Z,22,,Simran Makhija
HYAHiGJNphE,Help Herobrine Gain Power and Slash Them With a Sword - Minecraft Animation #shorts,2026-02-19T00:00:30Z,5371930,199796,97,2026-02-27T19:44:28Z,1,,BuddyCreeper
IarPPCbexSo,Hide & Seek: Cleaning a Sheep Pelt the Old Way 🧶🐏,2026-02-21T01:00:17Z,13674885,15083,148,2026-02-27T19:44:28Z,28,,Discovery and Learning
ffVisJIagXM,TIKTOKER CONFIESA ENGAÑAR a sus SEGUIDORES 🙀 BELLA DUEÑAS,2026-02-18T17:50:31Z,3879202,62015,218,2026-02-27T19:44:28Z,24,,SnowFlake Freak
Dm0h8_Mcrjc,A quién le salió mejor? ❤️,2026-02-18T16:38:26Z,6792087,29542,56,2026-02-27T19:44:28Z,10,,Andrea Gálvez
MysfMAf4ByE,A Father’s Protective Instinct in Action. ❤️🛡️,2026-02-17T17:27:21Z,5256022,0,1111,2026-02-27T19:44:28Z,22,,Earthvision
lc5GVw46ywY,"A Small Town, A Big Dream",2026-02-21T00:15:08Z,12472849,326360,1993,2026-02-27T19:44:28Z,1,,StoryFrame Studios
7e3HLMpiQxE,"Kelihatannya Cuma Tali, Tapi Bisa Mematikan ⁉️",2026-02-20T21:49:00Z,15878466,63647,5,2026-02-27T19:44:28Z,22,,Tentang Semesta
iLJbQtTU4o4,Mount Everest is NOT the Tallest Mountain,2026-02-17T16:09:09Z,5166354,264793,3738,2026-02-27T19:44:28Z,25,,Cleo Abram
Kx_IMMEeu8g,Silversmith a ring with me from a vintage plate and spoon!,2026-02-18T00:44:20Z,4794370,132479,301,2026-02-27T19:44:28Z,22,,Euphoria Rings
5x8S8tUmJhs,A Peaceful Act of Pure Devotion #lordshiva,2026-02-19T06:58:12Z,3978971,86591,50,2026-02-27T19:44:28Z,27,,Dharm Sagar
ius6Aaw3Gkk,Bro Left His Soul For A Second. #guitar #shorts #meme,2026-02-20T20:30:06Z,5137781,0,774,2026-02-27T19:44:28Z,24,,JOB PETER 𝄞
pR0WCee5zdI,A Snow Leopard Chased Him Into My Tent. He Never Left♥️,2026-02-21T02:01:00Z,3865202,52042,787,2026-02-27T19:44:28Z,15,,Soft Souls
zLVnf_AVMPw,It was supposed to be a secret 😭,2026-02-20T23:14:50Z,5060000,269656,1445,2026-02-27T19:44:28Z,23,,John Casterline
0eHaPMyygUc,La pelota mágica que siempre vuelve… ¡y hace feliz a todos🤯 #shorts #ytshorts,2026-02-19T21:30:00Z,5278169,0,17,2026-02-27T19:44:28Z,24,,Siuu Factory
p_d4rhLQ09I,Agent Couldn’t Believe Emily Got Left Hanging 3 Times In A Row! 😭✌️,2026-02-18T23:19:45Z,5780912,158195,441,2026-02-27T19:44:28Z,22,,Succesful Celebrity
rt4pt0kx0P4,This Teen Survived a Carnival Ride Disaster 😱🎢,2026-02-19T18:01:04Z,3832612,90026,3216,2026-02-27T19:44:28Z,22,,Zone D' Film
7t-4Hca53Xc,Todos queremos un vecino colaborador,2026-02-18T01:00:09Z,5342978,45137,93,2026-02-27T19:44:28Z,22,,Jon Sinache
Y-rXzP9ciAw,This Ribbon Worm Hides a Weapon 🪱,2026-02-19T17:00:48Z,4802875,17159,316,2026-02-27T19:44:28Z,28,,MrScoopz
Sz9ssXVeN9Y,WE ARE CRINGE GUYS😂| A romantic interview with visakh & jayapriya | Vanitha,2026-02-19T10:30:30Z,4290874,79963,130,2026-02-27T19:44:28Z,24,,VANITHA
dBF4d9idNfA,I Found a Ocean Epoxy Floor in Illusion 😱🌊 | Survival House step by step #shorts,2026-02-21T09:45:04Z,3066774,58959,36,2026-02-27T19:44:28Z,22,,Fact chat
E5XDvD86HQU,Saat Ayah Menjadi Superhero Air! 😆💧!!#shorts,2026-02-19T17:30:02Z,4696885,0,2342,2026-02-27T19:44:28Z,24,,Snow in
PSuwC37uhu4,ELE FEZ TUDO QUE A MÃE DELE PEDIU PRA ELE FAZER EM UM AUDIO SÓ QUE AO CONTRÁRIO 😅,2026-02-20T01:48:39Z,5373162,74840,0,2026-02-27T19:44:28Z,27,,Vinicius da Ilha
Mz8gytGwuAY,These Elders Don't Even Have A Chance... #shorts,2026-02-18T21:30:34Z,3940694,40564,3616,2026-02-27T19:44:28Z,22,,Wishness
tsGClZ2aEyI,A High Mountain Has a Higher Mountain #studentlife #lovestory,2026-02-19T12:27:32Z,4079897,68351,81,2026-02-27T19:44:28Z,22,,Ho Sear Class
npjcdUk9EWw,“What a PC chip looks like under a microscope💀” #pcgaming #benchmark #rtx5050 #gtx1080ti,2026-02-20T05:55:21Z,7084540,86534,1471,2026-02-27T19:44:28Z,28,,Hardware Nf
VfoK03Z6vsA,A Worthy End for a Good Person 😢✨  #scaryteacher3d #funny #animation #marvel,2026-02-18T06:41:30Z,4735472,124949,52,2026-02-27T19:44:28Z,24,,Good Kid animation 3D
iahWnqljOEQ,This Salesman Uses A Fake Phone Call To Trick His Clients Into The Sale,2026-02-21T19:00:00Z,9743206,365296,976,2026-02-27T19:44:28Z,27,,Creating Wealth
kGI3tqbVcqE,A little life update ❤️ on why I’ve been slow to create content #storytime,2026-02-17T15:25:37Z,3761202,121695,602,2026-02-27T19:44:28Z,26,,thefurnituredr by lilly 
Kev1uIbZTGs,Terraformars (2016) | Surrounded by Roach-Men – A Squad Faces Extinction on Mars 🐜🔥,2026-02-20T11:10:11Z,4255953,46500,143,2026-02-27T19:44:28Z,1,,Beenle
OPqnc03F0go,SHE DROPPED HER PURSE OFF A CLIFF 😳⛰️#shorts,2026-02-20T18:50:50Z,5841268,69223,188,2026-02-27T19:44:28Z,22,,BikeLife Connor
LkJ-LJZcgls,💁🏻‍♀️🖼️She Created a Beautiful Beaded Artwork — and Won 🏆🕺🏻,2026-02-19T20:56:39Z,3763104,35308,0,2026-02-27T19:44:28Z,23,,BorisKateFamily
jzA1wifFGoc,¡PELEA! TRAICIONÓ a ABRAM😱│TODO FUE FALSO,2026-02-19T21:18:01Z,3775969,56969,527,2026-02-27T19:44:28Z,24,,ELPOLLOXD
Ldn1FSRKHX4,"This Teen Survived a 3,000 Foot Skydive Disaster 😱🪂",2026-02-20T18:00:19Z,3291359,71960,3595,2026-02-27T19:44:28Z,22,,Zone D' Film
GlzkDyeyRdA,The Character Who Went Through The Most Pain! 😆😆,2026-02-21T19:00:11Z,4990967,96230,12496,2026-02-27T19:44:28Z,22,,BlobbyClips
Z0FqLezman8,Poor man was mocked for having a wooden toy gun #shorts,2026-02-18T13:48:34Z,3712415,32425,69,2026-02-27T19:44:28Z,22,,Payman
hXCcGTeci38,A NAMORADA MAIS GENTIL DO MUNDO? 😳🍰,2026-02-19T20:27:49Z,4224189,70300,776,2026-02-27T19:44:28Z,24,,TV VNC - VOCÊ NÃO CRÊ 
gLb0_kho-YI,POV: Feeding a Hawk 🍟  #babyfunny #babyshorts #newborn,2026-02-18T22:00:42Z,4428375,21275,106,2026-02-27T19:44:28Z,24,,Baby Noah
sKBzpspW79M,What would happen if you had a Raptor in Ancient Rome?,2026-02-19T14:26:20Z,4057536,109370,913,2026-02-27T19:44:28Z,22,,Fameflick
#NAME?,I Made a Beautiful Rose Bouquet Using Tissue Paper & Mask 😍♻️ #handmaderoses #youtubeshorts,2026-02-19T15:25:59Z,5336889,54208,126,2026-02-27T19:44:28Z,26,,Ruby's Creation
c9xibmisF3M,#movie TRAPPED BEHIND THE INVISIBLE WALL 🌲 A Woman's Terrifying Isolation in The Wall (2012),2026-02-20T12:32:11Z,3734152,32109,258,2026-02-27T19:44:28Z,1,,Bednarski 
80gZzWVAxOA,He Escaped a Maximum Security Prison With 3 Months Left… Just to See Her | White Collar S1#movie,2026-02-18T11:27:37Z,4066556,139191,330,2026-02-27T19:44:28Z,24,,Movie Recap HQ
7a17BLQ5aHw,National Security (2003) | Earl Panics Over a Wasp,2026-02-20T11:41:56Z,3812625,111781,491,2026-02-27T19:44:28Z,1,,Chloer
3I6X4Aizr4I,El momento en que Barnaby volvió a confiar ❤️🐶,2026-02-19T19:30:01Z,10879628,98407,1053,2026-02-27T19:44:28Z,24,,Storiee Of Hope
S1248Y0oLuI,WHEN A SUPERPOWER BECAME A JOKE,2026-02-18T17:59:30Z,8099977,25473,527,2026-02-27T19:44:28Z,24,,The Uncle Sheriff
t07wqEm5mR8,Satisfying Woodturning: Making a Dhol Drum from a Log,2026-02-17T15:30:39Z,5034452,36490,91,2026-02-27T19:44:28Z,2,,Green Men Making
fmugJYkAXjg,Cereal with water is not that bad.. 🥸 #diy #baking making a green clover cookie pizza,2026-02-21T18:00:42Z,3650533,153297,2372,2026-02-27T19:44:28Z,22,,Serena Neel
uocrN3RAb5I,A Dangerous Prank 😂#funny #memes #cat #trending,2026-02-19T18:48:41Z,9248211,114020,245,2026-02-27T19:44:28Z,24,,Rio Catblast
MhrA_hIwtj8,Haste Will Come At A Price [SUNNY KIND] #sunnykind #kindness #lifelessons #karma #justice,2026-02-19T15:00:40Z,6455127,24304,44,2026-02-27T19:44:28Z,27,,SUNNY KIND
AW7Ax2sgvjs,They dance like a machine👽🔥#Blackpink#jennie #Lisa#Blink#ASHHBLINK#Shorts#kpop,2026-02-18T13:01:08Z,3943216,68790,291,2026-02-27T19:44:28Z,22,,ASHH BLINK
GJY_p9EhIGY,Momen Terakhir yang Tanpa Sadar di Rekam YouTuber,2026-02-20T06:00:22Z,5413531,0,144,2026-02-27T19:44:28Z,28,,DurbanFLY
jNU1VLi8VDg,El único pan que no quería ser elegido 🍞😨 #youtubeshorts,2026-02-20T01:35:26Z,3572319,80929,162,2026-02-27T19:44:28Z,24,,Benji Curioso
W_CM50wIgFU,Living inside a square for 24 Ghanta Bengali mini blog #shorts #24challenge ￼,2026-02-20T02:15:05Z,4318382,37027,180,2026-02-27T19:44:28Z,22,,BabonVlogs
#NAME?,Leg dich NICHT mit einem LABRADOR an 😳,2026-02-17T15:16:22Z,4602538,30584,109,2026-02-27T19:44:28Z,23,,Fabi und Sam
bRW8A3-ohYo,ALGUIEN DEMOSTRÓ a las CHICAS que ERA MAS RÁPIDO que CAYLUS en Escapar del TSUNAMI! 💀☠️,2026-02-21T00:32:56Z,3407460,0,1075,2026-02-27T19:44:28Z,20,,SANTYPRO
9FQVttf9NFo,Building a Secret MAN CAVE,2026-02-18T16:57:00Z,21928051,225547,889,2026-02-27T19:44:28Z,26,,Not Your Basic Builds
433UAhFKtuc,I Built a Secret Jungle Bunker for my CAT 🐈,2026-02-19T16:30:01Z,20538106,103565,107,2026-02-27T19:44:28Z,26,,Not Your Basic Builds
7p0WsmajFyI,Built a Stunning Dream Mosque with Miftah AI Vision ✨🕌 #shorts #viral #aiart #youtubeshorts,2026-02-20T04:29:01Z,18118940,136220,221,2026-02-27T19:44:28Z,22,,Daniel
C5XAmjQSS1M,MY DOG SAVED ANOTHER DOG IN A TSUNAMI 😳🌊,2026-02-21T00:53:15Z,19324118,306819,2049,2026-02-27T19:44:28Z,22,,WildFrame
sx5TfTa97pw,Los Perros Se Enfrentaron Al Desafío De Natación 😱,2026-02-21T23:00:58Z,14747245,258564,672,2026-02-27T19:44:28Z,24,,El Chico Estrella 🌟
S3oNZ4AT1sI,When Your Living Room Has a Crocodile Pond 😱 #satisfying #design #shorts,2026-02-19T19:00:22Z,10334740,58524,70,2026-02-27T19:44:28Z,22,,DEEP DESIGN
2FBpwJ5--i8,😱!My dog ran into a Sandstorm Alone to Save my Cat!🐕,2026-02-19T19:07:13Z,9854600,186381,2009,2026-02-27T19:44:28Z,15,,AnimalsSaver 
3t9FOhr01Yc,"""The light hiding a big secret... 😱🚨""",2026-02-20T11:52:45Z,9980210,0,9,2026-02-27T19:44:28Z,22,,Oh So Fact
Ax8PrqMBFN0,Qué Le Pasó a Este Tigrito? 😰🐅,2026-02-21T21:00:00Z,7216160,211454,420,2026-02-27T19:44:28Z,15,,BeluHistorias
synzqfZVJyc,The Glass Bridge Broke… Or Was It All Just a Prank?! 😱🔥,2026-02-20T12:45:38Z,12104742,43463,9,2026-02-27T19:44:28Z,24,,BuzzFun Clips
RSyA4IJKlS0,Esta Madre Protegió A Sus Hijos Con Su Vida 😯❤️,2026-02-19T01:45:04Z,7417659,201550,664,2026-02-27T19:44:28Z,24,,El Chico Estrella 🌟
L-i62zjI3Qc,Love by a Spell… Or Love Itself? 😳❤️ #linhchihihi #messyclassroom #schoolcrush #schooldrama,2026-02-22T10:00:27Z,14047571,322079,383,2026-02-27T19:44:28Z,22,,Linh Chi
ySXaLoXOYXw,BELI PUTRI DUYUNG BESAR? | NURRAYNI25,2026-02-23T03:01:03Z,8708418,89808,331,2026-02-27T19:44:28Z,24,,nurrayni25
jEow8BxL_sA,This Man FOUND a Rare Lobster 🦞♥️,2026-02-19T01:13:19Z,6857055,105207,435,2026-02-27T19:44:28Z,24,,GJShortz
pHNLn9tnRTs,🐶💥 ¡Rottweiler destruye su coche para salvar a su dueña de una serpiente venenosa! 🐍❤️ #animals,2026-02-18T17:01:28Z,6417815,203718,1901,2026-02-27T19:44:28Z,22,,trendinganimals🥳
pvzLDbMXX0U,A Cow & Her Calf Were Crying… Then a Giant Parrot Did the Impossible 😢✨#ai #cow #totalaivideob007,2026-02-20T04:14:07Z,5805250,134662,359,2026-02-27T19:44:28Z,22,,TotalAiVideoB007
t3YtAUcJtJg,Go swimming in a pool full of giant spiny fish #funny #funnyvideo #monster #swimmingpool #shorts,2026-02-20T14:31:23Z,7492712,20930,64,2026-02-27T19:44:28Z,24,,Meme Pets
0HmTh8jpQdI,I Found a Giant Pumpkin Turning Into Cat Luxury House 😻🎃🏠 | Survival House Step by Step”86 #shorts,2026-02-22T10:00:07Z,7610304,0,14,2026-02-27T19:44:28Z,22,,OX FACT BABU
HNYh5FKYPGo,ஆம்லெட் ஆக வேண்டிய முட்டை! ஆபரேஷன் செய்து உயிர் கொடுத்த பாசம்! | Hatching a Broken Duck Egg,2026-02-19T14:45:02Z,7912172,174940,120,2026-02-27T19:44:28Z,24,,Prabhu Lingam
7MJM8NKIC6E,An elegant entremet (modern mousse cake),2026-02-21T02:05:53Z,6726559,393363,1346,2026-02-27T19:44:28Z,24,,Jess Wang Pastry
oRGDNf5oaFk,Epstein Crony Andrew Faces Consequences | Trump's A-List Peace Board | Did Obama Leak Alien Intel?,2026-02-20T04:50:00Z,3127972,97079,6051,2026-02-27T19:44:28Z,24,,The Late Show with Stephen Colbert
9IPHpIHHsFY,"how to draw letter ""A"" Which one is your level?",2026-02-19T11:14:17Z,11049378,139842,680,2026-02-27T19:44:28Z,27,,condsty
KmTeF66iRb4,Which animal cause the most damage #shorts,2026-02-20T18:11:23Z,5966962,83299,691,2026-02-27T19:44:28Z,22,,VITMI
e_Qg59Uz4EI,12m subs complicated Mercedes Built the CLR GTR at $2.5 😅only a fexperienced power#reelschallenge,2026-02-20T01:02:00Z,9521602,0,1,2026-02-27T19:44:28Z,22,,CHHOTU KI MASTii
RDbmqTIeTZ4,Шкаф с двойным дном 😏,2026-02-21T20:14:00Z,8353247,87679,947,2026-02-27T19:44:28Z,22,,FilmBytes
XUQ6J2vRANQ,नोटों की गड्डी का राज#shorts,2026-02-21T15:40:00Z,8575923,72509,57,2026-02-27T19:44:28Z,24,,"BrainWave AI
"
Df1OSbQ4248,😳🚔 rappers with the most mugshots,2026-02-20T05:16:48Z,6705421,123468,2460,2026-02-27T19:44:28Z,10,,Music Media
JXXP5BNfJ8w,The Penguin That Actually Loves Going to the Vet,2026-02-21T21:41:45Z,7872898,200457,1895,2026-02-27T19:44:28Z,24,,Bob the Bear
I5o0Fz1vU7I,Jutta Leerdam won the Olympic gold medal and set a new record once again.#jakepaul #skating,2026-02-19T17:39:25Z,5114631,61792,652,2026-02-27T19:44:28Z,22,,Nicol Ferdinand
58-cGGqTPRY,GUESS BUS AND CAR EATERS BEHIND THE DOOR LIMINAL HOTEL Garry's Mod,2026-02-20T03:02:16Z,6988279,29387,15,2026-02-27T19:44:28Z,20,,ZOOWAKE - Games
LazaBSByyDM,Bro's Mom is the real Villain! 🤣 #youtubeshorts #shorts #batman #superman #dccomics,2026-02-23T01:11:00Z,8767044,265769,1214,2026-02-27T19:44:28Z,24,,Dreaming Monkey 
wgS2RZbX3vY,Steak gave him best surprise ever A Rainbow dragon....❤😊!!#stealabrainrot#roblox#shortsfeed,2026-02-19T14:49:07Z,4587145,0,439,2026-02-27T19:44:28Z,22,,Primebloxe
NyHCXRPnFEI,Car Eater Wants To Help The Meal ? #shorts,2026-02-20T04:09:00Z,6087935,26555,16,2026-02-27T19:44:28Z,20,,ZOOWAKE - Games
cFYND4gMrWg,Mokel di Rumah Kosong Dipergoki Ustad… Eh Ternyata Ustadnya Ikut Mokel 😭🤣 #ramadanwithyoutube,2026-02-20T04:50:18Z,5141585,49796,115,2026-02-27T19:44:28Z,24,,Efunk Pecihat
Kn4oXHBnp54,When You Can't Explain A Bruise,2026-02-20T13:00:39Z,5366718,128526,341,2026-02-27T19:44:28Z,24,,Lyanna Kea
8-6oZykcQaw,Asking For An Eggless Omelette Has To Be The Most Absurd Way To Ask For An Egg White Omelette 🍳🥚,2026-02-21T18:15:00Z,10502441,292533,1554,2026-02-27T19:44:28Z,22,,ViralSanity
Vzi-Rzy4e98,Ready for a marathon? Intelligent Marathon Mode keeps every step on track. #HuaweiLaunch,2026-02-19T08:00:02Z,3099916,95,4,2026-02-27T19:44:28Z,28,,Huawei Mobile
z7XnKb8RJek,#love,2026-02-18T05:20:31Z,4215198,28121,4,2026-02-27T19:44:28Z,20,,ARJUN_FACTS
RYzz3G0sP7E,The Old Man Helped the Poor People's So a Cruel Man Burned His Boat #shorts #ai #craft #humanity,2026-02-21T13:08:11Z,8525122,126589,107,2026-02-27T19:44:28Z,27,,আলোর ডাক
oHyP1-KtsyQ,When you cough a little in front of your mom😂😮‍💨,2026-02-20T10:01:16Z,6552521,25219,49,2026-02-27T19:44:28Z,22,,Karina 
ipiAoiotvYI,How to say chocolate and vegetable? sound more like a native speaker  #englishpronunciation,2026-02-18T12:01:15Z,5138921,31675,364,2026-02-27T19:44:28Z,27,,English with Steve Ford
bY1EJZhsIUI,He Found Over 7 Million Dollars In A Storage Unit 😱,2026-02-19T18:31:00Z,4294662,279078,2179,2026-02-27T19:44:28Z,19,,Zack D. Films
kU8ER-zfs7A,The naughty boy took the umbrella 😳,2026-02-20T10:00:00Z,4889222,34177,24,2026-02-27T19:44:28Z,24,,Shihab's dream
M0c-Gs34n-M,Le pegué un chicle en el cabello a miranda😭😱😰😪,2026-02-19T21:43:22Z,3838363,224709,5047,2026-02-27T19:44:28Z,20,,Diosdado Juarez
zyijgiK7NeE,A Story Of Rabbit Groundnut🐇😱~ mini wood toy-woodworking art skill /wood / hand crafts/ #shorts,2026-02-21T07:30:37Z,4725203,0,0,2026-02-27T19:44:28Z,22,,Hyper Genix
OOVOOpC1GKE,REACT MoriMura - QUANDO A CASA TÁ SUJA E VC VAI DEITAR NA SUA CAMA 😹,2026-02-20T14:00:41Z,4752967,47782,210,2026-02-27T19:44:28Z,22,,Kaizen Andrade
vgtmGE2l7z4,Encostei em um inscrito da gringa,2026-02-21T23:34:24Z,7025053,290983,7214,2026-02-27T19:44:28Z,24,,Ronazim
RonepZHsPnI,Vụ va chạm sặc mùi thuốc súng | Rì Còn Viu #riconviu,2026-02-19T12:01:42Z,4669595,60916,462,2026-02-27T19:44:28Z,22,,Rì Còn Viu
gFx2AHv4rtY,Why This Dog Walks Like He’s on a Secret Mission,2026-02-22T15:30:20Z,5810983,41918,557,2026-02-27T19:44:28Z,24,,Disaster Strucks
Mqc2RFrObzw,Can a Goalkeeper Save With Every Body Part?🍑,2026-02-21T18:05:56Z,5122278,64558,81,2026-02-27T19:44:28Z,17,,J_Tekkz
kfOrPy2V5fk,The ONLY BOY In A ODER POOL PARTY,2026-02-20T11:01:17Z,2026011,19448,696,2026-02-27T19:44:28Z,20,,Zoomy
xTc7MqP552g,"Matan a Nemesio Oseguera Cervantes, alias ‘El Mencho’, en un operativo en México",2026-02-22T19:32:13Z,1662511,10932,1209,2026-02-27T19:44:28Z,25,,Noticias Telemundo
cMwKc4uhEc8,Help the girl,2026-02-20T15:00:00Z,15826879,73454,21,2026-02-27T19:44:28Z,24,,Mert Boo
ipCsigAEibg,When You Block The Tusnami To Steal Brainrots In Escape Tusnami For Brainrots,2026-02-21T20:30:08Z,10208602,71999,166,2026-02-27T19:44:28Z,1,,Agbaps Shorts
Ux0KQblBi3g,DON'T Hit The Real Rumi 💥,2026-02-20T17:30:56Z,8409042,219680,489,2026-02-27T19:44:28Z,22,,NichLmao
rNNfpbQ748w,How The Poo-lock Works 🤔,2026-02-22T18:31:14Z,8055177,227388,5189,2026-02-27T19:44:28Z,19,,Zack D. Films
aVhxWcyxRx8,Jumping into the final ❄️🇨🇳 #MilanFigureSkating,2026-02-19T16:27:20Z,17221865,97157,427,2026-02-27T19:44:28Z,17,,Olympics
rH9W7inTwuQ,GUESS MORE CAR EATER BEHIND THE DOOR LIMINAL HOTEL Garry's Mod,2026-02-22T02:09:40Z,8650347,37547,12,2026-02-27T19:44:28Z,20,,ZOOWAKE - Games
NykhRSSaR7I,Si te queda la zapatilla te conviertes en una princesa,2026-02-19T22:37:31Z,6233725,78787,0,2026-02-27T19:44:28Z,22,,JOSUE & ORIANA
nWQf52VgXnk,My best friend The Otter! #shorts #short #fyp #otter #pets #wildlife ￼,2026-02-18T15:03:45Z,6650993,152758,2283,2026-02-27T19:44:28Z,24,,Chandler's Wild Life
N1LXcP50HYs,The most tiring part is cleaning up after every failed take 🫠#cartransition #djiosmo360,2026-02-19T03:53:34Z,6388559,37724,192,2026-02-27T19:44:28Z,22,,Gigi Cheoh
7-ZvHxWEUTM,Little dog worked hard to become a guide dog,2026-02-18T02:34:04Z,5689261,0,48,2026-02-27T19:44:28Z,1,,Black Man
nKWJXzj9FvE,Mercedes Built the CLR GTR at $2.5 🏡 M only a few lucky drivers experienced power 😅🍓#reelschallenge,2026-02-19T01:00:58Z,6025593,162413,2285,2026-02-27T19:44:28Z,24,,Gaffarpur vale
J5AyNKJH7Zw,El día que un estudiante superó al director,2026-02-21T16:02:50Z,5058762,89358,346,2026-02-27T19:44:28Z,24,,Hechos No Contados
uO8RexR_Cko,It was stuck there for a reason 😂 #shorts,2026-02-19T13:52:10Z,5071918,28129,50,2026-02-27T19:44:28Z,22,,Ella’s Voice
sbY31kxvye4,Ranking the BEST Peekaboo Hair Trend Part 2 👀 (new),2026-02-22T13:59:14Z,4396786,130185,557,2026-02-27T19:44:28Z,22,,KrunchyEgg
npXL2vTqKko,Jungle Cave Survival Before the Stormy Night 🌩️ ASMR Build #asmr #cave,2026-02-21T21:48:49Z,4995381,34706,117,2026-02-27T19:44:28Z,26,,Royal Home Transformations
7bozsuE_U6k,DEIXEI A LILY NO VÁCUO ATÉ ELA SURTAR 😳 #poppyplaytimecapítulo5,2026-02-21T15:00:12Z,5988355,146253,1681,2026-02-27T19:44:28Z,20,,Mestre Bananão
K6GWQGu9qPs,The Ultimate Sniper Decoy Trap!,2026-02-21T16:57:25Z,17055480,240235,390,2026-02-27T19:44:28Z,1,,Kisah Sinema
eAlWjzdXH18,"The bird's nest is finished🏠, but it built a nest next to my house🐦💔🪺",2026-02-18T02:53:26Z,3984572,50008,252,2026-02-27T19:44:28Z,1,,KindHeroes
HYt8AGeotwI,Salish Gifts Her Dad a Car,2026-02-21T21:14:07Z,6762695,122073,1233,2026-02-27T19:44:28Z,22,,Maximus Editorious
VMSrsLoNWXQ,Successfully removed a Hijab Pin  from an 18 year old’s stomach via Endoscopy,2026-02-21T11:41:27Z,4148329,115483,1048,2026-02-27T19:44:28Z,22,,Dr Nazrul Surgeon
0ts8cDAj9Co,Not Just a Diamond… Look Closer! 💎👀  #cute #funny #kpopfunny #kpop #action,2026-02-21T12:00:56Z,3283548,96227,181,2026-02-27T19:44:28Z,1,,EsMeow_Shorts
p1esD9n9WkA,POV Everyday you have to spend a certain amount of words…#funny #pov #viral #storytime,2026-02-20T14:25:02Z,4220842,39426,136,2026-02-27T19:44:28Z,22,,shaker saeed
k8TMh6yVDdE,How A Royal Meeting Ended In A Poop Disaster 🤢,2026-02-21T18:31:05Z,4145609,258459,4905,2026-02-27T19:44:28Z,19,,Zack D. Films
yDTaTcvv4oY,The Tiniest Apartment Turned Into A Fully Functional Home,2026-02-19T11:55:01Z,4615461,109559,1227,2026-02-27T19:44:28Z,22,,Home Graphix
5ss5kgMQyDM,Buah 1 kebon pun ga buat lambung penuh 🥺,2026-02-20T15:27:59Z,3945497,49482,1029,2026-02-27T19:44:28Z,22,,Aldo Wijaya
55sx44sACXc,Revealing What's Inside The Famous House 🏠,2026-02-22T00:22:28Z,5194921,83667,410,2026-02-27T19:44:28Z,24,,ItsFrankyBoi
V48w6QfEVXw,POV Surviving in a Treehouse During a Snowstorm - #survival #satisfying,2026-02-20T23:30:21Z,4102650,47922,164,2026-02-27T19:44:28Z,22,,Mythic Shelter
zWRnQz-i94k,The Wait: Hatching Chicks in a Temperature-Controlled Incubator 🐣🔆,2026-02-21T18:15:14Z,6845779,10170,32,2026-02-27T19:44:28Z,28,,Discovery and Learning
bPpuTPZHhSU,You got a wife ❤️🤣. #funny #couple #trendingreels #trendingsong #trendingnow #trendingshorts,2026-02-19T01:47:12Z,4097737,36475,117,2026-02-27T19:44:28Z,23,,Lado
nCOU5lk5AHE,Planting Flavor: Hand-Setting Garlic Shoots in the Field 🧑🌾🌿,2026-02-22T03:01:01Z,6951646,5680,7,2026-02-27T19:44:28Z,28,,Discovery and Learning
X7MLV0pu4_U,We Forgot Someone at The Hotel… But Didn’t Notice!,2026-02-19T18:27:42Z,4493140,38144,120,2026-02-27T19:44:28Z,24,,Karma Kings
Q_iK3Fv-owQ,A todos lados quiere ir conmigo 😂🤣 #shorts #video #youtubeshorts #comedy,2026-02-20T23:39:03Z,5832380,19885,0,2026-02-27T19:44:28Z,24,,Soy Marie Oficial 
PfmCLVm9fEw,The Moment These Two Words Are Heard… Everything Changes 😳,2026-02-20T13:15:07Z,5117919,157744,532,2026-02-27T19:44:28Z,22,,WowFacts 
P_r7QcDKxwQ,QUE PASARÍA SI DESPEDIMOS A LARRY? 💀💥👀 #shorts #parati  #sabiasque,2026-02-22T11:15:50Z,2387038,83121,483,2026-02-27T19:44:28Z,24,,dexit
PGZA9e71s60,Poppy Playtime Capítulo 5 DECEPCIONÓ a TODOS😔🥀,2026-02-19T23:24:56Z,2776760,160715,5412,2026-02-27T19:44:28Z,20,,Soy Thalas
PutkuotHiMY,Why North Korea's Basketball Rules Would Break the NBA 🏀⚡️,2026-02-21T04:10:00Z,6532445,64553,1225,2026-02-27T19:44:28Z,22,,History Exposed Shorts 
74ujhypV48o,LOS NOMBRES MÁS RAROS QUE PADRES LES PUSIERON A SUS HIJOS,2026-02-23T01:34:19Z,4353614,46752,646,2026-02-27T19:44:28Z,24,,eliaaaaaaaaaaas
BKffgQK21q8,"this is the deep dark, which is a deep dark 😂😂😂😂😂😂😂😂😂😂😂😂😂😂😂😂😂😂😂😂😂😂😂😂😂😂😂😂😂😂😂😂😂😂😂😂😂😂😂😂😂😂😂😂😂😂😂😂😂😂😂😂😂😂😂😂",2026-02-20T16:00:00Z,3733869,155744,1893,2026-02-27T19:44:28Z,24,,camman18
FsM92HO_KtY,How People With Different IQ Avoid A Speeding Ticket,2026-02-19T20:30:02Z,4684163,64335,116,2026-02-27T19:44:28Z,1,,Agbaps Shorts
fnttZIDRp5I,"5,000 Spheres Under the Ice in Antarctica",2026-02-20T15:55:13Z,3296469,142170,1683,2026-02-27T19:44:28Z,25,,Cleo Abram
91RrTfkDxmw,EuroTrip (2004) | Train seat panic with the Italian guy 😂🚆,2026-02-20T09:10:34Z,4602199,52716,1446,2026-02-27T19:44:28Z,24,,FlickTales7
JVzy1adDCNA,A MÃE VINGATIVA,2026-02-20T21:00:19Z,4780205,55237,97,2026-02-27T19:44:28Z,24,,Irmãos Lemos
qX3IwcuxQl8,I Found a Big Pumpkin in Luxury House 😱🎃🏠 | Survival House Step by Step”63 #shorts​,2026-02-21T05:00:45Z,3544233,0,4,2026-02-27T19:44:28Z,24,,Tm Facto World
9noRBYPuySI,FREE BRAINROT IN ESCAPE A TSUNAMI FOR BRAINROTS?? Pt.4 😳 #huydutroblox #tsunamibrainrot #roblox,2026-02-20T10:12:27Z,2623271,59692,2201,2026-02-27T19:44:28Z,20,,sc7ry.
UGtQCbSRh9E,CEWEK INI NEMU BATU EMAS! RAHASIANYA BIKIN SYOK!,2026-02-21T05:08:04Z,3443794,37467,57,2026-02-27T19:44:28Z,22,,dani tube
QCbnrXC0EdQ,El ORIGEN de HUGO 🥀☠️ #mrrelevante #videojuegos,2026-02-20T15:00:46Z,4163173,92690,784,2026-02-27T19:44:28Z,20,,Soy RELEVANTE
x3mAvSvOLpM,This time the father won a lot 🤣🤣 #funny #comedy #shorts,2026-02-19T00:11:37Z,7214408,38187,90,2026-02-27T19:44:28Z,23,,Cah ndeso46
XADo5k5fCig,She became a mummy after failing to answer 😱😭 #blackpink #jennie #lisa #rosé #jisoo #shorts #kpop,2026-02-22T05:16:45Z,6353966,35652,857,2026-02-27T19:44:28Z,24,,sseunjx
rcbTSJlT06c,DIY Brick Wall Hack Using a Sponge | Easy Home Makeover #facts #shots,2026-02-18T05:50:04Z,10064680,0,109,2026-02-27T19:44:28Z,22,,Facto Find
ROpD5G4yoeQ,How A Rat Bounty Made The Plague Worse 😨,2026-02-18T13:30:34Z,10780619,573313,4684,2026-02-27T19:44:28Z,19,,Zack D. Films
uYBHcSXt6-A,Be a reason for someone’s smile 🙏😊                  #humanity #shorts #shortsvideo,2026-02-20T16:47:33Z,18701805,508081,5026,2026-02-27T19:44:28Z,22,,Deepak Swami
oRyNOY_aVNU,Crafted a beautiful ❤️ Mini Mosque with Miftah AI Vision ✨🕌 #shorts #trending #aiart #youtubeshorts,2026-02-21T16:48:15Z,10408277,89712,256,2026-02-27T19:44:28Z,22,,Daniel
lQ7xDGtrF88,"Introducing the ""VitaWear SmartBand,"" a next-generation wearablegadget#shortsfeed#trending",2026-02-20T03:13:33Z,13190098,0,401,2026-02-27T19:44:28Z,22,,Viral S2K
iS7VK6-udNY,Salute Indian Army😭🙏 | Mere Desh Ke Veer Jawan Ke Zindagi😭🙏 | #youtubeshorts #indianarmy #armystatus,2026-02-20T02:50:00Z,4067517,24217,7,2026-02-27T19:44:28Z,24,,Muskan Indian Army
dxRobE48CJ4,Dad Built a Brick Bear to Catch Thieves! 🧱🐻😱#shortsfeed,2026-02-20T06:28:12Z,4441657,0,3,2026-02-27T19:44:28Z,24,,Nadeem K Fact
mUyPKQh2sHM,Stripping the Green: The Machine That Combs a Log Clean of Limbs,2026-02-21T07:54:19Z,5311425,6025,9,2026-02-27T19:44:28Z,22,,The Rustic Pantry
MnPzLt78pSA,Creating a Garden Under a Tree,2026-02-21T12:35:01Z,7701196,48039,373,2026-02-27T19:44:28Z,22,,Home FlowerX
buBwUrL-UE4,Why 50 Cent Thinks the Grammys are a JOKE 😱 #Shorts,2026-02-19T02:27:44Z,7042272,44324,2361,2026-02-27T19:44:28Z,24,,Heartfelt Chronicles
8U9M-B2rH_k,❤️ QUEM FEZ A MELHOR TREND DE CASAL? ❤️ #shortsviral #drburguerquiz,2026-02-19T13:00:16Z,4840348,37772,2076,2026-02-27T19:44:28Z,24,,DrBurguerQuiz
gOrvAFrRhIA,Mi papa se convierte en Therian,2026-02-20T18:30:07Z,3413151,123671,1928,2026-02-27T19:44:28Z,27,,Mujerdebuenapasta
Tbz35Mc8pzE,Not making History but Creating a Better Future.. | Raj Shamani #Shorts #inspiration,2026-02-20T12:20:00Z,3408057,126401,914,2026-02-27T19:44:28Z,22,,Raj Shamani
rV25sba6xl0,And we will see the quad god a final time at Milano Cortina 2026 🌟⛸️ #MilanFigureSkating,2026-02-20T19:05:56Z,9615291,47786,227,2026-02-27T19:44:28Z,17,,Olympics
smScQC5uezo,"Do This Daily for a Perfect Jawline, Neck & Posture ✨️ | Black Friday Glow Up#glowup #blackfridayDo",2026-02-19T13:58:41Z,5860288,26019,165,2026-02-27T19:44:28Z,22,,glowflexher 
4pAtMQZYWMs,A cena que os policias acharam parecia Cena de Filme de terror!,2026-02-20T07:15:00Z,2959862,203062,1299,2026-02-27T19:44:28Z,20,,Sev7n Games OFICIAL
hMGK9sAV8Xw,“Can we make a picture” 🇩🇪🎨,2026-02-20T16:28:14Z,3807544,265678,1561,2026-02-27T19:44:28Z,23,,liamcarps
vckKzbqiwaE,How to not wash your hair for a long time #parody #relatable #hair #haircare #culture #hairstyle,2026-02-19T20:00:00Z,3354153,138397,1255,2026-02-27T19:44:28Z,22,,Hannasaur
27HWcNHr-mY,"After mixing the golden mask in the clay, I got a light mask. #shorts #viral #tranding #video",2026-02-20T14:05:00Z,3636603,0,7,2026-02-27T19:44:28Z,24,,Mirotha Ke Vlog
KPg2QKoUo8I,The EX. How we got Married? | Based on a True Story #shorts #shortsfeed #wedding #marraige #comedy,2026-02-19T15:32:03Z,3080333,51454,142,2026-02-27T19:44:28Z,23,,Mrandmrsmoorthy
Mo-QmF16AlE,ABUELA QUE IBA A QUEBRAR A LOS MILLONARIOS! 🤑🤯#shorts #curiosidades,2026-02-19T22:27:20Z,3377091,131517,138,2026-02-27T19:44:28Z,24,,BlancoMC
8uQb9r9rmzo,😱 A Promoção Que Deu Errado! #curiosidades,2026-02-18T22:01:43Z,3569924,76028,130,2026-02-27T19:44:28Z,24,,Guilherme Sandmann
Hpt6iacMFtE,Finally being a Murderer 😈 #roblox #murdermystery2 #robloxshorts,2026-02-20T10:30:07Z,5980440,76500,1071,2026-02-27T19:44:28Z,22,,Suri
gz0qujxOwng,He Lied To Get In The NFL…😱🏈,2026-02-20T06:31:34Z,3839569,62968,255,2026-02-27T19:44:28Z,22,,BoltMotivation
rOo9guKuTv0,Making RATATOUILLE from the MOVIE?!,2026-02-21T18:36:38Z,4368966,128831,598,2026-02-27T19:44:28Z,24,,Little Remy Food 🐭🍝
#NAME?,Un círculo perfecto en 30 segundos… ¡o estás despedido! 😳,2026-02-20T12:36:32Z,3459023,50766,163,2026-02-27T19:44:28Z,24,,Hechos No Contados
c1y3XWNaVrk,“I have half a million dollars for you” 🥹❤️,2026-02-22T22:15:29Z,4260832,251968,13438,2026-02-27T19:44:28Z,24,,Jimmy Darts
Vqa2i6-YkYA,Checa las caídas de nivel con una lata de refresco,2026-02-21T02:21:31Z,5146343,70068,539,2026-02-27T19:44:28Z,27,,Vinny the twister
xm6DNr4IbXE,Alysa LIU won gold but she is cheering and comforting a young girl who just got her first medal 🥹,2026-02-21T16:33:08Z,4112236,90609,783,2026-02-27T19:44:28Z,22,,POPVEIN
gtIoiHG5bnw,9-1-1 Season 1 (2018) | A Firefighter Solves It with Four Burgers #shorts,2026-02-20T10:57:45Z,4864227,94494,121,2026-02-27T19:44:28Z,1,,FlickThrob
AKnPJyCTV-A,Biker Recalls The Moment A Cop Said His Bike Would Be Crushed,2026-02-20T22:22:43Z,6789604,148799,1424,2026-02-27T19:44:28Z,22,,OnlyCopz
4o50DFQWgG0,A fan waited hours for Sabrina Carpenter to do this🤯🔥,2026-02-20T18:30:25Z,3318681,83136,169,2026-02-27T19:44:28Z,20,,TABS VICTORY
vA8XNqRQyDw,"Every day, Viktor applies for a visa, while Frank keeps trying to have him detained. #movie #film",2026-02-20T16:15:12Z,5371358,214297,1272,2026-02-27T19:44:28Z,22,,Visual Case
KcEK_z5H1AY,"Aos 53 anos, cantor Latino surge acompanhado de sua namorada, a Barbie do Brasil, VEJA O MOMENTO",2026-02-21T00:00:19Z,4235286,19405,726,2026-02-27T19:44:28Z,22,,John Erik
foIOW-_Doz4,A MAYA ACHA QUE É MC! 🎤 #mansaomovie,2026-02-19T17:30:10Z,3267984,238225,393,2026-02-27T19:44:28Z,24,,Vini Theophilo
mqEDQQi-ZUU,На свидание собрался,2026-02-20T15:29:44Z,3877253,43642,595,2026-02-27T19:44:28Z,22,,Равиль Дукат
4JMTbSpa4wg,"Cuma pakai keranjang, dapat banyak belut #shorts #shortvideo #belut",2026-02-20T11:02:19Z,6704213,19376,60,2026-02-27T19:44:28Z,24,,jeema channel
qMAIVrpupm0,EL NOOB CREÓ UN POZO PARA TSUNAMIS EN STEAL A BRAINROT ROBLOX 😱 - Creditos YOURROBLOXNOOB - #shorts,2026-02-19T19:45:50Z,2935473,52917,103,2026-02-27T19:44:28Z,24,,Swaggy
9IaL6hAhCYw,hopefully me when i become a mom,2026-02-21T00:15:00Z,3898026,57124,223,2026-02-27T19:44:28Z,22,,KalogerasRuby
MVOi81qpbrs,Do you wanna build a snowman #snow #frozen,2026-02-20T19:47:54Z,3708741,24470,38,2026-02-27T19:44:28Z,22,,Mariam Marks
j28BKh-aczU,The Lollypop Experience be like! 🤣🤣,2026-02-21T17:30:21Z,3619370,58186,970,2026-02-27T19:44:28Z,22,,BlobbyClips
Hyh_1ovkJiI,The Biggest Lie About Diamonds,2026-02-20T01:33:57Z,3666516,60410,518,2026-02-27T19:44:28Z,27,,Zver
PWR2g167sBk,The transformation of a thousand-year-old white snake into a dragon,2026-02-17T21:38:26Z,3440421,146960,1408,2026-02-27T19:44:28Z,22,,Movies With Jack
nNN7PtebuKk,ADHDers unite in the comments 💥 #adhd #shorts #cuteanimation,2026-02-19T20:02:38Z,3144445,132505,4426,2026-02-27T19:44:28Z,1,,DillybyDally 
kY3bcytO2_8,Minecraft Vs Real Life in the Nether🔥#blender #minecraft #3dart #3danimation #satisfying,2026-02-22T05:30:20Z,4117473,22151,45,2026-02-27T19:44:28Z,20,,Nim3D
jhqPJ5IHyJw,Bit by a Snake… A Fatal Mistake? 🐍😱 #linhchihihi #messyclassroom #schoolcrush #schooldrama,2026-02-20T10:01:09Z,3317580,78198,142,2026-02-27T19:44:28Z,22,,Linh Chi
DMpiDJbfo84,He Brought Home a Stolen Chicken… But Dad’s One Joke Ruined Everything!,2026-02-19T15:18:00Z,3077319,0,4,2026-02-27T19:44:28Z,22,,Explore Visuals
7x00K83aLuA,Smart Design Turns The Smallest Bedroom Into A Luxury Space #shorts,2026-02-18T11:55:01Z,3661120,50810,391,2026-02-27T19:44:28Z,22,,Home Graphix
S8bl_fthwCA,“Girls with courage becomes a woman with power.” Girls outpull boys tug-of-war at Sanskar Academy !,2026-02-21T12:27:56Z,3475575,96903,1581,2026-02-27T19:44:28Z,25,,Hindupedia
IKi6o8MiOHw,EXPULSARON A PAOLO DE LA ESCUELA😭,2026-02-20T21:12:06Z,2814678,102461,832,2026-02-27T19:44:28Z,22,,Leo Study
BfRS2Tu6LJk,eu vou comprar uma PORSCHE,2026-02-21T23:00:11Z,3275434,119015,1189,2026-02-27T19:44:28Z,24,,Sou Mrp
U_4VJtqDioI,Trasladan cuerpos del CJNG a instalaciónes de la FGR en fuerte operativo,2026-02-22T21:59:56Z,1113601,6239,1167,2026-02-27T19:44:28Z,25,,Grupo Fórmula
AYNmI-YPqGQ,Клюшка за 17 тысяч 😳,2026-02-21T13:50:25Z,3435386,44311,280,2026-02-27T19:44:28Z,22,,FilmBytes
Xc-Gi9PEuCY,GANÓ a la EXPERTA en su PRIMER INTENTO 🤔🤯 #shorts #win  #curiosidades #divertido #japon #wow,2026-02-21T22:01:05Z,2372028,59336,159,2026-02-27T19:44:28Z,24,,AprendeYDivierTT
QlSUo1s5YKg,Mom Tried To Kiss Him… He Said ‘I Have A Girlfriend! 😭😂 #funny #funnybabies #shorts #interview,2026-02-21T18:04:29Z,4187814,93539,459,2026-02-27T19:44:28Z,22,,RiseCrafted
CAj3GTOzjZM,JUVENTUS-COMO 0-2 | HIGHLIGHTS | Como Stun Bianconeri! | Serie A 2025/26,2026-02-21T16:53:59Z,1052343,16445,1925,2026-02-27T19:44:28Z,17,,Serie A
IogKHN0Tshs,🥹 He was BULLIED by a wild cat,2026-02-19T13:11:56Z,2687441,44586,389,2026-02-27T19:44:28Z,24,,Taylors Wild Diary
yJoYwkNF5uo,"Abraham POR FIN LLEGÓ a la TABLA, pero el TOP 1 se VENGÓ?! ☠️💀",2026-02-22T01:47:00Z,2222813,0,685,2026-02-27T19:44:28Z,20,,SANTYPRO
BaVbTzr3-8E,Breaking: A Scientist Known For Discovering Water On A Distant Planet Has Been Shot.,2026-02-21T21:46:00Z,5045577,36603,1578,2026-02-27T19:44:28Z,22,,Wholesome Gramps
WO9FuyrcCG8,Le Tiré Admin Panel A Sammy!,2026-02-21T23:48:00Z,2637338,50658,427,2026-02-27T19:44:28Z,20,,Drakonite
qCadJJT_XjU,Steal a Brainrot Admin Abuse (Taco Tuesday),2026-02-18T00:16:53Z,951537,10426,113,2026-02-27T19:44:28Z,20,,KreekCraft
nV6bfANN3A0,How to Defend Against a Stick Attack | Self Defense Tips 🥋 #Short#viralvideo,2026-02-19T15:17:53Z,2288855,8406,8,2026-02-27T19:44:28Z,24,,chinu thakor 
WB75QVaptnc,El Abrahaham conoce a su suscriptor más humilde | #elabrahaham #shorts,2026-02-21T21:18:26Z,2406583,31291,1112,2026-02-27T19:44:28Z,20,,Lo Mejor De Abrahaham
N8AlWpcH7ng,Please focus solely on driving while operating a vehicle#foryou #theresident #shorts,2026-02-21T20:07:00Z,3063912,128321,592,2026-02-27T19:44:28Z,24,,Deandre Mcquille
aoOUJ_-QiIQ,A for apple | अ से अनार | abcd | Phonics song for nursery,2026-02-21T02:30:05Z,2983907,2464,0,2026-02-27T19:44:28Z,27,,Kids Gyan
8-f2aMaCr8g,Sometimes our past relationships doesn’t have to be toxic but a good lesson for moving on in life❤️✨,2026-02-22T05:18:36Z,1918213,62843,251,2026-02-27T19:44:28Z,24,,Honest Kakima
Am-MkvxIfPA,Feeding a Giant Prawn! 🦐,2026-02-21T14:57:29Z,2112404,28205,576,2026-02-27T19:44:28Z,24,,Curious as Hell
uEUJl6HvASc,Alysa Liu Ended a 24-Year Olympic Curse with This Gold Medal 🥇 #youtubeshorts #shorts #figureskating,2026-02-21T15:25:29Z,1705689,37488,635,2026-02-27T19:44:28Z,22,,Sarah Sports
bFhmMPWdK3Q,Nadie sabe quién sorprendió a quién hasta ver el final,2026-02-21T02:30:37Z,3583558,40901,178,2026-02-27T19:44:28Z,22,,Jon Sinache
RVsHbEt25A4,WHAT A GAME! Scrabble Slam Word Board Game Challenge!,2026-02-22T00:22:43Z,3471700,83821,351,2026-02-27T19:44:28Z,20,,Kenny Haller
7_sJi5xtamI,Bhago😅Mercedes Built the CLR GTR at $2.5🥰only a few lucky drivers experienced power#reelschallenge,2026-02-21T09:46:03Z,1895696,9236,5,2026-02-27T19:44:28Z,22,,Azhar Shorts
9HGYH4rn2xM,Broma de la cachetada falsa a therian 😂😂,2026-02-21T19:10:21Z,2966711,33896,333,2026-02-27T19:44:28Z,22,,El Tamalerito
#NAME?,Lily finds a 🐝 in need and then Violet comes along 😅,2026-02-22T08:50:40Z,2741161,8738,63,2026-02-27T19:44:28Z,24,,Mist4Ember
NA-Eni_JpYA,PASSEI A NOITE NA ANTIGA MANSÃO DOS ROSA *Algo sobrenatural apareceu !,2026-02-23T21:00:20Z,1745037,29086,1484,2026-02-27T19:44:28Z,20,,Leozinn 077
5PONjXQA31U,Minuto a minuto: así fue el operativo contra ‘El Mencho’,2026-02-23T14:03:56Z,1017484,13952,2684,2026-02-27T19:44:28Z,24,,Grupo Fórmula
zi1XHiHjSXM,"He Built Me a $1,500 Mystery Bag… Was It a Mistake? | 1500ドルのミステリーバッグ",2026-02-22T04:11:30Z,2269296,46560,275,2026-02-27T19:44:28Z,24,,South Florida Pokemon
H8CJ6DRIc9I,ELIMINADO??? QUEM COMPLETAR A PALAVRA PERDE??,2026-02-21T22:30:04Z,2046570,78018,191,2026-02-27T19:44:28Z,23,,CLEPTON
3Bo4p_AoYXU,Approached a Hyd girl for portraits 📸 #telugu  #snapbychance  #photography,2026-02-21T14:59:45Z,1782794,37132,154,2026-02-27T19:44:28Z,22,,SnapByChance
YMOhxPwQCjo,This peacock losses his egg | But a kind farmer help him 😱🫡 #shorts #respect #ytshorts,2026-02-22T02:44:37Z,2533406,24050,23,2026-02-27T19:44:28Z,24,,Antariksh Yatra
PAPl4O1m1d0,a bunch of clumsy thieves.#joker #shorts,2026-02-21T13:00:41Z,2582631,17818,38,2026-02-27T19:44:28Z,22,,Untitled Joker
359YiQYhEyE,If a tsunami happens in 2026 🌊,2026-02-22T17:37:27Z,1995412,26468,709,2026-02-27T19:44:28Z,24,,Ramo Akh
bS7iQ6P2zrA,I Got These New Divine Brainrots in Steal A Brainrot...,2026-02-21T21:09:48Z,1733492,20558,1323,2026-02-27T19:44:28Z,20,,Wixor
qKjKBrY0Yu8,ELBERR THE ROBOT GOT A NEW FORM..,2026-02-17T20:39:49Z,856738,21037,4561,2026-02-27T19:44:28Z,20,,Aimin
xn8R7TN64uI,Nataplumita se lleva a su Papá en la calle 😂 #risas #humor #memes,2026-02-22T01:54:57Z,4889685,20320,29,2026-02-27T19:44:28Z,24,,La familia Buchona
O0pAd1bJ_iQ,Only by putting patients first can one become a good doctor.,2026-02-21T16:00:36Z,2496880,127262,616,2026-02-27T19:44:28Z,22,,Michael Anderson
v0F6jZWSbes,Rhia Didn’t Give Sierra a Turn?! 😮 Sierra Felt Sad 💛,2026-02-21T18:31:15Z,2092772,9885,0,2026-02-27T19:44:28Z,24,,Sierra and Rhia English
uECoj8IJnCo,A MAN tried to TRICK ME from PRISON #roblox #berry,2026-02-22T04:56:07Z,3034310,83652,307,2026-02-27T19:44:28Z,20,,PairBlox
DJViAmhagiY,DJ & KYRIE GOT INTO A BIG FIGHT,2026-02-17T22:03:09Z,858933,15895,1011,2026-02-27T19:44:28Z,24,,The Prince Family Clubhouse
ybxXISisl04,Saat keramas banyak kepiting tersangkut di rambutnya,2026-02-22T03:30:00Z,1590596,15838,15,2026-02-27T19:44:28Z,22,,Shouko
GUKXpETrVbs,🎥  Una sicaria que no teme y jamas  perdona MALNACIDA - PELICULA COMPLETA español NARCOS 🎬,2026-02-17T22:00:06Z,873865,6075,332,2026-02-27T19:44:28Z,1,,OLA STUDIOS TV
tKiiw_JYn78,"ABATEN a ""EL MENCHO"": ESCOLTAS INTENTARON RESCATAR SU CUERPO, en TAPALPA, JALISCO.",2026-02-22T18:12:36Z,771619,10783,1842,2026-02-27T19:44:28Z,25,,LAS NOTICIAS CON EL MEXA
5eWR0m1co6A,NUNCA TE CRUCES A UN PAYASO MEXICANO... ARGENTINOS MUEREN DE LA RISA! #shorts #humor,2026-02-22T01:00:13Z,1914332,17624,68,2026-02-27T19:44:28Z,24,,Cachorro Free
0hSAwT7Ildw,I Secretly Worked As A Janitor,2026-02-21T18:15:01Z,1325036,81690,972,2026-02-27T19:44:28Z,24,,Sambucha
A3_sk66S10Y,"Kash Patel Parties in Italy, SCOTUS Strikes Down Tariffs, Trump to Release UFO Files: A Closer Look",2026-02-24T02:00:18Z,1034963,32600,1747,2026-02-27T19:44:28Z,23,,Late Night with Seth Meyers
6PFvSeyZQPU,Quão rápido você precisaria correr para andar sobre a água?,2026-02-21T23:35:01Z,1919917,90039,920,2026-02-27T19:44:28Z,22,,Eskelletox
tbItrPsMdyE,🎵  PRIMEIRO OU ÚLTIMO? 🎵  * A Música dos Opostos! #shorts #educaçãoinfantil,2026-02-21T15:01:20Z,1821684,14445,0,2026-02-27T19:44:28Z,24,,HORA DO MOSTARDA 
e77iGQh_T1Y,que chido voy a ser tío 🤑 #random #memes #humor,2026-02-21T21:00:15Z,3919531,106543,1002,2026-02-27T19:44:28Z,23,,Tio Golden
D34Ly_0L1N4,A million #MilanoCortina2026 dreams are keeping us awake! ✨,2026-02-21T23:22:48Z,1557347,24897,184,2026-02-27T19:44:28Z,17,,Olympics
p7XwXHTIPcA,Trading a NOOBINI to a DRAGON in 1 Hour in Steal a Brainrot..,2026-02-23T18:40:23Z,1266550,16708,1746,2026-02-27T19:44:28Z,20,,CaylusBlox
Lhd8TgKRJkk,He Thought It Was Just A Game He Was Wrong 😱🔥 #suspense,2026-02-20T17:00:40Z,6042543,210400,6310,2026-02-27T19:44:28Z,22,,Akai Scope
uXRD26hzFAA,Doey Plays Hide and Seek on the Farm! 🚜 #playtime | Wolf Joe | 파피플레이타임,2026-02-18T21:00:58Z,5516231,112084,404,2026-02-27T19:44:28Z,20,,Wolf Joe Toons
9dDRwBUSKo8,Minta bagi penggaris permen,2026-02-22T07:01:34Z,7032482,52341,14,2026-02-27T19:44:28Z,22,,Ardipetto
4emT0f-xc6k,Would you press the BUTTON to be a MILLIONAIRE High On Life 2 Easter egg?!  #easteregg #highonlife2,2026-02-20T20:54:48Z,3080125,95600,744,2026-02-27T19:44:28Z,20,,Captain Eggcellent But Shorter
52FDYR8aCx4,The Roaster Gets Roasted🤣Sudheer Echoes Sumanth Prabhas Only to Get Slammed by Rana!#shorts #funny,2026-02-20T01:32:00Z,3973596,0,40,2026-02-27T19:44:28Z,1,,HV entertaiments
iTthERDguMA,Cruella Sprayed Peper In His Eyes To Steal A Dalmatian !,2026-02-21T13:08:11Z,2929435,27364,50,2026-02-27T19:44:28Z,22,,AIHeroicStories
K2sDKLRGjEQ,La pequeña Nicole es puesta a prueba. #elasombrosomundodegumball #gumball,2026-02-20T15:00:30Z,4354984,232711,451,2026-02-27T19:44:28Z,22,,Diarios de Gumbal
FJ4xhbC6ue0,This lost Tesla key opened a random car… but HOW?! 🚗 #trendingshorts,2026-02-19T12:50:36Z,3030149,14823,4,2026-02-27T19:44:28Z,22,,Rizzexplain
k0buYMOZTT8,El secreto para proteger a la vaca es este imán 🐄😯,2026-02-21T16:00:54Z,2127955,0,3100,2026-02-27T19:44:28Z,24,,REY HUB🦁
sp00DspoQzI,LOS BROS REACCIONAMOS A TIKBROS! #4 🎨,2026-02-17T18:10:00Z,1655190,52803,4830,2026-02-27T19:44:28Z,20,,ElAbrahaham
72lBf2ncrb4,"They Ruined His Skates, He Fed the Kitten Anyway 🥺🛼🐱",2026-02-18T00:02:31Z,2644237,64161,593,2026-02-27T19:44:28Z,1,,The GPT Stories
SCepyjf7_Po,FIZ A MASHA E O URSO DOS ELEMENTOS *Os Rosa gostaram ?,2026-02-17T21:06:42Z,1513916,42903,1412,2026-02-27T19:44:28Z,20,,Leozinn 077
hRh0BYiTz5Q,ENTENDIÓ lo que PASABA justo a TIEMPO 🫣🤣 #shorts #divertido #fail #humor #curiosidades,2026-02-21T00:01:13Z,3247962,55102,128,2026-02-27T19:44:28Z,24,,AprendeYDivierTT
ZKVQbihnNXY,Aquel a quien menosprecias podría ser el héroe que necesitarás mañana,2026-02-21T12:00:54Z,2759704,84588,542,2026-02-27T19:44:28Z,2,,Pablo Rafael
13YQNS5EStw,Popular Indian educator Khan Sir recently made a bold comment about the dowry,2026-02-22T06:30:01Z,8652437,58615,1852,2026-02-27T19:44:28Z,24,,TrendVerse
YPOfYntrrcU,Your fingers are actually a clock,2026-02-20T18:33:58Z,2958080,118984,667,2026-02-27T19:44:28Z,28,,Mark Rober
DfaOswg-vCc,CAMBIO A MI NOVIA POR MI HIJA EN SAN VALENTÍN 😱💔,2026-02-18T00:11:58Z,1582668,30747,5483,2026-02-27T19:44:28Z,24,,Mau McMahon
oc2SGpj_psg,집에 오자마자 깜짝 놀라 오열한 여성,2026-02-19T08:01:02Z,3219838,11922,165,2026-02-27T19:44:28Z,24,,동동덕
iP1DrzuhtMk,"Ilia does a backflip just for fun at the Olympics Figure Skating Exhibition Gala, Milano Cortina🤯🫶",2026-02-22T04:36:42Z,3060179,74812,1217,2026-02-27T19:44:28Z,19,,"Lighttravelsfaster - Eileen Rhein, Esq."
2MVO99S7Bnk,NOS ATRAPA EL PAYASO en Roblox Scary Shawarma Kiosk con PaolazGames,2026-02-17T19:34:34Z,1549448,23889,2104,2026-02-27T19:44:28Z,20,,Lyna
dXqd3yrHVuA,His Hit Nearly Made Me Lose The Secret Block,2026-02-21T09:35:24Z,2799312,0,223,2026-02-27T19:44:28Z,20,,poggi
8BxYuNOY9EM,美容室でおじいさんを見下していた客,2026-02-20T10:00:00Z,4667314,119320,342,2026-02-27T19:44:28Z,22,,ネット旅行
Rk7AnJ7bIAc,ME RECHAZAN EN STEAL A BRAINROT  #roblox #robaunbrainrot,2026-02-20T23:18:42Z,3458441,74538,2480,2026-02-27T19:44:28Z,20,,SoyLugoBlox
EWN4iuNIPDg,O QUE MUDOU COM A CHEGADA DA OLÍVIA? 🤔,2026-02-21T21:15:18Z,2613889,112446,1917,2026-02-27T19:44:28Z,22,,Pai da Mia
bcUKXhh_htU,Asteroid learned a new trick 🤩,2026-02-20T14:41:41Z,3667265,26460,569,2026-02-27T19:44:28Z,15,,Nathan Kessel
H7l0t5EYhvw,🤖 THE DAY THE ROBOTS DIED 🚨 (Bruce Willis Action Sci-Fi Breakdown),2026-02-18T09:11:50Z,2983575,16224,122,2026-02-27T19:44:28Z,1,,FilmFables
qJeLKg9WPaI,What a intresting game between them 😱❤️ @triggeredinsaan  #liveinsaan #shorts,2026-02-21T02:45:00Z,2982853,17518,37,2026-02-27T19:44:28Z,22,,Triggered Anaya 
ERrfh2cJbQo,He Built a Hidden Underground Tree Bunker… Then a Bear Showed Up 🐻🔥,2026-02-20T00:20:51Z,2935951,16175,38,2026-02-27T19:44:28Z,22,,Hidden Ground
bSQsDrmZL3g,Juntaron a un lobo domesticado con un pitbull #animals #perros,2026-02-19T21:14:40Z,4166607,46745,304,2026-02-27T19:44:28Z,15,,Soy Fabuloso 
5ZCnsjeU_50,turning myself into a 90s desi bebot 🪩 || Tejasvi Rajput || #ytshorts,2026-02-20T14:13:25Z,2574665,75507,624,2026-02-27T19:44:28Z,22,,Tejasvi Rajput
jRqVPzasInY,Hari yang mantap hari pertama puasa #ytshorts,2026-02-19T08:03:51Z,3771934,14562,16,2026-02-27T19:44:28Z,22,,Ardipetto
iNzeT3KTT3k,Stokes Twins Por Qué Nunca Rechaces a Tanner😳,2026-02-21T07:09:15Z,6328351,67196,1147,2026-02-27T19:44:28Z,24,,Fan de los Twins
ifnQnbbe5Po,He put on a show during the timeout 😮‍💨 (via @MiamiHurricanesAllAccess),2026-02-21T00:45:42Z,3527257,64350,561,2026-02-27T19:44:28Z,17,,Bleacher Report
IxMqQqLf12Q,"""Bruce Lee - One Kick. The Flame Never Stood A Chance.",2026-02-21T01:00:33Z,5843850,61553,835,2026-02-27T19:44:28Z,24,,Isholives
4-RjudC5eu8,VIRAL 🐕‍🦺🤣 Firulais vs Therian. ¿A quién le vas?,2026-02-22T11:32:47Z,3508916,60318,2261,2026-02-27T19:44:28Z,10,,Barraganista
wrIX81cHmWg,You can literally make a knife out of anything,2026-02-19T05:54:50Z,4079422,46319,173,2026-02-27T19:44:28Z,20,,ATAUD
F5gj9GduVlk,He Climbed Into a Hanging Tree Cabin… Then Wolves Surrounded Him 🐺🌲,2026-02-19T20:19:15Z,2409390,19671,120,2026-02-27T19:44:28Z,22,,I Left the Noise
YmcpaBDSiMw,"the $100 rescue that stopped a $10,000 property loss #shorts",2026-02-20T23:23:07Z,3410531,124807,3218,2026-02-27T19:44:28Z,15,,Fauna Archives
nf3I90iVnlo,The Babies Kept in a Mysterious Los Angeles Mansion,2026-02-19T21:39:16Z,2776536,109715,3048,2026-02-27T19:44:28Z,24,,The New Yorker
qcSonhTHqUo,"This was a HUGE mess but so fun, let me know if you’re going to want the final result of both",2026-02-20T23:52:32Z,2165692,36820,1217,2026-02-27T19:44:28Z,22,,Kirra Lee
exMplWWAr94,Testing the Morality of AI Ambulance 🚑♖️,2026-02-20T08:45:29Z,3100031,58822,1390,2026-02-27T19:44:28Z,22,,Þolemod
NCxl7-ZSIwU,do NOT have a mime for a roommate,2026-02-19T19:18:26Z,3295701,181392,553,2026-02-27T19:44:28Z,23,,Cool Guyz Online
T0DV3pMHXhw,"Minecraft, But I Can't Touch Something That Starts With The Letter ""S""",2026-02-21T17:00:45Z,3547010,56406,1011,2026-02-27T19:44:28Z,20,,iShoya Shorts
WhIJSY6CCSc,Cc cumples el 29 de febrero 🥴😂 uds conocen a alguien así #comedia #29defebrero #cumpleaños #humor,2026-02-20T10:52:24Z,2426007,54009,368,2026-02-27T19:44:28Z,22,,aum aim
PFgbxFAT5fI,Noob Vs Pro Vs Legend😱 In Steal A Brainrot Roblox!,2026-02-20T19:45:12Z,3566581,14193,175,2026-02-27T19:44:28Z,20,,ParthyBlox
_tBtqyisJ-M,Aiunii diciendole a mami qué hermoso está su vestido.  #artista #baby #funny #venezuela,2026-02-20T23:15:19Z,4236875,17897,78,2026-02-27T19:44:28Z,22,,Noti Wheelers
L-MLDKjJYIA,It was a nice one too! 😏 #ww2 #history #reenacting #shortsfeed,2026-02-19T17:52:14Z,2562700,74353,295,2026-02-27T19:44:28Z,24,,Echoes Of The Past
fS7kGAnfN_Y,"Antes de morir, Eric Dane envió mensajes de despedida a las 3 personas más importantes de su vida.",2026-02-20T23:59:20Z,2609367,49433,339,2026-02-27T19:44:28Z,22,,Top Celebridades
iMh9qa5dC2Y,Daddy put on baby slipper and fixed in a second 🤣🤗🤪 #shorts #viralvideo #funnyshorts #trending,2026-02-20T13:26:00Z,3203527,0,0,2026-02-27T19:44:28Z,22,,Misti Happy Lifestyle Games & Shorts
SlIUCAL-A6o,It’s all in the bends and folds,2026-02-19T20:03:38Z,12291903,242021,1429,2026-02-27T19:44:28Z,27,,Author Ceramics Workshops
sVj4DdU9Eh8,GUESS THE NUMBER GAME🔥❤️ PT.4 SHE FINALLY WON #viral #couples,2026-02-19T20:01:18Z,11166146,339375,1646,2026-02-27T19:44:28Z,20,,Blaise 
7wM28u1Om5g,POV: Generating A New World From Nothing vs Emoji Reaction #shorts #meme #minecraft,2026-02-18T15:57:21Z,8395348,163459,431,2026-02-27T19:44:28Z,20,,Beeevids
hlbbugMNWLI,Black ceilings are the new thing! #alecpaints #diy,2026-02-21T17:59:55Z,12814099,289794,1795,2026-02-27T19:44:28Z,26,,Alecpaints
-7XZZOR08BA,🍎🔥💥Mercedes built the CLR GTR at $2.5M — only a few lucky drivers ever experienced its power,2026-02-21T14:00:00Z,10924899,0,0,2026-02-27T19:44:28Z,22,,Babu Bhaiya
dOjHsLoT1Es,He played a prank on his best friend.,2026-02-18T20:51:31Z,5845420,244023,851,2026-02-27T19:44:28Z,22,,9-1-1 house
81F04kA75dQ,She grabbed a Orange N64 for crazy cheap 🤘🤘🔥 #retrojakes #retrogaming #fyp #nintendo #videogames,2026-02-21T18:04:30Z,4265786,130353,2816,2026-02-27T19:44:28Z,22,,Retro Jakes
H5NGPOxLD1M,3 Bite Momo Challenge – Win ₹5000! #shorts #challenge #foodchallenge,2026-02-19T13:33:13Z,2665462,52252,127,2026-02-27T19:44:28Z,22,,The Challenger Pradip
YufjVbw_6Ok,ENFRENTÉ A MIS AMIGOS A VER QUIÉN ME CONOCE MÁS - DELFINES vs MAGENTAS,2026-02-17T18:46:49Z,1540931,38531,2276,2026-02-27T19:44:28Z,24,,MARIANA
UEP3dtgueuo,só a criança mais educada pode vencer #ftv #filmes #cenasnarradas,2026-02-21T13:51:52Z,2677174,50234,468,2026-02-27T19:44:28Z,22,,DANIEL FLIXX 
kwZwZZ60hjc,A menina quer brincar de cozinhar com seus bichinhos 😲🐶,2026-02-21T19:15:02Z,4417498,20064,9,2026-02-27T19:44:28Z,24,,Zord Facts
G2A0bS6s_Y4,A paralisia do sono vem assustando pessoas e já atingiu famosos como Maisa e Whindersson Nunes 😱💤,2026-02-21T15:30:08Z,6750433,20779,850,2026-02-27T19:44:28Z,22,,Fofoquei sem querer
vrXePfnr-jo,Su Hija Sorprendió a Toda la Carrera Cuando Hizo Esto…,2026-02-19T21:30:12Z,3447129,87683,378,2026-02-27T19:44:28Z,24,,visuesp
azvq9Te1mog,A Mira pegou o vestido da Rumi,2026-02-20T20:03:59Z,2533911,146226,705,2026-02-27T19:44:28Z,24,,Epic Toon
ipBFZMTXAZU,GTA 5 Spiderman create a new swimming pool #gta5 #gta #shorts #shortsfeed #spiderman #ironman,2026-02-20T01:30:42Z,4285593,0,4,2026-02-27T19:44:28Z,20,,Krrish 
bq_Q1wd91bs,MI BASE COMO YOUTUBER DE ESCAPA DEL TSUNAMI,2026-02-22T18:12:58Z,1989078,73700,6040,2026-02-27T19:44:28Z,20,,Ler0vYT
lOsFl2PojwA,Pastor denounces Trump & says being a Conservative DOES NOT make you a Christian!🙌 #trump #shorts,2026-02-19T18:07:05Z,3219339,72682,2961,2026-02-27T19:44:28Z,22,,Angelica's Clips
9SixYyJ7U-M,Girls when they have a pimple,2026-02-22T02:36:57Z,3476531,70432,2126,2026-02-27T19:44:28Z,22,,Nick Wilkins
tNrGEU7sNaI,FIZ um TAPETE pra um DOG TRABALHADOR ⛽️🐕,2026-02-21T12:36:22Z,2777726,97024,465,2026-02-27T19:44:28Z,22,,Igor Cafofo
eQLcO_9jJrQ,"The 60-Meter Pink Rabbit That Fell From the Sky: The Story of ""Hase"" 🐰⛰️ #history",2026-02-19T18:58:28Z,4672632,86999,745,2026-02-27T19:44:28Z,27,,True Fairytale
tFxeBSVPuJM,Si vas a ir de vacaciones a Cancún y quieres rentar un yate de lujo contáctanos 🔥🏝🛳 #cancun #yate,2026-02-20T12:22:44Z,3290432,62763,1825,2026-02-27T19:44:28Z,22,,Yatezzitos México
Q3AqyltQgic,Talking little tom is on duty a short story😂🌊,2026-02-21T23:30:09Z,4025027,0,5,2026-02-27T19:44:28Z,22,,A Message From God
IzqoyzBYUBk,Bacon boy have a crush on noodle girl…😭🥹| hear me now trend #robloxshorts #roblox #shorts #gaming,2026-02-20T13:00:37Z,3874899,33144,180,2026-02-27T19:44:28Z,20,,Liilacbubbles
6obb03UMijs,I got a legal letter from the wealthiest city in Minnesota about this youtube video,2026-02-19T23:25:37Z,2127888,51689,1034,2026-02-27T19:44:28Z,24,,Chris the Producer
nWHe86SsxMg,What If 007n7 Turned Into a Baby? 🤔 | Roblox Animation #forsaken #funny #memes #shorts,2026-02-20T02:18:59Z,3034289,65739,659,2026-02-27T19:44:28Z,22,,Cupyx
efqBHqg30GI,Así se impresiona a un jefe,2026-02-20T20:32:56Z,2734630,28543,30,2026-02-27T19:44:28Z,27,,Mr Por Pepe
eo6efWn1F6I,Танец Легонг: карьера до 13 лет 😳,2026-02-21T14:01:02Z,3679852,48323,331,2026-02-27T19:44:28Z,28,,Мозговзрыв
IGQfdeUR1co,The Deadly Force Behind a Dock Line: What You Don’t See #funfacts #funknowledge #sciencefacts,2026-02-18T00:24:54Z,2723502,34686,128,2026-02-27T19:44:28Z,22,,Jordan Goldman
t2b6hUIeYk8,They Laughed at Her Old Bike... She Built a Supercar From Palm Leaves 😱🔥 #shorts #ai,2026-02-18T12:40:01Z,2268945,48343,53,2026-02-27T19:44:28Z,24,,ShivuToons animation
tdaB4XKO3EI,A Hero For This...,2026-02-20T03:30:57Z,2215591,154771,12241,2026-02-27T19:44:28Z,25,,Trish Regan
TiZXMGdqL18,😰 This was not a swing but a net in which all the children were trapped!,2026-02-20T12:30:42Z,2437583,11742,8,2026-02-27T19:44:28Z,24,,Dramisa 
nmKTn8mRV_w,Someone poked me in the butt.😂🤣daily life of a couple  #funny  #couple,2026-02-19T14:01:23Z,3394839,8067,20,2026-02-27T19:44:28Z,23,,Mon Family
wtY0jdGIuiA,This Ship Chain Is Heavier Than a Car? 😱 | 1 Link = 3 Tons! #shorts #ocean,2026-02-19T14:57:36Z,2738519,54838,280,2026-02-27T19:44:28Z,24,,GyaanXplain
Z3ipjFsG3hA,Lol haha! Trump Makes FUN Of Army Of China! The Pool Statement #shorts,2026-02-22T14:30:20Z,3508345,214078,1678,2026-02-27T19:44:28Z,27,,FactTechz
rikzxkCE3R8,Healthy ah irukkanum. Tasty ah irukkanum. Aathi anna always finds a way for every amma out there ❤️,2026-02-20T13:51:03Z,3122990,103531,254,2026-02-27T19:44:28Z,26,,Cookd
AeL5TeXddF4,COMENTA A QUÉ CIUDAD VAS A VER A AITANA 😍​🤣​,2026-02-19T09:00:14Z,3614586,11170,408,2026-02-27T19:44:28Z,22,,Club de Fans Aitana
x6ZskQ9fcTc,The Soldier Who Adopted a Girl,2026-02-20T16:01:30Z,2694561,66898,357,2026-02-27T19:44:28Z,22,,Rennrat
GIv4Z8bS_E4,Hubby is such a CHEATER!!  😡 #mcdonalds #fastfood #foodchallege #coupleschallenge #couple,2026-02-21T21:31:26Z,3067428,57528,850,2026-02-27T19:44:28Z,24,,KristinAndJamil
7-V7mjlwpQw,NUNCA ENTRES DENTRO DEL BRAINROT 67 COMPLETO (ROBLOX),2026-02-17T21:15:01Z,1252989,34629,914,2026-02-27T19:44:28Z,20,,Chuy Mine
usmgfcu1Amk,Construction field | Grizzy & the lemmings | 30' Compilation | 🐻🐹 Cartoon for Kids,2026-02-20T11:01:45Z,1551731,5459,0,2026-02-27T19:44:28Z,1,,Grizzy & les Lemmings
R4sm6c312fc,WHO SHOULD LIVE IN A CAGE?😂,2026-02-20T02:13:00Z,3091473,0,28,2026-02-27T19:44:28Z,22,,JULI_PROETO
QFGQAJyDe1A,NO APUNTE EL LÁSER A UNA ARAÑA CON CRÍAS,2026-02-21T19:31:22Z,1973663,102748,134,2026-02-27T19:44:28Z,24,,iTeczio
OcDib27Mg1c,Building a cozy shelter inside a massive forest log #survival #diy #forest,2026-02-21T19:53:59Z,3498226,89126,1268,2026-02-27T19:44:28Z,22,,Inspiring Ideas
_RX3N0MLSYU,Fábio pagou a bola de basquete atoa kkk #meme #comedia #engraçado #humor #risos #casal,2026-02-21T21:10:00Z,2946897,55653,237,2026-02-27T19:44:28Z,22,,A ruiva da roça / Fabio Castro
HyvTUOp_2Jk,Battle of the Bulge (1965) | Explosive trap turns the tide for the Allies 💥🔥🚛,2026-02-20T09:10:23Z,2664429,14100,102,2026-02-27T19:44:28Z,24,,02 Nguyen
dCLuJjPF5Io,A Horse Sat Calmly During His Prayer 🐎🤍✨#shorts #youtubeshorts #islamicvideo #foryou,2026-02-18T04:30:00Z,4457316,59313,251,2026-02-27T19:44:28Z,27,,Haider Shorts 
KfD_EULI-FM,Based on a True Story,2026-02-20T14:37:28Z,2513645,60634,1421,2026-02-27T19:44:28Z,22,,kkokkoramen
t3v5kfcFYvI,Tyrants who had a Tragic Past 🦖,2026-02-21T20:56:44Z,2275827,75897,849,2026-02-27T19:44:28Z,24,,Farzan Films
N8wNOv43gc0,"Give a snake a crown, it’s still a snake. #fakefriends #motivationalvideo #bestquotes #storytelling",2026-02-20T12:52:56Z,2721714,41719,194,2026-02-27T19:44:28Z,20,,Ayush Jilewa
jj9N0pF9q7Y,I Built a Secret Underwater Container Room ✨,2026-02-24T00:15:04Z,20812894,175817,294,2026-02-27T19:44:28Z,24,,Home Magic
o4o48HzJAbE,Is He The King Of Giant Snacks? 👑🤔🍿,2026-02-19T19:00:51Z,20468569,0,1710,2026-02-27T19:44:28Z,22,,STARTYSON
O90LnfGibJU,She cooks with a tennis racket.. #shorts #shortsfeed #youtubeshorts #cringe #lifehack #comedy #funny,2026-02-20T19:39:58Z,18363300,416228,9603,2026-02-27T19:44:28Z,22,,LouisAyy
GmAYooOx27s,A surprise gift for Tani #funny #scaryteacher3d,2026-02-21T12:00:33Z,22149629,109379,34,2026-02-27T19:44:28Z,1,,Brainrot Family
mb_ZpMEHSDs,¿Cual puede mover a RUMI? 😱😅,2026-02-20T21:20:21Z,13214264,473839,1309,2026-02-27T19:44:28Z,24,,Leo Show 
59y_NOPOvR0,She attempts to do a handstand for 100 seconds!,2026-02-18T16:12:21Z,14726828,490251,2029,2026-02-27T19:44:28Z,10,,Saif Shawaf
IL2Empf--M8,This PREGNANT WOMAN Built a ROCK FOREST ROOM With a PANORAMIC GLASS FLOOR OVER A RIVER,2026-02-22T10:16:28Z,23391813,215770,143,2026-02-27T19:44:28Z,22,,Wild Digs
lqDc5ZmIq-o,Do you have a backup? | Bullet Train | MATADORA (Super Slowed),2026-02-19T16:16:53Z,12888987,257787,1214,2026-02-27T19:44:28Z,22,,Zeroone
mj9p90JRZTQ,As a KID vs As an ADULT,2026-02-23T12:01:15Z,23583498,218230,1061,2026-02-27T19:44:28Z,24,,MiniMoochi
_iX-pUnfMO4,Never Climb a Tree from a Tiger | #facts #animal,2026-02-23T13:55:05Z,23395787,274604,250,2026-02-27T19:44:28Z,27,,FactRound_My
nDCkMoO716c,Erling & Neymar made a fake pool 😤😰,2026-02-22T01:01:02Z,9180997,234716,809,2026-02-27T19:44:28Z,22,,MOMIN BRO 900K
Vh725A2oBYA,Beggar Was Actually a Millionaire ~ Vihan and Kiara Love Story #love #lovestory,2026-02-19T00:30:26Z,10923320,0,237,2026-02-27T19:44:28Z,24,,Facto Hoshiyar
n99FImR2KvE,Building a secret Underground Luxury Cabin Hidden in a Mud Hill,2026-02-20T13:31:01Z,10326558,82875,212,2026-02-27T19:44:28Z,22,,ASMAR Houses 
NRgyrz7ctZ8,Tabla bajaoBuilt the CLR GTR at $2.5 🏡M only a few lucky drivers experienced power 😅🍓#reelschallenge,2026-02-21T12:30:35Z,14882963,0,7,2026-02-27T19:44:28Z,24,,Atika Our Moni
EyX99ii476g,A Gift of Light from Tiny Friends 💫,2026-02-20T10:00:32Z,9121811,129265,0,2026-02-27T19:44:28Z,15,,もこまるファミリー【赤ちゃんと猫2匹との暮らし】
KaUuPNYHFNg,I Built a School in Mexico,2026-02-22T17:00:00Z,10162882,458773,9886,2026-02-27T19:44:28Z,24,,MrBeast
So0l0-IBi8s,Ronaldo took a heart shaped photo in the sand! #ronaldo #cosplay,2026-02-22T20:00:20Z,12449450,42371,67,2026-02-27T19:44:28Z,24,,HOPPER
FwslooI6PHU,Bu guru nemuin penyimpanan hp rahasia di kelas,2026-02-22T10:24:06Z,10925195,65345,96,2026-02-27T19:44:28Z,22,,YogaS
CPhYswFKPgM,Se salvó de algo terrible gracias a su hermanita,2026-02-22T18:44:11Z,11338047,116180,204,2026-02-27T19:44:28Z,22,,Jesus Sulbaran
uboJNeP0iOg,He Tried to Be a Hero… and Fell in the Lake,2026-02-23T15:20:38Z,8252158,0,12,2026-02-27T19:44:28Z,24,,CurioVerse
n9u0TrBbspQ,Choose a pair of sandals 🥰🧦🦶🏻 Leather foot slippers 🥰🦶🏼🥰 #love #viralvideoshorts #trendingshorts,2026-02-21T07:43:35Z,12380112,42291,15,2026-02-27T19:44:28Z,24,,BaBa Toys
TOHy45TrwbY,Eagle Saves a Mystery Egg from a Kangaroo #halo #eagle #eggs #crow #kangaroo #cbum,2026-02-22T12:32:39Z,10420300,139394,74,2026-02-27T19:44:28Z,22,,MrMonkeyBoy
67FAkfetUU8,Never Underestimate the Quiet One 👇,2026-02-22T13:02:51Z,10842894,304300,2672,2026-02-27T19:44:28Z,24,,mdscae
5aOP2kQJ9ts,Las idols les dan regalos a las minis #comedy,2026-02-22T02:11:06Z,10049913,104902,3807,2026-02-27T19:44:28Z,23,,Señorita Influencer
lj29icrsBew,How The Piltdown Man Fooled Scientists 😮,2026-02-22T21:00:43Z,7838611,297625,3054,2026-02-27T19:44:28Z,19,,Zack D. Films
gxY8bi5shSk,Even though Nawaz is a senior actor but still went and greeted them with so much humbleness #viral,2026-02-23T04:24:20Z,10934932,119855,421,2026-02-27T19:44:28Z,10,,Saurav Thakur
LywI1eDq09o,The Power of a Father’s Love || Vlogs❤️,2026-02-20T03:26:01Z,6817252,0,376,2026-02-27T19:44:28Z,22,,FactsBanglaFacts
M_ynbAQAR0M,Introducing the VitaWear SmartBand a next-generation wearable gadgetb #kareenakapoorkhan,2026-02-20T06:12:37Z,9860579,43579,53,2026-02-27T19:44:28Z,24,,Bebo Rani 
dxX6d9vujwY,Mercedes Built the CLR GTR at $2.5 🏡M only a few lucky drivers experienced power🍓😅#reelschallenge,2026-02-23T13:23:16Z,8669640,62045,15,2026-02-27T19:44:28Z,22,,Abdul Wahid2m
nc1n9y-MOlY,Peacock Saves a Mystery Egg from a Elephant #halo #peacock #eggs #elephant #parrot #cbum,2026-02-23T13:05:04Z,8565075,120794,71,2026-02-27T19:44:28Z,22,,MrMonkeyBoy
KSRvGauojWQ,He Brought Milk for His Princess… But She Won with a Clever Watermelon Trick,2026-02-22T11:46:21Z,12388013,0,30,2026-02-27T19:44:28Z,24,,Happy L story 
qKA4iWWXhkI,Why is everyone curious about this? 🤔❓The movie title is at the end.#Shorts#movie,2026-02-22T06:56:17Z,7570191,240262,3941,2026-02-27T19:44:28Z,24,,Atlas4074
LxIXNj0_DLU,The Leopard That Ate Over 100 People 😨,2026-02-22T13:30:19Z,8215884,391657,2919,2026-02-27T19:44:28Z,19,,Zack D. Films
GMbjf6eL_Q0,#movie The Final Stand: Machine Gun Fury Meets a Knife in Eddington's Brutal Climax,2026-02-22T11:10:18Z,9341035,93801,1002,2026-02-27T19:44:28Z,1,,Cindy
VJ1SPVL65Ig,"They Different Down Here, I seen a police car on swangaz Sunday #houston #cars  #amp #explore",2026-02-19T17:30:33Z,6925249,282400,10602,2026-02-27T19:44:28Z,10,,Always Make Profit Music Group
UCyup_8ZQyY,Adiós APAGA la VELA 🥀 #mrrelevante #momentostristes #culturapop,2026-02-21T18:08:14Z,6898264,174556,8196,2026-02-27T19:44:28Z,1,,MrRelevante
b1YaSFTriNw,Transforming a Homeless Shelter into a Luxury Tiny Home!,2026-02-22T17:01:01Z,20862872,254391,300,2026-02-27T19:44:28Z,22,,HyperBuild Timelapse
c-fAWEopkpw,A Mahadev Idol Was Found in the Trash And a Miracle Happened #harharmahadev #god#lesson#shorts,2026-02-22T15:42:32Z,6324004,0,482,2026-02-27T19:44:28Z,1,,IshTatva
80L5wifc7PA,Ranking the most impressive sounds ever.,2026-02-20T10:16:57Z,9918044,213551,502,2026-02-27T19:44:28Z,22,,MrStan
5_mxKXbMm9g,The wife nobody expected..! (Cr: @berniezx10alderman /IG)  #bikerlife #shorts #fyp #ragebait,2026-02-21T20:24:51Z,7415170,208908,8279,2026-02-27T19:44:28Z,22,,Pengo - بينقو
ovlGl71WfIE,Naruto changed his way of disposing of trash after encountering a kitten#shorts #naruto,2026-02-22T13:21:58Z,9419843,80267,236,2026-02-27T19:44:28Z,24,,Naruto AI
teY6kciRYVQ,Is that a girl or a boy looking in the background?後ろで見てるのは女の子？男の子？ #cosplay #zootopia2 #zootopia,2026-02-22T10:39:13Z,9491412,37390,566,2026-02-27T19:44:28Z,24,,だんくんTV
EPFVwLN4iYE,¿Cómo detectar a un policía falso? REAL vs FAKE,2026-02-23T21:00:15Z,5999817,264133,845,2026-02-27T19:44:28Z,27,,Ley De Mike
R-gvenWlR4s,How A Salon Hair Wash Can Lead To A Stroke 😨,2026-02-24T13:30:30Z,7010771,254768,3415,2026-02-27T19:44:28Z,19,,Zack D. Films
WtjFoNqef5Y,Grandma Built a Dream Bamboo House After the Hut Collapsed 🏠 | 📖 Mini Wood Toys | #ai #craft #love,2026-02-20T06:30:31Z,4886111,0,70,2026-02-27T19:44:28Z,24,,Timeless Wooden Art
lrdMvR5kewg,ヤンキーに絡まれた⁉︎#サッカー,2026-02-22T09:00:56Z,8573433,174752,816,2026-02-27T19:44:28Z,17,,アシフットボール-葦フットボール
XtZQfbGY0ZI,Your Hot Neighbor asks you for a Favor,2026-02-21T13:01:02Z,5959315,280619,783,2026-02-27T19:44:28Z,1,,Plan3
DeQuZ9iWlSU,This Is How You “Reprogram” a Bee Colony 👑,2026-02-21T08:00:15Z,6206864,99414,291,2026-02-27T19:44:28Z,28,,COSMIC PITH
7DQNDpGPL1s,Le robé a mi amigo 😬 #shorts,2026-02-22T20:14:32Z,5420132,243888,1551,2026-02-27T19:44:28Z,23,,Jexs
kIHVD27R-10,La Triste Historia de un RECHAZADO 🥀 #mrrelevante #momentostristes #culturapop,2026-02-22T17:08:53Z,5803191,154430,4654,2026-02-27T19:44:28Z,1,,MrRelevante
Lu9JNtEq4_0,Adopted by a Lion 🦁❤️,2026-02-18T21:30:05Z,15381308,161418,1195,2026-02-27T19:44:28Z,22,,BravePaws
b-D5HIhiqx8,Monkey’s Mud Bike MELTS in Rain… Then He Builds a Desert Plane to Save Everyone! 😱✈️,2026-02-21T13:00:57Z,20165970,123551,13,2026-02-27T19:44:28Z,24,,Storive Studios
lznB-3TdTww,El Creador Spawneó Lucky Blocks Divinos ⚜️🔥,2026-02-20T10:01:14Z,12256241,488690,643,2026-02-27T19:44:28Z,20,,Hackean2
tsO4rvrppfA,Make a lot of Sooji papad in water 😅 #shortsfeed #viral #cookingvlog #soojipapad #holi,2026-02-20T15:35:53Z,10349432,120790,211,2026-02-27T19:44:28Z,26,,Sweety's Kitchen
SRDwc6iYqRg,TEMPLO de la FORTUNA es la SUERTE de UNA PERSONA 🤫🤣 #shorts #curiosidades #china #humor #divertido,2026-02-22T20:01:01Z,11528403,148863,340,2026-02-27T19:44:28Z,24,,AprendeYDivierTT
tPjnC9D0Qq0,"""एक बहन, एक धोखा… और भाई का गुस्सा!""🫡.#shorts",2026-02-19T13:43:59Z,4939595,134652,828,2026-02-27T19:44:28Z,1,,TANNU EXPLAIN 
uhw20gpbtsA,Esta Chica Me Va A Volver Loco Con Las Bebidas 😂😱,2026-02-23T17:01:25Z,7729073,101908,106,2026-02-27T19:44:28Z,22,,YoSoyCactus
e3s-LOXx-sI,Meeting the Special Guest at Lily Lovebraids Tea Party 👀,2026-02-19T21:22:32Z,4818343,155537,4112,2026-02-27T19:44:28Z,20,,Tasty Husbands
QwCwDe8jaO0,Цепь на карьерном самосвале #факты #технологии,2026-02-22T14:05:02Z,6316385,31223,198,2026-02-27T19:44:28Z,22,,Kozy Mozy Production
zElBQhOlKPg,A “skin tag” may not be a skin tag 👀,2026-02-20T12:40:42Z,7532114,21623,224,2026-02-27T19:44:28Z,22,,dr.lindaxing
fvyfpaXpxts,Grey's Anatomy (2005) | A Bomb Inside the Patient 😱💣🏥,2026-02-20T09:10:15Z,9729040,412376,2055,2026-02-27T19:44:28Z,1,,Ronan Steele
1EL2wx7H5Qk,Asi castigan a los JUGUETES MALOS.... #drsackgaming #parati #horror #feedshorts #poppyplaytime,2026-02-19T22:38:34Z,6056320,61933,657,2026-02-27T19:44:28Z,24,,Dr. Sack Gaming
vOhKkNr0Lq8,Hiding as a BLACKSMITH Structure!,2026-02-22T14:48:09Z,5938268,240956,1228,2026-02-27T19:44:28Z,20,,CoffeeFuelledGenius
e1rXoz2Du1I,Jesus vs. Satanás: Apenas 1% dos que amam a Deus verão este vídeo de bênção😂 ✅✝️↔️❌👹 #Deus #Jesus✨🔔,2026-02-22T14:00:55Z,5453782,0,840,2026-02-27T19:44:28Z,22,,God's Message Today 0.2
RwO6hLVM6oA,Ranking Best I'm Just A Baby Trend Part 1 #shortsviral,2026-02-19T23:00:49Z,4750554,69058,112,2026-02-27T19:44:28Z,24,,Homie Rank
FA4tBhTrO3U,Broguin drowned in the ice water PART 11  #roblox,2026-02-22T11:16:23Z,3972324,98915,1445,2026-02-27T19:44:28Z,20,,CocoLocoWyd
zf6jQ2otnDE,Sorprendi a mi mamá ❤️😱 #shorts #video #youtubeshorts #comedy,2026-02-19T02:37:25Z,7276433,49756,1835,2026-02-27T19:44:28Z,24,,Soy Marie Oficial 
GZGEBxEvj_Y,It was such a vibe 🤣🤣🤣 #trending #comedy #funny #viralvideo,2026-02-20T21:43:34Z,10199551,33234,146,2026-02-27T19:44:28Z,10,,THE ROCK OF AFRICA
1qmemqVffI0,“The ending is really hilarious🎀🤣💯 #shortsfeed,2026-02-21T07:18:49Z,5533849,0,160,2026-02-27T19:44:28Z,24,,editsbyRS
f48ev3b2wYs,From Printing X-Rays to… ? A Heartwarming Job Hunt,2026-02-22T14:00:53Z,7229064,271106,555,2026-02-27T19:44:28Z,22,,Cathy Bechtelar
IPR1SVN9Y3U,The clown overthought it.#joker #shorts,2026-02-20T12:00:24Z,4685553,32748,88,2026-02-27T19:44:28Z,22,,Untitled Joker
uB92_9V65Po,He Made a Secret Drawer… And No One Expected This! 😱,2026-02-23T06:29:59Z,4638239,0,34,2026-02-27T19:44:28Z,24,,Dastan
ZFsrw_7FjoM,I built a hidden luxury storm bunker under a U.S. backyard,2026-02-20T14:12:58Z,11489248,106367,2217,2026-02-27T19:44:28Z,26,,Build Rescue Lab
iHaiYFi0kE0,The PROTOTYPE'S True Identity In Poppy Playtime Is HEARTBREAKING 🤡#shorts,2026-02-21T13:01:13Z,4312936,131512,905,2026-02-27T19:44:28Z,20,,Reapz
ck97ejftbJE,She Found A 1500 Year Old Sword In A Lake 😮,2026-02-22T20:00:21Z,22317476,907486,4704,2026-02-27T19:44:28Z,19,,Zack D. Films
UrA4Z7P5qgI,Paso a paso del Operativo que culminó con la muerte de “El Mencho”: Defensa - Estrictamente Personal,2026-02-23T14:42:03Z,1635038,12006,1899,2026-02-27T19:44:28Z,25,,NMás
iwhgeBAx3gQ,"SCORE A PENALTY, WIN $1,000: LEGENDS EDITION",2026-02-23T17:01:06Z,2094633,57671,1477,2026-02-27T19:44:28Z,17,,KSI
NbRn5mML32Q,Falling asleep on a flight takes me forever.,2026-02-21T19:11:21Z,8718164,26884,379,2026-02-27T19:44:28Z,22,,Anya Matusevich
#NAME?,Mamá le dio agua a Sonu 😱🤣,2026-02-20T15:55:00Z,4262911,42024,23,2026-02-27T19:44:28Z,22,,EpicCorto
a7jMtiTVuu8,Bar Brawl MASTERCLASS! Casey Bowman Wrecks 8 Thugs With a BEER! | Ninja#short #movie,2026-02-20T14:49:52Z,5145826,45008,276,2026-02-27T19:44:28Z,1,,Bella4
4Z8sYYw5tio,Ini Solusi Cerdas atau Sedang Menghindari Hidup Sendiri?,2026-02-19T10:00:09Z,5278261,62654,581,2026-02-27T19:44:28Z,22,,Aku Lewat
GGqywGnFzvk,😡 PROFESSORA EMILY EXPULSOU A AMY ROSE DA ESCOLA(TADINHA!😭😭),2026-02-21T14:25:08Z,4033792,89647,297,2026-02-27T19:44:28Z,22,,ninezinHISTORiaIA
qQqysj7Kwzo,"Todo pai teme esse dia, mas a filha deu a notícia… #humor",2026-02-21T00:08:04Z,5643427,81675,1305,2026-02-27T19:44:28Z,22,,Victao Edits
v3Usydj1RiM,POV: Escaping a Bear Into a Hidden Bunker,2026-02-22T23:30:18Z,4204565,30996,89,2026-02-27T19:44:28Z,22,,Mythic Shelter
LCLA2-GdYNo,What a big motorcycle brother,2026-02-22T12:16:59Z,10615878,39284,24,2026-02-27T19:44:28Z,24,,FunVillage41
99py5WSQOu8,ade jadi anak sketboard😅🤣🤣🤣 #trandingshorts,2026-02-18T21:03:54Z,5071788,23383,179,2026-02-27T19:44:28Z,24,,ade & kk
GaFRr7QHkEI,“When Dad Pretends to Feed a Panda Just to Make His Daughter Eat!” 🐼😂,2026-02-22T15:52:30Z,4748297,0,12,2026-02-27T19:44:28Z,24,,Cr Fact
0o5GlC_SlC4,Güvenlik ile motorcunun medeni konuşması 🙄,2026-02-20T16:00:02Z,4514996,96427,1097,2026-02-27T19:44:28Z,24,,Zeytinsen
JbJBSpJdynw,Por Qué Disparan Flechas A Novia😨,2026-02-22T19:00:26Z,4141687,39368,48,2026-02-27T19:44:28Z,22,,Numbat Shortz
Giq7Vs34WGo,"Introducing the ""VitalWear SmartBand,"" a next-generation wearable gadget",2026-02-20T10:19:57Z,5332929,56385,62,2026-02-27T19:44:28Z,24,,Mr fun facts
neHgy5GwTjY,This Parrot Just Wanted to Be a Mom 🦜💛,2026-02-24T03:13:53Z,4408829,93841,792,2026-02-27T19:44:28Z,22,,Infi's Diary
VyY5FowPEPQ,TANKER REACT We Took a Heart Sand Photo! #kpopdemonhunters #huntrix #kpop #cosplay,2026-02-21T17:00:49Z,5747158,17795,11,2026-02-27T19:44:28Z,22,,TANKER
zQh4dFPrekQ,Sonic destroy Eggman car 💀😱 | Sonic the hedgehog | #sonic #edit #shorts #animation,2026-02-22T22:00:51Z,5312281,32841,188,2026-02-27T19:44:28Z,24,,Ranedits
NksOjUslxOg,#movie In this gripping deep dive into the 2007 thriller The Brave One,2026-02-19T12:21:23Z,4312869,84569,516,2026-02-27T19:44:28Z,29,,American Premiere
QF--WodKE3w,Terra Formars (2016) | Serum Injection Begins – Humanity Evolves to Face the Roach Army 🧬,2026-02-23T11:18:36Z,3926405,44085,127,2026-02-27T19:44:28Z,1,,Beenle
KgeJnAwS-zQ,POV: you’re doing soundcheck…and a 10 year old DJ takes your job🔥.  #darbuka #rodolphemanoukian #dj,2026-02-18T20:03:07Z,3979898,76852,429,2026-02-27T19:44:28Z,22,,Rodolphe Manoukian
NMezK_S0sEs,Ibu ayam diperban? Anak ayam panik cari biangkeroknya🤣❕,2026-02-20T11:31:25Z,5734947,24182,8,2026-02-27T19:44:28Z,24,,Nara_Dewi
bFQgOLnTbPU,How modern parents raise a child,2026-02-21T23:00:51Z,3179122,62296,196,2026-02-27T19:44:28Z,24,,Loren Stories
GAO3-M6CoTE,Pagal Mercedes Built the CLR GTR at $2.5 M only a few lucky drivers experienced power#reelschallenge,2026-02-24T01:00:16Z,5429056,16233,3,2026-02-27T19:44:28Z,24,,BILU BEASTX
paI9ekf8fwY,How to Turn a $20M Ask Into a $70M Deal  #bigbang #lol #comedy #thebigbangtheory  #shorts,2026-02-20T16:22:48Z,4622206,92174,372,2026-02-27T19:44:28Z,20,,Tasmia Gaming
7tRilROVq28,Estos perros hicieron lo imposible por volver a casa,2026-02-21T17:25:00Z,3127417,57068,75,2026-02-27T19:44:28Z,22,,Archivo Curioso
4Rcr9H7qr7k,The Ultimate Laugh Challenge: Top Funny Clips! 😂 #boomnationtv #funny #comedy #memes,2026-02-19T15:00:14Z,4341866,0,964,2026-02-27T19:44:28Z,23,,Boom nation tv
vv_FnKy3p2Q,I dived 50ft to save my dog from a sinking car... 🌉😱 #rescue,2026-02-21T21:09:35Z,16300128,208929,774,2026-02-27T19:44:28Z,24,,ZooPhenomena
U_dTVwsLxWw,Her First Time as a Mom 🥹🐾,2026-02-21T12:30:42Z,4324801,75324,164,2026-02-27T19:44:28Z,24,,L Facts
CsTjkRi3tQg,Leozinn 077💡Reclamou Do Patinete Para a Vovó!😱,2026-02-22T17:30:03Z,3056055,52806,51,2026-02-27T19:44:28Z,24,,Timer Quiz
EZRLTkv-TWs,подписки и разбитое сердце,2026-02-22T11:00:00Z,3314573,94064,597,2026-02-27T19:44:28Z,22,,ПОСЛЕДНЯЯ ИЗВИЛИНА
InSvvMGZqUw,The truth of a Corvette spare tire,2026-02-23T18:15:52Z,5235947,95811,1265,2026-02-27T19:44:28Z,2,,Exotic Rubber
SjqzpgH9LVs,He does miracles A🤪🤔🌟#amen#prayer #shorts#deus #jesus #bible,2026-02-21T08:40:47Z,4866013,18470,7,2026-02-27T19:44:28Z,24,,OG•Madhuxzy
yFkQRcwBbtQ,Dedektif Cücük Otelde 🔎🫆🕵️‍♀️,2026-02-22T12:11:04Z,4855395,26166,109,2026-02-27T19:44:28Z,22,,Selin Nila
dKPPI-CfX3Y,📍Adele stops her concert to help a fan pull off the ultimate surprise proposal 💍,2026-02-18T19:41:30Z,2894937,173536,1316,2026-02-27T19:44:28Z,10,,Billboard Nigeria
5Acm8oqS80s,Atropel*do por um Trem,2026-02-23T22:53:54Z,3850996,181478,1521,2026-02-27T19:44:28Z,27,,"Investiga, Pinhel! "
sFbs_8T85zU,"Awalnya Zonk, Jebakan Kedua Berisi Ikan Mirip Buaya dan Koi!",2026-02-23T09:01:13Z,3817226,39849,75,2026-02-27T19:44:28Z,15,,Uj Official 
#NAME?,A disabled duckling helps his cat friend #DuckRescue #CuteAnimal #AnimalRescue,2026-02-21T15:13:54Z,3957203,11466,17,2026-02-27T19:44:28Z,24,,Vikashnisha kushwaha official
aHB3IebUpoY,Spiderman and Hulk play a prank on Hulkbuster 🤣 🤣 🤣,2026-02-21T13:00:00Z,3738796,23094,17,2026-02-27T19:44:28Z,22,,SpideyFat
tJJ6PQLUTc0,how to make a youtube thumbnail!,2026-02-22T19:15:03Z,4910090,111368,934,2026-02-27T19:44:28Z,24,,Shumby
90rgeXm6JGM,"Essa criança tomou a decisão certa, mas o professor foi mais esperto 😂 #shorts",2026-02-21T16:30:06Z,3880186,43735,68,2026-02-27T19:44:28Z,24,,Doutor Shorts
25G0CIlTwPg,What my Vietnamese family eats in a day,2026-02-22T12:21:03Z,3729801,174363,1684,2026-02-27T19:44:28Z,22,,Uyen Ninh
s7JQsdF60x8,He’s a Legend 😤,2026-02-22T12:01:21Z,3811264,135567,4281,2026-02-27T19:44:28Z,23,,Onevilage
iLB3Dc3YeRw,Kasihan Uangnya Ikut Hangus,2026-02-21T12:43:52Z,5019550,0,659,2026-02-27T19:44:28Z,24,,Nur Hamka Channel
m3iFQo9vAxo,The Prehistoric Hunter With A Half-Body-Length Neck,2026-02-23T17:30:00Z,7609203,38969,274,2026-02-27T19:44:28Z,27,,Jaqqs
CXUN0vA3juo,His Dead Dog Sent the New Puppy a Message 😭😭,2026-02-22T13:04:19Z,3247859,147419,571,2026-02-27T19:44:28Z,20,,Near
Gqd2aXYuvAU,The CEO Owner OF ChatGPT is Crazzzzyyy! Sam Altman Facts #shorts,2026-02-22T14:30:20Z,2835470,151184,1495,2026-02-27T19:44:28Z,27,,FactTechz
TQ0b_mxeHDc,I SURPRISED MY BROTHER WITH AN AVOCADO COSTUME 🥑😭 #brother #halloween #foryou #shorts,2026-02-22T09:02:57Z,2803279,23145,474,2026-02-27T19:44:28Z,24,,SodaSneakSally
Au-5X7F7wbI,The crosshair stepped on a landmine#shorts #viral #trending #shortvideo #starwars,2026-02-22T11:31:00Z,3965784,165338,952,2026-02-27T19:44:28Z,1,,Thorne Frame
pMxK4a0P1dE,Digan A #comedy,2026-02-23T16:45:43Z,3758846,41837,266,2026-02-27T19:44:28Z,23,,Señorita Influencer
uZmMKJ-P2Ec,Where Is the Best Seat on a Plane 🤔,2026-02-21T14:01:30Z,3179024,74788,264,2026-02-27T19:44:28Z,1,,NYKentertain
8q1X-KvbCTY,Cara Paling Gila Merilis Album Musik,2026-02-21T03:00:07Z,7162464,0,51,2026-02-27T19:44:28Z,24,,RMDzone
eO1jrR28CIc,A small help can change someone's whole life. ❤️,2026-02-19T13:16:35Z,3970927,0,214,2026-02-27T19:44:28Z,24,,ForgeCine AI
wliH0fJvRtk,WATCH FULL Trump State of the Union 2026,2026-02-25T05:15:14Z,471218,11412,2891,2026-02-27T19:44:28Z,25,,LiveNOW from FOX
LZ3olKqXU4A,Happiness Kisses Raven | There was a Cute Girl in the Hero’s Party,2026-02-24T18:00:31Z,58351,1927,90,2026-02-27T19:44:28Z,1,,Crunchyroll
jG-97ngp8r8,A Girls Hustle (Episode 3) Why TK Hustle,2026-02-25T01:43:43Z,25976,1007,0,2026-02-27T19:44:28Z,1,,X2
K0iS-uI4ozU,The Terror of the Mysterious Cage😱 #wwe #wrestling #shorts,2026-02-20T06:00:30Z,4897356,65401,43,2026-02-27T19:44:28Z,24,,Wrestling Secrets BD 
#NAME?,These Artists can ONLY Draw with an Eraser,2026-02-22T15:13:31Z,4315064,264420,1618,2026-02-27T19:44:28Z,24,,SLEW
4CExrrW67Wo,POV You Are in a Bunker Inside a Massive Tree 🌳 #survival,2026-02-21T16:26:05Z,3966561,40695,347,2026-02-27T19:44:28Z,24,,Ryuzel Zel
9o_rwyvHD8A,ATI ka bhootMercedes Built the CLR GTR at $2.5😅only a few lucky drivers experienced#reelschallenge,2026-02-21T01:00:24Z,4359861,15810,1,2026-02-27T19:44:28Z,22,,Bukhari King
DOgydV01YJ8,"Introducing the ""VitalWear SmartBand,"" a next-generation wearable gadget🎉 part 381",2026-02-23T05:38:12Z,4002918,0,381,2026-02-27T19:44:28Z,22,,Official Mohit Bhind
DIQoQ_bsAtY,Mom Making Sure I'm Asleep On A School Night.,2026-02-22T15:30:07Z,4193326,127078,1002,2026-02-27T19:44:28Z,23,,Ryan HD
vQbecz1KpLc,🇮🇳 lioness destroys a Brit over #Kohinoor! #briefchaat #indianjewels #sonekichidiya #britishroyals,2026-02-21T05:01:21Z,3264481,90143,4636,2026-02-27T19:44:28Z,22,,BriefChaat
Io4wnUqdwWc,Es un genio este payaso #humor #shorts #viral,2026-02-20T21:30:00Z,4333479,33724,220,2026-02-27T19:44:28Z,24,,Mark MirandaPLUS
jzKneuS_JRc,"""When a coat is made for just one person... it's destined to become a legend."" #shorts #trending",2026-02-19T10:03:22Z,6385641,91122,1027,2026-02-27T19:44:28Z,22,,editorial 7
FQEB_2-1nqE,Hice Reprobar A 30 Niños ⚠️,2026-02-22T21:00:25Z,3623113,85933,366,2026-02-27T19:44:28Z,24,,Skydimers
__-873xbT3o,Monkeys Worshipping Hanuman Ji Inside a Cave 😱🚩🙏 | Devotion Scene #hanuman #jaishreeram #shorts,2026-02-19T15:21:03Z,5291743,95037,484,2026-02-27T19:44:28Z,22,,mythoxpov
toXszdnHxXE,This Love Note Has a Backup Plan! 🤣🤣,2026-02-20T19:05:00Z,3785298,109948,1124,2026-02-27T19:44:28Z,22,,BlobbyClips
Boa5rdSArd0,The Most Well Preserved Mummy Ever Found,2026-02-22T16:10:03Z,2928466,229052,1467,2026-02-27T19:44:28Z,25,,Cleo Abram
XmYbidHhTGo,Si Roba Un Brainrot Fuera Al Revés,2026-02-22T15:00:00Z,3388652,69662,18883,2026-02-27T19:44:28Z,20,,Juega Jesús
QOb-A4Ej1cE,Por Esto Nunca Grabes Sola en un parking vacío a Media Noche 😱👻,2026-02-22T17:00:00Z,3011538,89327,2319,2026-02-27T19:44:28Z,24,,sdiux
ojyzVnUVfvA,This Is Why Loud Superbikes Aren’t Always a Good Idea!,2026-02-21T00:30:46Z,3939718,102348,1999,2026-02-27T19:44:28Z,24,,Ayush ingle
fmieoSTI_yY,LIVE: Trump delivers State of the Union address (full speech),2026-02-25T06:51:31Z,1608004,14979,2161,2026-02-27T19:44:28Z,25,,Associated Press
dO_K3l76Xd4,El Abrahaham le regala 500 dólares a Hollman por error | #elabrahaham #shorts,2026-02-23T20:57:16Z,3544327,73767,718,2026-02-27T19:44:28Z,20,,Lo Mejor De Abrahaham
0BW6OX-84Og,Intentó robar el coche a la persona equivocada!🤣 #peliculas #series #shorts,2026-02-21T22:20:00Z,3858527,0,455,2026-02-27T19:44:28Z,1,,Neromerta
JqZ4oa2taw0,Help Me Save My Friend!,2026-02-21T14:00:34Z,2782585,94736,504,2026-02-27T19:44:28Z,24,,Alan's Universe
vOwF5LtWQUU,Bocil kribo beruntung banget nemu rangka sepeda #shorts #reactionvideo #react #eldanboy,2026-02-21T11:15:05Z,3337555,13018,45,2026-02-27T19:44:28Z,10,,EL DAN BOY
h_VZ0N5HTjo,it's just a tank going in circle ⭕🛞,2026-02-21T02:07:30Z,4723419,0,1152,2026-02-27T19:44:28Z,22,,Z Y A N 02
vypf0uhpfCk,She Turned a Police Chase Into a Game of Bumper Cars,2026-02-21T20:24:57Z,5108286,93877,4451,2026-02-27T19:44:28Z,24,,ReelzChannel
xS36brV-Exg,Ever seen a horse race like this 🤣🔥 Mississippi is different 🤞,2026-02-21T14:58:10Z,3255884,60088,3529,2026-02-27T19:44:28Z,17,,Sportz Clipz TV
RY7EpSp2KTI,He built a Riverside hidden bunker 🏞️ #satisfying #transformation #diy #construction #bunker,2026-02-21T10:26:35Z,3601572,19455,187,2026-02-27T19:44:28Z,22,,RenovMan
FBk1SkFOj_g,Seeing Ilia Malinin & Adam Siao Him Fa do a synchronised BACKFLIP at the OLYMPICS Exhibition Gala🤯,2026-02-22T07:06:19Z,2931788,73577,592,2026-02-27T19:44:28Z,19,,"Lighttravelsfaster - Eileen Rhein, Esq."
ZAUl-4L-sy4,A Conversation That Feels Too Familiar in 2025 👇,2026-02-23T13:04:42Z,3430680,118370,2375,2026-02-27T19:44:28Z,24,,mdscae
anT4nCxx6Qk,O astronauta mágico que perdeu a paciência!,2026-02-21T15:26:48Z,3311636,25197,19,2026-02-27T19:44:28Z,22,,Shortszeras 
2_WUzugPtmI,El tiro libre más difícil de concentrarse 😂🏀,2026-02-19T15:00:07Z,2843054,50478,738,2026-02-27T19:44:28Z,17,,Entrénate para la Vida
J1e8Ux_RL3Y,“Viral! Pengakuan Mengejutkan Anak Tentang Ibu Tirinya Sebelum Tutp  Us*a”,2026-02-21T00:10:03Z,5407484,14501,770,2026-02-27T19:44:28Z,24,,Fafa family 
f8Lc_ee2BPA,A world where everyone speaks only the truth.,2026-02-20T21:40:25Z,2672177,108374,544,2026-02-27T19:44:28Z,22,,9-1-1 house
2oHYYau4F3Q,""" Bro Casually Jumped Off A Cliff "" - Tom Cruise Edit | Mission Impossible | Loucura Letal Slowed",2026-02-20T10:22:35Z,1810005,0,84,2026-02-27T19:44:28Z,22,,ICON EDITZ
q5142LEh3Tc,JALAN SESUAI WARNA DADU!!,2026-02-23T10:15:11Z,4225884,46486,59,2026-02-27T19:44:28Z,24,,Yudist Ardhana
tvMJTErjf20,From cute ladki to Anti - what a turn! 🤣😂🎀💯 #shortsfeed,2026-02-21T08:24:00Z,2396067,0,81,2026-02-27T19:44:28Z,24,,editsbyRS
usj8gpiehAY,A Mother Even Works in Dirty Sewers to Save Her Sick Son.,2026-02-21T12:43:28Z,3162064,49363,136,2026-02-27T19:44:28Z,22,,SurvEcho
S7Z0dyge2Po,cows made a surprise visit to the shop pushed some items and walked out calmly...🐮 #shorts,2026-02-21T14:20:06Z,2387816,46522,473,2026-02-27T19:44:28Z,24,,contentkikami
FDiH-7heBlo,"Introducing the “CrickoWear Pro Band,” a revolutionary next-generation smart wearable🎉",2026-02-24T00:51:58Z,3342084,31245,361,2026-02-27T19:44:28Z,17,,CrickBox11
U3_EhDTctPk,✨HODAAA✨Contexto Solo yo puedo molestad a mi hermano😂#comedy#skit#Pov#Foryou,2026-02-21T01:01:21Z,2467896,40899,82,2026-02-27T19:44:28Z,22,,lsjmmmm
L1XPa9Qvp4g,they build a house inside the tree #shortvideo,2026-02-21T10:45:04Z,3313703,0,16,2026-02-27T19:44:28Z,22,,Top 3 Viral
alsykOBdhp4,menemukan sarung tangan ajaib di pinggir jalan.,2026-02-22T04:47:00Z,2734272,13452,3,2026-02-27T19:44:28Z,24,,Vlog Vampir
zCGGg9tBi9c,Alysa Liu Walked Away From Skating… and Came Back a Champion 🥇,2026-02-21T00:31:10Z,2521292,66400,446,2026-02-27T19:44:28Z,1,,Heartsnreels
l60_D-S2OO4,Lisa becomes a magician... #thesimpsons #thesimpsons #funny,2026-02-21T04:29:00Z,2084627,56518,172,2026-02-27T19:44:28Z,22,,Myth_analyst
IuuvPLo-xCc,Pierde recompensa por no regresar cartera a millonario 😭 lloramos,2026-02-20T03:12:39Z,2486227,65697,472,2026-02-27T19:44:28Z,22,,Fernando Ayuda
ArgSFl8kRMA,A Simple Gesture That Changed the Moment wood working art_hand crafts_#shorts,2026-02-23T02:35:21Z,2223767,52222,38,2026-02-27T19:44:28Z,1,,Trendy Facts 
u8acGf21Bic,SORPRENDIÓ a TODOS con esta GENIAL IDEA para DECORAR el JARDÍN de su CASA,2026-02-20T17:30:00Z,3401606,37024,166,2026-02-27T19:44:28Z,24,,Juan Perez
4xTW3NxK5qs,A Million Ways to d*e in The West (2014) | Duell zwischen Clinch und Stark,2026-02-21T15:04:10Z,3182517,74113,161,2026-02-27T19:44:28Z,22,,Story of the day
gk2xexSzONc,I Didn’t Expect This From A Kids Adjustment…,2026-02-20T20:55:01Z,2419891,63427,1377,2026-02-27T19:44:28Z,24,,Dr. Holden Stanfill
FSg5864Yuyg,If an Introvert turns into a Extrovert,2026-02-22T04:01:33Z,3859686,39937,72,2026-02-27T19:44:28Z,22,,tufffdt
lekAYYHrboE,a north korean escapee found my video,2026-02-22T16:01:00Z,5490196,214560,2034,2026-02-27T19:44:28Z,24,,RoyalPear
hNmyplywKFg,O rei foi desafiado no jogo do reflexo #shorts,2026-02-18T21:00:47Z,3783539,31533,23,2026-02-27T19:44:28Z,24,,Capitaobritto
a5T-G6epuw8,Learning to Share: Chris and Mike’s Sharing is Caring story,2026-02-21T10:00:00Z,1878023,4856,0,2026-02-27T19:44:28Z,24,,Chris kids show
zxPMhRQnI84,Patrick Jane Gets Caught Vandalizing the Bathroom #shorts,2026-02-21T14:22:14Z,5014088,212949,1001,2026-02-27T19:44:28Z,22,,floxseditz
IJJIgwI-mT8,The Tool That Creates a Perfect Y Weave Pattern ⚒️ #shorts,2026-02-22T19:03:49Z,3872758,45111,688,2026-02-27T19:44:28Z,22,,Invention
VOVHxyObM-g,When the Queen is getting ready in the bathroom #Milliebobbybrown,2026-02-22T01:29:54Z,2883346,36963,330,2026-02-27T19:44:28Z,22,,Celeb Quill
SudT7jK4RTE,The Dumbest Solution For The USA! 😭😭,2026-02-21T18:00:34Z,3209259,93545,2426,2026-02-27T19:44:28Z,22,,BlobbyClips
l99Wxk3UNdo,"My mom raised me as a single mother, never knowing who my father was because of the circumstances",2026-02-21T11:23:17Z,2320647,13343,42,2026-02-27T19:44:28Z,24,,Silk Glow Channel 
7nbIcNYYCCU,Venom vs. Dog Fighters | The Most BRUTAL Scene in The Last Dance (2024) 🔥,2026-02-19T13:53:06Z,2429913,28514,57,2026-02-27T19:44:28Z,22,,Scene Analysis
veG00J9JA-c,The Final Boss Of Negotiation 🤝,2026-02-23T01:03:25Z,2826002,98221,415,2026-02-27T19:44:28Z,24,,ItsFrankyBoi
yDSnfjEIUO0,Quick Trick to Draw a Crab! 🦀🤯 #linhchihihi #messyclassroom #schoolcrush #schooldrama,2026-02-23T10:01:24Z,2608149,65481,138,2026-02-27T19:44:28Z,22,,Linh Chi
xgqaLUAQRe0,When Your Suspension Is Expensive Than A Lamborghini ☠️,2026-02-21T12:39:12Z,2951043,0,724,2026-02-27T19:44:28Z,2,,Sh1ft Hub
w04ISULJwL4,Referee Gave a Red Card to a player 😹⚽ | Funniest Football Moment #football #soccer,2026-02-21T14:26:46Z,8039745,13895,375,2026-02-27T19:44:28Z,22,,Paw Panda
NJX4LBUjjDg,Reed Roof Thatching by a Craftsman’s Hands: The Fixing and Smoothing Process,2026-02-22T15:36:21Z,6643057,14733,59,2026-02-27T19:44:28Z,22,,HardCraft Vision
dpTTo__v4KE,David Miller! What a player 😭| Princy Parikh #india #cricket #indvssa #t20worldcup #icc #worldcup,2026-02-23T03:24:13Z,2578491,34973,268,2026-02-27T19:44:28Z,22,,Princy Parikh
kgurFXQ5MZA,AURA Moment in Steal a Brainrot #roblox #robloxshorts #trending #shorts #usa,2026-02-21T16:44:15Z,2414461,54194,678,2026-02-27T19:44:28Z,20,,Tomaa
Xs0HZOTuZZg,ele deu o Ouro pro Rival?,2026-02-23T21:58:49Z,3411309,194276,2228,2026-02-27T19:44:28Z,27,,"Investiga, Pinhel! "
MAwwocBjxoY,Puxaram o boné de um Streamer fitness e teve a calvice exposta,2026-02-24T01:15:20Z,3242488,177458,2614,2026-02-27T19:44:28Z,20,,Sev7n Games OFICIAL
C3ar8SAwO6I,El Cartel de México Bloquea a un Motociclista (LandonBishoff),2026-02-23T01:05:42Z,3478305,100098,504,2026-02-27T19:44:28Z,2,,NixR34
zMRsSdeLgHg,The first outfit is actually a dance costume believe it or not (not a cheer uni),2026-02-21T07:50:58Z,2986276,56649,427,2026-02-27T19:44:28Z,17,,Rylie Shaw 
K0xriVXFFUk,Vio el FUTURO 👀📺 #mrrelevante #momentosépicos #culturapop,2026-02-23T00:35:59Z,2004128,82063,1505,2026-02-27T19:44:28Z,1,,MrRelevante
olhzlBN7wEw,"Introducing the ""VitalWear SmartBand,"" a next-generation wearable gadget😭",2026-02-22T00:12:48Z,4108692,42529,318,2026-02-27T19:44:28Z,24,,Nishal Man
_aWqT5dKY2E,Why Ice Cream Was Better as a Kid! 🤔🤔,2026-02-23T22:16:23Z,2820652,61825,232,2026-02-27T19:44:28Z,22,,BlobbyClips
fFCe7uqTl9c,"Denzel Washington: It's just a movie, it ain't that big a deal.",2026-02-19T23:30:47Z,2413574,60061,1857,2026-02-27T19:44:28Z,27,,TheWealthrive
prD-zbe5n_k,She Turned Into A Mummy Just For Fun 😍😍 #blackpink #kpop #lisa #jennie #jisooo #rose,2026-02-21T04:30:23Z,5223788,20670,272,2026-02-27T19:44:28Z,22,,Your Zesty
8WoMayPrNnc,UNEXPECTED job for a 14yo? 🤯 Ep. 511 🪜,2026-02-21T19:35:44Z,3014061,107754,1076,2026-02-27T19:44:28Z,27,,Max Klymenko
3w1yOcYPDh4,Shalini makes a graceful entry at the JFW Movie Awards 2026.🤩😍,2026-02-21T09:33:34Z,2219337,44754,112,2026-02-27T19:44:28Z,24,,JFW Binge
0uvZZt8aNCs,Steal a brainrot PUBLIC SERVER RAGEBAIT 💀,2026-02-22T15:24:34Z,2908942,17760,233,2026-02-27T19:44:28Z,20,,Sxzxr
Ec9cV40DBzk,The Ancient Trick That Turns Ice Into a Treasure,2026-02-21T07:45:00Z,4392150,86796,758,2026-02-27T19:44:28Z,24,,Earth's Journal
FNi3BiSXxPM,El niño mato a sus padre por un Xbox 😱,2026-02-22T00:30:00Z,2051364,65235,387,2026-02-27T19:44:28Z,24,,Daarl Shortz
jIUqxDoJp5E,THE SHARK WITH A SNAKE'S MOUTH,2026-02-20T18:01:01Z,3850517,33623,613,2026-02-27T19:44:28Z,22,,Vortex Revelations
kw5c9hgtyPE,동생에게 주인이 생겼습니다,2026-02-21T05:33:44Z,5115532,36337,323,2026-02-27T19:44:28Z,24,,오늘은너
CtjqG758juA,This Wedding Just Took a Wild Turn 😬🔨#therookie #tvshow #crimeseries,2026-02-23T14:00:17Z,4309061,204487,546,2026-02-27T19:44:28Z,22,,Amine27
_chWxkj6EA4,THE LAST BOX CHANGED EVERYTHING 😱🤯,2026-02-22T00:00:46Z,3263075,144005,3526,2026-02-27T19:44:28Z,23,,LazyDevv
eyKnudJUndA,猫に優しい国・トルコのシェフ❤️ #shortvideo #トルコ　#野良猫,2026-02-21T09:00:53Z,1940799,20731,238,2026-02-27T19:44:28Z,24,,ゆっくりキ〇ガイ
ZeNnJuRj9bA,Khoảnh khắc vỡ òa hạnh phúc của người mẹ 🥰❤️,2026-02-21T13:15:05Z,2662745,25566,96,2026-02-27T19:44:28Z,22,,Mỗi Ngày Một Chút
LUsMcedzZyI,Dada arrested jalpari but a boy saved jalpari from dada.       #dada #diamonds  #shorts  #cartoon,2026-02-21T07:55:58Z,1814585,17273,8,2026-02-27T19:44:28Z,22,,Satories House
q7rJa648LUQ,How A Tiny Rock Can Crack A Helmet And Break Bones,2026-02-23T11:12:46Z,8777578,36483,270,2026-02-27T19:44:28Z,22,,Jaqqsa
yUoe1Yg3xN4,Can't Wait For Hero Barbarian Barrel 💀,2026-02-21T15:24:46Z,2251034,46925,650,2026-02-27T19:44:28Z,20,,MORTEIRO
jgF26i5j7x4,El Chico Les Hizo Una Broma A Todos Sus Amigos ❤️,2026-02-22T21:10:32Z,2569570,80633,186,2026-02-27T19:44:28Z,22,,Parthenatos
KwPWSUBR1nk,El TOCINO AMABLE FUÉ AGRADECIDO Gracias a ESTOS BRAINROTS! 💔😥,2026-02-22T00:34:00Z,2016398,0,408,2026-02-27T19:44:28Z,20,,SANTYPRO
UeEQxAVDFfE,Volvi a romper mi telefono nuevo? 🤯😱🥶🤩,2026-02-23T22:41:39Z,2359450,74703,1098,2026-02-27T19:44:28Z,20,,Diosdado Juarez
PDSpHyytVCs,La Salsa Más Aterciopelada del Mundo,2026-02-23T22:07:55Z,2117790,163034,1035,2026-02-27T19:44:28Z,22,,GastonGBG
#NAME?,LIVE Monologue: A Dark Speech Filled With Divisive Lies | USA Women's Hockey Gets A Better Offer,2026-02-25T06:20:48Z,3133238,100024,5328,2026-02-27T19:44:28Z,24,,The Late Show with Stephen Colbert
91-HDdVWidQ,A los 9 años me secuestraron y me entrenaron para matar | Beto #Penitencia 177 #entrevista #México,2026-02-24T14:00:07Z,4942842,171534,16562,2026-02-27T19:44:28Z,22,,Penitencia
oDBlhitCh08,Steal a Brainrot Taco Tuesday,2026-02-25T00:12:01Z,915690,8964,38,2026-02-27T19:44:28Z,20,,KreekCraft
dLanLQkGXlc,O Palhaço Pegou a Bala e Levou Ela Pra Floresta!! *ela sobreviveu?,2026-02-24T21:40:11Z,1388099,57133,4347,2026-02-27T19:44:28Z,20,,Taspio
jmdpINE0ttQ,O será que aconteceu aqui? 😳 @A@ApolloSantviral #tutorial #entretenimento,2026-02-24T02:11:37Z,2707928,12416,26,2026-02-27T19:44:28Z,24,,Mayca Brasil
8sAVQWKgMjg,Baby Keem - Birds & the Bees (Official Video),2026-02-23T20:15:01Z,1322822,88582,5210,2026-02-27T19:44:28Z,10,,BabyKeemVEVO
Nl747nirBEY,ye kya Howa Mercedes Built the CLR GTR at $2.5 M only few lucky drivers experienced #reelschallenge,2026-02-22T13:00:47Z,27292447,89375,16,2026-02-27T19:44:28Z,22,,Shah G
lDaX8qWe-_g,Cambio a su Hija por un Plato de Comida #drama #tv #movie #novela #historias,2026-02-20T18:54:00Z,7385574,174836,861,2026-02-27T19:44:28Z,22,,Josias Mosquera
U5b3pFGSvSk,The secret of the clown.#joker #shorts,2026-02-21T16:00:41Z,10885990,98517,82,2026-02-27T19:44:28Z,22,,Untitled Joker
lMAXFOLFLng,The BEST MAGIC REACTION with THROBBIN vs THE FLASHER 😱 #magic #funny #youtubeshorts #fyp,2026-02-21T16:59:24Z,6713030,325207,2178,2026-02-27T19:44:28Z,24,,Tyler Sherwin
uIQAeZa-HbE,입원 중에 가스 새는거 감지하고 신고한 디시인,2026-02-20T23:01:12Z,2924574,44753,850,2026-02-27T19:44:28Z,22,,레리리
c3UATdEm9KY,vijay is really a gentleman ♥️🥰 #aliabhatt #deepikapadukone #bollywood #viralshorts,2026-02-21T16:06:06Z,4953228,0,79,2026-02-27T19:44:28Z,24,,Filmy Raftaar 
tmhrqr8Ueyk,El Día que Le Detuve Un Golpe a Mi Papá😱😱,2026-02-23T22:36:22Z,2309630,93993,990,2026-02-27T19:44:28Z,20,,Alex Crashers
ck2oFuAsjUk,I shot with FIRE for a video 🔥!! #shorts #bts,2026-02-21T09:37:35Z,2504408,0,21,2026-02-27T19:44:28Z,22,,Komal Soni
YZUNElBC1XU,💍¡La boda estaba a punto de cancelarse… pero este vestido salvó su honor en el último segundo! 😱👗✨,2026-02-21T15:30:23Z,1864266,0,3023,2026-02-27T19:44:28Z,22,,Zentero
sstZa0Wy0KA,Le moment où il a su que c’était LUI 🐶 #shorts,2026-02-22T21:14:07Z,3085801,113256,419,2026-02-27T19:44:28Z,22,,FlixFollower
j3ouFqgoe9w,NUNCA TE CRUCES A UN PAYASO MEXICANO... ARGENTINOS SE PARTEN DE RISA! #shorts #humor,2026-02-22T21:24:53Z,2648467,36158,191,2026-02-27T19:44:28Z,24,,Cachorro Free
CLrBtYZ5IHA,A Little Hero with a Big Heart,2026-02-23T14:40:00Z,2108900,37038,752,2026-02-27T19:44:28Z,1,,Mr Explainer
lvFvYh2ROWo,Cuando pides mucha salsa 🤣 #shorts,2026-02-22T02:30:29Z,2649334,21277,46,2026-02-27T19:44:28Z,22,,Cristofher Hernandez
V9dmkpbJiYo,MILAN-COMO | HIGHLIGHTS | Paz and Leao Shine in Milan | SERIE A 2025/26,2026-02-18T22:33:46Z,971803,14327,455,2026-02-27T19:44:28Z,17,,Serie A
QQ2jXHt3LH4,Vegeta Saved Goku in the Craziest Way! 🚁🔥 Emotional Story #shorts #goku,2026-02-23T07:56:20Z,2404679,114319,154,2026-02-27T19:44:28Z,24,,DM Originative
Ao_jPcLgToA,DO NOT GO TO THE KPOP DEMON HUNTERS CONCERT AT 3 AM...,2026-02-21T19:00:06Z,845208,17062,4186,2026-02-27T19:44:28Z,20,,The Besties 
OTwkAsvCnDo,"DRUMS OF THE MASQUERADE(EKWEDIKE)(New Movie)FREDERICK LEONARD, LIZZY GOLD 2026 Latest Nigerian movie",2026-02-23T16:00:37Z,1200682,19505,3027,2026-02-27T19:44:28Z,24,,SUNYRICHY NOLLYTV
zG3GVg_hQ_o,"BREAKING: Armed man shot, killed at Mar-a-Lago, Secret Service says",2026-02-22T14:11:32Z,698847,13302,5905,2026-02-27T19:44:28Z,25,,Fox News
Rj9Gturk6rQ,Жительница Воронежа устала от запретов! Каждое утро что-то новое,2026-02-23T17:00:00Z,1465455,69818,8480,2026-02-27T19:44:28Z,25,,Лига Свободных Наций
TiArx5AoZKk,ENTENDA A M0RTE DE EL MENCHO E AS CONSEQUÊNCIAS NAS RUAS MEXICANAS,2026-02-23T00:21:26Z,715324,40906,1975,2026-02-27T19:44:28Z,22,,Iconografia da História
Geh1ZEjkaeM,"ITZY ""THAT'S A NO NO"" (FULL CAM VER.) @ 'TUNNEL VISION' in SEOUL",2026-02-23T11:00:11Z,1197797,63179,2811,2026-02-27T19:44:28Z,24,,ITZY
7rb20Iqc54A,Every Spider-Man Best-Friend Becomes A Villain,2026-02-23T23:30:03Z,1315376,46606,247,2026-02-27T19:44:28Z,24,,COCO
qq1x6u__ddU,GUESS CAR EATER AND MORE EATERS HUNTERS BEHIND THE DOOR LIMINAL HOTEL Garry's Mod,2026-02-23T02:10:30Z,5875491,25402,9,2026-02-27T19:44:28Z,20,,ZOOWAKE - Games
1MY_PxGZlDk,Mikhail Shaidorov steals the show! 🐼🔥 Ps: Keep an eye for a surprise guest at the end 👀,2026-02-22T00:56:50Z,4666970,37550,328,2026-02-27T19:44:28Z,17,,Olympics
ee0m6ZEuTK4,Se Robaron Las Pipsas 🍕,2026-02-20T21:00:47Z,5522137,99251,579,2026-02-27T19:44:28Z,24,,Skydimers
m03K_vgpTUE,It’s an entire operation😂,2026-02-19T21:01:01Z,4422388,83122,585,2026-02-27T19:44:28Z,23,,Onevilage
tE-DhND4iMU,This Man Became a Hero in Seconds 👏,2026-02-22T14:05:02Z,6365917,0,6,2026-02-27T19:44:28Z,22,,Jazzy Voice
KX-0neakyvA,EL PROTOTIPO NUNCA QUISO DAÑAR A POPPY EN POPPY PLAYTIME CAPITULO 5 😱👀,2026-02-22T17:49:56Z,3811112,108304,1109,2026-02-27T19:44:28Z,20,,Magmuh
i6Zr5cm3gu4,He Threw the Cat Away… But What Happened Next Will Make You Cry 🥺🐾 #demariki,2026-02-22T14:01:05Z,3065240,17391,28,2026-02-27T19:44:28Z,22,,Demariki
BJjXPWUJqj8,A stress reliever as a stress reliever?? #stress #stressrelief #health #blood #nurse,2026-02-19T16:12:42Z,2350099,8877,46,2026-02-27T19:44:28Z,22,,Olivia Jaymes
bIX5nhIlXP4,🔥 That Smile Was a Warning,2026-02-21T01:30:25Z,2618404,0,0,2026-02-27T19:44:28Z,24,,UFCplus
YeymIQ-NEvM,Ancient Script Found Written on a Live Pigeon 😮,2026-02-22T14:00:52Z,2696927,22917,248,2026-02-27T19:44:28Z,28,,MrScoopz
rWB1ya_X0Yg,"SE EU FALAR A LETRA ""E"" O VÍDEO ACABA",2026-02-22T22:35:09Z,2433067,83683,1759,2026-02-27T19:44:28Z,24,,Ronazim
65yeHaWjn-o,Ya se con quién me voy a casar 🤣 #comedia  #youtubeshorts  #sketch  #shortvideo #humor,2026-02-23T08:06:36Z,3080650,26358,113,2026-02-27T19:44:28Z,22,,爆爆爆
dRyDUbgINwM,This Kind Man Helped a Pigeon 🕊️❤️,2026-02-23T02:45:04Z,2666290,27843,108,2026-02-27T19:44:28Z,22,,Infi's Diary
G4phnhGZ1cQ,EU reacciona a muerte de “El Mencho”; ofrecía recompensa de 15 mdd,2026-02-22T20:12:46Z,738285,4785,303,2026-02-27T19:44:28Z,25,,EXCELSIOR
sESPjzVklno,How to say comfortable? sound more like a native speaker  #englishpronunciation,2026-02-23T11:42:10Z,1668804,13526,145,2026-02-27T19:44:28Z,27,,English with Steve Ford
vuljXWYv0oc,2 birds on a wire trend 🥹🪽- Cadel and Mia #shorts,2026-02-23T12:33:41Z,2145904,37050,1313,2026-02-27T19:44:28Z,22,,Cadel and Mia
X9dPnQhsICE,"Abaten a Nemesio Oseguera, “El Mencho”, líder del CJNG, en operativo en Tapalpa, Jalisco",2026-02-22T17:59:30Z,603586,0,1417,2026-02-27T19:44:28Z,25,,El Universal
EZgtndQZjiY,The demon has been taught a lesson#Jesus#christ#Daemon,2026-02-23T11:00:31Z,1100058,12815,13,2026-02-27T19:44:28Z,22,,The hand of God
2gvSzBnIzD8,LA VENGANZA IMPLACABLE DE HARFUCH! A 6 AÑOS DE SU ATENTADO!,2026-02-23T16:11:50Z,549498,22967,1401,2026-02-27T19:44:28Z,25,,The Mexican Family
rRDkA-07ygo,We Built a BUNKER to HIDE from GOO GOO GAGA..(Brookhaven),2026-02-23T15:43:47Z,998148,21058,1718,2026-02-27T19:44:28Z,20,,Angelazz Brookhaven
xgDVm419fIQ,Leavitt puts Mexican cartels on NOTICE: Do not 'lay a finger' on US citizens,2026-02-24T13:45:16Z,549645,10248,3627,2026-02-27T19:44:28Z,25,,Fox News
aGyYKXlGzas,Fanum Trolls Cashier For A Discount 😂,2026-02-23T20:27:22Z,1502400,61204,239,2026-02-27T19:44:28Z,24,,Fanum Live
x7lqoQhF57E,El atentado del CJNG a García Harfuch cambió las reglas en México,2026-02-23T03:16:00Z,477974,3224,365,2026-02-27T19:44:28Z,25,,NMás
VF_cgn6_72k,🚨 COCHE BOMBA EN JALISCO ABATE A CAPITÁN DE LA GUARDIA NACIONAL,2026-02-24T20:26:05Z,491540,17225,2008,2026-02-27T19:44:28Z,25,,The Mexican Family
KCkc9siATIA,Masha and the Bear 2026 🤔 Guess the Food❓Best episodes cartoon collection 🎬,2026-02-24T09:00:00Z,1119266,881,0,2026-02-27T19:44:28Z,1,,Masha and The Bear
khN8qZkiz1s,New details on man fatally shot at Trump's Mar-a-Lago,2026-02-22T23:00:22Z,449646,3507,3105,2026-02-27T19:44:28Z,25,,ABC News
QHL53DZj4_c,The Americano Was A Product Of World War 2 #funfact,2026-02-24T17:00:42Z,1328955,72337,879,2026-02-27T19:44:28Z,24,,Doug Sharpe
MG88tVgsSzY,Minuto a Minuto: La Muerte de “El Mencho”,2026-02-22T22:04:45Z,612956,19268,393,2026-02-27T19:44:28Z,25,,N+ UNIVISION
y0BrXsKd6m4,Ukraine Just STARTED a Fire Russia Can’t STOP… Putin Can Only Watch It BURN,2026-02-24T15:01:42Z,545923,12071,547,2026-02-27T19:44:28Z,25,,The Military Show
MQvBlNgl4MY,‘Humiliated’ Beatrice & Eugenie ‘in a state’ as questions grow over what they knew about Epstein?,2026-02-20T19:00:30Z,441657,7071,2990,2026-02-27T19:44:28Z,25,,The Sun
T3zwwXL_1Vk,😱Grow a Garden 2 ВЫШЕЛ! Я СТАЛ АДМИНОМ в GARDEN HORIZONS и ВЫБИЛ ДИВАЙН!,2026-02-23T04:00:32Z,454143,13864,2316,2026-02-27T19:44:28Z,20,,FixEye - Роблокс
m6QjnIZlCGs,🏁🏎️👧🏻 Daddy Builds a Race Track for His Daughter 🚗 🎮 💖 #shorts,2026-02-23T10:15:08Z,807523,5148,4,2026-02-27T19:44:28Z,24,,Linh Nhi Shorts
d8U_VPUlGFA,🎶 On My Belly 🎶 On My Belly 🎶 There’s a Belly Button! 🎶,2026-02-23T12:01:00Z,1246313,12347,0,2026-02-27T19:44:28Z,27,,Cocomelon - Nursery Rhymes
9W5jzKSBCtE,'The Five' ROASTS Newsom and AOC,2026-02-24T00:45:02Z,429109,10302,1741,2026-02-27T19:44:28Z,25,,Fox News
qltp0tlGHWc,🧊💜👑Rumi ⚔️ Mira😈 | ¡Ayuda a Rumi a convertirse en la Reina del Hielo! ❄️🥺 #kpopdemonhunters #shorts,2026-02-22T15:01:31Z,1960590,40820,272,2026-02-27T19:44:28Z,24,,Crónicas de Huntrix
1KVIoXetq9o,mein LETZTES STEAL A BRAINROT VIDEO...,2026-02-20T13:30:01Z,372910,9603,2129,2026-02-27T19:44:28Z,20,,Standart Skill
H1kO_6yXLGg,"NEW: Authorities identify man who was shot, killed at Mar-a-Lago",2026-02-22T17:15:00Z,346812,5796,2112,2026-02-27T19:44:28Z,25,,Fox News
3NvAkCGyOU4,NO WAY MARVEL RIVALS HAS A DC COUNTERPART 😭😭😭,2026-02-23T18:02:22Z,794932,26561,719,2026-02-27T19:44:28Z,20,,Khyomaru
i87U6HuESeA,Knight of the Seven Kingdoms Finale BREAKDOWN - Every Game of Thrones Easter Egg,2026-02-23T03:40:00Z,390376,9625,935,2026-02-27T19:44:28Z,1,,ScreenCrush
hcNIoh2efeo,Vivir con miedo… ¿a dónde se va uno? #elmexitachi #shorts #short,2026-02-24T02:59:58Z,786366,21765,248,2026-02-27T19:44:28Z,22,,elmexitachi
li8F6tjYZDU,ROMA-CREMONESE | HIGHLIGHTS | Brilliant Display At The Olimpico | Serie A 2025/26,2026-02-22T22:31:57Z,323915,6409,197,2026-02-27T19:44:28Z,17,,Serie A
Wj-zZC5vrnE,PUTIN Is in the Same Position as HITLER on His Last Day… It’s OVER!,2026-02-23T20:00:21Z,325565,10459,921,2026-02-27T19:44:28Z,25,,The Military Show
#NAME?,Adley & Niko JAPAN CANDY CHALLENGE!! a Funny night Rating Rare Japanese Candies 1 star to 5 Stars ⭐,2026-02-20T20:59:40Z,378675,2868,685,2026-02-27T19:44:28Z,24,,A for Adley - Learning & Fun
6TZ5V_17xXM,I built a beaver dam in a forest #diy #outdoors #homestead #nature #beaverdam #forest #beavers,2026-02-23T19:13:14Z,644775,12121,199,2026-02-27T19:44:28Z,26,,SageSmokeSurvival
jTkT8UoqHE0,KABRITA REACCION A ANGI FIRE 😱 ELLA JURA 🙏 Angi Fire (VIDEO OFICIAL🛐),2026-02-20T22:00:03Z,346983,11774,882,2026-02-27T19:44:28Z,22,,Kabritaa
5gVggOgInd0,A Casa do Dragão - Temporada 3 | Teaser Oficial | HBO Max,2026-02-19T16:02:37Z,298354,9849,740,2026-02-27T19:44:28Z,1,,HBO Max Brasil
_EyUYdKdodQ,Essa iniciativa representa a Casa dos Campeões 🏆 🫡 #maxtitanium #casadoscampeoes #fisiculturismo,2026-02-23T22:27:04Z,724921,33789,173,2026-02-27T19:44:28Z,17,,Max Titanium
bCHqheb0Ilo,Los primeros 18 participantes comienzan a conocerse - Gran Hermano 2026,2026-02-24T04:16:47Z,306009,1773,502,2026-02-27T19:44:28Z,24,,Gran Hermano Argentina
ecdgD4XS6AY,‘Gutfeld!’: This guy is a STAR...,2026-02-24T05:15:08Z,370345,9932,842,2026-02-27T19:44:28Z,25,,Fox News
U4aM6DpJQxQ,Having a PET SLEEP OVER in Minecraft!,2026-02-23T14:00:36Z,312225,3222,339,2026-02-27T19:44:28Z,20,,Dash
8PQ7l905aVM,President Donald J. Trump’s 2026 State of the Union Address,2026-02-25T04:33:16Z,5994291,88073,0,2026-02-27T19:44:28Z,25,,The White House
5OpisW7FN50,Father buried his son after stealing a bike | 🥺 | अपने बेटे को दफन किया | #shorts #youtubeshorts,2026-02-20T14:00:09Z,10298701,56858,9,2026-02-27T19:44:28Z,24,,Funxplosion
eiYUg4CuhOU,It’s honestly a daily occurrence #dental #funny #dentist #dentalassistant #dentalhumor #nurse,2026-02-19T16:19:32Z,11128585,309734,1825,2026-02-27T19:44:28Z,22,,megangaza
x747Tl7sHsY,小丑变成狗了？#clown #couple #shorts,2026-02-23T09:30:29Z,12644220,123167,151,2026-02-27T19:44:28Z,22,,小丑夫妇
ztf7Lpgc0xg,#movie Sarah Walker Proves Why She's the Deadliest Spy in Burbank: Chuck S2 Fight Breakdown,2026-02-22T11:08:24Z,12704166,119193,1175,2026-02-27T19:44:28Z,1,, Koi
8nhDr2tKucU,🏴‍☠️👀 The REAL Reason Pirates Wore Eyepatches,2026-02-19T14:46:11Z,7740987,259161,535,2026-02-27T19:44:28Z,28,,Zero Theory
AUB3AN5PlXI,when you play a prank on your fishing buddy (you are the fish god) #helpmemakethismakesense,2026-02-20T16:19:16Z,8623580,69488,75,2026-02-27T19:44:28Z,24,,zixxks
zDjUdPCLeek,Jimmy Kimmel Reacts to Donald Trump’s State of the Union Address 2026,2026-02-25T05:30:28Z,5662430,164857,7728,2026-02-27T19:44:28Z,23,,Jimmy Kimmel Live
d6NGOkY1ffc,"“A marriage without consent brings pain and unhappiness to both the woman and the man,""💔#heartbreak",2026-02-23T14:28:27Z,15171051,212076,116,2026-02-27T19:44:28Z,22,,RCK World
WCZw76NwGzw,Bro got a little nervous😅,2026-02-22T14:56:25Z,7860151,150499,905,2026-02-27T19:44:28Z,22,,Arte-Pino
xQxQ5sx8AiY,The boy delayed turning the steering for a second 😲,2026-02-23T09:30:38Z,6944159,24728,10,2026-02-27T19:44:28Z,24,,Factsifa
CEYOMEQv8bU,Rumi Choked on a Fishbone 😭 #banaraslitfest​​,2026-02-20T23:17:59Z,8835360,223101,634,2026-02-27T19:44:28Z,24,,OddLab
lFVt0lIbn1s,They crossed the line 😡 || Kdrama 🎭 Moving #fv #shortvideo,2026-02-23T15:50:01Z,16226572,0,481,2026-02-27T19:44:28Z,24,,ღ ᴅʀᴀᴍᴀ ʙʟᴏᴏᴏᴍ ღ
S3eDsbHbSfA,ESTAFARON A NATI ‼️,2026-02-19T18:00:27Z,4966215,65839,195,2026-02-27T19:44:28Z,22,,ชื่อไหม เด้อ
1zAyPqrCqfc,Ela Foi a Primeira Mulher a Usar Calças 😮🎥 Série: 1883,2026-02-20T15:11:36Z,4894936,225303,752,2026-02-27T19:44:28Z,1,,Trecho Favorito
nsOyCqEb-Qc,what a sweet gesture ❤️😍 #farahkhan #ranveerallahbadia #shortsfeed #shorts,2026-02-23T11:07:58Z,6123381,126422,190,2026-02-27T19:44:28Z,22,,All about your favs
9yl7nIwsnrg,ESTO PASA si IGNORAS a LILY LOVEBRAIDS en Poppy Playtime 5,2026-02-22T20:29:47Z,5212169,178259,1923,2026-02-27T19:44:28Z,20,,HarvinGame
7r-wt-O3xVk,Девушка Обиделась на БЫВШЕГО и Завалила его ЗАКАЗАМИ Еды,2026-02-22T08:45:00Z,4484745,77610,610,2026-02-27T19:44:28Z,25,,Минуту Внимания
BcjyqEYrfYo,PENCURI TERHEBAT DI DUNIA‼️ #shorts #alurceritafilm,2026-02-21T14:42:18Z,3817977,109247,390,2026-02-27T19:44:28Z,24,,Cinemazil
WEo83Vf-PNw,WHEN A FRIEND IS STRUGGLE TO PAY OFF A DEBT  #shorts,2026-02-19T16:00:00Z,4203620,36581,41,2026-02-27T19:44:28Z,22,,hhhk
gdjfwWuaN3E,TOUGH AS NAILS! Why Aluminum is the King of Fishing Boats 🛳,2026-02-22T13:19:03Z,4927984,12795,137,2026-02-27T19:44:28Z,28,,Working Planet Shorts
Gntxpyzenos,We are proud to share that SBI has emerged as a Winner in 4 Categories,2026-02-22T16:23:07Z,6231242,155,2,2026-02-27T19:44:28Z,27,,State Bank of India
o3be_uhf9BU,A Company Just For Manufacturing,2026-02-23T18:02:17Z,6519077,194637,6901,2026-02-27T19:44:28Z,22,,Military Pods
SwqgBYKaZwg,He's a Barber. He's the Boss. And He Just Destroyed 10 Men with Scissors. ✂️🔥,2026-02-22T10:53:51Z,3720080,43083,352,2026-02-27T19:44:28Z,22,,Discover Series
iu1cqblLtes,It’s not about being the fastest 🏃🗿,2026-02-21T22:45:10Z,5162009,137727,1557,2026-02-27T19:44:28Z,20,,HecticSherlock Gaming
PYtzZgH_rYs,"Introducing the ""VitalWear SmartBand,"" a next-generation wearable gadget🎉 part 382",2026-02-23T08:51:15Z,4600748,0,119,2026-02-27T19:44:28Z,22,,Official Mohit Bhind
j2F04mtc4G8,Nadie Elige A Jesús! 😱,2026-02-23T18:00:48Z,3957672,59087,738,2026-02-27T19:44:28Z,24,,Toro Travieso
BEai5GVv9FM,ele fez a irmã passar vergonha na escola kkkkk l #humor #engraçado #irmãos #shorts,2026-02-23T00:16:43Z,4239901,135371,360,2026-02-27T19:44:28Z,24,,Tio Baldo
NB2SgCbxd9o,originally priced around $1.5 million is the mercedes CLR GTR considered oneof the most expensive,2026-02-20T08:12:41Z,5821280,14429,18,2026-02-27T19:44:28Z,22,,Neha sikandar
JymS1lJ2e-U,😱He Underestimated the Kid… Big Mistake,2026-02-19T16:00:00Z,3494344,135001,3989,2026-02-27T19:44:28Z,24,,ShortzField
Y2JfL9vKBs0,Mintak clay sama kucing,2026-02-23T14:24:35Z,5297821,26536,19,2026-02-27T19:44:28Z,22,,Rocky_05 official
1oxL64KWjCU,A su novio no le hizo ninguna gracia y su cara lo dijo todo,2026-02-22T23:30:01Z,3620557,23018,74,2026-02-27T19:44:28Z,22,,Jon Sinache
7uqNXiAu9n4,When Stateside Hits the Ice #pinkpantheress #zaralarsson,2026-02-22T15:41:32Z,5386206,104726,539,2026-02-27T19:44:28Z,10,,Music & Megamix Super News
AwzwtK7iMCk,LA TRAMPA DE PAJA NO FUNCIONA!,2026-02-22T23:33:00Z,3928479,94304,247,2026-02-27T19:44:28Z,20,,Gelo
7xCscYKOmK4,"Sniper in the dense forest, a single soldier's desperate",2026-02-23T09:28:40Z,3793388,43306,180,2026-02-27T19:44:28Z,1,,Hperpetual
tAVNwbe75jc,Valve Release: The Controlled Vent of a Gas Cylinder's Last Breath,2026-02-23T03:26:41Z,10153987,19689,38,2026-02-27T19:44:28Z,22,,The Rustic Pantry
BaqKwoPPGng,We RUINED His Favorite Sweater?! 😳,2026-02-21T15:00:17Z,3787712,31529,330,2026-02-27T19:44:28Z,22,,Sticki Rolls
zjDOqYlzjzs,you wanted it to be a surprise ❤️ #friends #edit #tvshow,2026-02-23T12:15:10Z,6340343,185331,654,2026-02-27T19:44:28Z,1,,Reel Rush Sitcom
iF4sQ9sBnHY,You are actually a Horse #minecraft,2026-02-23T07:50:54Z,3736911,107550,1053,2026-02-27T19:44:28Z,20,,BlockerLocker
7F_Trew8AZI,LIKE SI AYUDARÍAS A SANTI #santi #santioficial #funny #shorts,2026-02-23T15:30:08Z,5127121,45921,108,2026-02-27T19:44:28Z,23,,Santi Oficial
k8bbkA7GZGc,"Amigos, hoy vamos a jugar el juego de Real o Pastel 🍰P-144 #shortvideo #viral #shortsfeed",2026-02-23T14:30:39Z,3277734,0,202,2026-02-27T19:44:28Z,22,,Kicks Bear
P6cBSj8-ZNg,Can't Wait For Hero Magic Archer 💀,2026-02-22T15:00:00Z,3583688,91885,839,2026-02-27T19:44:28Z,20,,MORTEIRO
AoEQPzE283g,He Turned a Guard Into the Star of the Show 🕺❤️ #shorts,2026-02-23T13:49:45Z,3353262,35093,255,2026-02-27T19:44:28Z,22,,Ryzen Explain 
hPb7dkkPDD8,Running away is the best strategy 😆#taihoa #shorts #funny,2026-02-23T10:30:24Z,4556595,42182,179,2026-02-27T19:44:28Z,24,,H&T Official
sz2LQjTWrHw,Parecía Un Experimento Normal... ¡Hasta Volverse Morado! #curiosidades,2026-02-20T22:15:04Z,3257950,39147,76,2026-02-27T19:44:28Z,24,,¿Sabías Esto?!
3e1fJcRNUoc,They were caught in a great flood..✨,2026-02-22T16:18:29Z,2891817,50031,76,2026-02-27T19:44:28Z,22,,Biubiubuff
4mKhSBpKDDA,"Challenge a bottle of water in one breath, the stage is everywhere",2026-02-22T12:02:56Z,3579734,11896,19,2026-02-27T19:44:28Z,22,,Xiao Feng
akaJZZeTa1s,Capybara Gets Blamed… But Max Finally Confesses & Cleans the School Wall! 😳🎨 #capybara,2026-02-22T17:38:00Z,2857824,77968,292,2026-02-27T19:44:28Z,22,,CapyWonders
XC27xTLHm0w,잘대 소리를 내면 안되는 비행기,2026-02-21T04:34:55Z,2907617,37843,271,2026-02-27T19:44:28Z,23,,냐옹무비
XcAwNC0_fSU,transforming into a spike,2026-02-23T12:51:25Z,6802453,39207,483,2026-02-27T19:44:28Z,24,,lappwv
rfoKr7yCET8,Seeing who can read more pages while the other runs their fastest mile,2026-02-21T23:25:27Z,2659434,154135,609,2026-02-27T19:44:28Z,22,,Maya & Hunter
QAbEGaZ7WEk,The clown is so happy.#joker #shorts,2026-02-22T14:00:39Z,2587615,28580,146,2026-02-27T19:44:28Z,22,,Untitled Joker
_nKRpZ82uG0,Mercedes🤓 Built the CLR GTR at $2.5 🏡 M only a few lucky drivers experienced power 😅🍓#reelschallenge,2026-02-23T02:00:35Z,3728569,13716,0,2026-02-27T19:44:28Z,22,,Shah Jee
_RwvEtkt2kg,There's actually a grassland in the office#shorts,2026-02-21T10:45:21Z,2270581,61270,529,2026-02-27T19:44:28Z,22,,CineRealm
zETGphmtuZU,Help Hulk Dig Deeper to Find the Biggest Diamond! 💎🔥#hulk  #spidey,2026-02-22T13:38:09Z,7750673,270689,105,2026-02-27T19:44:28Z,24,,ZekiLand Funny
XeeA2UVpAWU,Love my fam,2026-02-23T06:37:56Z,2361744,129135,1186,2026-02-27T19:44:28Z,22,,Bridey Drake
lUq7AF0JgnA,Гениальная идея раздвижных ворот своими руками,2026-02-23T11:01:15Z,3314947,10825,127,2026-02-27T19:44:28Z,28,,ParanormX
0NCRhi2mEdI,"Introducing the ""VitalWear SmartBand,"" a next-generation wearable gadget,",2026-02-23T13:09:54Z,3021110,19831,7,2026-02-27T19:44:28Z,22,,SK YT
filo02qySJU,The Craziest Action Movie Scene Ever,2026-02-21T17:17:57Z,3537645,137712,805,2026-02-27T19:44:28Z,20,,Siege Pack
85J9T6KtkJQ,¿Rumi podrá sacar a Mira del agujero?💔😱,2026-02-22T17:53:19Z,2329417,20200,29,2026-02-27T19:44:28Z,22,,Jesús Scope
5V3BncH6NTw,Why Is It Opened Before A Bicycle Race #shorts #ytshorts,2026-02-23T14:46:45Z,5589583,0,3,2026-02-27T19:44:28Z,24,,FactsMail 2.0
ORFj8ulQ2UA,"When Grandma's house collapsed, Grandma built a new luxury Bamboo House #craft #grandmother #bamboo",2026-02-23T12:30:10Z,2217338,0,74,2026-02-27T19:44:28Z,22,,Nature Craft Ai
gXEoZU-gz9E,Bro had the WORST Timing 💀,2026-02-22T16:30:28Z,2794199,64644,677,2026-02-27T19:44:28Z,20,,Floriz
Hc7oXAUxjPg,When Cherki Almost Made A Comeback 🤯🔥,2026-02-22T20:19:16Z,3791955,65188,142,2026-02-27T19:44:28Z,17,,GoalFX
iCbaGs6eViU,they built a death note in build a boat 💔,2026-02-22T19:32:55Z,2711069,88831,1634,2026-02-27T19:44:28Z,24,,Doron’s World
7imW7GotI6g,hamari new chair a gai 🥰🥰,2026-02-22T12:35:00Z,2922113,14900,21,2026-02-27T19:44:28Z,22,,Annu With Mk vlogs
4_RKhJUJ6H4,ELA ENCONTROU A ESPADA LENDÁRIA DO IMPERADOR,2026-02-23T15:59:53Z,5450468,73632,192,2026-02-27T19:44:28Z,20,,Thiago da Achah
dPIiTnz68mo,Jinu Kicked Steve Out of the Elevator… But the Truth Shocked Him #minecraft #shorts,2026-02-22T10:00:52Z,6632302,50230,32,2026-02-27T19:44:28Z,1,,Pop Dash
Oi7n4fZiVV0,Lightning McQueen In The Maze! #shorts,2026-02-21T12:00:38Z,4523064,21717,12,2026-02-27T19:44:28Z,20,,Felli
zY7GbgIQciY,She's a real friend! 🗿 #shorts #funny #trending #cat,2026-02-22T10:55:01Z,4031413,18010,95,2026-02-27T19:44:28Z,22,,Naseer Khan
Jka6zERpDjo,Creamy Mac & Cheese in the Air Fryer! Crazy Experiment!,2026-02-20T10:14:20Z,6695421,116658,426,2026-02-27T19:44:28Z,22,,KRISTASTICA
LjhqBhtn8hg,PLAYER NO es un EXPERIMENTO 🔬😐,2026-02-23T17:45:03Z,3637635,102311,1300,2026-02-27T19:44:28Z,20,,Codigo exe
rqln5qgSqtg,The Gum Beggars Won’t Like This 😭,2026-02-22T14:30:41Z,4171339,74878,3053,2026-02-27T19:44:28Z,22,,John Vibes
nwNARnY1iec,Planting Tomorrow's Flavor: Setting Garlic Shoots in the Field 🧑🌾🌿,2026-02-21T20:00:38Z,5654803,6506,8,2026-02-27T19:44:28Z,26,,Clever solution
fLOiKyijfSs,was THAT a good idea?  #roblox,2026-02-23T04:06:44Z,2967163,43501,1030,2026-02-27T19:44:28Z,20,,Luckman
oDiE0PBfAQI,Cosas que nunca le haría a mis Fidget Toys caseros 🤯 #art #paper #manualidades,2026-02-22T14:15:05Z,3106046,18410,552,2026-02-27T19:44:28Z,24,,Miricraft
YpSsWkeXU1k,@NickDiGiovanni Cooks A Dollar Tree Steak!,2026-02-22T21:13:12Z,4020682,111229,276,2026-02-27T19:44:28Z,22,,Cooked Clips
cpPhoBACc_w,Olha a lição que o frentista deu para esse homem.#reflexão,2026-02-23T10:52:16Z,5254590,162581,3149,2026-02-27T19:44:28Z,24,,Cortes Aleatórios vídeos 
9j7BqUY5hFU,ROBLOX is coming to an END... 💔😔,2026-02-21T03:16:41Z,2065355,18236,514,2026-02-27T19:44:28Z,22,,Blox Times
MbDM3DkFKSI,"Bocil Ngamuk, Udangnya Diserobot Ayah 😂🍤",2026-02-23T06:00:00Z,3014396,17689,22,2026-02-27T19:44:28Z,22,,FUNNYVERSE
n1YKHGg7_A8,She Was Locked in a Secret Room. She Watched Her Fiancé Fall in Love With Her Replacement.,2026-02-22T03:25:40Z,2715706,93924,238,2026-02-27T19:44:28Z,22,,neil mccormick
oOx57OHB4-4,That Little Doctor Stole the Show 🩺💛 #pankhuriawasthy #cute #trending #aliabhatt #bollywood #shorts,2026-02-23T15:00:00Z,3858249,26761,92,2026-02-27T19:44:28Z,24,,The Filmy Folk
_KGRh4pAt0Y,My Luck Is CURSED… Admin Block Trolled Me & The Tsunami Ended It 😭🌊 #usa #brainrot #stealabrainrot,2026-02-22T18:07:47Z,2406945,0,77,2026-02-27T19:44:28Z,20,,YADU
_khJd1J2QpE,He Raised a Two-Headed Fish 🐟😳 #shorts,2026-02-23T21:40:12Z,1958562,31062,149,2026-02-27T19:44:28Z,22,,Infi's Diary
t4hcwN52Pd8,One day he will find a home 🥹💔 #dog #fyp #dogofinstagram,2026-02-22T11:25:56Z,3483678,21639,1465,2026-02-27T19:44:28Z,22,,Jetson Pets
DvAqypehkNA,Working 24 hours straight makes mistakes inevitable 😓⏰The movie title is at the end.#Shorts#movie,2026-02-23T11:12:26Z,2258202,99827,554,2026-02-27T19:44:28Z,24,,Atlas4074
lovCfLS_0o0,No one can match Sunil Grover what a act #sunilgrover #madhuridixit #kapilsharma #netflixseries,2026-02-22T13:30:49Z,1792018,0,42,2026-02-27T19:44:28Z,23,,Devnox Editzz
ZX3ihCiHTro,Cậu bé nhặt được Vật Nhiễm Phóng Xạ và cái kết,2026-02-22T09:46:54Z,3900473,0,48,2026-02-27T19:44:28Z,22,,Chỉ Vietsub
3M8zfLwmlxM,MICHAEL JACKSON & JACKIE WILSON MASHUP 1995 vs 1962 | HE TOOK THE FOUNDATION AND MADE IT BETTER 🐐🔥,2026-02-22T17:09:43Z,2823756,35572,705,2026-02-27T19:44:28Z,24,,SLY
qKW5rkph8bw,papa adit melin ada air mancur #trendingshorts,2026-02-23T09:20:33Z,2955925,7511,5,2026-02-27T19:44:28Z,24,,papah dan adit
IflfkKGTqPI,ASSIM VOCÊ CONSEGUE LEMBRAR A SENHA DO CADEADO,2026-02-23T21:20:12Z,2970979,33291,309,2026-02-27T19:44:28Z,20,,Thiago da Achah
hgv8C-8VXcY,배달시장이 중국인에게 장악당한 이유,2026-02-23T02:29:39Z,1944388,24829,3272,2026-02-27T19:44:28Z,25,,솔직한여자TV
05WLzXYZXIo,Among Us in 2020 was a fever dream 😭,2026-02-23T00:00:01Z,2799748,73086,801,2026-02-27T19:44:28Z,24,,monium
i558aKJA1lc,Bruce Wayne HUMILIATES the Board Room!#movie #film,2026-02-22T10:55:38Z,2283440,34710,233,2026-02-27T19:44:28Z,1,,Scene Analysis
Nkc1siLj4PQ,Can This Trick Save a Broken Screen? 🛠️👀 | Windshield Repair Kit,2026-02-23T13:38:08Z,4084512,63199,18,2026-02-27T19:44:28Z,28,,SimpleGhar Tamil
BDn1s_FmzSU,The Silverware Story 🥄,2026-02-23T03:25:00Z,2402026,117748,541,2026-02-27T19:44:28Z,22,,Mark
hQSux1l3tF0,3 animales que protegen a otras especies,2026-02-23T11:25:48Z,2307001,73255,163,2026-02-27T19:44:28Z,24,,MundoAnimales
gA-SzyloIAM,LE PUSE una CÁMARA ESPÍA a HEXO !!,2026-02-25T00:30:07Z,1713421,49917,24228,2026-02-27T19:44:28Z,24,,YOLO AVENTURAS
I-L-SyAQfYk,A vida da mãe de recém nascido kkk #meme #humor #viral,2026-02-22T21:03:10Z,3200619,15444,80,2026-02-27T19:44:28Z,22,,Katssa Melkya
yW3V-UPalJo,#A very funny situation,2026-02-21T05:08:49Z,4158189,25854,52,2026-02-27T19:44:28Z,22,,Yituber Ibrahim Al-Khader
Vn8DHdj95bw,Fui a ver el Peor Equipo de FIFA en la Vida Real,2026-02-23T16:29:02Z,2150491,34265,1195,2026-02-27T19:44:28Z,17,,Rulas 47
8KSblgFdjnk,Me enfrente a un hacker descarado de lobo solotario☠️,2026-02-24T00:06:48Z,1487495,70648,847,2026-02-27T19:44:28Z,20,,SOYTINCA
fijSdJqWNeY,I Made A MONSTER Sandwich.. 🥪😭,2026-02-24T15:40:00Z,2248909,49698,2681,2026-02-27T19:44:28Z,20,,Tyler Vitelli
ohFZekvbQUQ,Historia de una Relación | Vivir es increíble,2026-02-24T05:13:21Z,5235437,221,7,2026-02-27T19:44:28Z,24,,GNP Seguros
p0sq3TZaOnQ,"""Wound-up and weird"": Maddow's INSTANT REACTION to Trump's State of the Union",2026-02-25T04:44:45Z,744089,21105,4767,2026-02-27T19:44:28Z,25,,MS NOW
pjGvA-D0Fcs,President Trump 2026 State of the Union Address & Democratic Response,2026-02-25T04:33:57Z,705507,9265,4075,2026-02-27T19:44:28Z,25,,C-SPAN
C7Oj_liF2NE,A final time on Olympic home ice 🇮🇹⛸️ #MilanFigureSkating,2026-02-21T18:28:05Z,1723853,13963,91,2026-02-27T19:44:28Z,17,,Olympics
wGs_lozRXGo,¡Última hora! Abaten a 'El Mecho' durante operativo en Guadalajara; reportan bloqueos en el país,2026-02-22T18:00:10Z,557534,5476,1700,2026-02-27T19:44:28Z,25,,TelediarioMx
SpYYk59D_8I,I'm a BABY AXOLOTL in Minecraft!,2026-02-22T20:20:53Z,648729,11584,1343,2026-02-27T19:44:28Z,20,,Aphmau
BP-DJTY94O0,🔴Tacos Tuesday ADMIN ABUSE + TOP 1 Monde !,2026-02-25T01:16:37Z,598301,14164,672,2026-02-27T19:44:28Z,20,,Unchained_Off
Wss3c6dAdvE,DA UMA RAIVA QUE O MOSQUITO NÃO CONSEGUE ACHAR A JANELA PRA SAIR KAKAKAKA😹❤️,2026-02-23T18:20:00Z,1066522,34843,559,2026-02-27T19:44:28Z,24,,mihtanino
g6vA3gXXsbs,Whatever I GOOGLE COMES TO LIFE In Steal a Brainrot...,2026-02-24T16:00:56Z,504517,22236,1395,2026-02-27T19:44:28Z,20,,Techys
e2CjoaVubW4,A Zion le hacían bullying!,2026-02-22T00:00:41Z,942977,16234,68,2026-02-27T19:44:28Z,23,,Juanpis González
t1-hlBr7grg,Building a CITY BASE To Survive 1000 Nights In 99 NIGHTS IN THE FOREST (Roblox),2026-02-20T19:15:04Z,427811,5372,909,2026-02-27T19:44:28Z,20,,soph!
AVCCJ_3CiFc,J Jameson despide a Eduard Brock #Shorts,2026-02-23T00:30:07Z,896176,0,418,2026-02-27T19:44:28Z,24,,The Shooterman
wHO1cR0qjn4,BREAKING: Dem EJECTED from Trump's State of the Union address,2026-02-25T02:32:12Z,396722,6347,3029,2026-02-27T19:44:28Z,25,,Fox News
Fmd8ClZZQUg,Quando a minha esposa me pede alguma coisa,2026-02-19T20:55:00Z,7772161,107900,766,2026-02-27T19:44:28Z,24,,Falaidearo
DdpjCfwkOE4,2 birds on a wire trend! 🪽🥰,2026-02-21T10:00:30Z,6955518,102112,1913,2026-02-27T19:44:28Z,22,,Mia Van Haarlem
nnPA1s12e90,He found out a very powerful kinfe mistakly,2026-02-19T16:21:14Z,6086358,87322,44,2026-02-27T19:44:28Z,22,,Chobbir Anotorale
1OwcQforVPE,Amazing Barehand Fishing: Catching a Giant Mud Eel! #fish #fishing #handfish,2026-02-19T04:00:00Z,4148463,9517,9,2026-02-27T19:44:28Z,22,,Local Fishing
vQf9tqaNOII,A Guerra Secreta das Formigas,2026-02-21T15:01:28Z,2915550,61509,1232,2026-02-27T19:44:28Z,27,,Fritando Neurônio
cE2cnoiwK9s,BI HUỲNH CHƠI THỬ GROW A GARDEN 2.0 MỞ KHÓA DAWN BLOSSOM HIẾM NHẤT,2026-02-25T09:47:55Z,880550,12460,1435,2026-02-27T19:44:28Z,20,,Bi Huỳnh Roblox
KRpyopvtvVs,Sean Hannity: Dems are a 'soulless party',2026-02-25T05:45:03Z,373980,11435,3831,2026-02-27T19:44:28Z,25,,Fox News
E-2SPzBHWc0,President Trump delivers the 2026 State of the Union address to Congress — 2/24/2026,2026-02-25T04:11:00Z,351214,3391,0,2026-02-27T19:44:28Z,25,,CNBC Television
KUjqFWntQ7w,Quico salvó a Don Ramón de un insecto #donramón #quico #elchavo,2026-02-24T00:00:31Z,910028,15964,128,2026-02-27T19:44:28Z,24,,Chavoland
ctUIXaIJEnA,JJ wanted a goaltending call 🤔,2026-02-23T02:31:01Z,625918,7181,156,2026-02-27T19:44:28Z,17,,Bleacher Report
DYn1DuzqPd0,プロスピAニュース スペシャル【プロスピA】,2026-02-25T10:52:49Z,310257,5857,305,2026-02-27T19:44:28Z,20,,パワプロ・プロスピ公式チャンネル
92ekTv_ztHs,WATCH LIVE: President Donald Trump’s 2026 State of the Union Address | Direct floor feed,2026-02-25T04:17:35Z,356514,4391,0,2026-02-27T19:44:28Z,25,,PBS NewsHour
rC41uACXEHw,¡ES CUMPLEAÑOS DE SAMMY! MEGA ADMIN ABUSE en STEAL A BRAINROT! (Roblox),2026-02-25T00:30:10Z,273280,3659,129,2026-02-27T19:44:28Z,20,,Linkego
sO-YwMjiWts,Fixing a Bad Dowel Joint #shorts #woodworking #diy,2026-02-23T11:08:54Z,571964,6859,60,2026-02-27T19:44:28Z,26,,TWCDesign
XeDo4CCgDmQ,Perspective-taking is a common challenge in autism…❤️‍🩹 #autistic #autism #autismawareness #therapy,2026-02-19T19:00:48Z,387968,32919,420,2026-02-27T19:44:28Z,15,,Kaelynn Partlow
KrAwGLMwMdI,😱Grow a Garden 2 ВЫШЛА! Я СТАЛ ТОП ИГРОКОМ в GARDEN HORIZON РОБЛОКС!,2026-02-23T07:55:59Z,263455,6593,2071,2026-02-27T19:44:28Z,20,,EroxBlox
heQXp3P1VWI,The BAFTA's Showed Us Who People Really Are,2026-02-25T17:01:10Z,1194373,82691,11509,2026-02-27T19:44:28Z,24,,The Critical Drinker
shOpZCKg9Xo,We Survived In A FISHING CABIN For 99 Nights In The Forest..,2026-02-24T13:02:00Z,309195,4496,674,2026-02-27T19:44:28Z,20,,Kat
iR8rXAqm_IQ,How often do teams actually win 5 in a row?,2026-02-24T12:01:17Z,512694,24687,189,2026-02-27T19:44:28Z,17,,Tifo Football by The Athletic
tvCt4E-jJdw,'The Five' on Trump's BIG night...,2026-02-25T00:00:06Z,249694,5130,1080,2026-02-27T19:44:28Z,25,,Fox News
RH9ZgfJQ5hc,Meanwhile... A Man With 3 Penises | Giraffe vs. Ostrich | Wrestling Speed Dating,2026-02-25T09:06:37Z,442564,19403,662,2026-02-27T19:44:28Z,24,,The Late Show with Stephen Colbert
ws_1cjZJtf8,"The View Full Broadcast – February 24, 2026",2026-02-24T20:00:50Z,253304,5563,1202,2026-02-27T19:44:28Z,24,,The View
nnDte10lunw,Watters: THIS may be the pinnacle of Trump's power...,2026-02-25T01:30:21Z,226957,4598,989,2026-02-27T19:44:28Z,25,,Fox News
t--Pcz7V0Rg,Babu descobrindo que a 'Chaiany' não é 'Chaieny' | BBB 26,2026-02-23T14:16:41Z,420135,13231,212,2026-02-27T19:44:28Z,24,,Big Brother Brasil
6PNFW3rkPKQ,Niñas ricas le enseñan lo importante de estudiar a otra niña humilde ￼,2026-02-24T23:50:07Z,1260839,29588,97,2026-02-27T19:44:28Z,22,,Jesus Sulbaran
#NAME?,Chuck on the 2026 All-Star Game ‘They played a quarter... don't give them a cookie’ | Inside the NBA,2026-02-21T00:50:58Z,201615,2031,419,2026-02-27T19:44:28Z,17,,NBA on ESPN
eHkZz-K0Nwk,quem é a pior amiga nessa história?,2026-02-24T15:30:55Z,237842,22637,1329,2026-02-27T19:44:28Z,24,,Matheus e Guigo Show
zy9cCJ7rzAg,LIVE ANALYSIS: Watch live reaction to Trump's State of the Union WITH Symone and Eugene!,2026-02-25T04:45:17Z,198815,2566,258,2026-02-27T19:44:28Z,25,,MS NOW
xsAnC1vloPQ,Aぇ! group【ASMRなのに…悲鳴!?】イヤホン着用にご注意ください 笑,2026-02-24T12:01:41Z,247761,16379,1653,2026-02-27T19:44:28Z,24,,Aぇ! group
WDvjdY6cdVU,This song built a generation,2026-02-24T02:00:24Z,432753,0,900,2026-02-27T19:44:28Z,23,,Justin Stagner 
yc8hyKJqyiI,Continuate a ballare il Trend 100 Mila colpi e uno di voi verrà scelto per stare con noi in villa! 💕,2026-02-23T13:03:04Z,408870,12762,515,2026-02-27T19:44:28Z,24,,💖SOFYPAPY💙
s59hbPrzVhE,Sanremo 2026 - L'incontro tra Can Yaman e Kabir Bedi a Sanremo 2026,2026-02-24T23:17:30Z,288899,4184,751,2026-02-27T19:44:28Z,24,,Rai
27om7zOscgU,Where's my grape? #a little laugh for every view #funny #unexpected ending,2026-02-20T07:00:02Z,427290,4073,23,2026-02-27T19:44:28Z,22,,The Stupid Po
riffGwm9p3M,ich BEKLAUE YOUTUBER UNDERCOVER in Steal a Brainrot!,2026-02-24T11:38:37Z,204405,3644,227,2026-02-27T19:44:28Z,20,,Standart Skill
i73R5JV3UKs,jump rope with a charging cord！,2026-02-23T11:15:20Z,693582,3086,10,2026-02-27T19:44:28Z,22,,HAYATAKU はやたく
QDS5fRBTTTk,Remembering a Titan,2026-02-24T17:00:41Z,409330,27856,1619,2026-02-27T19:44:28Z,20,,IGN
2L3VpT_9Ux4,NEW Steal A Brainrot DIVINE fuse insane luck,2026-02-23T15:35:44Z,301925,4454,145,2026-02-27T19:44:28Z,20,,Sxzxr
8kla0J1Jfp0,Beto a Saber - FEB 24 - ENTREVISTA COMPLETA A HERNANDO DE SOTO | Willax,2026-02-25T03:19:07Z,244196,3283,1335,2026-02-27T19:44:28Z,25,,Willax Televisión
JR2yw0dHX34,Une journée avec moi ❤️,2026-02-19T10:42:27Z,169712,1189,0,2026-02-27T19:44:28Z,22,,Happy kids Vlog
66H-cWqy5R0,I Surprised Sammy with BIRTHDAY GIFT in Steal a Brainrot Roblox,2026-02-25T08:32:02Z,366259,9187,2204,2026-02-27T19:44:28Z,20,,SenpaiUnlimited
Qo4DPudFJEY,"💣👀 ""C'est une bombe ou quoi ?"" 😅 Luis Enrique a encore craqué ! #shorts",2026-02-24T16:15:03Z,373056,4390,139,2026-02-27T19:44:28Z,17,,beIN SPORTS France
eMlBnkyez2c,I Melted an In-N-Out Burger Into a Dip!!?,2026-02-22T16:44:24Z,247694,8311,199,2026-02-27T19:44:28Z,22,,Meatlicious
Gl30Uaf5uWg,When You Make A Pillow Fort 🤣 #shorts #relatable,2026-02-24T00:40:00Z,301361,6095,57,2026-02-27T19:44:28Z,23,,depeet
#NAME?,🚨 ¿El PROTOTIPO lanzó a POPPY o a PLAYER en el tanque de EL FINAL? 🤔 || POPPY PLAYTIME 5⭐,2026-02-24T19:58:52Z,297288,22670,381,2026-02-27T19:44:28Z,24,,Sergioks
tyLBHwk72TU,The Tool That Protects a Luxury Watch!🤯,2026-02-23T16:03:23Z,654837,0,22,2026-02-27T19:44:28Z,27,,ScienceWith-AD7 
BhUNI2uKGnc,World Right Now In A Nutshell: #europe #map #mapping #mapper,2026-02-23T17:30:03Z,343204,4944,511,2026-02-27T19:44:28Z,24,,PortugalCountryBali
eUQHhlMVAdQ,When Dad Started Pulling a Crocodile Out of the Pool🤯 Chintu Stood There Totally Shocked! 😂🐊👀,2026-02-24T07:54:20Z,1036593,0,10,2026-02-27T19:44:28Z,22,,Facts Oppy
hsXM73mgXxI,CAUGHT ON CAMERA: Lawmaker caught taking a nap at State of the Union,2026-02-25T04:15:04Z,415175,5321,740,2026-02-27T19:44:28Z,25,,Fox News
mDqVKT6rIfk,Rappi domó a kuka Ofelia Fernández,2026-02-24T00:04:14Z,192268,7958,343,2026-02-27T19:44:28Z,22,,Mate con Mote
ymhn-3I5kQY,What is a 'Lenny Skutnik'?,2026-02-24T12:52:00Z,172515,5138,173,2026-02-27T19:44:28Z,25,,CNN
v16oYLlq47k,POV: When you try to be the Main Character but gravity says NO 🥚💀,2026-02-22T14:27:23Z,9410604,49181,26,2026-02-27T19:44:28Z,1,,Final Hour Stories
geugrkKOb04,They Underestimated Her — That Was the Mistake 👇,2026-02-23T10:02:19Z,6640702,120166,364,2026-02-27T19:44:28Z,24,,mdscae
TLi-b2AzC0I,I guess the hands on hips was never a phase 🤣 #childhoodphotos,2026-02-23T07:54:45Z,1038937,51750,172,2026-02-27T19:44:28Z,22,,LilBigNanc
T4sh_XaA-m4,Stephen A. STILL thinks the Pistons are the best team in the league! 👀 | First Take,2026-02-24T16:17:24Z,165196,1831,628,2026-02-27T19:44:28Z,17,,ESPN
9E8wUC8D2JY,The opening 9 minutes of Trump's State of the Union 2026,2026-02-25T03:43:00Z,173809,911,2081,2026-02-27T19:44:28Z,25,,CNN
3RdP9GKw2fE,Dad Gave Rhia a Big Kitchen Set… Sierra Got a Small One?! 😮🍳💛,2026-02-23T23:30:01Z,354868,2211,0,2026-02-27T19:44:28Z,24,,Sierra and Rhia English
11Mn4liY73k,Seher Takes A Stand | Seher,2026-02-23T04:30:48Z,158985,5029,35,2026-02-27T19:44:28Z,24,,Colors
U-54oX9FfZ4,who can make a pineapple 🍍,2026-02-25T14:17:45Z,753762,7617,0,2026-02-27T19:44:28Z,24,,Natkhat Maha
c9lEUYYsew8,A Ram Sam Sam Sam | Emma And Joey Nursery Rhymes | Beep Beep #shorts,2026-02-23T07:48:38Z,214768,1563,0,2026-02-27T19:44:28Z,27,,Emma And Joey - Nursery Rhymes
jDvmHhZUu7I,IF A PIRATE MADE A RAP SONG,2026-02-24T20:49:53Z,193058,16869,831,2026-02-27T19:44:28Z,10,,Jonn
rYKPFo6okrI,Aぇ! group official【ASMRなのに…悲鳴!?】イヤホン着用にご注意ください 笑,2026-02-24T00:01:02Z,131471,17440,224,2026-02-27T19:44:28Z,24,,Aぇ! group
PVezQ54dbIk,Can A Bullet Stop A Bear 🐻,2026-02-23T17:30:13Z,149667,4034,78,2026-02-27T19:44:28Z,22,,The Art Of War
94i5Voegi9c,Así cayó “El Mencho”: la pista sentimental que llevó a la inteligencia mexicana,2026-02-23T17:44:14Z,166949,1392,41,2026-02-27T19:44:28Z,25,,Diario La Prensa - Premium
3_fzSIHaP44,POV: Você está em uma briga com a Maxiane | BBB 26 | #Shorts,2026-02-25T05:36:21Z,285797,3736,229,2026-02-27T19:44:28Z,24,,Big Brother Brasil
vdCgHRis6ek,Playing with a Boomerang 🪃😄 #shorts #peppapig,2026-02-24T00:00:59Z,191792,2184,0,2026-02-27T19:44:28Z,1,,Peppa Pig - Official Channel
U4j0G5lPRKE,Debemos tratar BUEN A LOS HIJOS #comedia #familiaibañez #humor #casosdefamilia #comedy #shortsfeed,2026-02-25T03:02:33Z,304412,2605,14,2026-02-27T19:44:28Z,24,,Familia Ibañez
SN2oavZSyn4,#shorts Steal a Brainrot Playing with viewers Live part 13 #roblox,2026-02-25T19:35:38Z,52888,190,1,2026-02-27T19:44:28Z,20,,Taros Arc
#NAME?,Orbán Viktor miniszterelnök hétfőn a Sülysápon rendezett fórumon beszélt,2026-02-24T06:41:17Z,61343,1288,89,2026-02-27T19:44:28Z,25,,hirado․hu - Magyarország hírforrása
oG91cVfy3AA,'The View' Reacts To Trump’s State of the Union | The View,2026-02-25T19:00:59Z,217102,4941,1399,2026-02-27T19:44:28Z,24,,The View
zx9fg1zBttk,🔴LIVE STEAL A BRAINROT NEW TRADING MACHIENE & *PVP*,2026-02-25T21:20:18Z,194070,1510,15,2026-02-27T19:44:28Z,20,,Norgotor
tiFsTsYQ-0s,Stuart Varney: This was a demonstration of how to expose your political opponents' weakness #shorts,2026-02-25T19:00:55Z,535958,31063,1249,2026-02-27T19:44:28Z,25,,Fox Business
iyvcG9URjoU,What a U.S. attack on Iran could look like,2026-02-25T15:23:43Z,7886,96,37,2026-02-27T19:44:28Z,25,,Foreign Policy
L-7XMifJULU,The Costume Test That Made Audrey Hepburn a Star!,2026-02-25T17:00:29Z,13191,300,7,2026-02-27T19:44:28Z,1,,The Academy
Y2J2GOyT9XU,Marta G. Aller: “A Vox parece que lo que le ofende es que el PP le dé la razón”,2026-02-25T08:30:26Z,18416,469,37,2026-02-27T19:44:28Z,25,,Onda Cero
XOS8IZzk23w,"🔴 Muere a los 93 años Antonio Tejero, autor del intento de golpe de Estado de 1981",2026-02-25T18:50:24Z,14959,453,55,2026-02-27T19:44:28Z,24,,La Ventana
BPgZ59LvgGg,"""Me pareció RARO como salieron TODOS a decir que GALLARDO seguía sin hablar con ÉL""",2026-02-25T19:45:40Z,2039,24,4,2026-02-27T19:44:28Z,24,,Splendid AM 990
VjJllw9x1dQ,Mike Vrabel  wants to help Gonzalez become a captain,2026-02-25T20:23:25Z,3825,144,3,2026-02-27T19:44:28Z,17,,NBC Sports Boston
7ZfTFrhbPz4,🇦🇷 #URGENTE: @KalinaAnn destroza a Chiqui Tapia por paro mafioso en AFA contra Milei y la Justicia,2026-02-25T20:00:10Z,7667,878,45,2026-02-27T19:44:28Z,25,,Derecha Diario TV
Vb6FU09T2k4,He turned into a cat,2026-02-25T19:37:56Z,53062,214,3,2026-02-27T19:44:28Z,24,,EBB Super Star
tZ70PGE5ygA,The ultimate arm wrestling battle 💪🔥 Who will win the ultimate glory? 👑 #familyfun #armwrestling,2026-02-22T09:52:56Z,6495732,35055,192,2026-02-27T19:44:28Z,22,,Our Tiny World
owMQZX862Ms,I wrote a book.,2026-02-21T02:44:18Z,1643028,225043,20334,2026-02-27T19:44:28Z,24,,Sam O'Nella Academy
xynSCCRntOk,Sabrina Carpenter Trolling The Internet With This Cover 💀,2026-02-24T21:52:21Z,inf,5311087,75215,113,22,2026-02-28T17:02:16Z,