observed_utc,post_id,subreddit,age_minutes,score,num_comments,upvote_ratio,permalink
2026-02-25T20:47:39+00:00,1reoraf,funny,22.92,22,6,0.73,https://www.reddit.com/r/funny/comments/1reoraf/these_are_notoriously_difficult_to_figure_out/
2026-02-25T20:47:39+00:00,1reop1t,funny,25.15,20,13,0.72,https://www.reddit.com/r/funny/comments/1reop1t/21st_century_declarations_of_love/
2026-02-25T20:47:39+00:00,1reon8p,funny,26.95,3,3,0.67,https://www.reddit.com/r/funny/comments/1reon8p/fan_toilet_oc/
2026-02-25T20:47:39+00:00,1reodm9,funny,36.65,55,9,0.94,https://www.reddit.com/r/funny/comments/1reodm9/the_town_of_mexico_missouri_was_named_after/
2026-02-25T20:47:39+00:00,1ren5o4,funny,80.45,82,15,0.93,https://www.reddit.com/r/funny/comments/1ren5o4/i_said_dentist_appointment/
2026-02-25T20:47:39+00:00,1remcg7,funny,108.42,0,5,0.3,https://www.reddit.com/r/funny/comments/1remcg7/explosive/
2026-02-25T20:47:39+00:00,1relx18,funny,123.07,832,29,0.94,https://www.reddit.com/r/funny/comments/1relx18/interrupting_cow/
2026-02-25T20:47:39+00:00,1relf83,funny,140.35,156,6,0.87,https://www.reddit.com/r/funny/comments/1relf83/everything/
2026-02-25T20:47:39+00:00,1rekem0,funny,174.77,1647,10,0.97,https://www.reddit.com/r/funny/comments/1rekem0/oc_must_be/
2026-02-25T20:47:39+00:00,1rejv0f,funny,193.17,430,18,0.95,https://www.reddit.com/r/funny/comments/1rejv0f/press_x_to_dispense_treats/
2026-02-25T20:47:39+00:00,1rehvbj,funny,262.38,180,6,0.91,https://www.reddit.com/r/funny/comments/1rehvbj/ugh/
2026-02-25T20:47:39+00:00,1reha3v,funny,283.13,143,50,0.73,https://www.reddit.com/r/funny/comments/1reha3v/getting_the_finger_or_the_tube/
2026-02-25T20:47:39+00:00,1regsfd,funny,300.47,3941,167,0.95,https://www.reddit.com/r/funny/comments/1regsfd/reddit_every_few_months/
2026-02-25T20:47:39+00:00,1regpq8,funny,303.07,34222,155,0.97,https://www.reddit.com/r/funny/comments/1regpq8/class_participation/
2026-02-25T20:47:39+00:00,1regjlo,funny,309.38,0,2,0.16,https://www.reddit.com/r/funny/comments/1regjlo/zombie_got/
2026-02-25T20:47:39+00:00,1refwx8,funny,332.72,1007,70,0.97,https://www.reddit.com/r/funny/comments/1refwx8/it_works_as_long_as_it_makes_noise/
2026-02-25T20:47:39+00:00,1refkug,funny,345.18,0,3,0.22,https://www.reddit.com/r/funny/comments/1refkug/look_out_behind_you/
2026-02-25T20:47:39+00:00,1reeejg,funny,390.35,110,4,0.87,https://www.reddit.com/r/funny/comments/1reeejg/u_up_mlord/
2026-02-25T20:47:39+00:00,1reeci8,funny,392.55,693,31,0.96,https://www.reddit.com/r/funny/comments/1reeci8/squirrel/
2026-02-25T20:47:39+00:00,1ree7wt,funny,397.58,103,7,0.86,https://www.reddit.com/r/funny/comments/1ree7wt/argument_among_the_birds/
2026-02-25T20:47:39+00:00,1ree6tt,funny,398.8,16,9,0.69,https://www.reddit.com/r/funny/comments/1ree6tt/thanks_for_the_heads_up/
2026-02-25T20:47:39+00:00,1redu18,funny,413.1,261,8,0.91,https://www.reddit.com/r/funny/comments/1redu18/tomorrow_oc/
2026-02-25T20:47:39+00:00,1recvmn,funny,453.3,18617,258,0.95,https://www.reddit.com/r/funny/comments/1recvmn/no_matter_how_many_shooter_games_they_make_and/
2026-02-25T20:47:39+00:00,1re9jgq,funny,627.28,46,56,0.67,https://www.reddit.com/r/funny/comments/1re9jgq/first_time_im_seeing_this_sign/
2026-02-25T20:47:39+00:00,1re9g60,funny,632.73,1367,60,0.95,https://www.reddit.com/r/funny/comments/1re9g60/hes_a_bit_too_eager/
2026-02-25T20:47:39+00:00,1rep803,AskReddit,5.53,2,0,0.75,https://www.reddit.com/r/AskReddit/comments/1rep803/how_do_you_handle_a_breakup/
2026-02-25T20:47:39+00:00,1rep7qs,AskReddit,5.8,2,1,1.0,https://www.reddit.com/r/AskReddit/comments/1rep7qs/how_do_you_feel_about_the_government_having_your/
2026-02-25T20:47:39+00:00,1rep7h8,AskReddit,6.1,1,6,0.67,https://www.reddit.com/r/AskReddit/comments/1rep7h8/if_you_have_only_fans_how_do_you_deal_with_the/
2026-02-25T20:47:39+00:00,1rep724,AskReddit,6.53,3,7,1.0,https://www.reddit.com/r/AskReddit/comments/1rep724/whats_the_most_unprofessional_thing_youve_seen_at/
2026-02-25T20:47:39+00:00,1rep6uj,AskReddit,6.77,0,0,0.33,https://www.reddit.com/r/AskReddit/comments/1rep6uj/what_is_your_most_nsfw_confession/
2026-02-25T20:47:39+00:00,1rep6r5,AskReddit,6.85,5,10,1.0,https://www.reddit.com/r/AskReddit/comments/1rep6r5/whats_something_society_treats_as_embarrassing/
2026-02-25T20:47:39+00:00,1rep6ke,AskReddit,7.02,2,2,1.0,https://www.reddit.com/r/AskReddit/comments/1rep6ke/how_can_you_tell_the_difference_between_loving_a/
2026-02-25T20:47:39+00:00,1rep6a5,AskReddit,7.3,1,1,1.0,https://www.reddit.com/r/AskReddit/comments/1rep6a5/which_scifi_movietv_show_clothes_better_fit_your/
2026-02-25T20:47:39+00:00,1rep5su,AskReddit,7.8,1,3,1.0,https://www.reddit.com/r/AskReddit/comments/1rep5su/if_you_could_be_completely_invisible_for_one_hour/
2026-02-25T20:47:39+00:00,1rep5n4,AskReddit,7.95,1,1,1.0,https://www.reddit.com/r/AskReddit/comments/1rep5n4/how_was_the_andrew_leaving_the_police_station_pic/
2026-02-25T20:47:39+00:00,1rep5cj,AskReddit,8.27,0,0,0.5,https://www.reddit.com/r/AskReddit/comments/1rep5cj/now_that_millions_of_documents_related_to_the/
2026-02-25T20:47:39+00:00,1rep57u,AskReddit,8.38,2,8,0.75,https://www.reddit.com/r/AskReddit/comments/1rep57u/whats_yalls_favorite_video_game/
2026-02-25T20:47:39+00:00,1rep4nz,AskReddit,8.97,2,2,0.75,https://www.reddit.com/r/AskReddit/comments/1rep4nz/hows_it_feel_to_know_the_attitude_changed_since/
2026-02-25T20:47:39+00:00,1rep44n,AskReddit,9.55,1,1,1.0,https://www.reddit.com/r/AskReddit/comments/1rep44n/what_was_the_single_greatest_moment_of_sheer/
2026-02-25T20:47:39+00:00,1rep3w0,AskReddit,9.83,1,7,1.0,https://www.reddit.com/r/AskReddit/comments/1rep3w0/what_is_a_successful_life_that_actually_sounds/
2026-02-25T20:47:39+00:00,1rep3ns,AskReddit,10.07,0,4,0.5,https://www.reddit.com/r/AskReddit/comments/1rep3ns/whats_something_people_think_is_illegal_that/
2026-02-25T20:47:39+00:00,1rep3e4,AskReddit,10.35,1,6,0.67,https://www.reddit.com/r/AskReddit/comments/1rep3e4/whats_something_people_either_do_or_dont_do_that/
2026-02-25T20:47:39+00:00,1rep2cj,AskReddit,11.48,0,13,0.33,https://www.reddit.com/r/AskReddit/comments/1rep2cj/how_do_you_guys_feel_about_cash_patel/
2026-02-25T20:47:39+00:00,1rep2aa,AskReddit,11.55,3,4,1.0,https://www.reddit.com/r/AskReddit/comments/1rep2aa/hows_it_feel_being_in_love_with_someone_that_is/
2026-02-25T20:47:39+00:00,1rep23z,AskReddit,11.73,1,6,1.0,https://www.reddit.com/r/AskReddit/comments/1rep23z/how_would_you_feel_finding_out_that_you_are_your/
2026-02-25T20:47:39+00:00,1rep20b,AskReddit,11.83,1,5,0.67,https://www.reddit.com/r/AskReddit/comments/1rep20b/whos_a_cringy_content_creator/
2026-02-25T20:47:39+00:00,1rep1yc,AskReddit,11.88,1,0,1.0,https://www.reddit.com/r/AskReddit/comments/1rep1yc/how_did_you_know_or_realize_a_friend_was_going_to/
2026-02-25T20:47:39+00:00,1rep1rd,AskReddit,12.08,1,7,0.67,https://www.reddit.com/r/AskReddit/comments/1rep1rd/what_would_you_do_if_you_had_a_time_machine/
2026-02-25T20:47:39+00:00,1rep1bf,AskReddit,12.55,1,6,0.67,https://www.reddit.com/r/AskReddit/comments/1rep1bf/at_the_height_of_their_fame_who_got_more_action/
2026-02-25T20:47:39+00:00,1rep1ar,AskReddit,12.57,3,2,1.0,https://www.reddit.com/r/AskReddit/comments/1rep1ar/why_did_reddit_just_release_the_worst_app_update/
2026-02-25T20:47:39+00:00,1reoj3r,worldnews,31.13,14,1,0.85,https://www.reddit.com/r/worldnews/comments/1reoj3r/métis_leaders_unveil_1920s_model_dog_sled/
2026-02-25T20:47:39+00:00,1renjvt,worldnews,66.22,198,140,0.86,https://www.reddit.com/r/worldnews/comments/1renjvt/us_sends_deadliest_fighter_jets_to_israel_as_iran/
2026-02-25T20:47:39+00:00,1renfrv,worldnews,70.42,1524,201,0.97,https://www.reddit.com/r/worldnews/comments/1renfrv/cuba_says_four_shot_dead_on_usregistered_speedboat/
2026-02-25T20:47:39+00:00,1ren1tm,worldnews,84.25,51,8,0.77,https://www.reddit.com/r/worldnews/comments/1ren1tm/human_rights_protections_for_transgender_kiwis/
2026-02-25T20:47:39+00:00,1remtpy,worldnews,92.0,779,176,0.97,https://www.reddit.com/r/worldnews/comments/1remtpy/armed_confrontation_in_cuban_waters_leaves_four/
2026-02-25T20:47:39+00:00,1rem2tg,worldnews,117.63,28,4,0.75,https://www.reddit.com/r/worldnews/comments/1rem2tg/isis_teaching_recruits_how_to_use_ai_responsibly/
2026-02-25T20:47:39+00:00,1reltj6,worldnews,126.55,30,0,0.87,https://www.reddit.com/r/worldnews/comments/1reltj6/sri_lanka_navy_and_coast_guard_seize_4_indian/
2026-02-25T20:47:39+00:00,1reknmr,worldnews,166.18,10,1,0.67,https://www.reddit.com/r/worldnews/comments/1reknmr/us_embassy_to_offer_its_first_consular_services/
2026-02-25T20:47:39+00:00,1rekibd,worldnews,171.23,45,18,0.73,https://www.reddit.com/r/worldnews/comments/1rekibd/speaker_of_the_knesset_medal_pm_modi_conferred/
2026-02-25T20:47:39+00:00,1rek1tz,worldnews,186.82,38,0,0.84,https://www.reddit.com/r/worldnews/comments/1rek1tz/ecuador_withdraws_from_un_palestinian_rights/
2026-02-25T20:47:39+00:00,1rejwjp,worldnews,191.7,0,16,0.43,https://www.reddit.com/r/worldnews/comments/1rejwjp/donald_trump_on_indiapak_prez_says_pakistan_pm/
2026-02-25T20:47:39+00:00,1rejs9s,worldnews,195.68,436,45,0.96,https://www.reddit.com/r/worldnews/comments/1rejs9s/ukraine_to_cover_4000_km_of_roads_with_antidrone/
2026-02-25T20:47:39+00:00,1rejmwo,worldnews,200.77,193,9,0.99,https://www.reddit.com/r/worldnews/comments/1rejmwo/spain_declassifies_files_on_1981_attempted_coup/
2026-02-25T20:47:39+00:00,1rejfdg,worldnews,207.97,22,3,0.84,https://www.reddit.com/r/worldnews/comments/1rejfdg/germany_urges_iran_to_engage_constructively_in/
2026-02-25T20:47:39+00:00,1rejc8a,worldnews,210.93,71,67,0.78,https://www.reddit.com/r/worldnews/comments/1rejc8a/propahlavi_chants_on_campus_mark_historic_shift/
2026-02-25T20:47:39+00:00,1reiv5g,worldnews,227.02,30,9,0.74,https://www.reddit.com/r/worldnews/comments/1reiv5g/carney_to_travel_to_india_with_very_good_image/
2026-02-25T20:47:39+00:00,1reiovl,worldnews,233.2,26,2,0.76,https://www.reddit.com/r/worldnews/comments/1reiovl/rubio_begins_talks_with_caribbean_leaders_amid/
2026-02-25T20:47:39+00:00,1reig7v,worldnews,241.87,792,212,0.9,https://www.reddit.com/r/worldnews/comments/1reig7v/canada_pledges_8_million_in_food_aid_for_cuba_as/
2026-02-25T20:47:39+00:00,1reifr6,worldnews,242.32,98,20,0.91,https://www.reddit.com/r/worldnews/comments/1reifr6/hungarys_viktor_orbán_stakes_his_reelection_on/
2026-02-25T20:47:39+00:00,1regvjb,worldnews,297.38,188,46,0.95,https://www.reddit.com/r/worldnews/comments/1regvjb/ireland_eyes_closer_cooperation_with_nato/
2026-02-25T20:47:39+00:00,1refry7,worldnews,337.75,181,5,0.95,https://www.reddit.com/r/worldnews/comments/1refry7/russias_transneft_cuts_oil_intake_after_ukrainian/
2026-02-25T20:47:39+00:00,1reepjk,worldnews,378.1,647,107,0.93,https://www.reddit.com/r/worldnews/comments/1reepjk/claiming_ukraine_threat_orban_deploys_troops_to/
2026-02-25T20:47:39+00:00,1redvvl,worldnews,410.9,79,5,0.86,https://www.reddit.com/r/worldnews/comments/1redvvl/senegal_antilgbt_law_pm_ousmane_sonko_seeks/
2026-02-25T20:47:39+00:00,1redavy,worldnews,435.33,2396,291,0.93,https://www.reddit.com/r/worldnews/comments/1redavy/us_warns_ukraine_over_novorossiysk_oil_hub_strike/
2026-02-25T20:47:39+00:00,1recj8z,worldnews,468.23,102,5,0.94,https://www.reddit.com/r/worldnews/comments/1recj8z/uk_police_conclude_search_at_former_home_of_king/
2026-02-25T20:47:39+00:00,1rep2sm,gaming,10.98,0,8,0.22,https://www.reddit.com/r/gaming/comments/1rep2sm/anyone_knows_any_simple_and_free_aim_trainers/
2026-02-25T20:47:39+00:00,1reoftw,gaming,34.38,101,79,0.9,https://www.reddit.com/r/gaming/comments/1reoftw/loot_box_litigation_new_york_attorney_general/
2026-02-25T20:47:39+00:00,1renp9d,gaming,60.8,0,25,0.22,https://www.reddit.com/r/gaming/comments/1renp9d/development_update_overwatch_rush/
2026-02-25T20:47:39+00:00,1reneu0,gaming,71.25,1,10,0.67,https://www.reddit.com/r/gaming/comments/1reneu0/whats_your_favorite_bullet_hell_genre_game/
2026-02-25T20:47:39+00:00,1ren9bm,gaming,76.93,775,80,0.97,https://www.reddit.com/r/gaming/comments/1ren9bm/ubisoft_suffers_major_talent_drain_because_theyre/
2026-02-25T20:47:39+00:00,1relo65,gaming,131.78,0,27,0.31,https://www.reddit.com/r/gaming/comments/1relo65/resident_evil_requiem_often_uses_8gb_of_vram_at/
2026-02-25T20:47:39+00:00,1relbgg,gaming,143.95,88,33,0.82,https://www.reddit.com/r/gaming/comments/1relbgg/mortal_kombat_ii_official_trailer_ii/
2026-02-25T20:47:39+00:00,1rejnnh,gaming,200.07,2450,175,0.97,https://www.reddit.com/r/gaming/comments/1rejnnh/someone_at_xbox_testing_in_production_brave/
2026-02-25T20:47:39+00:00,1reiiwc,gaming,239.15,0,38,0.38,https://www.reddit.com/r/gaming/comments/1reiiwc/your_take_on_good_video_game_movies/
2026-02-25T20:47:39+00:00,1reiav6,gaming,247.17,302,646,0.91,https://www.reddit.com/r/gaming/comments/1reiav6/what_game_had_the_best_first_few_hours_that/
2026-02-25T20:47:39+00:00,1rei8r6,gaming,249.2,9,19,0.69,https://www.reddit.com/r/gaming/comments/1rei8r6/horror_game_night_one_setup/
2026-02-25T20:47:39+00:00,1regz04,gaming,293.97,3,8,0.54,https://www.reddit.com/r/gaming/comments/1regz04/future_gpx_cyber_formula_was_masterpiece_game_who/
2026-02-25T20:47:39+00:00,1refia1,gaming,347.57,719,302,0.94,https://www.reddit.com/r/gaming/comments/1refia1/resident_evil_requiem_review_thread/
2026-02-25T20:47:39+00:00,1ref5qb,gaming,360.87,517,106,0.93,https://www.reddit.com/r/gaming/comments/1ref5qb/14_years_later_and_i_am_not_over_this_and_what_it/
2026-02-25T20:47:39+00:00,1reat4g,gaming,554.42,0,14,0.23,https://www.reddit.com/r/gaming/comments/1reat4g/am_l_the_only_gamer_to_have_ever_played_valley/
2026-02-25T20:47:39+00:00,1realjb,gaming,566.55,738,44,0.96,https://www.reddit.com/r/gaming/comments/1realjb/no_contraband/
2026-02-25T20:47:39+00:00,1rea9f1,gaming,585.08,25,186,0.7,https://www.reddit.com/r/gaming/comments/1rea9f1/which_video_game_do_you_think_has_the_best/
2026-02-25T20:47:39+00:00,1re9el5,gaming,635.35,161,56,0.83,https://www.reddit.com/r/gaming/comments/1re9el5/living_human_brain_cells_in_a_dish_can_play_doom/
2026-02-25T20:47:39+00:00,1re74w5,gaming,774.45,0,18,0.29,https://www.reddit.com/r/gaming/comments/1re74w5/anyone_else_struggling_with_being_stuck_in_this/
2026-02-25T20:47:39+00:00,1re6juf,gaming,810.02,0,157,0.33,https://www.reddit.com/r/gaming/comments/1re6juf/im_in_a_burnt_out_phase_and_need_help_climbing/
2026-02-25T20:47:39+00:00,1re6hfg,gaming,813.77,0,28,0.28,https://www.reddit.com/r/gaming/comments/1re6hfg/its_2026_and_were_in_the_aipocalypse_whats_your/
2026-02-25T20:47:39+00:00,1re4fmq,gaming,925.28,0,2,0.13,https://www.reddit.com/r/gaming/comments/1re4fmq/unexpected_space_travel/
2026-02-25T20:47:39+00:00,1re4csk,gaming,929.28,6149,220,0.98,https://www.reddit.com/r/gaming/comments/1re4csk/tried_to_label_all_the_devs_from_that_new_years/
2026-02-25T20:47:39+00:00,1re3sug,gaming,956.83,0,32,0.18,https://www.reddit.com/r/gaming/comments/1re3sug/do_you_consider_dark_souls_a_aa_game_or_aaa_game/
2026-02-25T20:47:39+00:00,1re36tf,gaming,987.53,147,37,0.86,https://www.reddit.com/r/gaming/comments/1re36tf/2026_march_week_1_game_release_calendar_slay_the/
2026-02-25T20:47:39+00:00,1renpzq,todayilearned,60.05,759,43,0.98,https://www.reddit.com/r/todayilearned/comments/1renpzq/til_roughly_100000_african_elephants_were_killed/
2026-02-25T20:47:39+00:00,1rem4vs,todayilearned,115.8,61,4,0.95,https://www.reddit.com/r/todayilearned/comments/1rem4vs/til_about_lodoicea_maldivica_a_palm_tree_with/
2026-02-25T20:47:39+00:00,1reirms,todayilearned,230.5,23,0,0.96,https://www.reddit.com/r/todayilearned/comments/1reirms/til_that_in_ww2_canada_trained_a_group_of_covert/
2026-02-25T20:47:39+00:00,1reikvr,todayilearned,237.22,49,4,0.88,https://www.reddit.com/r/todayilearned/comments/1reikvr/til_about_lionel_crabb_a_royal_navy_diver_who/
2026-02-25T20:47:39+00:00,1reiiu5,todayilearned,239.22,14895,450,0.98,https://www.reddit.com/r/todayilearned/comments/1reiiu5/til_that_cancún_didnt_exist_until_1970_its/
2026-02-25T20:47:39+00:00,1reiist,todayilearned,239.25,518,172,0.82,https://www.reddit.com/r/todayilearned/comments/1reiist/til_erotic_photography_started_in_1839_nsfw/
2026-02-25T20:47:39+00:00,1regovp,todayilearned,303.93,564,33,0.98,https://www.reddit.com/r/todayilearned/comments/1regovp/til_heinrich_kramer_the_man_responsible_the_early/
2026-02-25T20:47:39+00:00,1regj7h,todayilearned,309.77,27,20,0.66,https://www.reddit.com/r/todayilearned/comments/1regj7h/til_nickelback_producer_joey_moi_went_to/
2026-02-25T20:47:39+00:00,1regfcp,todayilearned,313.8,10987,244,0.98,https://www.reddit.com/r/todayilearned/comments/1regfcp/til_about_the_thrasis_region_of_mars_due_to_mars/
2026-02-25T20:47:39+00:00,1red3e0,todayilearned,444.15,140,25,0.93,https://www.reddit.com/r/todayilearned/comments/1red3e0/til_that_the_ancient_city_of_edessa_modernday/
2026-02-25T20:47:39+00:00,1rebhjc,todayilearned,518.82,235,33,0.91,https://www.reddit.com/r/todayilearned/comments/1rebhjc/til_that_samsung_was_one_of_the_main_builders_of/
2026-02-25T20:47:39+00:00,1reaqbk,todayilearned,558.83,256,43,0.9,https://www.reddit.com/r/todayilearned/comments/1reaqbk/til_that_when_the_year_2022_began_many_systems/
2026-02-25T20:47:39+00:00,1reafn9,todayilearned,575.48,97,7,0.95,https://www.reddit.com/r/todayilearned/comments/1reafn9/til_that_the_city_beautiful_movement_was_an_urban/
2026-02-25T20:47:39+00:00,1rea7tn,todayilearned,587.37,1591,78,0.97,https://www.reddit.com/r/todayilearned/comments/1rea7tn/til_that_bl_pope_john_paul_i_in_1978_was_the/
2026-02-25T20:47:39+00:00,1re9yfi,todayilearned,602.62,5394,326,0.96,https://www.reddit.com/r/todayilearned/comments/1re9yfi/til_that_göbekli_tepe_in_turkey_is_the_worlds/
2026-02-25T20:47:39+00:00,1re7btb,todayilearned,763.13,1016,45,0.94,https://www.reddit.com/r/todayilearned/comments/1re7btb/til_frequent_use_of_antimicrobial_mouthwash_is/
2026-02-25T20:47:39+00:00,1re6ccn,todayilearned,821.65,2019,47,0.98,https://www.reddit.com/r/todayilearned/comments/1re6ccn/til_that_in_2023_the_new_zealand_mens_curling/
2026-02-25T20:47:39+00:00,1re5782,todayilearned,885.45,10144,634,0.97,https://www.reddit.com/r/todayilearned/comments/1re5782/til_that_the_butt_plug_was_patented_in_1892_by_dr/
2026-02-25T20:47:39+00:00,1re0jlq,todayilearned,1109.02,494,53,0.96,https://www.reddit.com/r/todayilearned/comments/1re0jlq/til_the_oldest_person_ever_recorded_on_video_was/
2026-02-25T20:47:39+00:00,1rdzr6u,todayilearned,1144.45,3457,156,0.99,https://www.reddit.com/r/todayilearned/comments/1rdzr6u/til_of_project_artichoke_which_officially_arose/
2026-02-25T20:47:39+00:00,1rdzot5,todayilearned,1147.4,5043,149,0.99,https://www.reddit.com/r/todayilearned/comments/1rdzot5/til_that_some_viruses_protect_human_cells_from/
2026-02-25T20:47:39+00:00,1rdz48f,todayilearned,1172.58,1704,57,0.97,https://www.reddit.com/r/todayilearned/comments/1rdz48f/til_that_two_of_the_three_stars_in_orions_belt/
2026-02-25T20:47:39+00:00,1rdytd9,todayilearned,1185.5,674,13,0.97,https://www.reddit.com/r/todayilearned/comments/1rdytd9/til_toshiro_mifune_accidentally_became_an_actor/
2026-02-25T20:47:39+00:00,1rdyg3v,todayilearned,1200.72,612,45,0.89,https://www.reddit.com/r/todayilearned/comments/1rdyg3v/til_in_the_early_years_of_her_career_maria_callas/
2026-02-25T20:47:39+00:00,1rdx3yk,todayilearned,1255.7,12411,287,0.96,https://www.reddit.com/r/todayilearned/comments/1rdx3yk/til_that_notorious_mobsters_lucky_luciano_and/
2026-02-25T20:47:39+00:00,1reoy09,Music,15.88,0,15,0.29,https://www.reddit.com/r/Music/comments/1reoy09/i_know_this_was_prolly_posted_several_times_but/
2026-02-25T20:47:39+00:00,1reoxn4,Music,16.32,1,0,1.0,https://www.reddit.com/r/Music/comments/1reoxn4/scars_on_broadway_enemy_alternative_metal_2008/
2026-02-25T20:47:39+00:00,1reoqkf,Music,23.7,0,2,0.5,https://www.reddit.com/r/Music/comments/1reoqkf/how_do_i_find_d_a_song_that_seems_to_be_wiped/
2026-02-25T20:47:39+00:00,1reok9f,Music,30.0,4,0,1.0,https://www.reddit.com/r/Music/comments/1reok9f/alan_parsons_project_sirius_eye_in_the_sky_rock/
2026-02-25T20:47:39+00:00,1reohna,Music,32.58,0,0,0.25,https://www.reddit.com/r/Music/comments/1reohna/has_anyone_heard_of_underground_starz_curious/
2026-02-25T20:47:39+00:00,1reoh7g,Music,33.02,0,0,0.33,https://www.reddit.com/r/Music/comments/1reoh7g/has_anyone_heard_of_underground_starz_curious/
2026-02-25T20:47:39+00:00,1reo7be,Music,42.93,20,0,0.95,https://www.reddit.com/r/Music/comments/1reo7be/oliver_power_grant_a_founding_member_of_wutang/
2026-02-25T20:47:39+00:00,1rens4g,Music,57.88,1,0,1.0,https://www.reddit.com/r/Music/comments/1rens4g/audio_gather_me_luz_ysabelle_cuevas_pop/
2026-02-25T20:47:39+00:00,1renret,Music,58.62,1,0,1.0,https://www.reddit.com/r/Music/comments/1renret/music_history_events_jazz_albums_recorded_feb_25/
2026-02-25T20:47:39+00:00,1renovk,Music,61.15,2,0,1.0,https://www.reddit.com/r/Music/comments/1renovk/feeder_high_alternative_rock_1998/
2026-02-25T20:47:39+00:00,1renniq,Music,62.53,2,0,1.0,https://www.reddit.com/r/Music/comments/1renniq/night_tapes_swordsman_audiotree_live_performance/
2026-02-25T20:47:39+00:00,1renjfm,Music,66.63,0,18,0.3,https://www.reddit.com/r/Music/comments/1renjfm/red_clay_highway_sparks_on_the_tailgate_country/
2026-02-25T20:47:39+00:00,1reniih,Music,67.55,0,5,0.06,https://www.reddit.com/r/Music/comments/1reniih/kanye_wests_spokesperson_milo_yiannopolous_ye/
2026-02-25T20:47:39+00:00,1rencdi,Music,73.83,1,2,0.53,https://www.reddit.com/r/Music/comments/1rencdi/highly_suspect_my_name_is_human_indie_rock/
2026-02-25T20:47:39+00:00,1ren7st,Music,78.32,0,12,0.38,https://www.reddit.com/r/Music/comments/1ren7st/your_top_10_songs_off_all_time/
2026-02-25T20:47:39+00:00,1remucu,Music,91.4,1,0,0.67,https://www.reddit.com/r/Music/comments/1remucu/tell_me_about_your_fav_music_artist_and_fav_song/
2026-02-25T20:47:39+00:00,1remrsu,Music,93.8,0,6,0.27,https://www.reddit.com/r/Music/comments/1remrsu/spice_girls_night_on_the_masked_singer/
2026-02-25T20:47:39+00:00,1remnwg,Music,97.5,3,0,1.0,https://www.reddit.com/r/Music/comments/1remnwg/ingrown_to_tour_the_us_this_spring_with_mask/
2026-02-25T20:47:39+00:00,1remn9c,Music,98.08,2,0,0.76,https://www.reddit.com/r/Music/comments/1remn9c/suicidal_tendencies_enter_shikari_counterparts/
2026-02-25T20:47:39+00:00,1remcq7,Music,108.12,469,19,0.98,https://www.reddit.com/r/Music/comments/1remcq7/driver_who_killed_dixie_chicks_founding_member/
2026-02-25T20:47:39+00:00,1rem5dx,Music,115.33,0,0,0.5,https://www.reddit.com/r/Music/comments/1rem5dx/pedro_guitarra_3_rock/
2026-02-25T20:47:39+00:00,1relyaq,Music,121.85,0,2,0.17,https://www.reddit.com/r/Music/comments/1relyaq/blues_verses_soft_metal/
2026-02-25T20:47:39+00:00,1relmuj,Music,133.07,0,0,0.5,https://www.reddit.com/r/Music/comments/1relmuj/scars_on_broadway_enemy_alternative_metal_2008/
2026-02-25T20:47:39+00:00,1relh2m,Music,138.57,12,0,0.94,https://www.reddit.com/r/Music/comments/1relh2m/kraftwerk_tour_de_france_electronic_1983/
2026-02-25T20:47:39+00:00,1relbc5,Music,144.05,1,1,1.0,https://www.reddit.com/r/Music/comments/1relbc5/tina_turner_when_the_heartache_is_over_dancerock/
2026-02-25T20:47:39+00:00,1reoz1j,aww,14.85,15,1,1.0,https://www.reddit.com/r/aww/comments/1reoz1j/we_found_this_little_baby_about_a_month_and_a/
2026-02-25T20:47:39+00:00,1reonfc,aww,26.77,73,29,0.97,https://www.reddit.com/r/aww/comments/1reonfc/he_may_look_serious_but_hes_a_total_sweetheart/
2026-02-25T20:47:39+00:00,1reofzh,aww,34.22,24,9,1.0,https://www.reddit.com/r/aww/comments/1reofzh/he_loves_the_water_and_never_misses_a_walk/
2026-02-25T20:47:39+00:00,1reodl7,aww,36.68,17,0,0.96,https://www.reddit.com/r/aww/comments/1reodl7/sleepy_kitties_in_the_window_of_the_local_thai/
2026-02-25T20:47:39+00:00,1reoalh,aww,39.65,9,0,1.0,https://www.reddit.com/r/aww/comments/1reoalh/eevee_used_rest_its_super_effective/
2026-02-25T20:47:39+00:00,1reo3e1,aww,46.73,9,0,1.0,https://www.reddit.com/r/aww/comments/1reo3e1/wanted_to_share_her/
2026-02-25T20:47:39+00:00,1renwnl,aww,53.52,15,1,0.95,https://www.reddit.com/r/aww/comments/1renwnl/thanks_for_flowers_papa_i_will_eat_them_later/
2026-02-25T20:47:39+00:00,1rena65,aww,76.08,9,3,0.81,https://www.reddit.com/r/aww/comments/1rena65/he_is_so_done_with_today/
2026-02-25T20:47:39+00:00,1ren12l,aww,84.98,292,11,1.0,https://www.reddit.com/r/aww/comments/1ren12l/my_cats_keeping_me_company_today/
2026-02-25T20:47:39+00:00,1remx55,aww,88.77,48,1,1.0,https://www.reddit.com/r/aww/comments/1remx55/the_beautiful_margot_from_our_shelter/
2026-02-25T20:47:39+00:00,1remofk,aww,96.98,6,0,1.0,https://www.reddit.com/r/aww/comments/1remofk/gelada_baboons/
2026-02-25T20:47:39+00:00,1remo7e,aww,97.18,3,0,0.72,https://www.reddit.com/r/aww/comments/1remo7e/good_morning/
2026-02-25T20:47:39+00:00,1remmor,aww,98.6,121,5,0.99,https://www.reddit.com/r/aww/comments/1remmor/cats_are_now_tolerant_roommates_yay_thank_you/
2026-02-25T20:47:39+00:00,1remm9k,aww,99.03,7,0,0.82,https://www.reddit.com/r/aww/comments/1remm9k/shifu_loves_this_kinda_sunny_days/
2026-02-25T20:47:39+00:00,1remcak,aww,108.58,11,1,1.0,https://www.reddit.com/r/aww/comments/1remcak/bert_my_tripod_kitty/
2026-02-25T20:47:39+00:00,1remb4e,aww,109.73,14,1,0.85,https://www.reddit.com/r/aww/comments/1remb4e/charlie/
2026-02-25T20:47:39+00:00,1relsve,aww,127.17,73,5,0.97,https://www.reddit.com/r/aww/comments/1relsve/its_her_birthday/
2026-02-25T20:47:39+00:00,1rel9g4,aww,145.83,253,4,1.0,https://www.reddit.com/r/aww/comments/1rel9g4/my_majestic_battlescarred_old_boy/
2026-02-25T20:47:39+00:00,1rel6ka,aww,148.43,36,3,0.98,https://www.reddit.com/r/aww/comments/1rel6ka/cute_baby/
2026-02-25T20:47:39+00:00,1rel39a,aww,151.53,51,7,0.99,https://www.reddit.com/r/aww/comments/1rel39a/pov_you_are_about_to_touch_the_belly/
2026-02-25T20:47:39+00:00,1rekx5q,aww,157.35,59,6,0.94,https://www.reddit.com/r/aww/comments/1rekx5q/my_cute_smiley_boy_pilot_is_nearly_2_and_would/
2026-02-25T20:47:39+00:00,1rekwjp,aww,157.87,11,1,0.83,https://www.reddit.com/r/aww/comments/1rekwjp/her_thoughts_as_i_climbed_onto_thus_sofa/
2026-02-25T20:47:39+00:00,1reku2y,aww,160.18,10,2,0.86,https://www.reddit.com/r/aww/comments/1reku2y/i_very_love_small_dog/
2026-02-25T20:47:39+00:00,1rekr0e,aww,163.1,9,3,0.92,https://www.reddit.com/r/aww/comments/1rekr0e/he_is_living_his_best_life/
2026-02-25T20:47:39+00:00,1rek0u2,aww,187.72,13,0,1.0,https://www.reddit.com/r/aww/comments/1rek0u2/the_man_of_the_house_resting_from_hard_work/
2026-02-25T20:47:39+00:00,1reovk9,movies,18.42,3,1,0.8,https://www.reddit.com/r/movies/comments/1reovk9/i_created_a_website_where_you_can_enter_two/
2026-02-25T20:47:39+00:00,1reoe52,movies,36.1,2,0,0.67,https://www.reddit.com/r/movies/comments/1reoe52/before_the_godfather_the_real_meeting_at_castello/
2026-02-25T20:47:39+00:00,1reo8yx,movies,41.35,0,14,0.45,https://www.reddit.com/r/movies/comments/1reo8yx/baz_luhrmann_wants_an_elvis_presley_cinematic/
2026-02-25T20:47:39+00:00,1reo57i,movies,44.98,151,168,0.68,https://www.reddit.com/r/movies/comments/1reo57i/teens_are_over_superheroes_want_to_see_more/
2026-02-25T20:47:39+00:00,1reo201,movies,48.0,3,0,1.0,https://www.reddit.com/r/movies/comments/1reo201/jonathan_levine_to_direct_grady_hendrix/
2026-02-25T20:47:39+00:00,1renw1l,movies,54.08,50,18,0.88,https://www.reddit.com/r/movies/comments/1renw1l/unleashed_2005_danny_fight_1_vs_4_in_the_pool/
2026-02-25T20:47:39+00:00,1rentrq,movies,56.28,0,5,0.35,https://www.reddit.com/r/movies/comments/1rentrq/subtle_little_morbid_detail_in_frankenstein_2025/
2026-02-25T20:47:39+00:00,1renj4s,movies,66.93,0,4,0.4,https://www.reddit.com/r/movies/comments/1renj4s/marc_platt_produced_movies/
2026-02-25T20:47:39+00:00,1ren2wf,movies,83.18,0,26,0.49,https://www.reddit.com/r/movies/comments/1ren2wf/why_the_prestige_2006_still_deserves_more/
2026-02-25T20:47:39+00:00,1ren1hv,movies,84.57,414,142,0.9,https://www.reddit.com/r/movies/comments/1ren1hv/i_think_the_fifth_element_is_a_perfect_movie_and/
2026-02-25T20:47:39+00:00,1remrzo,movies,93.62,2,0,0.67,https://www.reddit.com/r/movies/comments/1remrzo/new_york_international_childrens_film_festival/
2026-02-25T20:47:39+00:00,1rempc5,movies,96.17,5,75,0.59,https://www.reddit.com/r/movies/comments/1rempc5/movies_that_are_way_better_on_the_big_screen/
2026-02-25T20:47:39+00:00,1remcor,movies,108.17,15,4,0.8,https://www.reddit.com/r/movies/comments/1remcor/david_f_sandberg_to_direct_horror_film_a_little/
2026-02-25T20:47:39+00:00,1rembk6,movies,109.3,0,0,0.43,https://www.reddit.com/r/movies/comments/1rembk6/crosspost_were_the_production_team_behind/
2026-02-25T20:47:39+00:00,1rem646,movies,114.67,4,2,0.83,https://www.reddit.com/r/movies/comments/1rem646/emily_carey_martin_freeman_sam_spruell_to_star_in/
2026-02-25T20:47:39+00:00,1rem0rb,movies,119.53,1,1,0.53,https://www.reddit.com/r/movies/comments/1rem0rb/bluff_and_extraction_2_cinematographer_is_annoying/
2026-02-25T20:47:39+00:00,1rekxx7,movies,156.62,19,44,0.78,https://www.reddit.com/r/movies/comments/1rekxx7/the_one/
2026-02-25T20:47:39+00:00,1rekoip,movies,165.38,1221,386,0.95,https://www.reddit.com/r/movies/comments/1rekoip/mortal_kombat_ii_official_trailer_ii/
2026-02-25T20:47:39+00:00,1rekmts,movies,166.88,1226,222,0.94,https://www.reddit.com/r/movies/comments/1rekmts/new_poster_for_mortal_kombat_ii/
2026-02-25T20:47:39+00:00,1rekknw,movies,168.82,0,14,0.25,https://www.reddit.com/r/movies/comments/1rekknw/which_films_in_your_opinion_are_excellent_but/
2026-02-25T20:47:39+00:00,1rejvh4,movies,192.72,0,22,0.44,https://www.reddit.com/r/movies/comments/1rejvh4/1_give_me_your_favorite_actiondrama_film_of_all/
2026-02-25T20:47:39+00:00,1rejn79,movies,200.48,14,4,0.75,https://www.reddit.com/r/movies/comments/1rejn79/new_luther_movie_casts_stephen_dillane_anya/
2026-02-25T20:47:39+00:00,1rejaio,movies,212.55,0,30,0.4,https://www.reddit.com/r/movies/comments/1rejaio/what_are_the_best_javier_bardem_movies/
2026-02-25T20:47:39+00:00,1reja5y,movies,212.92,0,14,0.5,https://www.reddit.com/r/movies/comments/1reja5y/favorite_animated_films_from_these_famous_studios/
2026-02-25T20:47:39+00:00,1rej5kk,movies,217.37,753,264,0.89,https://www.reddit.com/r/movies/comments/1rej5kk/the_fall_and_rise_of_scream_7_a_fired_star_a_500k/
2026-02-25T20:47:39+00:00,1rep64c,memes,7.48,1,0,1.0,https://www.reddit.com/r/memes/comments/1rep64c/time_to_hit_the_road/
2026-02-25T20:47:39+00:00,1rep4wk,memes,8.72,1,0,1.0,https://www.reddit.com/r/memes/comments/1rep4wk/cowabummer_dude/
2026-02-25T20:47:39+00:00,1reowrt,memes,17.17,1,0,1.0,https://www.reddit.com/r/memes/comments/1reowrt/sony_does_everything_except_what_fans_want_xd/
2026-02-25T20:47:39+00:00,1reo9bb,memes,41.0,206,89,0.81,https://www.reddit.com/r/memes/comments/1reo9bb/can_you_name/
2026-02-25T20:47:39+00:00,1reo2ua,memes,47.18,13,3,0.93,https://www.reddit.com/r/memes/comments/1reo2ua/it_really_do_be_like_that/
2026-02-25T20:47:39+00:00,1renmyl,memes,63.08,14,5,0.85,https://www.reddit.com/r/memes/comments/1renmyl/now_were_free_fallin/
2026-02-25T20:47:39+00:00,1renlyb,memes,64.12,0,0,0.37,https://www.reddit.com/r/memes/comments/1renlyb/tshirt_gets_amazed_by_womans_bread/
2026-02-25T20:47:39+00:00,1renitf,memes,67.27,5,2,0.78,https://www.reddit.com/r/memes/comments/1renitf/why_are_cats_like_this/
2026-02-25T20:47:39+00:00,1rene4r,memes,71.98,8,5,0.7,https://www.reddit.com/r/memes/comments/1rene4r/man_i_am_so_sick_of_february/
2026-02-25T20:47:39+00:00,1ren8r6,memes,77.43,10,5,0.63,https://www.reddit.com/r/memes/comments/1ren8r6/pov_breaking_a_bone/
2026-02-25T20:47:39+00:00,1ren5dx,memes,80.7,9,3,0.92,https://www.reddit.com/r/memes/comments/1ren5dx/youtube_is_ran_by_morons/
2026-02-25T20:47:39+00:00,1ren2qg,memes,83.33,1,2,0.6,https://www.reddit.com/r/memes/comments/1ren2qg/run_for_you_lives/
2026-02-25T20:47:39+00:00,1ren01a,memes,86.05,9,3,0.71,https://www.reddit.com/r/memes/comments/1ren01a/i_think_humanity_might_have_already_lost_any/
2026-02-25T20:47:39+00:00,1remsr5,memes,92.92,1,3,0.56,https://www.reddit.com/r/memes/comments/1remsr5/ok_boomers/
2026-02-25T20:47:39+00:00,1rempt4,memes,95.73,44,13,0.77,https://www.reddit.com/r/memes/comments/1rempt4/omelet_du_frommage/
2026-02-25T20:47:39+00:00,1rem98q,memes,111.62,81,20,0.87,https://www.reddit.com/r/memes/comments/1rem98q/universal_guide_for_buying_anything_in_todays/
2026-02-25T20:47:39+00:00,1rem7us,memes,113.07,40,4,1.0,https://www.reddit.com/r/memes/comments/1rem7us/alchemy_is_truly_alive_and_well/
2026-02-25T20:47:39+00:00,1rem6zf,memes,113.88,6,5,0.88,https://www.reddit.com/r/memes/comments/1rem6zf/who_knew_as_an_adult_that_my_biggest_op_would_be/
2026-02-25T20:47:39+00:00,1rem3db,memes,117.15,17,0,0.91,https://www.reddit.com/r/memes/comments/1rem3db/you_have_her_eyes/
2026-02-25T20:47:39+00:00,1rem3c7,memes,117.18,5,3,0.73,https://www.reddit.com/r/memes/comments/1rem3c7/damn_bro/
2026-02-25T20:47:39+00:00,1relwl0,memes,123.52,7,2,0.9,https://www.reddit.com/r/memes/comments/1relwl0/suffering_from_severe_intellectualitythey_say/
2026-02-25T20:47:39+00:00,1rels49,memes,127.9,651,28,0.96,https://www.reddit.com/r/memes/comments/1rels49/this_design/
2026-02-25T20:47:39+00:00,1relhnk,memes,138.0,2,0,0.76,https://www.reddit.com/r/memes/comments/1relhnk/classic_faces/
2026-02-25T20:47:39+00:00,1reldd4,memes,142.15,0,0,0.2,https://www.reddit.com/r/memes/comments/1reldd4/rather_sad/
2026-02-25T20:47:39+00:00,1reldb2,memes,142.22,0,10,0.38,https://www.reddit.com/r/memes/comments/1reldb2/they_were_deported/
2026-02-25T20:47:39+00:00,1reog03,science,34.22,48,8,0.98,https://www.reddit.com/r/science/comments/1reog03/a_recent_article_that_reviewed_evidence_from_29/
2026-02-25T20:47:39+00:00,1reofrc,science,34.47,17,5,0.87,https://www.reddit.com/r/science/comments/1reofrc/ayahuasca_psychedelic_dmt_shows_promise_as/
2026-02-25T20:47:39+00:00,1renz6m,science,50.9,22,5,0.89,https://www.reddit.com/r/science/comments/1renz6m/urine_tests_confirm_alcohol_consumption_in_wild/
2026-02-25T20:47:39+00:00,1rens2z,science,57.92,3,1,0.71,https://www.reddit.com/r/science/comments/1rens2z/programmable_integrated_quantum_photonics_nature/
2026-02-25T20:47:39+00:00,1renkzo,science,65.08,293,6,0.98,https://www.reddit.com/r/science/comments/1renkzo/neurosurgeons_are_really_good_at_removing_brain/
2026-02-25T20:47:39+00:00,1renjmz,science,66.45,7,4,0.82,https://www.reddit.com/r/science/comments/1renjmz/climate_change_could_threaten_monarch_mass/
2026-02-25T20:47:39+00:00,1renen4,science,71.45,54,3,0.9,https://www.reddit.com/r/science/comments/1renen4/almost_1in3_american_adolescents_has_diabetes_or/
2026-02-25T20:47:39+00:00,1relr7t,science,128.77,61,17,0.88,https://www.reddit.com/r/science/comments/1relr7t/sperm_swim_more_quickly_in_summer_study_finds/
2026-02-25T20:47:39+00:00,1rekgig,science,172.95,89,26,0.78,https://www.reddit.com/r/science/comments/1rekgig/higher_intakes_of_total_processed_and_unprocessed/
2026-02-25T20:47:39+00:00,1reimyn,science,235.1,604,68,0.97,https://www.reddit.com/r/science/comments/1reimyn/a_new_projection_study_estimates_that_nearly_a/
2026-02-25T20:47:39+00:00,1reimnd,science,235.38,242,15,0.96,https://www.reddit.com/r/science/comments/1reimnd/chinese_scientists_successfully_built_an_aqueous/
2026-02-25T20:47:39+00:00,1reilak,science,236.78,6,3,0.67,https://www.reddit.com/r/science/comments/1reilak/mystery_of_snowmanshaped_space_objects_cracked/
2026-02-25T20:47:39+00:00,1reid5d,science,244.87,65,5,0.97,https://www.reddit.com/r/science/comments/1reid5d/researchers_identified_the_key_proteins_that/
2026-02-25T20:47:39+00:00,1reibze,science,246.05,0,1,0.46,https://www.reddit.com/r/science/comments/1reibze/the_surprising_complexity_behind_the_squeak_of/
2026-02-25T20:47:39+00:00,1rehw57,science,261.6,171,51,0.87,https://www.reddit.com/r/science/comments/1rehw57/the_loud_squeaks_of_shoes_on_a_basketball_court/
2026-02-25T20:47:39+00:00,1regue3,science,298.52,17,2,0.81,https://www.reddit.com/r/science/comments/1regue3/bug_beats_caterpillars_use_complex_rhythms_to/
2026-02-25T20:47:39+00:00,1recla0,science,465.9,8452,594,0.94,https://www.reddit.com/r/science/comments/1recla0/early_physical_attractiveness_predicts_a_more/
2026-02-25T20:47:39+00:00,1reb8c0,science,531.88,441,5,1.0,https://www.reddit.com/r/science/comments/1reb8c0/bacterial_pathogens_such_as_hospital_bacteria/
2026-02-25T20:47:39+00:00,1re9csh,science,638.33,68,3,0.94,https://www.reddit.com/r/science/comments/1re9csh/loss_of_ctlh_component_maea_impairs_dna_repair/
2026-02-25T20:47:39+00:00,1re72o2,science,778.28,1073,28,0.97,https://www.reddit.com/r/science/comments/1re72o2/a_nutritional_analysis_of_over_600_us_infant_and/
2026-02-25T20:47:39+00:00,1re6x1p,science,787.73,91,2,0.87,https://www.reddit.com/r/science/comments/1re6x1p/slovenias_2025_guidelines_adopt_a_plantbased/
2026-02-25T20:47:39+00:00,1re6uwy,science,791.38,64,3,0.87,https://www.reddit.com/r/science/comments/1re6uwy/eus_riskbased_approach_to_listeria_monocytogenes/
2026-02-25T20:47:39+00:00,1re6kxa,science,808.28,87,9,0.94,https://www.reddit.com/r/science/comments/1re6kxa/a_new_study_reveals_that_positive_intergroup/
2026-02-25T20:47:39+00:00,1re0pf2,science,1101.92,4582,211,0.98,https://www.reddit.com/r/science/comments/1re0pf2/bilingual_brains_use_one_shared_meaning_system/
2026-02-25T20:47:39+00:00,1rduxbn,science,1340.98,131,11,0.93,https://www.reddit.com/r/science/comments/1rduxbn/training_large_language_models_on_narrow_tasks/
2026-02-25T20:48:42+00:00,1rep8pa,AskReddit,5.87,4,7,1.0,https://www.reddit.com/r/AskReddit/comments/1rep8pa/you_are_given_1000000_but_you_have_to_live_inside/
2026-02-25T20:48:42+00:00,1rep8j2,AskReddit,6.03,1,3,1.0,https://www.reddit.com/r/AskReddit/comments/1rep8j2/what_degree_in_your_opinion_is_the_most_useful/
2026-02-25T20:48:42+00:00,1rep8hr,AskReddit,6.08,1,1,1.0,https://www.reddit.com/r/AskReddit/comments/1rep8hr/whats_your_favourite_pokemon/
2026-02-25T20:48:42+00:00,1rep8bn,AskReddit,6.25,0,2,0.5,https://www.reddit.com/r/AskReddit/comments/1rep8bn/whats_your_favourite_song/
2026-02-25T20:48:42+00:00,1rep8t9,aww,5.75,3,0,1.0,https://www.reddit.com/r/aww/comments/1rep8t9/i_accidentally_opened_the_front_camera_and_this/
2026-02-25T20:48:42+00:00,1rep96e,memes,5.35,0,2,0.4,https://www.reddit.com/r/memes/comments/1rep96e/yall_rate_my_meme_potential/
2026-02-25T20:48:42+00:00,1rep8s7,memes,5.77,4,2,1.0,https://www.reddit.com/r/memes/comments/1rep8s7/weve_all_been_there/
2026-02-25T20:49:41+00:00,1repa2w,AskReddit,5.4,2,3,1.0,https://www.reddit.com/r/AskReddit/comments/1repa2w/what_are_some_random_facts_not_many_people_know_of/
2026-02-25T20:49:41+00:00,1repa1r,AskReddit,5.43,0,5,0.33,https://www.reddit.com/r/AskReddit/comments/1repa1r/with_how_unpopular_lgbtq_policies_are_should/
2026-02-25T20:49:41+00:00,1rep9z2,AskReddit,5.5,2,1,1.0,https://www.reddit.com/r/AskReddit/comments/1rep9z2/what_is_the_craziest_thing_youve_overheard/
2026-02-25T20:49:41+00:00,1rep9nv,AskReddit,5.82,1,1,1.0,https://www.reddit.com/r/AskReddit/comments/1rep9nv/how_much_do_you_think_the_decreasing_optimism/
2026-02-25T20:49:41+00:00,1rep989,AskReddit,6.27,4,8,1.0,https://www.reddit.com/r/AskReddit/comments/1rep989/whats_a_single_sentence_someone_said_that_youve/
2026-02-25T20:49:41+00:00,1rep9yo,aww,5.52,5,0,1.0,https://www.reddit.com/r/aww/comments/1rep9yo/emma_the_bear/
2026-02-25T20:49:41+00:00,1rep9nt,memes,5.82,3,0,1.0,https://www.reddit.com/r/memes/comments/1rep9nt/decisions_decisions/
2026-02-25T20:50:41+00:00,1repar4,AskReddit,5.65,2,11,1.0,https://www.reddit.com/r/AskReddit/comments/1repar4/what_is_the_name_of_your_cat/
2026-02-25T20:50:41+00:00,1repaps,AskReddit,5.7,1,1,1.0,https://www.reddit.com/r/AskReddit/comments/1repaps/what_scifitv_show_has_the_most_alienlike/
2026-02-25T20:50:41+00:00,1recian,worldnews,472.5,180,47,0.88,https://www.reddit.com/r/worldnews/comments/1recian/russians_use_light_armored_vehicles_to_attack/
2026-02-25T20:51:36+00:00,1repc2p,AskReddit,5.22,1,2,1.0,https://www.reddit.com/r/AskReddit/comments/1repc2p/what_if_there_was_no_judgement_or_punishment/
2026-02-25T20:51:36+00:00,1repc07,AskReddit,5.28,1,2,1.0,https://www.reddit.com/r/AskReddit/comments/1repc07/what_is_the_most_annoying_thing/
2026-02-25T20:51:36+00:00,1repbu9,AskReddit,5.45,1,2,1.0,https://www.reddit.com/r/AskReddit/comments/1repbu9/26_yo_leaving_corporate_what_are_some_tipsadvice/
2026-02-25T20:51:36+00:00,1repbsq,AskReddit,5.48,1,0,1.0,https://www.reddit.com/r/AskReddit/comments/1repbsq/where_did_reddit_move_gold_to_on_android_app/
2026-02-25T20:51:36+00:00,1repbs0,AskReddit,5.52,1,0,1.0,https://www.reddit.com/r/AskReddit/comments/1repbs0/what_was_the_worst_thing_that_happened_to_you_and/
2026-02-25T20:51:36+00:00,1repbim,AskReddit,5.78,0,2,0.5,https://www.reddit.com/r/AskReddit/comments/1repbim/men_if_your_gf_wanted_you_to_not_masturbate/
2026-02-25T20:52:36+00:00,1repcz3,AskReddit,5.3,2,8,0.75,https://www.reddit.com/r/AskReddit/comments/1repcz3/how_do_u_deal_with_overthinking_about_some_one/
2026-02-25T20:52:36+00:00,1repcpj,AskReddit,5.58,3,6,1.0,https://www.reddit.com/r/AskReddit/comments/1repcpj/what_are_the_small_signs_that_make_you_realize_a/
2026-02-25T20:52:36+00:00,1repcfx,AskReddit,5.85,4,1,1.0,https://www.reddit.com/r/AskReddit/comments/1repcfx/how_can_one_increase_the_karma/
2026-02-25T20:52:36+00:00,1repccn,AskReddit,5.93,1,7,0.67,https://www.reddit.com/r/AskReddit/comments/1repccn/whats_the_secret_to_lasting_long_during_sex/
2026-02-25T20:52:36+00:00,1repd1j,worldnews,5.25,9,1,1.0,https://www.reddit.com/r/worldnews/comments/1repd1j/us_to_allow_resale_of_venezuelan_oil_to_cuba/
2026-02-25T20:52:36+00:00,1reizy9,movies,227.52,4,6,0.56,https://www.reddit.com/r/movies/comments/1reizy9/pretty_lethal_official_trailer_prime_video/
2026-02-25T20:53:40+00:00,1repdqt,AskReddit,5.55,1,4,1.0,https://www.reddit.com/r/AskReddit/comments/1repdqt/what_changed_your_personality_forever/
2026-02-25T20:53:40+00:00,1repdjc,AskReddit,5.77,1,0,1.0,https://www.reddit.com/r/AskReddit/comments/1repdjc/re_hazardous_history_w_henry_wrinkler_what_things/
2026-02-25T20:53:40+00:00,1repdk6,worldnews,5.73,0,0,0.5,https://www.reddit.com/r/worldnews/comments/1repdk6/aramco_halts_juaymah_lpg_exports_for_weeks_after/
2026-02-25T20:54:41+00:00,1repeol,AskReddit,5.67,0,2,0.5,https://www.reddit.com/r/AskReddit/comments/1repeol/whats_the_strangest_or_most_embarrassing_thing/
2026-02-25T20:54:41+00:00,1repek9,AskReddit,5.75,0,4,0.25,https://www.reddit.com/r/AskReddit/comments/1repek9/redditors_who_walked_in_on_your_parents_while/
2026-02-25T20:55:41+00:00,1re7xtj,funny,732.7,158,21,0.86,https://www.reddit.com/r/funny/comments/1re7xtj/risk_management/
2026-02-25T20:55:41+00:00,1repfps,AskReddit,5.63,1,2,1.0,https://www.reddit.com/r/AskReddit/comments/1repfps/if_your_thoughts_made_sound_effects_what_noises/
2026-02-25T20:55:41+00:00,1repfjq,AskReddit,5.8,1,0,1.0,https://www.reddit.com/r/AskReddit/comments/1repfjq/what_your_worstbest_experience_with_online_friends/
2026-02-25T20:55:41+00:00,1repfh5,AskReddit,5.88,3,2,1.0,https://www.reddit.com/r/AskReddit/comments/1repfh5/whats_a_trend_that_needs_to_disappear_already/
2026-02-25T20:55:41+00:00,1repf6w,AskReddit,6.15,1,0,1.0,https://www.reddit.com/r/AskReddit/comments/1repf6w/if_you_had_to_name_a_pokemon_after_yourself_what/
2026-02-25T20:55:41+00:00,1repf6e,memes,6.17,2,2,1.0,https://www.reddit.com/r/memes/comments/1repf6e/where_dreams_go_to_die/
2026-02-25T20:55:41+00:00,1rdurd3,science,1355.22,1522,72,0.93,https://www.reddit.com/r/science/comments/1rdurd3/in_the_us_2020_and_2021_were_marked_by_two_events/
2026-02-25T20:56:41+00:00,1repgwl,AskReddit,5.4,2,1,1.0,https://www.reddit.com/r/AskReddit/comments/1repgwl/what_jobs_should_exist_but_dont/
2026-02-25T20:56:41+00:00,1repgrq,AskReddit,5.53,1,2,0.67,https://www.reddit.com/r/AskReddit/comments/1repgrq/has_your_partner_ever_emotionally_cheated_on_you/
2026-02-25T20:56:41+00:00,1repg5z,AskReddit,6.18,3,8,1.0,https://www.reddit.com/r/AskReddit/comments/1repg5z/what_was_the_last_emoji_you_used/
2026-02-25T20:56:41+00:00,1repg3i,AskReddit,6.23,2,2,1.0,https://www.reddit.com/r/AskReddit/comments/1repg3i/what_social_norm_actually_harms_people_more_than/
2026-02-25T20:56:41+00:00,1repghl,Music,5.83,0,2,0.5,https://www.reddit.com/r/Music/comments/1repghl/sum_41_fatlip_punk/
2026-02-25T20:56:41+00:00,1repgpo,science,5.58,7,2,1.0,https://www.reddit.com/r/science/comments/1repgpo/toxic_waste_from_screens_ends_up_in_endangered/
2026-02-25T20:57:36+00:00,1reodm9,funny,46.6,94,14,0.97,https://www.reddit.com/r/funny/comments/1reodm9/the_town_of_mexico_missouri_was_named_after/
2026-02-25T20:57:36+00:00,1rep5cj,AskReddit,18.22,0,0,0.5,https://www.reddit.com/r/AskReddit/comments/1rep5cj/now_that_millions_of_documents_related_to_the/
2026-02-25T20:57:36+00:00,1rep23z,AskReddit,21.68,1,6,1.0,https://www.reddit.com/r/AskReddit/comments/1rep23z/how_would_you_feel_finding_out_that_you_are_your/
2026-02-25T20:57:36+00:00,1rep1yc,AskReddit,21.83,1,1,1.0,https://www.reddit.com/r/AskReddit/comments/1rep1yc/how_did_you_know_or_realize_a_friend_was_going_to/
2026-02-25T20:57:36+00:00,1reok9f,Music,39.95,4,0,1.0,https://www.reddit.com/r/Music/comments/1reok9f/alan_parsons_project_sirius_eye_in_the_sky_rock/
2026-02-25T20:57:36+00:00,1reohna,Music,42.53,0,0,0.25,https://www.reddit.com/r/Music/comments/1reohna/has_anyone_heard_of_underground_starz_curious/
2026-02-25T20:57:36+00:00,1reoz1j,aww,24.8,16,1,1.0,https://www.reddit.com/r/aww/comments/1reoz1j/we_found_this_little_baby_about_a_month_and_a/
2026-02-25T20:57:36+00:00,1reodl7,aww,46.63,17,0,0.96,https://www.reddit.com/r/aww/comments/1reodl7/sleepy_kitties_in_the_window_of_the_local_thai/
2026-02-25T20:57:36+00:00,1reo201,movies,57.95,3,0,1.0,https://www.reddit.com/r/movies/comments/1reo201/jonathan_levine_to_direct_grady_hendrix/
2026-02-25T20:57:36+00:00,1reo9bb,memes,50.95,332,123,0.85,https://www.reddit.com/r/memes/comments/1reo9bb/can_you_name/
2026-02-25T20:57:36+00:00,1rep724,AskReddit,16.48,3,11,1.0,https://www.reddit.com/r/AskReddit/comments/1rep724/whats_the_most_unprofessional_thing_youve_seen_at/
2026-02-25T20:57:36+00:00,1rep4nz,AskReddit,18.92,2,2,0.75,https://www.reddit.com/r/AskReddit/comments/1rep4nz/hows_it_feel_to_know_the_attitude_changed_since/
2026-02-25T20:57:36+00:00,1rep3e4,AskReddit,20.3,1,6,0.67,https://www.reddit.com/r/AskReddit/comments/1rep3e4/whats_something_people_either_do_or_dont_do_that/
2026-02-25T20:57:36+00:00,1rep1rd,AskReddit,22.03,1,9,0.67,https://www.reddit.com/r/AskReddit/comments/1rep1rd/what_would_you_do_if_you_had_a_time_machine/
2026-02-25T20:57:36+00:00,1reoj3r,worldnews,41.08,14,1,0.77,https://www.reddit.com/r/worldnews/comments/1reoj3r/métis_leaders_unveil_1920s_model_dog_sled/
2026-02-25T20:57:36+00:00,1reonfc,aww,36.72,301,61,0.98,https://www.reddit.com/r/aww/comments/1reonfc/he_may_look_serious_but_hes_a_total_sweetheart/
2026-02-25T20:57:36+00:00,1rep4wk,memes,18.67,0,0,0.5,https://www.reddit.com/r/memes/comments/1rep4wk/cowabummer_dude/
2026-02-25T20:57:36+00:00,1rep44n,AskReddit,19.5,1,1,1.0,https://www.reddit.com/r/AskReddit/comments/1rep44n/what_was_the_single_greatest_moment_of_sheer/
2026-02-25T20:57:36+00:00,1rep3ns,AskReddit,20.02,1,5,0.67,https://www.reddit.com/r/AskReddit/comments/1rep3ns/whats_something_people_think_is_illegal_that/
2026-02-25T20:57:36+00:00,1rep2aa,AskReddit,21.5,3,5,1.0,https://www.reddit.com/r/AskReddit/comments/1rep2aa/hows_it_feel_being_in_love_with_someone_that_is/
2026-02-25T20:57:36+00:00,1rep1bf,AskReddit,22.5,1,7,0.67,https://www.reddit.com/r/AskReddit/comments/1rep1bf/at_the_height_of_their_fame_who_got_more_action/
2026-02-25T20:57:36+00:00,1reo7be,Music,52.88,31,1,0.95,https://www.reddit.com/r/Music/comments/1reo7be/oliver_power_grant_a_founding_member_of_wutang/
2026-02-25T20:57:36+00:00,1rens4g,Music,67.83,1,0,1.0,https://www.reddit.com/r/Music/comments/1rens4g/audio_gather_me_luz_ysabelle_cuevas_pop/
2026-02-25T20:57:41+00:00,1reoraf,funny,32.95,36,9,0.78,https://www.reddit.com/r/funny/comments/1reoraf/these_are_notoriously_difficult_to_figure_out/
2026-02-25T20:57:41+00:00,1reo3e1,aww,56.77,8,0,0.91,https://www.reddit.com/r/aww/comments/1reo3e1/wanted_to_share_her/
2026-02-25T20:57:41+00:00,1reoe52,movies,46.13,2,0,0.67,https://www.reddit.com/r/movies/comments/1reoe52/before_the_godfather_the_real_meeting_at_castello/
2026-02-25T20:57:41+00:00,1renw1l,movies,64.12,57,23,0.88,https://www.reddit.com/r/movies/comments/1renw1l/unleashed_2005_danny_fight_1_vs_4_in_the_pool/
2026-02-25T20:57:41+00:00,1reofrc,science,44.5,16,5,0.84,https://www.reddit.com/r/science/comments/1reofrc/ayahuasca_psychedelic_dmt_shows_promise_as/
2026-02-25T20:57:41+00:00,1renz6m,science,60.93,33,7,0.92,https://www.reddit.com/r/science/comments/1renz6m/urine_tests_confirm_alcohol_consumption_in_wild/
2026-02-25T20:57:41+00:00,1rens2z,science,67.95,3,1,0.71,https://www.reddit.com/r/science/comments/1rens2z/programmable_integrated_quantum_photonics_nature/
2026-02-25T20:57:41+00:00,1rep6ke,AskReddit,17.05,2,3,1.0,https://www.reddit.com/r/AskReddit/comments/1rep6ke/how_can_you_tell_the_difference_between_loving_a/
2026-02-25T20:57:41+00:00,1rep5su,AskReddit,17.83,1,4,1.0,https://www.reddit.com/r/AskReddit/comments/1rep5su/if_you_could_be_completely_invisible_for_one_hour/
2026-02-25T20:57:41+00:00,1rep5n4,AskReddit,17.98,1,1,1.0,https://www.reddit.com/r/AskReddit/comments/1rep5n4/how_was_the_andrew_leaving_the_police_station_pic/
2026-02-25T20:57:41+00:00,1rep2sm,gaming,21.02,0,12,0.22,https://www.reddit.com/r/gaming/comments/1rep2sm/anyone_knows_any_simple_and_free_aim_trainers/
2026-02-25T20:57:41+00:00,1reoy09,Music,25.92,0,17,0.33,https://www.reddit.com/r/Music/comments/1reoy09/i_know_this_was_prolly_posted_several_times_but/
2026-02-25T20:57:41+00:00,1reoh7g,Music,43.05,0,0,0.33,https://www.reddit.com/r/Music/comments/1reoh7g/has_anyone_heard_of_underground_starz_curious/
2026-02-25T20:57:41+00:00,1reo2ua,memes,57.22,18,3,0.95,https://www.reddit.com/r/memes/comments/1reo2ua/it_really_do_be_like_that/
2026-02-25T20:57:41+00:00,1rep6r5,AskReddit,16.88,9,30,1.0,https://www.reddit.com/r/AskReddit/comments/1rep6r5/whats_something_society_treats_as_embarrassing/
2026-02-25T20:57:41+00:00,1rep6a5,AskReddit,17.33,1,1,1.0,https://www.reddit.com/r/AskReddit/comments/1rep6a5/which_scifi_movietv_show_clothes_better_fit_your/
2026-02-25T20:57:41+00:00,1rep20b,AskReddit,21.87,1,5,0.67,https://www.reddit.com/r/AskReddit/comments/1rep20b/whos_a_cringy_content_creator/
2026-02-25T20:57:41+00:00,1rep1ar,AskReddit,22.6,3,2,1.0,https://www.reddit.com/r/AskReddit/comments/1rep1ar/why_did_reddit_just_release_the_worst_app_update/
2026-02-25T20:57:41+00:00,1rep803,AskReddit,15.57,2,2,0.75,https://www.reddit.com/r/AskReddit/comments/1rep803/how_do_you_handle_a_breakup/
2026-02-25T20:57:41+00:00,1rep7qs,AskReddit,15.83,1,4,0.67,https://www.reddit.com/r/AskReddit/comments/1rep7qs/how_do_you_feel_about_the_government_having_your/
2026-02-25T20:57:41+00:00,1rep7h8,AskReddit,16.13,19,9,0.82,https://www.reddit.com/r/AskReddit/comments/1rep7h8/if_you_have_only_fans_how_do_you_deal_with_the/
2026-02-25T20:57:41+00:00,1rep57u,AskReddit,18.42,3,11,0.8,https://www.reddit.com/r/AskReddit/comments/1rep57u/whats_yalls_favorite_video_game/
2026-02-25T20:57:41+00:00,1reoalh,aww,49.68,11,0,1.0,https://www.reddit.com/r/aww/comments/1reoalh/eevee_used_rest_its_super_effective/
2026-02-25T20:57:41+00:00,1rep2cj,AskReddit,21.52,0,14,0.33,https://www.reddit.com/r/AskReddit/comments/1rep2cj/how_do_you_guys_feel_about_cash_patel/
2026-02-25T20:57:41+00:00,1reoqkf,Music,33.73,0,2,0.5,https://www.reddit.com/r/Music/comments/1reoqkf/how_do_i_find_d_a_song_that_seems_to_be_wiped/
2026-02-25T20:57:41+00:00,1rephww,AskReddit,5.33,0,2,0.5,https://www.reddit.com/r/AskReddit/comments/1rephww/what_is_the_kindest_thing_a_stranger_has_ever/
2026-02-25T20:57:41+00:00,1rephvn,AskReddit,5.35,1,4,1.0,https://www.reddit.com/r/AskReddit/comments/1rephvn/what_went_wrong_with_katherine_short_why_was_she/
2026-02-25T20:57:41+00:00,1rephtz,AskReddit,5.4,0,1,0.5,https://www.reddit.com/r/AskReddit/comments/1rephtz/what_youtubercelebrity_fell_off_for_no_reason/
2026-02-25T20:57:41+00:00,1rephjf,AskReddit,5.72,1,3,0.67,https://www.reddit.com/r/AskReddit/comments/1rephjf/whats_something_your_partner_did_in_bed_that/
2026-02-25T20:57:41+00:00,1rephcl,AskReddit,5.92,1,1,1.0,https://www.reddit.com/r/AskReddit/comments/1rephcl/hows_life_been_for_you_since_the_breakup/
2026-02-25T20:57:41+00:00,1reph7t,AskReddit,6.07,1,4,1.0,https://www.reddit.com/r/AskReddit/comments/1reph7t/what_is_the_worst_state/
2026-02-25T20:57:41+00:00,1reph52,AskReddit,6.17,1,4,1.0,https://www.reddit.com/r/AskReddit/comments/1reph52/you_are_given_1_million_but_you_have_to_spend_it/
2026-02-25T20:57:46+00:00,1reofzh,aww,44.33,28,14,0.98,https://www.reddit.com/r/aww/comments/1reofzh/he_loves_the_water_and_never_misses_a_walk/
2026-02-25T20:57:46+00:00,1renwnl,aww,63.63,16,2,0.95,https://www.reddit.com/r/aww/comments/1renwnl/thanks_for_flowers_papa_i_will_eat_them_later/
2026-02-25T20:57:46+00:00,1reovk9,movies,28.53,3,1,0.8,https://www.reddit.com/r/movies/comments/1reovk9/i_created_a_website_where_you_can_enter_two/
2026-02-25T20:57:46+00:00,1reo57i,movies,55.1,304,220,0.73,https://www.reddit.com/r/movies/comments/1reo57i/teens_are_over_superheroes_want_to_see_more/
2026-02-25T20:57:46+00:00,1rep64c,memes,17.6,2,0,1.0,https://www.reddit.com/r/memes/comments/1rep64c/time_to_hit_the_road/
2026-02-25T20:57:46+00:00,1rep6uj,AskReddit,16.88,0,0,0.33,https://www.reddit.com/r/AskReddit/comments/1rep6uj/what_is_your_most_nsfw_confession/
2026-02-25T20:57:46+00:00,1rep3w0,AskReddit,19.95,1,7,1.0,https://www.reddit.com/r/AskReddit/comments/1rep3w0/what_is_a_successful_life_that_actually_sounds/
2026-02-25T20:57:46+00:00,1reoxn4,Music,26.43,0,0,0.5,https://www.reddit.com/r/Music/comments/1reoxn4/scars_on_broadway_enemy_alternative_metal_2008/
2026-02-25T20:57:46+00:00,1reo8yx,movies,51.47,0,15,0.33,https://www.reddit.com/r/movies/comments/1reo8yx/baz_luhrmann_wants_an_elvis_presley_cinematic/
2026-02-25T20:57:46+00:00,1rentrq,movies,66.4,0,5,0.37,https://www.reddit.com/r/movies/comments/1rentrq/subtle_little_morbid_detail_in_frankenstein_2025/
2026-02-25T20:57:46+00:00,1reog03,science,44.33,79,9,0.99,https://www.reddit.com/r/science/comments/1reog03/a_recent_article_that_reviewed_evidence_from_29/
2026-02-25T20:57:46+00:00,1reop1t,funny,35.27,20,14,0.7,https://www.reddit.com/r/funny/comments/1reop1t/21st_century_declarations_of_love/
2026-02-25T20:57:46+00:00,1reon8p,funny,37.07,2,3,0.57,https://www.reddit.com/r/funny/comments/1reon8p/fan_toilet_oc/
2026-02-25T20:57:46+00:00,1reoftw,gaming,44.5,138,95,0.88,https://www.reddit.com/r/gaming/comments/1reoftw/loot_box_litigation_new_york_attorney_general/
2026-02-25T20:57:46+00:00,1renret,Music,68.73,1,0,1.0,https://www.reddit.com/r/Music/comments/1renret/music_history_events_jazz_albums_recorded_feb_25/
2026-02-25T20:57:46+00:00,1reowrt,memes,27.28,2,0,1.0,https://www.reddit.com/r/memes/comments/1reowrt/sony_does_everything_except_what_fans_want_xd/
2026-02-25T20:58:41+00:00,1rep8j2,AskReddit,16.02,1,3,1.0,https://www.reddit.com/r/AskReddit/comments/1rep8j2/what_degree_in_your_opinion_is_the_most_useful/
2026-02-25T20:58:41+00:00,1rep8pa,AskReddit,15.85,4,43,0.67,https://www.reddit.com/r/AskReddit/comments/1rep8pa/you_are_given_1000000_but_you_have_to_live_inside/
2026-02-25T20:58:41+00:00,1rep8s7,memes,15.75,26,6,1.0,https://www.reddit.com/r/memes/comments/1rep8s7/weve_all_been_there/
2026-02-25T20:58:41+00:00,1rep8t9,aww,15.73,2,0,0.75,https://www.reddit.com/r/aww/comments/1rep8t9/i_accidentally_opened_the_front_camera_and_this/
2026-02-25T20:58:46+00:00,1rep8hr,AskReddit,16.15,3,2,1.0,https://www.reddit.com/r/AskReddit/comments/1rep8hr/whats_your_favourite_pokemon/
2026-02-25T20:58:46+00:00,1rep8bn,AskReddit,16.32,0,3,0.5,https://www.reddit.com/r/AskReddit/comments/1rep8bn/whats_your_favourite_song/
2026-02-25T20:58:46+00:00,1rep96e,memes,15.42,6,2,0.71,https://www.reddit.com/r/memes/comments/1rep96e/yall_rate_my_meme_potential/
2026-02-25T20:58:46+00:00,1repj78,AskReddit,5.17,2,6,0.75,https://www.reddit.com/r/AskReddit/comments/1repj78/how_do_you_think_trump_will_react_when_everything/
2026-02-25T20:58:46+00:00,1repj0v,AskReddit,5.35,1,4,1.0,https://www.reddit.com/r/AskReddit/comments/1repj0v/which_hack_managed_to_boost_your_confidence_and/
2026-02-25T20:58:46+00:00,1repj0d,memes,5.37,1,0,0.67,https://www.reddit.com/r/memes/comments/1repj0d/adulting_failure/
2026-02-25T20:59:41+00:00,1rep989,AskReddit,16.27,7,15,1.0,https://www.reddit.com/r/AskReddit/comments/1rep989/whats_a_single_sentence_someone_said_that_youve/
2026-02-25T20:59:41+00:00,1rep9yo,aww,15.52,15,1,1.0,https://www.reddit.com/r/aww/comments/1rep9yo/emma_the_bear/
2026-02-25T20:59:46+00:00,1rep9nt,memes,15.9,4,0,1.0,https://www.reddit.com/r/memes/comments/1rep9nt/decisions_decisions/
2026-02-25T20:59:46+00:00,1repa2w,AskReddit,15.48,2,2,1.0,https://www.reddit.com/r/AskReddit/comments/1repa2w/what_are_some_random_facts_not_many_people_know_of/
2026-02-25T20:59:46+00:00,1repa1r,AskReddit,15.52,0,17,0.2,https://www.reddit.com/r/AskReddit/comments/1repa1r/with_how_unpopular_lgbtq_policies_are_should/
2026-02-25T20:59:46+00:00,1rep9nv,AskReddit,15.9,1,1,1.0,https://www.reddit.com/r/AskReddit/comments/1rep9nv/how_much_do_you_think_the_decreasing_optimism/
2026-02-25T20:59:46+00:00,1rep9z2,AskReddit,15.58,2,6,1.0,https://www.reddit.com/r/AskReddit/comments/1rep9z2/what_is_the_craziest_thing_youve_overheard/
2026-02-25T20:59:51+00:00,1repk4o,AskReddit,5.3,0,2,0.5,https://www.reddit.com/r/AskReddit/comments/1repk4o/how_would_you_feel_if_your_family_member/
2026-02-25T20:59:51+00:00,1repjcw,AskReddit,6.08,1,2,1.0,https://www.reddit.com/r/AskReddit/comments/1repjcw/how_would_you_give_this_owner_a_1_star_review/
2026-02-25T20:59:51+00:00,1repjcf,AskReddit,6.1,0,7,0.5,https://www.reddit.com/r/AskReddit/comments/1repjcf/what_make_a_marriage_last/
2026-02-25T20:59:51+00:00,1repjgy,Music,5.97,1,0,1.0,https://www.reddit.com/r/Music/comments/1repjgy/roger_hodgson_only_because_of_you_rock/
2026-02-25T20:59:51+00:00,1repjth,aww,5.62,4,0,1.0,https://www.reddit.com/r/aww/comments/1repjth/balloon/
2026-02-25T20:59:51+00:00,1repjtj,memes,5.62,2,0,1.0,https://www.reddit.com/r/memes/comments/1repjtj/they_probably_should_lol/
2026-02-25T21:00:41+00:00,1repar4,AskReddit,15.65,2,15,1.0,https://www.reddit.com/r/AskReddit/comments/1repar4/what_is_the_name_of_your_cat/
2026-02-25T21:00:41+00:00,1repaps,AskReddit,15.7,1,3,1.0,https://www.reddit.com/r/AskReddit/comments/1repaps/what_scifitv_show_has_the_most_alienlike/
2026-02-25T21:00:51+00:00,1repl88,AskReddit,5.23,2,3,1.0,https://www.reddit.com/r/AskReddit/comments/1repl88/whats_the_creepiest_thing_youve_ever_experienced/
2026-02-25T21:00:51+00:00,1repkei,AskReddit,6.02,0,3,0.33,https://www.reddit.com/r/AskReddit/comments/1repkei/why_do_you_think_everything_is_tied_back_to_israel/
2026-02-25T21:00:51+00:00,1repkxi,todayilearned,5.52,12,2,1.0,https://www.reddit.com/r/todayilearned/comments/1repkxi/til_while_recording_samples_for_the_mellotron_an/
2026-02-25T21:00:51+00:00,1repkiw,movies,5.9,1,1,1.0,https://www.reddit.com/r/movies/comments/1repkiw/mortal_kombat_ii_official_trailer_ii/
2026-02-25T21:01:31+00:00,1repc2p,AskReddit,15.13,0,2,0.5,https://www.reddit.com/r/AskReddit/comments/1repc2p/what_if_there_was_no_judgement_or_punishment/
2026-02-25T21:01:37+00:00,1repbu9,AskReddit,15.47,1,2,1.0,https://www.reddit.com/r/AskReddit/comments/1repbu9/26_yo_leaving_corporate_what_are_some_tipsadvice/
2026-02-25T21:01:37+00:00,1repbim,AskReddit,15.8,0,3,0.33,https://www.reddit.com/r/AskReddit/comments/1repbim/men_if_your_gf_wanted_you_to_not_masturbate/
2026-02-25T21:01:37+00:00,1repbsq,AskReddit,15.5,1,0,1.0,https://www.reddit.com/r/AskReddit/comments/1repbsq/where_did_reddit_move_gold_to_on_android_app/
2026-02-25T21:01:42+00:00,1repbs0,AskReddit,15.62,0,0,0.5,https://www.reddit.com/r/AskReddit/comments/1repbs0/what_was_the_worst_thing_that_happened_to_you_and/
2026-02-25T21:01:42+00:00,1repc07,AskReddit,15.38,0,3,0.33,https://www.reddit.com/r/AskReddit/comments/1repc07/what_is_the_most_annoying_thing/
2026-02-25T21:01:52+00:00,1replme,funny,5.85,11,6,0.92,https://www.reddit.com/r/funny/comments/1replme/comments/
2026-02-25T21:01:52+00:00,1repm6m,AskReddit,5.32,3,10,1.0,https://www.reddit.com/r/AskReddit/comments/1repm6m/what_is_the_best_compliment_you_have_ever_received/
2026-02-25T21:01:52+00:00,1repm0k,AskReddit,5.48,1,0,1.0,https://www.reddit.com/r/AskReddit/comments/1repm0k/how_do_you_deal_with_terrible_inlaws/
2026-02-25T21:01:52+00:00,1replot,AskReddit,5.78,1,1,1.0,https://www.reddit.com/r/AskReddit/comments/1replot/how_did_you_get_forced_to_incarnate_on_prison/
2026-02-25T21:01:52+00:00,1repmag,worldnews,5.2,0,0,0.25,https://www.reddit.com/r/worldnews/comments/1repmag/chaos_erupts_as_chuck_e_cheese_birthday_party/
2026-02-25T21:02:32+00:00,1repd1j,worldnews,15.18,32,7,0.9,https://www.reddit.com/r/worldnews/comments/1repd1j/us_to_allow_resale_of_venezuelan_oil_to_cuba/
2026-02-25T21:02:32+00:00,1repcz3,AskReddit,15.23,3,11,0.8,https://www.reddit.com/r/AskReddit/comments/1repcz3/how_do_u_deal_with_overthinking_about_some_one/
2026-02-25T21:02:37+00:00,1repcpj,AskReddit,15.6,3,6,1.0,https://www.reddit.com/r/AskReddit/comments/1repcpj/what_are_the_small_signs_that_make_you_realize_a/
2026-02-25T21:02:37+00:00,1repcfx,AskReddit,15.87,4,3,0.83,https://www.reddit.com/r/AskReddit/comments/1repcfx/how_can_one_increase_the_karma/
2026-02-25T21:02:42+00:00,1repccn,AskReddit,16.03,1,11,0.6,https://www.reddit.com/r/AskReddit/comments/1repccn/whats_the_secret_to_lasting_long_during_sex/
2026-02-25T21:02:52+00:00,1repn90,AskReddit,5.23,0,6,0.5,https://www.reddit.com/r/AskReddit/comments/1repn90/what_jobs_require_little_work_allow_for/
2026-02-25T21:02:52+00:00,1repn37,AskReddit,5.4,0,2,0.5,https://www.reddit.com/r/AskReddit/comments/1repn37/if_you_could_change_your_name_what_would_you_want/
2026-02-25T21:02:52+00:00,1repn1v,AskReddit,5.43,0,4,0.33,https://www.reddit.com/r/AskReddit/comments/1repn1v/what_according_to_you_is_the_right_age_for/
2026-02-25T21:02:52+00:00,1repmzw,todayilearned,5.48,5,2,1.0,https://www.reddit.com/r/todayilearned/comments/1repmzw/til_jim_hanks_tom_hanks_brother_voices_woody_for/
2026-02-25T21:03:42+00:00,1repdqt,AskReddit,15.58,2,5,1.0,https://www.reddit.com/r/AskReddit/comments/1repdqt/what_changed_your_personality_forever/
2026-02-25T21:03:42+00:00,1repdk6,worldnews,15.77,0,0,0.5,https://www.reddit.com/r/worldnews/comments/1repdk6/aramco_halts_juaymah_lpg_exports_for_weeks_after/
2026-02-25T21:03:47+00:00,1repdjc,AskReddit,15.88,1,0,1.0,https://www.reddit.com/r/AskReddit/comments/1repdjc/re_hazardous_history_w_henry_wrinkler_what_things/
2026-02-25T21:03:52+00:00,1repo1r,AskReddit,5.42,0,2,0.5,https://www.reddit.com/r/AskReddit/comments/1repo1r/what_happened_when_you_involved_the_union_in_your/
2026-02-25T21:04:43+00:00,1repeol,AskReddit,15.7,0,3,0.4,https://www.reddit.com/r/AskReddit/comments/1repeol/whats_the_strangest_or_most_embarrassing_thing/
2026-02-25T21:04:43+00:00,1repek9,AskReddit,15.78,0,4,0.2,https://www.reddit.com/r/AskReddit/comments/1repek9/redditors_who_walked_in_on_your_parents_while/
2026-02-25T21:04:58+00:00,1repp8f,AskReddit,5.32,0,2,0.5,https://www.reddit.com/r/AskReddit/comments/1repp8f/the_gambias_africas_smallest_mainland_country/
2026-02-25T21:04:58+00:00,1repp2o,AskReddit,5.47,0,2,0.33,https://www.reddit.com/r/AskReddit/comments/1repp2o/what_youtuber_do_you_think_will_be_cancelled_next/
2026-02-25T21:04:58+00:00,1repp0b,AskReddit,5.52,0,3,0.5,https://www.reddit.com/r/AskReddit/comments/1repp0b/what_is_a_small_decision_you_made_years_ago_that/
2026-02-25T21:04:58+00:00,1repox0,AskReddit,5.62,0,1,0.5,https://www.reddit.com/r/AskReddit/comments/1repox0/how_would_the_world_look_like_if_humans_never_had/
2026-02-25T21:04:58+00:00,1repodf,AskReddit,6.18,0,0,0.5,https://www.reddit.com/r/AskReddit/comments/1repodf/noncopywriters_do_you_notice_cliche_in_businesses/
2026-02-25T21:04:58+00:00,1repp0c,Music,5.52,0,1,0.5,https://www.reddit.com/r/Music/comments/1repp0c/lambrini_girls_feat_peaches_cuntology_101_peaches/
2026-02-25T21:04:58+00:00,1repoqj,memes,5.8,1,0,1.0,https://www.reddit.com/r/memes/comments/1repoqj/nothings_more_satisfying_than_slapping_one/
2026-02-25T21:05:38+00:00,1repfh5,AskReddit,15.83,3,7,1.0,https://www.reddit.com/r/AskReddit/comments/1repfh5/whats_a_trend_that_needs_to_disappear_already/
2026-02-25T21:05:43+00:00,1repfps,AskReddit,15.67,1,3,1.0,https://www.reddit.com/r/AskReddit/comments/1repfps/if_your_thoughts_made_sound_effects_what_noises/
2026-02-25T21:05:43+00:00,1repfjq,AskReddit,15.83,2,3,1.0,https://www.reddit.com/r/AskReddit/comments/1repfjq/what_your_worstbest_experience_with_online_friends/
2026-02-25T21:05:48+00:00,1repf6w,AskReddit,16.27,1,0,1.0,https://www.reddit.com/r/AskReddit/comments/1repf6w/if_you_had_to_name_a_pokemon_after_yourself_what/
2026-02-25T21:05:48+00:00,1repf6e,memes,16.28,3,2,1.0,https://www.reddit.com/r/memes/comments/1repf6e/where_dreams_go_to_die/
2026-02-25T21:06:08+00:00,1repqc9,AskReddit,5.38,1,0,1.0,https://www.reddit.com/r/AskReddit/comments/1repqc9/any_weird_masses_found_randomly_when_not_looking/
2026-02-25T21:06:08+00:00,1reppkz,AskReddit,6.13,0,3,0.5,https://www.reddit.com/r/AskReddit/comments/1reppkz/what_do_you_use_your_uggel_pics_for/
2026-02-25T21:06:08+00:00,1reppo5,movies,6.05,1,0,1.0,https://www.reddit.com/r/movies/comments/1reppo5/random_coincidences_in_a_double_bill/
2026-02-25T21:06:08+00:00,1repq4f,memes,5.6,2,0,1.0,https://www.reddit.com/r/memes/comments/1repq4f/its_happen_to_us_all/
2026-02-25T21:06:39+00:00,1repg5z,AskReddit,16.15,2,12,0.75,https://www.reddit.com/r/AskReddit/comments/1repg5z/what_was_the_last_emoji_you_used/
2026-02-25T21:06:39+00:00,1repgpo,science,15.55,20,2,0.92,https://www.reddit.com/r/science/comments/1repgpo/toxic_waste_from_screens_ends_up_in_endangered/
2026-02-25T21:06:39+00:00,1repgrq,AskReddit,15.5,1,6,0.67,https://www.reddit.com/r/AskReddit/comments/1repgrq/has_your_partner_ever_emotionally_cheated_on_you/
2026-02-25T21:06:44+00:00,1repgwl,AskReddit,15.45,2,1,1.0,https://www.reddit.com/r/AskReddit/comments/1repgwl/what_jobs_should_exist_but_dont/
2026-02-25T21:06:44+00:00,1repg3i,AskReddit,16.28,3,5,1.0,https://www.reddit.com/r/AskReddit/comments/1repg3i/what_social_norm_actually_harms_people_more_than/
2026-02-25T21:06:49+00:00,1repghl,Music,15.97,0,5,0.5,https://www.reddit.com/r/Music/comments/1repghl/sum_41_fatlip_punk/
2026-02-25T21:07:09+00:00,1reprdo,AskReddit,5.38,2,2,1.0,https://www.reddit.com/r/AskReddit/comments/1reprdo/what_happened_at_work_that_made_you_realize_that/
2026-02-25T21:07:09+00:00,1reprcv,AskReddit,5.42,0,8,0.25,https://www.reddit.com/r/AskReddit/comments/1reprcv/who_hates_asian_men_more_than_asian_women/
2026-02-25T21:07:09+00:00,1repr93,AskReddit,5.52,1,0,1.0,https://www.reddit.com/r/AskReddit/comments/1repr93/what_is_a_point_of_no_return_that_youve_crossed/
2026-02-25T21:07:09+00:00,1repqtv,AskReddit,5.92,0,10,0.33,https://www.reddit.com/r/AskReddit/comments/1repqtv/whats_the_likelihood_of_mexican_cartels_actually/
2026-02-25T21:07:09+00:00,1repqqi,AskReddit,6.02,0,4,0.5,https://www.reddit.com/r/AskReddit/comments/1repqqi/if_you_had_to_finish_100_big_macs_and_you_can/
2026-02-25T21:07:09+00:00,1repqq1,AskReddit,6.03,0,0,0.5,https://www.reddit.com/r/AskReddit/comments/1repqq1/what_do_you_do_for_a_living_and_whats_your_pay_x/
2026-02-25T21:07:09+00:00,1reprdz,science,5.38,9,8,0.8,https://www.reddit.com/r/science/comments/1reprdz/donald_trump_gained_2024_votes_in_areas_where/
2026-02-25T21:07:34+00:00,1rep2aa,AskReddit,31.47,3,6,1.0,https://www.reddit.com/r/AskReddit/comments/1rep2aa/hows_it_feel_being_in_love_with_someone_that_is/
2026-02-25T21:07:34+00:00,1rep23z,AskReddit,31.65,1,6,1.0,https://www.reddit.com/r/AskReddit/comments/1rep23z/how_would_you_feel_finding_out_that_you_are_your/
2026-02-25T21:07:34+00:00,1rep1rd,AskReddit,32.0,1,9,0.67,https://www.reddit.com/r/AskReddit/comments/1rep1rd/what_would_you_do_if_you_had_a_time_machine/
2026-02-25T21:07:34+00:00,1rep1bf,AskReddit,32.47,1,7,0.67,https://www.reddit.com/r/AskReddit/comments/1rep1bf/at_the_height_of_their_fame_who_got_more_action/
2026-02-25T21:07:34+00:00,1reoz1j,aww,34.77,28,1,1.0,https://www.reddit.com/r/aww/comments/1reoz1j/we_found_this_little_baby_about_a_month_and_a/
2026-02-25T21:07:34+00:00,1reo201,movies,67.92,3,0,0.8,https://www.reddit.com/r/movies/comments/1reo201/jonathan_levine_to_direct_grady_hendrix/
2026-02-25T21:07:34+00:00,1rep4wk,memes,28.63,0,0,0.33,https://www.reddit.com/r/memes/comments/1rep4wk/cowabummer_dude/
2026-02-25T21:07:34+00:00,1reo9bb,memes,60.92,457,160,0.86,https://www.reddit.com/r/memes/comments/1reo9bb/can_you_name/
2026-02-25T21:07:34+00:00,1reodl7,aww,56.6,19,0,0.96,https://www.reddit.com/r/aww/comments/1reodl7/sleepy_kitties_in_the_window_of_the_local_thai/
2026-02-25T21:07:39+00:00,1rep3e4,AskReddit,30.35,1,6,0.67,https://www.reddit.com/r/AskReddit/comments/1rep3e4/whats_something_people_either_do_or_dont_do_that/
2026-02-25T21:07:39+00:00,1reoraf,funny,42.92,52,9,0.82,https://www.reddit.com/r/funny/comments/1reoraf/these_are_notoriously_difficult_to_figure_out/
2026-02-25T21:07:39+00:00,1rep803,AskReddit,25.53,2,3,0.75,https://www.reddit.com/r/AskReddit/comments/1rep803/how_do_you_handle_a_breakup/
2026-02-25T21:07:39+00:00,1reoqkf,Music,43.7,0,6,0.5,https://www.reddit.com/r/Music/comments/1reoqkf/how_do_i_find_d_a_song_that_seems_to_be_wiped/
2026-02-25T21:07:39+00:00,1reohna,Music,52.58,0,0,0.2,https://www.reddit.com/r/Music/comments/1reohna/has_anyone_heard_of_underground_starz_curious/
2026-02-25T21:07:39+00:00,1reofrc,science,54.47,16,5,0.84,https://www.reddit.com/r/science/comments/1reofrc/ayahuasca_psychedelic_dmt_shows_promise_as/
2026-02-25T21:07:39+00:00,1rephww,AskReddit,15.3,0,5,0.5,https://www.reddit.com/r/AskReddit/comments/1rephww/what_is_the_kindest_thing_a_stranger_has_ever/
2026-02-25T21:07:39+00:00,1reph52,AskReddit,16.13,1,7,1.0,https://www.reddit.com/r/AskReddit/comments/1reph52/you_are_given_1_million_but_you_have_to_spend_it/
2026-02-25T21:07:39+00:00,1rep5cj,AskReddit,28.27,0,1,0.5,https://www.reddit.com/r/AskReddit/comments/1rep5cj/now_that_millions_of_documents_related_to_the/
2026-02-25T21:07:39+00:00,1reoy09,Music,35.88,0,20,0.27,https://www.reddit.com/r/Music/comments/1reoy09/i_know_this_was_prolly_posted_several_times_but/
2026-02-25T21:07:39+00:00,1reo7be,Music,62.93,48,1,0.97,https://www.reddit.com/r/Music/comments/1reo7be/oliver_power_grant_a_founding_member_of_wutang/
2026-02-25T21:07:39+00:00,1rep7qs,AskReddit,25.8,1,5,0.67,https://www.reddit.com/r/AskReddit/comments/1rep7qs/how_do_you_feel_about_the_government_having_your/
2026-02-25T21:07:39+00:00,1rep724,AskReddit,26.53,3,10,1.0,https://www.reddit.com/r/AskReddit/comments/1rep724/whats_the_most_unprofessional_thing_youve_seen_at/
2026-02-25T21:07:39+00:00,1rep6r5,AskReddit,26.85,22,53,0.96,https://www.reddit.com/r/AskReddit/comments/1rep6r5/whats_something_society_treats_as_embarrassing/
2026-02-25T21:07:39+00:00,1rep6a5,AskReddit,27.3,1,2,1.0,https://www.reddit.com/r/AskReddit/comments/1rep6a5/which_scifi_movietv_show_clothes_better_fit_your/
2026-02-25T21:07:39+00:00,1rep5n4,AskReddit,27.95,1,2,1.0,https://www.reddit.com/r/AskReddit/comments/1rep5n4/how_was_the_andrew_leaving_the_police_station_pic/
2026-02-25T21:07:39+00:00,1rep44n,AskReddit,29.55,1,2,1.0,https://www.reddit.com/r/AskReddit/comments/1rep44n/what_was_the_single_greatest_moment_of_sheer/
2026-02-25T21:07:39+00:00,1rep1yc,AskReddit,31.88,1,1,1.0,https://www.reddit.com/r/AskReddit/comments/1rep1yc/how_did_you_know_or_realize_a_friend_was_going_to/
2026-02-25T21:07:39+00:00,1reok9f,Music,50.0,4,0,1.0,https://www.reddit.com/r/Music/comments/1reok9f/alan_parsons_project_sirius_eye_in_the_sky_rock/
2026-02-25T21:07:39+00:00,1reo3e1,aww,66.73,9,0,1.0,https://www.reddit.com/r/aww/comments/1reo3e1/wanted_to_share_her/
2026-02-25T21:07:39+00:00,1rephvn,AskReddit,15.32,1,4,1.0,https://www.reddit.com/r/AskReddit/comments/1rephvn/what_went_wrong_with_katherine_short_why_was_she/
2026-02-25T21:07:39+00:00,1rephcl,AskReddit,15.88,1,1,1.0,https://www.reddit.com/r/AskReddit/comments/1rephcl/hows_life_been_for_you_since_the_breakup/
2026-02-25T21:07:39+00:00,1reodm9,funny,56.65,154,23,0.97,https://www.reddit.com/r/funny/comments/1reodm9/the_town_of_mexico_missouri_was_named_after/
2026-02-25T21:07:39+00:00,1rep1ar,AskReddit,32.57,3,2,1.0,https://www.reddit.com/r/AskReddit/comments/1rep1ar/why_did_reddit_just_release_the_worst_app_update/
2026-02-25T21:07:39+00:00,1reonfc,aww,46.77,723,95,0.98,https://www.reddit.com/r/aww/comments/1reonfc/he_may_look_serious_but_hes_a_total_sweetheart/
2026-02-25T21:07:39+00:00,1reo2ua,memes,67.18,24,4,0.96,https://www.reddit.com/r/memes/comments/1reo2ua/it_really_do_be_like_that/
2026-02-25T21:07:39+00:00,1rephjf,AskReddit,15.68,0,3,0.5,https://www.reddit.com/r/AskReddit/comments/1rephjf/whats_something_your_partner_did_in_bed_that/
2026-02-25T21:07:45+00:00,1rep7h8,AskReddit,26.2,37,10,0.84,https://www.reddit.com/r/AskReddit/comments/1rep7h8/if_you_have_only_fans_how_do_you_deal_with_the/
2026-02-25T21:07:45+00:00,1rep4nz,AskReddit,29.07,2,2,0.75,https://www.reddit.com/r/AskReddit/comments/1rep4nz/hows_it_feel_to_know_the_attitude_changed_since/
2026-02-25T21:07:45+00:00,1reoj3r,worldnews,51.23,16,1,0.75,https://www.reddit.com/r/worldnews/comments/1reoj3r/métis_leaders_unveil_1920s_model_dog_sled/
2026-02-25T21:07:45+00:00,1rep3ns,AskReddit,30.17,1,5,0.67,https://www.reddit.com/r/AskReddit/comments/1rep3ns/whats_something_people_think_is_illegal_that/
2026-02-25T21:07:45+00:00,1rep2sm,gaming,31.08,0,19,0.24,https://www.reddit.com/r/gaming/comments/1rep2sm/anyone_knows_any_simple_and_free_aim_trainers/
2026-02-25T21:07:45+00:00,1reowrt,memes,37.27,3,0,1.0,https://www.reddit.com/r/memes/comments/1reowrt/sony_does_everything_except_what_fans_want_xd/
2026-02-25T21:07:45+00:00,1rep3w0,AskReddit,29.93,1,7,1.0,https://www.reddit.com/r/AskReddit/comments/1rep3w0/what_is_a_successful_life_that_actually_sounds/
2026-02-25T21:07:45+00:00,1reoftw,gaming,54.48,171,111,0.88,https://www.reddit.com/r/gaming/comments/1reoftw/loot_box_litigation_new_york_attorney_general/
2026-02-25T21:07:45+00:00,1reoh7g,Music,53.12,0,0,0.25,https://www.reddit.com/r/Music/comments/1reoh7g/has_anyone_heard_of_underground_starz_curious/
2026-02-25T21:07:45+00:00,1reoe52,movies,56.2,2,1,0.63,https://www.reddit.com/r/movies/comments/1reoe52/before_the_godfather_the_real_meeting_at_castello/
2026-02-25T21:07:45+00:00,1rep5su,AskReddit,27.9,1,5,1.0,https://www.reddit.com/r/AskReddit/comments/1rep5su/if_you_could_be_completely_invisible_for_one_hour/
2026-02-25T21:07:45+00:00,1reo8yx,movies,61.45,0,18,0.3,https://www.reddit.com/r/movies/comments/1reo8yx/baz_luhrmann_wants_an_elvis_presley_cinematic/
2026-02-25T21:07:45+00:00,1reon8p,funny,47.05,1,3,0.53,https://www.reddit.com/r/funny/comments/1reon8p/fan_toilet_oc/
2026-02-25T21:07:45+00:00,1rep57u,AskReddit,28.48,4,15,0.83,https://www.reddit.com/r/AskReddit/comments/1rep57u/whats_yalls_favorite_video_game/
2026-02-25T21:07:45+00:00,1rep2cj,AskReddit,31.58,0,14,0.33,https://www.reddit.com/r/AskReddit/comments/1rep2cj/how_do_you_guys_feel_about_cash_patel/
2026-02-25T21:07:45+00:00,1rep20b,AskReddit,31.93,1,5,0.67,https://www.reddit.com/r/AskReddit/comments/1rep20b/whos_a_cringy_content_creator/
2026-02-25T21:07:45+00:00,1rephtz,AskReddit,15.47,1,2,0.67,https://www.reddit.com/r/AskReddit/comments/1rephtz/what_youtubercelebrity_fell_off_for_no_reason/
2026-02-25T21:07:45+00:00,1rep6uj,AskReddit,26.87,0,0,0.33,https://www.reddit.com/r/AskReddit/comments/1rep6uj/what_is_your_most_nsfw_confession/
2026-02-25T21:07:45+00:00,1rep6ke,AskReddit,27.12,2,4,1.0,https://www.reddit.com/r/AskReddit/comments/1rep6ke/how_can_you_tell_the_difference_between_loving_a/
2026-02-25T21:07:45+00:00,1reog03,science,54.32,114,11,0.99,https://www.reddit.com/r/science/comments/1reog03/a_recent_article_that_reviewed_evidence_from_29/
2026-02-25T21:07:45+00:00,1reph7t,AskReddit,16.13,1,4,1.0,https://www.reddit.com/r/AskReddit/comments/1reph7t/what_is_the_worst_state/
2026-02-25T21:07:50+00:00,1reoalh,aww,59.83,11,0,1.0,https://www.reddit.com/r/aww/comments/1reoalh/eevee_used_rest_its_super_effective/
2026-02-25T21:07:50+00:00,1reofzh,aww,54.4,33,17,0.95,https://www.reddit.com/r/aww/comments/1reofzh/he_loves_the_water_and_never_misses_a_walk/
2026-02-25T21:07:50+00:00,1reovk9,movies,38.6,3,1,0.8,https://www.reddit.com/r/movies/comments/1reovk9/i_created_a_website_where_you_can_enter_two/
2026-02-25T21:07:50+00:00,1reop1t,funny,45.33,20,15,0.68,https://www.reddit.com/r/funny/comments/1reop1t/21st_century_declarations_of_love/
2026-02-25T21:07:50+00:00,1reoxn4,Music,36.5,0,0,0.5,https://www.reddit.com/r/Music/comments/1reoxn4/scars_on_broadway_enemy_alternative_metal_2008/
2026-02-25T21:07:50+00:00,1rep64c,memes,27.67,5,1,1.0,https://www.reddit.com/r/memes/comments/1rep64c/time_to_hit_the_road/
2026-02-25T21:07:55+00:00,1reo57i,movies,65.25,450,274,0.76,https://www.reddit.com/r/movies/comments/1reo57i/teens_are_over_superheroes_want_to_see_more/
2026-02-25T21:08:10+00:00,1reps7r,AskReddit,5.57,1,5,1.0,https://www.reddit.com/r/AskReddit/comments/1reps7r/whats_the_strangest_craving_youve_had/
2026-02-25T21:08:10+00:00,1reprto,AskReddit,5.98,1,3,1.0,https://www.reddit.com/r/AskReddit/comments/1reprto/what_made_you_realise_your_parents_werent_as/
2026-02-25T21:08:10+00:00,1reprmr,AskReddit,6.17,1,1,1.0,https://www.reddit.com/r/AskReddit/comments/1reprmr/what_constitutes_saggy_jowls/
2026-02-25T21:08:10+00:00,1reprly,AskReddit,6.18,0,1,0.33,https://www.reddit.com/r/AskReddit/comments/1reprly/why_did_robert_carradine_kill_himself/
2026-02-25T21:08:10+00:00,1reprz2,gaming,5.82,0,4,0.39,https://www.reddit.com/r/gaming/comments/1reprz2/horizon_hunters_gathering/
2026-02-25T21:08:10+00:00,1repryj,aww,5.83,9,2,1.0,https://www.reddit.com/r/aww/comments/1repryj/he_wants_to_say_hi/
2026-02-25T21:08:40+00:00,1rep8pa,AskReddit,25.83,3,70,0.6,https://www.reddit.com/r/AskReddit/comments/1rep8pa/you_are_given_1000000_but_you_have_to_live_inside/
2026-02-25T21:08:40+00:00,1rep8j2,AskReddit,26.0,1,3,1.0,https://www.reddit.com/r/AskReddit/comments/1rep8j2/what_degree_in_your_opinion_is_the_most_useful/
2026-02-25T21:08:45+00:00,1rep8bn,AskReddit,26.3,0,4,0.5,https://www.reddit.com/r/AskReddit/comments/1rep8bn/whats_your_favourite_song/
2026-02-25T21:08:45+00:00,1repj78,AskReddit,15.15,2,13,0.67,https://www.reddit.com/r/AskReddit/comments/1repj78/how_do_you_think_trump_will_react_when_everything/
2026-02-25T21:08:45+00:00,1rep8s7,memes,25.82,205,10,0.99,https://www.reddit.com/r/memes/comments/1rep8s7/weve_all_been_there/
2026-02-25T21:08:45+00:00,1repj0d,memes,15.35,1,0,0.67,https://www.reddit.com/r/memes/comments/1repj0d/adulting_failure/
2026-02-25T21:08:45+00:00,1rep8t9,aww,25.8,4,0,0.83,https://www.reddit.com/r/aww/comments/1rep8t9/i_accidentally_opened_the_front_camera_and_this/
2026-02-25T21:08:45+00:00,1rep8hr,AskReddit,26.13,3,2,1.0,https://www.reddit.com/r/AskReddit/comments/1rep8hr/whats_your_favourite_pokemon/
2026-02-25T21:08:45+00:00,1repj0v,AskReddit,15.33,3,8,1.0,https://www.reddit.com/r/AskReddit/comments/1repj0v/which_hack_managed_to_boost_your_confidence_and/
2026-02-25T21:08:51+00:00,1rep96e,memes,25.5,11,5,0.72,https://www.reddit.com/r/memes/comments/1rep96e/yall_rate_my_meme_potential/
2026-02-25T21:09:10+00:00,1repsmm,AskReddit,6.17,1,4,1.0,https://www.reddit.com/r/AskReddit/comments/1repsmm/is_it_possible_to_make_a_catapult_or_trebuchet/
2026-02-25T21:09:10+00:00,1rept8c,memes,5.53,3,1,1.0,https://www.reddit.com/r/memes/comments/1rept8c/just_got_it_done/
2026-02-25T21:09:46+00:00,1repa2w,AskReddit,25.48,2,5,1.0,https://www.reddit.com/r/AskReddit/comments/1repa2w/what_are_some_random_facts_not_many_people_know_of/
2026-02-25T21:09:46+00:00,1rep989,AskReddit,26.35,10,25,0.92,https://www.reddit.com/r/AskReddit/comments/1rep989/whats_a_single_sentence_someone_said_that_youve/
2026-02-25T21:09:46+00:00,1rep9yo,aww,25.6,35,1,1.0,https://www.reddit.com/r/aww/comments/1rep9yo/emma_the_bear/
2026-02-25T21:09:51+00:00,1repa1r,AskReddit,25.6,0,22,0.2,https://www.reddit.com/r/AskReddit/comments/1repa1r/with_how_unpopular_lgbtq_policies_are_should/
2026-02-25T21:09:51+00:00,1rep9nv,AskReddit,25.98,1,1,1.0,https://www.reddit.com/r/AskReddit/comments/1rep9nv/how_much_do_you_think_the_decreasing_optimism/
2026-02-25T21:09:51+00:00,1rep9z2,AskReddit,25.67,3,9,1.0,https://www.reddit.com/r/AskReddit/comments/1rep9z2/what_is_the_craziest_thing_youve_overheard/
2026-02-25T21:09:51+00:00,1repk4o,AskReddit,15.3,1,4,0.67,https://www.reddit.com/r/AskReddit/comments/1repk4o/how_would_you_feel_if_your_family_member/
2026-02-25T21:09:51+00:00,1repjcw,AskReddit,16.08,2,2,1.0,https://www.reddit.com/r/AskReddit/comments/1repjcw/how_would_you_give_this_owner_a_1_star_review/
2026-02-25T21:09:51+00:00,1repjgy,Music,15.97,2,0,1.0,https://www.reddit.com/r/Music/comments/1repjgy/roger_hodgson_only_because_of_you_rock/
2026-02-25T21:09:51+00:00,1repjth,aww,15.62,6,1,0.88,https://www.reddit.com/r/aww/comments/1repjth/balloon/
2026-02-25T21:09:51+00:00,1rep9nt,memes,25.98,6,1,1.0,https://www.reddit.com/r/memes/comments/1rep9nt/decisions_decisions/
2026-02-25T21:09:57+00:00,1repjtj,memes,15.72,2,0,1.0,https://www.reddit.com/r/memes/comments/1repjtj/they_probably_should_lol/
2026-02-25T21:09:57+00:00,1repjcf,AskReddit,16.2,1,9,0.67,https://www.reddit.com/r/AskReddit/comments/1repjcf/what_make_a_marriage_last/
2026-02-25T21:10:11+00:00,1repu10,AskReddit,5.73,1,0,1.0,https://www.reddit.com/r/AskReddit/comments/1repu10/if_you_had_the_chance_what_is_one_thing_you_would/
2026-02-25T21:10:11+00:00,1reptox,AskReddit,6.08,0,3,0.5,https://www.reddit.com/r/AskReddit/comments/1reptox/if_you_could_live_in_any_time_period_which_one/
2026-02-25T21:10:11+00:00,1repu68,aww,5.6,5,0,1.0,https://www.reddit.com/r/aww/comments/1repu68/buddy/
2026-02-25T21:10:11+00:00,1reptma,aww,6.17,2,0,1.0,https://www.reddit.com/r/aww/comments/1reptma/she_truly_is_a_sweetheart_with_a_very_noble_heart/
2026-02-25T21:10:42+00:00,1repar4,AskReddit,25.67,2,16,1.0,https://www.reddit.com/r/AskReddit/comments/1repar4/what_is_the_name_of_your_cat/
2026-02-25T21:10:47+00:00,1repaps,AskReddit,25.8,1,4,1.0,https://www.reddit.com/r/AskReddit/comments/1repaps/what_scifitv_show_has_the_most_alienlike/
2026-02-25T21:10:47+00:00,1repkxi,todayilearned,15.45,229,7,1.0,https://www.reddit.com/r/todayilearned/comments/1repkxi/til_while_recording_samples_for_the_mellotron_an/
2026-02-25T21:10:52+00:00,1repl88,AskReddit,15.25,1,7,0.67,https://www.reddit.com/r/AskReddit/comments/1repl88/whats_the_creepiest_thing_youve_ever_experienced/
2026-02-25T21:10:57+00:00,1repkei,AskReddit,16.12,0,5,0.33,https://www.reddit.com/r/AskReddit/comments/1repkei/why_do_you_think_everything_is_tied_back_to_israel/
2026-02-25T21:10:57+00:00,1repkiw,movies,16.0,1,1,1.0,https://www.reddit.com/r/movies/comments/1repkiw/mortal_kombat_ii_official_trailer_ii/
2026-02-25T21:11:12+00:00,1repv7c,AskReddit,5.57,0,0,0.25,https://www.reddit.com/r/AskReddit/comments/1repv7c/is_there_any_victim_of_epstien_island_here_in/
2026-02-25T21:11:12+00:00,1repv23,AskReddit,5.73,2,0,1.0,https://www.reddit.com/r/AskReddit/comments/1repv23/hey_redditors_what_is_your_strangest_childhood/
2026-02-25T21:11:12+00:00,1repuys,AskReddit,5.82,1,2,1.0,https://www.reddit.com/r/AskReddit/comments/1repuys/if_it_were_the_end_of_the_world_what_would_be_the/
2026-02-25T21:11:12+00:00,1repuwn,AskReddit,5.88,1,0,1.0,https://www.reddit.com/r/AskReddit/comments/1repuwn/type_one_diabetics_of_reddit_what_are_some_things/
2026-02-25T21:11:12+00:00,1repv08,memes,5.78,6,1,1.0,https://www.reddit.com/r/memes/comments/1repv08/cant_be_the_only_one/
2026-02-25T21:11:37+00:00,1repc2p,AskReddit,25.23,0,2,0.5,https://www.reddit.com/r/AskReddit/comments/1repc2p/what_if_there_was_no_judgement_or_punishment/
2026-02-25T21:11:37+00:00,1repbsq,AskReddit,25.5,1,0,1.0,https://www.reddit.com/r/AskReddit/comments/1repbsq/where_did_reddit_move_gold_to_on_android_app/
2026-02-25T21:11:42+00:00,1repbs0,AskReddit,25.62,0,0,0.5,https://www.reddit.com/r/AskReddit/comments/1repbs0/what_was_the_worst_thing_that_happened_to_you_and/
2026-02-25T21:11:42+00:00,1repbim,AskReddit,25.88,0,3,0.33,https://www.reddit.com/r/AskReddit/comments/1repbim/men_if_your_gf_wanted_you_to_not_masturbate/
2026-02-25T21:11:42+00:00,1repbu9,AskReddit,25.55,1,2,1.0,https://www.reddit.com/r/AskReddit/comments/1repbu9/26_yo_leaving_corporate_what_are_some_tipsadvice/
2026-02-25T21:11:42+00:00,1repc07,AskReddit,25.38,0,4,0.33,https://www.reddit.com/r/AskReddit/comments/1repc07/what_is_the_most_annoying_thing/
2026-02-25T21:11:52+00:00,1replme,funny,15.85,96,12,0.96,https://www.reddit.com/r/funny/comments/1replme/comments/
2026-02-25T21:11:52+00:00,1repm0k,AskReddit,15.48,2,1,1.0,https://www.reddit.com/r/AskReddit/comments/1repm0k/how_do_you_deal_with_terrible_inlaws/
2026-02-25T21:11:58+00:00,1repm6m,AskReddit,15.42,2,15,0.75,https://www.reddit.com/r/AskReddit/comments/1repm6m/what_is_the_best_compliment_you_have_ever_received/
2026-02-25T21:11:58+00:00,1replot,AskReddit,15.88,0,1,0.5,https://www.reddit.com/r/AskReddit/comments/1replot/how_did_you_get_forced_to_incarnate_on_prison/
2026-02-25T21:11:58+00:00,1repmag,worldnews,15.3,0,0,0.25,https://www.reddit.com/r/worldnews/comments/1repmag/chaos_erupts_as_chuck_e_cheese_birthday_party/
2026-02-25T21:12:13+00:00,1repw9v,AskReddit,5.45,1,4,1.0,https://www.reddit.com/r/AskReddit/comments/1repw9v/whats_a_better_feeling_than_getting_home_from/
2026-02-25T21:12:13+00:00,1repvr3,AskReddit,6.0,0,1,0.5,https://www.reddit.com/r/AskReddit/comments/1repvr3/what_are_some_stupid_laws_in_your_country/
2026-02-25T21:12:13+00:00,1repvph,AskReddit,6.03,0,1,0.33,https://www.reddit.com/r/AskReddit/comments/1repvph/what_movies_live_rentfree_in_your_mind/
2026-02-25T21:12:13+00:00,1repviz,AskReddit,6.23,1,4,0.67,https://www.reddit.com/r/AskReddit/comments/1repviz/whats_the_one_thing_that_youre_really_good_at/
2026-02-25T21:12:13+00:00,1repvgh,AskReddit,6.3,0,0,0.33,https://www.reddit.com/r/AskReddit/comments/1repvgh/what_do_you_think_is_the_biggest_challenge_facing/
2026-02-25T21:12:13+00:00,1repw07,memes,5.73,2,0,1.0,https://www.reddit.com/r/memes/comments/1repw07/why_not_i_mean_a_tires_a_tire/
2026-02-25T21:12:13+00:00,1repvuc,memes,5.92,6,0,1.0,https://www.reddit.com/r/memes/comments/1repvuc/well_the_look_on_his_face_says_it_all/
2026-02-25T21:12:38+00:00,1repd1j,worldnews,25.28,58,19,0.85,https://www.reddit.com/r/worldnews/comments/1repd1j/us_to_allow_resale_of_venezuelan_oil_to_cuba/
2026-02-25T21:12:38+00:00,1repcz3,AskReddit,25.33,3,14,0.8,https://www.reddit.com/r/AskReddit/comments/1repcz3/how_do_u_deal_with_overthinking_about_some_one/
2026-02-25T21:12:38+00:00,1repccn,AskReddit,25.97,1,11,0.6,https://www.reddit.com/r/AskReddit/comments/1repccn/whats_the_secret_to_lasting_long_during_sex/
2026-02-25T21:12:38+00:00,1repcfx,AskReddit,25.88,4,4,0.75,https://www.reddit.com/r/AskReddit/comments/1repcfx/how_can_one_increase_the_karma/
2026-02-25T21:12:43+00:00,1repcpj,AskReddit,25.7,3,7,1.0,https://www.reddit.com/r/AskReddit/comments/1repcpj/what_are_the_small_signs_that_make_you_realize_a/
2026-02-25T21:12:48+00:00,1repn90,AskReddit,15.17,0,7,0.5,https://www.reddit.com/r/AskReddit/comments/1repn90/what_jobs_require_little_work_allow_for/
2026-02-25T21:12:48+00:00,1repmzw,todayilearned,15.42,20,7,0.92,https://www.reddit.com/r/todayilearned/comments/1repmzw/til_jim_hanks_tom_hanks_brother_voices_woody_for/
2026-02-25T21:12:53+00:00,1repn1v,AskReddit,15.45,0,4,0.25,https://www.reddit.com/r/AskReddit/comments/1repn1v/what_according_to_you_is_the_right_age_for/
2026-02-25T21:12:59+00:00,1repn37,AskReddit,15.52,1,5,0.67,https://www.reddit.com/r/AskReddit/comments/1repn37/if_you_could_change_your_name_what_would_you_want/
2026-02-25T21:13:13+00:00,1repxe4,AskReddit,5.32,1,0,1.0,https://www.reddit.com/r/AskReddit/comments/1repxe4/whats_a_reddit_comment_that_actually_changed_the/
2026-02-25T21:13:13+00:00,1repxbs,AskReddit,5.38,1,0,1.0,https://www.reddit.com/r/AskReddit/comments/1repxbs/whats_something_you_used_to_judge_people_for_that/
2026-02-25T21:13:13+00:00,1repx4a,AskReddit,5.6,1,2,1.0,https://www.reddit.com/r/AskReddit/comments/1repx4a/whats_something_people_think_is_sexy_but_actually/
2026-02-25T21:13:13+00:00,1repwwl,AskReddit,5.82,2,3,1.0,https://www.reddit.com/r/AskReddit/comments/1repwwl/how_do_you_manage_your_time_throughout_the_day/
2026-02-25T21:13:13+00:00,1repwj1,Music,6.22,1,0,1.0,https://www.reddit.com/r/Music/comments/1repwj1/tlc_musical_finds_its_tboz_left_eye_and_chilli/
2026-02-25T21:13:39+00:00,1repdk6,worldnews,25.72,0,0,0.5,https://www.reddit.com/r/worldnews/comments/1repdk6/aramco_halts_juaymah_lpg_exports_for_weeks_after/
2026-02-25T21:13:44+00:00,1repdjc,AskReddit,25.83,1,0,1.0,https://www.reddit.com/r/AskReddit/comments/1repdjc/re_hazardous_history_w_henry_wrinkler_what_things/
2026-02-25T21:13:44+00:00,1repdqt,AskReddit,25.62,2,5,1.0,https://www.reddit.com/r/AskReddit/comments/1repdqt/what_changed_your_personality_forever/
2026-02-25T21:13:49+00:00,1repo1r,AskReddit,15.37,0,2,0.5,https://www.reddit.com/r/AskReddit/comments/1repo1r/what_happened_when_you_involved_the_union_in_your/
2026-02-25T21:14:13+00:00,1repy7i,AskReddit,5.48,1,4,1.0,https://www.reddit.com/r/AskReddit/comments/1repy7i/solicitor_why_do_you_go_door_to_door_bothering/
2026-02-25T21:14:13+00:00,1repxys,AskReddit,5.73,1,0,1.0,https://www.reddit.com/r/AskReddit/comments/1repxys/type_one_diabetics_of_reddit_what_people_do_for/
2026-02-25T21:14:13+00:00,1repxun,AskReddit,5.83,1,2,1.0,https://www.reddit.com/r/AskReddit/comments/1repxun/whats_a_moment_in_your_life_that_still_gives_you/
2026-02-25T21:14:13+00:00,1repxs0,AskReddit,5.92,0,3,0.33,https://www.reddit.com/r/AskReddit/comments/1repxs0/people_under_he_age_of_30_is_sex_sacred_to_you/
2026-02-25T21:14:13+00:00,1repxgu,AskReddit,6.23,2,3,1.0,https://www.reddit.com/r/AskReddit/comments/1repxgu/what_albums_do_you_think_are_perfect_in_every_way/
2026-02-25T21:14:13+00:00,1repxte,worldnews,5.87,3,1,1.0,https://www.reddit.com/r/worldnews/comments/1repxte/venezuela_attorney_general_saab_has_tendered/
2026-02-25T21:14:44+00:00,1repeol,AskReddit,25.72,0,4,0.5,https://www.reddit.com/r/AskReddit/comments/1repeol/whats_the_strangest_or_most_embarrassing_thing/
2026-02-25T21:14:44+00:00,1repek9,AskReddit,25.8,0,4,0.2,https://www.reddit.com/r/AskReddit/comments/1repek9/redditors_who_walked_in_on_your_parents_while/
2026-02-25T21:14:59+00:00,1repp8f,AskReddit,15.33,0,6,0.5,https://www.reddit.com/r/AskReddit/comments/1repp8f/the_gambias_africas_smallest_mainland_country/
2026-02-25T21:14:59+00:00,1repp0b,AskReddit,15.53,0,5,0.5,https://www.reddit.com/r/AskReddit/comments/1repp0b/what_is_a_small_decision_you_made_years_ago_that/
2026-02-25T21:14:59+00:00,1repoqj,memes,15.82,1,0,1.0,https://www.reddit.com/r/memes/comments/1repoqj/nothings_more_satisfying_than_slapping_one/
2026-02-25T21:15:04+00:00,1repox0,AskReddit,15.72,0,2,0.5,https://www.reddit.com/r/AskReddit/comments/1repox0/how_would_the_world_look_like_if_humans_never_had/
2026-02-25T21:15:04+00:00,1repp2o,AskReddit,15.57,0,2,0.5,https://www.reddit.com/r/AskReddit/comments/1repp2o/what_youtuber_do_you_think_will_be_cancelled_next/
2026-02-25T21:15:04+00:00,1repodf,AskReddit,16.28,0,0,0.33,https://www.reddit.com/r/AskReddit/comments/1repodf/noncopywriters_do_you_notice_cliche_in_businesses/
2026-02-25T21:15:04+00:00,1repp0c,Music,15.62,2,1,0.75,https://www.reddit.com/r/Music/comments/1repp0c/lambrini_girls_feat_peaches_cuntology_101_peaches/
2026-02-25T21:15:14+00:00,1repzc7,AskReddit,5.33,1,2,1.0,https://www.reddit.com/r/AskReddit/comments/1repzc7/face_vs_body_what_truly_catches_your_eye_first/
2026-02-25T21:15:14+00:00,1repypp,AskReddit,5.97,3,7,1.0,https://www.reddit.com/r/AskReddit/comments/1repypp/what_is_the_most_unusual_country_you_have_visited/
2026-02-25T21:15:40+00:00,1repfh5,AskReddit,25.87,4,12,1.0,https://www.reddit.com/r/AskReddit/comments/1repfh5/whats_a_trend_that_needs_to_disappear_already/
2026-02-25T21:15:45+00:00,1repfjq,AskReddit,25.87,3,6,1.0,https://www.reddit.com/r/AskReddit/comments/1repfjq/what_your_worstbest_experience_with_online_friends/
2026-02-25T21:15:45+00:00,1repf6e,memes,26.23,7,2,1.0,https://www.reddit.com/r/memes/comments/1repf6e/where_dreams_go_to_die/
2026-02-25T21:15:50+00:00,1repfps,AskReddit,25.78,1,4,1.0,https://www.reddit.com/r/AskReddit/comments/1repfps/if_your_thoughts_made_sound_effects_what_noises/
2026-02-25T21:15:50+00:00,1repf6w,AskReddit,26.3,1,0,1.0,https://www.reddit.com/r/AskReddit/comments/1repf6w/if_you_had_to_name_a_pokemon_after_yourself_what/
2026-02-25T21:16:15+00:00,1req03p,AskReddit,5.58,1,7,1.0,https://www.reddit.com/r/AskReddit/comments/1req03p/what_would_a_stranger_say_if_they_saw_your/
2026-02-25T21:16:15+00:00,1req00j,AskReddit,5.67,0,0,0.5,https://www.reddit.com/r/AskReddit/comments/1req00j/whats_something_everyone_lies_about_but_pretends/
2026-02-25T21:16:15+00:00,1req00a,AskReddit,5.68,1,3,1.0,https://www.reddit.com/r/AskReddit/comments/1req00a/what_is_the_weirdest_american_idiom_you_have_ever/
2026-02-25T21:16:15+00:00,1repzx6,AskReddit,5.77,1,3,1.0,https://www.reddit.com/r/AskReddit/comments/1repzx6/what_is_the_craziest_thing_youve_ever_seen_at_a/
2026-02-25T21:16:15+00:00,1reppkz,AskReddit,16.25,0,3,0.33,https://www.reddit.com/r/AskReddit/comments/1reppkz/what_do_you_use_your_uggel_pics_for/
2026-02-25T21:16:15+00:00,1repqc9,AskReddit,15.5,1,0,1.0,https://www.reddit.com/r/AskReddit/comments/1repqc9/any_weird_masses_found_randomly_when_not_looking/
2026-02-25T21:16:15+00:00,1reppo5,movies,16.17,1,1,1.0,https://www.reddit.com/r/movies/comments/1reppo5/random_coincidences_in_a_double_bill/
2026-02-25T21:16:15+00:00,1repq4f,memes,15.72,6,0,1.0,https://www.reddit.com/r/memes/comments/1repq4f/its_happen_to_us_all/
2026-02-25T21:16:36+00:00,1repg5z,AskReddit,26.1,4,16,0.83,https://www.reddit.com/r/AskReddit/comments/1repg5z/what_was_the_last_emoji_you_used/
2026-02-25T21:16:41+00:00,1repgrq,AskReddit,25.53,1,7,0.67,https://www.reddit.com/r/AskReddit/comments/1repgrq/has_your_partner_ever_emotionally_cheated_on_you/
2026-02-25T21:16:41+00:00,1repg3i,AskReddit,26.23,3,7,1.0,https://www.reddit.com/r/AskReddit/comments/1repg3i/what_social_norm_actually_harms_people_more_than/
2026-02-25T21:16:41+00:00,1repgwl,AskReddit,25.4,2,1,1.0,https://www.reddit.com/r/AskReddit/comments/1repgwl/what_jobs_should_exist_but_dont/
2026-02-25T21:16:46+00:00,1repgpo,science,25.67,27,3,0.94,https://www.reddit.com/r/science/comments/1repgpo/toxic_waste_from_screens_ends_up_in_endangered/
2026-02-25T21:16:46+00:00,1repghl,Music,25.92,4,7,0.61,https://www.reddit.com/r/Music/comments/1repghl/sum_41_fatlip_punk/
2026-02-25T21:17:06+00:00,1reprdz,science,15.33,102,41,0.86,https://www.reddit.com/r/science/comments/1reprdz/donald_trump_gained_2024_votes_in_areas_where/
2026-02-25T21:17:16+00:00,1reprdo,AskReddit,15.5,2,7,1.0,https://www.reddit.com/r/AskReddit/comments/1reprdo/what_happened_at_work_that_made_you_realize_that/
2026-02-25T21:17:16+00:00,1repqq1,AskReddit,16.15,0,0,0.5,https://www.reddit.com/r/AskReddit/comments/1repqq1/what_do_you_do_for_a_living_and_whats_your_pay_x/
2026-02-25T21:17:16+00:00,1req12z,AskReddit,5.55,1,1,1.0,https://www.reddit.com/r/AskReddit/comments/1req12z/whats_your_1_gripe_today/
2026-02-25T21:17:16+00:00,1req0wz,AskReddit,5.73,0,1,0.33,https://www.reddit.com/r/AskReddit/comments/1req0wz/women_of_reddit_what_sexual_acts_could_a_man/
2026-02-25T21:17:16+00:00,1req0tb,AskReddit,5.83,1,1,1.0,https://www.reddit.com/r/AskReddit/comments/1req0tb/whats_something_that_gets_worse_the_more/
2026-02-25T21:17:16+00:00,1req0dz,AskReddit,6.28,1,2,1.0,https://www.reddit.com/r/AskReddit/comments/1req0dz/be_honest_if_youve_ever_filled_out_a_feedback/
2026-02-25T21:17:16+00:00,1repr93,AskReddit,15.63,0,1,0.5,https://www.reddit.com/r/AskReddit/comments/1repr93/what_is_a_point_of_no_return_that_youve_crossed/
2026-02-25T21:17:16+00:00,1reprcv,AskReddit,15.53,0,7,0.22,https://www.reddit.com/r/AskReddit/comments/1reprcv/who_hates_asian_men_more_than_asian_women/
2026-02-25T21:17:16+00:00,1repqtv,AskReddit,16.03,0,13,0.25,https://www.reddit.com/r/AskReddit/comments/1repqtv/whats_the_likelihood_of_mexican_cartels_actually/
2026-02-25T21:17:16+00:00,1repqqi,AskReddit,16.13,0,6,0.33,https://www.reddit.com/r/AskReddit/comments/1repqqi/if_you_had_to_finish_100_big_macs_and_you_can/
2026-02-25T21:17:31+00:00,1rep2aa,AskReddit,41.42,3,7,1.0,https://www.reddit.com/r/AskReddit/comments/1rep2aa/hows_it_feel_being_in_love_with_someone_that_is/
2026-02-25T21:17:31+00:00,1rep1rd,AskReddit,41.95,1,10,0.67,https://www.reddit.com/r/AskReddit/comments/1rep1rd/what_would_you_do_if_you_had_a_time_machine/
2026-02-25T21:17:31+00:00,1rep23z,AskReddit,41.6,1,6,1.0,https://www.reddit.com/r/AskReddit/comments/1rep23z/how_would_you_feel_finding_out_that_you_are_your/
2026-02-25T21:17:36+00:00,1reodm9,funny,66.6,200,29,0.97,https://www.reddit.com/r/funny/comments/1reodm9/the_town_of_mexico_missouri_was_named_after/
2026-02-25T21:17:36+00:00,1relf83,funny,170.3,181,7,0.88,https://www.reddit.com/r/funny/comments/1relf83/everything/
2026-02-25T21:17:36+00:00,1rep1ar,AskReddit,42.52,4,4,1.0,https://www.reddit.com/r/AskReddit/comments/1rep1ar/why_did_reddit_just_release_the_worst_app_update/
2026-02-25T21:17:36+00:00,1rek1tz,worldnews,216.77,37,1,0.79,https://www.reddit.com/r/worldnews/comments/1rek1tz/ecuador_withdraws_from_un_palestinian_rights/
2026-02-25T21:17:36+00:00,1rejmwo,worldnews,230.72,227,9,0.98,https://www.reddit.com/r/worldnews/comments/1rejmwo/spain_declassifies_files_on_1981_attempted_coup/
2026-02-25T21:17:36+00:00,1rejc8a,worldnews,240.88,85,70,0.79,https://www.reddit.com/r/worldnews/comments/1rejc8a/propahlavi_chants_on_campus_mark_historic_shift/
2026-02-25T21:17:36+00:00,1rejnnh,gaming,230.02,2856,188,0.97,https://www.reddit.com/r/gaming/comments/1rejnnh/someone_at_xbox_testing_in_production_brave/
2026-02-25T21:17:36+00:00,1renpzq,todayilearned,90.0,1209,55,0.98,https://www.reddit.com/r/todayilearned/comments/1renpzq/til_roughly_100000_african_elephants_were_killed/
2026-02-25T21:17:36+00:00,1rencdi,Music,103.78,8,6,0.63,https://www.reddit.com/r/Music/comments/1rencdi/highly_suspect_my_name_is_human_indie_rock/
2026-02-25T21:17:36+00:00,1rena65,aww,106.03,10,4,0.82,https://www.reddit.com/r/aww/comments/1rena65/he_is_so_done_with_today/
2026-02-25T21:17:36+00:00,1remx55,aww,118.72,53,1,0.99,https://www.reddit.com/r/aww/comments/1remx55/the_beautiful_margot_from_our_shelter/
2026-02-25T21:17:36+00:00,1rembk6,movies,139.25,0,0,0.38,https://www.reddit.com/r/movies/comments/1rembk6/crosspost_were_the_production_team_behind/
2026-02-25T21:17:36+00:00,1rekknw,movies,198.77,0,14,0.25,https://www.reddit.com/r/movies/comments/1rekknw/which_films_in_your_opinion_are_excellent_but/
2026-02-25T21:17:36+00:00,1rejn79,movies,230.43,16,4,0.78,https://www.reddit.com/r/movies/comments/1rejn79/new_luther_movie_casts_stephen_dillane_anya/
2026-02-25T21:17:36+00:00,1rem3db,memes,147.1,24,0,0.96,https://www.reddit.com/r/memes/comments/1rem3db/you_have_her_eyes/
2026-02-25T21:17:36+00:00,1relwl0,memes,153.47,7,3,0.9,https://www.reddit.com/r/memes/comments/1relwl0/suffering_from_severe_intellectualitythey_say/
2026-02-25T21:17:36+00:00,1rels49,memes,157.85,764,31,0.96,https://www.reddit.com/r/memes/comments/1rels49/this_design/
2026-02-25T21:17:36+00:00,1renen4,science,101.4,57,3,0.89,https://www.reddit.com/r/science/comments/1renen4/almost_1in3_american_adolescents_has_diabetes_or/
2026-02-25T21:17:36+00:00,1relr7t,science,158.72,70,20,0.88,https://www.reddit.com/r/science/comments/1relr7t/sperm_swim_more_quickly_in_summer_study_finds/
2026-02-25T21:17:36+00:00,1rehw57,science,291.55,190,51,0.88,https://www.reddit.com/r/science/comments/1rehw57/the_loud_squeaks_of_shoes_on_a_basketball_court/
2026-02-25T21:17:36+00:00,1rephcl,AskReddit,25.83,1,1,1.0,https://www.reddit.com/r/AskReddit/comments/1rephcl/hows_life_been_for_you_since_the_breakup/
2026-02-25T21:17:36+00:00,1reoraf,funny,52.87,67,9,0.85,https://www.reddit.com/r/funny/comments/1reoraf/these_are_notoriously_difficult_to_figure_out/
2026-02-25T21:17:36+00:00,1rep803,AskReddit,35.48,2,4,0.75,https://www.reddit.com/r/AskReddit/comments/1rep803/how_do_you_handle_a_breakup/
2026-02-25T21:17:36+00:00,1rep6r5,AskReddit,36.8,30,85,0.97,https://www.reddit.com/r/AskReddit/comments/1rep6r5/whats_something_society_treats_as_embarrassing/
2026-02-25T21:17:36+00:00,1renjvt,worldnews,96.17,480,267,0.89,https://www.reddit.com/r/worldnews/comments/1renjvt/us_sends_deadliest_fighter_jets_to_israel_as_iran/
2026-02-25T21:17:36+00:00,1reltj6,worldnews,156.5,35,0,0.85,https://www.reddit.com/r/worldnews/comments/1reltj6/sri_lanka_navy_and_coast_guard_seize_4_indian/
2026-02-25T21:17:36+00:00,1rejfdg,worldnews,237.92,19,3,0.74,https://www.reddit.com/r/worldnews/comments/1rejfdg/germany_urges_iran_to_engage_constructively_in/
2026-02-25T21:17:36+00:00,1ren9bm,gaming,106.88,1023,100,0.97,https://www.reddit.com/r/gaming/comments/1ren9bm/ubisoft_suffers_major_talent_drain_because_theyre/
2026-02-25T21:17:36+00:00,1relbgg,gaming,173.9,99,41,0.83,https://www.reddit.com/r/gaming/comments/1relbgg/mortal_kombat_ii_official_trailer_ii/
2026-02-25T21:17:36+00:00,1reoqkf,Music,53.65,0,6,0.5,https://www.reddit.com/r/Music/comments/1reoqkf/how_do_i_find_d_a_song_that_seems_to_be_wiped/
2026-02-25T21:17:36+00:00,1relyaq,Music,151.8,0,2,0.17,https://www.reddit.com/r/Music/comments/1relyaq/blues_verses_soft_metal/
2026-02-25T21:17:36+00:00,1remcak,aww,138.53,11,1,0.93,https://www.reddit.com/r/aww/comments/1remcak/bert_my_tripod_kitty/
2026-02-25T21:17:36+00:00,1ren1hv,movies,114.52,485,162,0.9,https://www.reddit.com/r/movies/comments/1ren1hv/i_think_the_fifth_element_is_a_perfect_movie_and/
2026-02-25T21:17:36+00:00,1rempc5,movies,126.12,7,88,0.61,https://www.reddit.com/r/movies/comments/1rempc5/movies_that_are_way_better_on_the_big_screen/
2026-02-25T21:17:36+00:00,1rem646,movies,144.62,3,2,0.71,https://www.reddit.com/r/movies/comments/1rem646/emily_carey_martin_freeman_sam_spruell_to_star_in/
2026-02-25T21:17:36+00:00,1rej5kk,movies,247.32,830,273,0.89,https://www.reddit.com/r/movies/comments/1rej5kk/the_fall_and_rise_of_scream_7_a_fired_star_a_500k/
2026-02-25T21:17:36+00:00,1rene4r,memes,101.93,10,5,0.73,https://www.reddit.com/r/memes/comments/1rene4r/man_i_am_so_sick_of_february/
2026-02-25T21:17:36+00:00,1remsr5,memes,122.87,2,3,0.6,https://www.reddit.com/r/memes/comments/1remsr5/ok_boomers/
2026-02-25T21:17:36+00:00,1rephww,AskReddit,25.25,0,5,0.5,https://www.reddit.com/r/AskReddit/comments/1rephww/what_is_the_kindest_thing_a_stranger_has_ever/
2026-02-25T21:17:36+00:00,1ren5o4,funny,110.4,104,15,0.93,https://www.reddit.com/r/funny/comments/1ren5o4/i_said_dentist_appointment/
2026-02-25T21:17:36+00:00,1regjlo,funny,339.33,0,2,0.16,https://www.reddit.com/r/funny/comments/1regjlo/zombie_got/
2026-02-25T21:17:36+00:00,1rep5cj,AskReddit,38.22,0,1,0.33,https://www.reddit.com/r/AskReddit/comments/1rep5cj/now_that_millions_of_documents_related_to_the/
2026-02-25T21:17:36+00:00,1renfrv,worldnews,100.37,2663,285,0.97,https://www.reddit.com/r/worldnews/comments/1renfrv/cuba_says_four_shot_dead_on_usregistered_speedboat/
2026-02-25T21:17:36+00:00,1reknmr,worldnews,196.13,13,1,0.69,https://www.reddit.com/r/worldnews/comments/1reknmr/us_embassy_to_offer_its_first_consular_services/
2026-02-25T21:17:36+00:00,1rei8r6,gaming,279.15,8,21,0.65,https://www.reddit.com/r/gaming/comments/1rei8r6/horror_game_night_one_setup/
2026-02-25T21:17:36+00:00,1refia1,gaming,377.52,741,312,0.94,https://www.reddit.com/r/gaming/comments/1refia1/resident_evil_requiem_review_thread/
2026-02-25T21:17:36+00:00,1rem4vs,todayilearned,145.75,77,6,0.96,https://www.reddit.com/r/todayilearned/comments/1rem4vs/til_about_lodoicea_maldivica_a_palm_tree_with/
2026-02-25T21:17:36+00:00,1remnwg,Music,127.45,3,0,1.0,https://www.reddit.com/r/Music/comments/1remnwg/ingrown_to_tour_the_us_this_spring_with_mask/
2026-02-25T21:17:36+00:00,1relmuj,Music,163.02,0,0,0.5,https://www.reddit.com/r/Music/comments/1relmuj/scars_on_broadway_enemy_alternative_metal_2008/
2026-02-25T21:17:36+00:00,1relh2m,Music,168.52,16,0,1.0,https://www.reddit.com/r/Music/comments/1relh2m/kraftwerk_tour_de_france_electronic_1983/
2026-02-25T21:17:36+00:00,1remofk,aww,126.93,5,0,0.86,https://www.reddit.com/r/aww/comments/1remofk/gelada_baboons/
2026-02-25T21:17:36+00:00,1remcor,movies,138.12,18,4,0.76,https://www.reddit.com/r/movies/comments/1remcor/david_f_sandberg_to_direct_horror_film_a_little/
2026-02-25T21:17:36+00:00,1ren5dx,memes,110.65,9,3,0.91,https://www.reddit.com/r/memes/comments/1ren5dx/youtube_is_ran_by_morons/
2026-02-25T21:17:36+00:00,1regue3,science,328.47,18,2,0.83,https://www.reddit.com/r/science/comments/1regue3/bug_beats_caterpillars_use_complex_rhythms_to/
2026-02-25T21:17:42+00:00,1refkug,funny,375.23,0,3,0.21,https://www.reddit.com/r/funny/comments/1refkug/look_out_behind_you/
2026-02-25T21:17:42+00:00,1rep44n,AskReddit,39.6,1,2,1.0,https://www.reddit.com/r/AskReddit/comments/1rep44n/what_was_the_single_greatest_moment_of_sheer/
2026-02-25T21:17:42+00:00,1rep1bf,AskReddit,42.6,1,7,0.67,https://www.reddit.com/r/AskReddit/comments/1rep1bf/at_the_height_of_their_fame_who_got_more_action/
2026-02-25T21:17:42+00:00,1rejwjp,worldnews,221.75,0,17,0.41,https://www.reddit.com/r/worldnews/comments/1rejwjp/donald_trump_on_indiapak_prez_says_pakistan_pm/
2026-02-25T21:17:42+00:00,1reirms,todayilearned,260.55,23,0,0.91,https://www.reddit.com/r/todayilearned/comments/1reirms/til_that_in_ww2_canada_trained_a_group_of_covert/
2026-02-25T21:17:42+00:00,1renjfm,Music,96.68,0,18,0.23,https://www.reddit.com/r/Music/comments/1renjfm/red_clay_highway_sparks_on_the_tailgate_country/
2026-02-25T21:17:42+00:00,1reniih,Music,97.6,0,5,0.06,https://www.reddit.com/r/Music/comments/1reniih/kanye_wests_spokesperson_milo_yiannopolous_ye/
2026-02-25T21:17:42+00:00,1relbc5,Music,174.1,1,1,1.0,https://www.reddit.com/r/Music/comments/1relbc5/tina_turner_when_the_heartache_is_over_dancerock/
2026-02-25T21:17:42+00:00,1remmor,aww,128.65,141,5,0.99,https://www.reddit.com/r/aww/comments/1remmor/cats_are_now_tolerant_roommates_yay_thank_you/
2026-02-25T21:17:42+00:00,1remm9k,aww,129.08,7,0,0.77,https://www.reddit.com/r/aww/comments/1remm9k/shifu_loves_this_kinda_sunny_days/
2026-02-25T21:17:42+00:00,1remrzo,movies,123.67,0,0,0.5,https://www.reddit.com/r/movies/comments/1remrzo/new_york_international_childrens_film_festival/
2026-02-25T21:17:42+00:00,1rem0rb,movies,149.58,1,1,0.53,https://www.reddit.com/r/movies/comments/1rem0rb/bluff_and_extraction_2_cinematographer_is_annoying/
2026-02-25T21:17:42+00:00,1rejaio,movies,242.6,0,30,0.42,https://www.reddit.com/r/movies/comments/1rejaio/what_are_the_best_javier_bardem_movies/
2026-02-25T21:17:42+00:00,1rem98q,memes,141.67,139,24,0.87,https://www.reddit.com/r/memes/comments/1rem98q/universal_guide_for_buying_anything_in_todays/
2026-02-25T21:17:42+00:00,1rem6zf,memes,143.93,10,5,0.92,https://www.reddit.com/r/memes/comments/1rem6zf/who_knew_as_an_adult_that_my_biggest_op_would_be/
2026-02-25T21:17:42+00:00,1rephvn,AskReddit,25.37,1,4,1.0,https://www.reddit.com/r/AskReddit/comments/1rephvn/what_went_wrong_with_katherine_short_why_was_she/
2026-02-25T21:17:42+00:00,1rehvbj,funny,292.43,183,6,0.91,https://www.reddit.com/r/funny/comments/1rehvbj/ugh/
2026-02-25T21:17:42+00:00,1reiv5g,worldnews,257.07,33,9,0.74,https://www.reddit.com/r/worldnews/comments/1reiv5g/carney_to_travel_to_india_with_very_good_image/
2026-02-25T21:17:42+00:00,1reiovl,worldnews,263.25,26,2,0.73,https://www.reddit.com/r/worldnews/comments/1reiovl/rubio_begins_talks_with_caribbean_leaders_amid/
2026-02-25T21:17:42+00:00,1regvjb,worldnews,327.43,198,48,0.94,https://www.reddit.com/r/worldnews/comments/1regvjb/ireland_eyes_closer_cooperation_with_nato/
2026-02-25T21:17:42+00:00,1renp9d,gaming,90.85,0,27,0.24,https://www.reddit.com/r/gaming/comments/1renp9d/development_update_overwatch_rush/
2026-02-25T21:17:42+00:00,1regz04,gaming,324.02,1,8,0.51,https://www.reddit.com/r/gaming/comments/1regz04/future_gpx_cyber_formula_was_masterpiece_game_who/
2026-02-25T21:17:42+00:00,1reikvr,todayilearned,267.27,75,8,0.88,https://www.reddit.com/r/todayilearned/comments/1reikvr/til_about_lionel_crabb_a_royal_navy_diver_who/
2026-02-25T21:17:42+00:00,1remucu,Music,121.45,1,0,0.67,https://www.reddit.com/r/Music/comments/1remucu/tell_me_about_your_fav_music_artist_and_fav_song/
2026-02-25T21:17:42+00:00,1remcq7,Music,138.17,729,35,0.99,https://www.reddit.com/r/Music/comments/1remcq7/driver_who_killed_dixie_chicks_founding_member/
2026-02-25T21:17:42+00:00,1reoz1j,aww,44.9,37,1,0.98,https://www.reddit.com/r/aww/comments/1reoz1j/we_found_this_little_baby_about_a_month_and_a/
2026-02-25T21:17:42+00:00,1remb4e,aww,139.78,18,1,0.88,https://www.reddit.com/r/aww/comments/1remb4e/charlie/
2026-02-25T21:17:42+00:00,1rel39a,aww,181.58,61,7,1.0,https://www.reddit.com/r/aww/comments/1rel39a/pov_you_are_about_to_touch_the_belly/
2026-02-25T21:17:42+00:00,1renj4s,movies,96.98,0,4,0.43,https://www.reddit.com/r/movies/comments/1renj4s/marc_platt_produced_movies/
2026-02-25T21:17:42+00:00,1ren2wf,movies,113.23,4,27,0.53,https://www.reddit.com/r/movies/comments/1ren2wf/why_the_prestige_2006_still_deserves_more/
2026-02-25T21:17:42+00:00,1reja5y,movies,242.97,0,14,0.42,https://www.reddit.com/r/movies/comments/1reja5y/favorite_animated_films_from_these_famous_studios/
2026-02-25T21:17:42+00:00,1rep4wk,memes,38.77,0,0,0.33,https://www.reddit.com/r/memes/comments/1rep4wk/cowabummer_dude/
2026-02-25T21:17:42+00:00,1reph52,AskReddit,26.18,1,8,1.0,https://www.reddit.com/r/AskReddit/comments/1reph52/you_are_given_1_million_but_you_have_to_spend_it/
2026-02-25T21:17:42+00:00,1reha3v,funny,313.18,147,50,0.73,https://www.reddit.com/r/funny/comments/1reha3v/getting_the_finger_or_the_tube/
2026-02-25T21:17:42+00:00,1rep7qs,AskReddit,35.85,1,5,0.67,https://www.reddit.com/r/AskReddit/comments/1rep7qs/how_do_you_feel_about_the_government_having_your/
2026-02-25T21:17:42+00:00,1rep6a5,AskReddit,37.35,1,2,1.0,https://www.reddit.com/r/AskReddit/comments/1rep6a5/which_scifi_movietv_show_clothes_better_fit_your/
2026-02-25T21:17:42+00:00,1rem2tg,worldnews,147.68,29,6,0.72,https://www.reddit.com/r/worldnews/comments/1rem2tg/isis_teaching_recruits_how_to_use_ai_responsibly/
2026-02-25T21:17:42+00:00,1refry7,worldnews,367.8,189,5,0.94,https://www.reddit.com/r/worldnews/comments/1refry7/russias_transneft_cuts_oil_intake_after_ukrainian/
2026-02-25T21:17:42+00:00,1reneu0,gaming,101.3,0,22,0.5,https://www.reddit.com/r/gaming/comments/1reneu0/whats_your_favorite_bullet_hell_genre_game/
2026-02-25T21:17:42+00:00,1reiiwc,gaming,269.2,0,39,0.31,https://www.reddit.com/r/gaming/comments/1reiiwc/your_take_on_good_video_game_movies/
2026-02-25T21:17:42+00:00,1reiist,todayilearned,269.3,705,193,0.84,https://www.reddit.com/r/todayilearned/comments/1reiist/til_erotic_photography_started_in_1839_nsfw/
2026-02-25T21:17:42+00:00,1regovp,todayilearned,333.98,603,33,0.98,https://www.reddit.com/r/todayilearned/comments/1regovp/til_heinrich_kramer_the_man_responsible_the_early/
2026-02-25T21:17:42+00:00,1reok9f,Music,60.05,4,0,1.0,https://www.reddit.com/r/Music/comments/1reok9f/alan_parsons_project_sirius_eye_in_the_sky_rock/
2026-02-25T21:17:42+00:00,1reodl7,aww,66.73,21,0,0.97,https://www.reddit.com/r/aww/comments/1reodl7/sleepy_kitties_in_the_window_of_the_local_thai/
2026-02-25T21:17:42+00:00,1rek0u2,aww,217.77,13,0,1.0,https://www.reddit.com/r/aww/comments/1rek0u2/the_man_of_the_house_resting_from_hard_work/
2026-02-25T21:17:42+00:00,1rekmts,movies,196.93,1342,239,0.94,https://www.reddit.com/r/movies/comments/1rekmts/new_poster_for_mortal_kombat_ii/
2026-02-25T21:17:42+00:00,1renlyb,memes,94.17,0,0,0.36,https://www.reddit.com/r/memes/comments/1renlyb/tshirt_gets_amazed_by_womans_bread/
2026-02-25T21:17:42+00:00,1ren2qg,memes,113.38,1,2,0.6,https://www.reddit.com/r/memes/comments/1ren2qg/run_for_you_lives/
2026-02-25T21:17:42+00:00,1rem7us,memes,143.12,85,9,0.98,https://www.reddit.com/r/memes/comments/1rem7us/alchemy_is_truly_alive_and_well/
2026-02-25T21:17:42+00:00,1relhnk,memes,168.05,2,0,0.76,https://www.reddit.com/r/memes/comments/1relhnk/classic_faces/
2026-02-25T21:17:42+00:00,1reofrc,science,64.52,17,5,0.87,https://www.reddit.com/r/science/comments/1reofrc/ayahuasca_psychedelic_dmt_shows_promise_as/
2026-02-25T21:17:42+00:00,1rekgig,science,203.0,89,32,0.76,https://www.reddit.com/r/science/comments/1rekgig/higher_intakes_of_total_processed_and_unprocessed/
2026-02-25T21:17:42+00:00,1rephjf,AskReddit,25.73,0,3,0.5,https://www.reddit.com/r/AskReddit/comments/1rephjf/whats_something_your_partner_did_in_bed_that/
2026-02-25T21:17:42+00:00,1reon8p,funny,57.0,0,3,0.44,https://www.reddit.com/r/funny/comments/1reon8p/fan_toilet_oc/
2026-02-25T21:17:42+00:00,1regsfd,funny,330.52,4467,189,0.95,https://www.reddit.com/r/funny/comments/1regsfd/reddit_every_few_months/
2026-02-25T21:17:42+00:00,1refwx8,funny,362.77,1031,70,0.96,https://www.reddit.com/r/funny/comments/1refwx8/it_works_as_long_as_it_makes_noise/
2026-02-25T21:17:42+00:00,1rep724,AskReddit,36.58,3,12,1.0,https://www.reddit.com/r/AskReddit/comments/1rep724/whats_the_most_unprofessional_thing_youve_seen_at/
2026-02-25T21:17:42+00:00,1rep6uj,AskReddit,36.82,0,0,0.33,https://www.reddit.com/r/AskReddit/comments/1rep6uj/what_is_your_most_nsfw_confession/
2026-02-25T21:17:42+00:00,1reoj3r,worldnews,61.18,17,1,0.73,https://www.reddit.com/r/worldnews/comments/1reoj3r/métis_leaders_unveil_1920s_model_dog_sled/
2026-02-25T21:17:42+00:00,1ren1tm,worldnews,114.3,68,10,0.76,https://www.reddit.com/r/worldnews/comments/1ren1tm/human_rights_protections_for_transgender_kiwis/
2026-02-25T21:17:42+00:00,1rekibd,worldnews,201.28,48,19,0.71,https://www.reddit.com/r/worldnews/comments/1rekibd/speaker_of_the_knesset_medal_pm_modi_conferred/
2026-02-25T21:17:42+00:00,1reifr6,worldnews,272.37,113,23,0.89,https://www.reddit.com/r/worldnews/comments/1reifr6/hungarys_viktor_orbán_stakes_his_reelection_on/
2026-02-25T21:17:42+00:00,1rem5dx,Music,145.38,0,0,0.5,https://www.reddit.com/r/Music/comments/1rem5dx/pedro_guitarra_3_rock/
2026-02-25T21:17:42+00:00,1rel6ka,aww,178.48,38,3,0.97,https://www.reddit.com/r/aww/comments/1rel6ka/cute_baby/
2026-02-25T21:17:42+00:00,1rekxx7,movies,186.67,20,48,0.8,https://www.reddit.com/r/movies/comments/1rekxx7/the_one/
2026-02-25T21:17:42+00:00,1ren01a,memes,116.1,7,7,0.61,https://www.reddit.com/r/memes/comments/1ren01a/i_think_humanity_might_have_already_lost_any/
2026-02-25T21:17:42+00:00,1reldd4,memes,172.2,0,0,0.33,https://www.reddit.com/r/memes/comments/1reldd4/rather_sad/
2026-02-25T21:17:42+00:00,1renjmz,science,96.5,8,4,0.79,https://www.reddit.com/r/science/comments/1renjmz/climate_change_could_threaten_monarch_mass/
2026-02-25T21:17:42+00:00,1reimnd,science,265.43,267,16,0.96,https://www.reddit.com/r/science/comments/1reimnd/chinese_scientists_successfully_built_an_aqueous/
2026-02-25T21:17:42+00:00,1reilak,science,266.83,6,3,0.69,https://www.reddit.com/r/science/comments/1reilak/mystery_of_snowmanshaped_space_objects_cracked/
2026-02-25T21:17:42+00:00,1reph7t,AskReddit,26.08,1,5,1.0,https://www.reddit.com/r/AskReddit/comments/1reph7t/what_is_the_worst_state/
2026-02-25T21:17:42+00:00,1rejv0f,funny,223.22,568,24,0.96,https://www.reddit.com/r/funny/comments/1rejv0f/press_x_to_dispense_treats/
2026-02-25T21:17:42+00:00,1rep20b,AskReddit,41.88,1,5,0.67,https://www.reddit.com/r/AskReddit/comments/1rep20b/whos_a_cringy_content_creator/
2026-02-25T21:17:42+00:00,1rejs9s,worldnews,225.73,508,54,0.96,https://www.reddit.com/r/worldnews/comments/1rejs9s/ukraine_to_cover_4000_km_of_roads_with_antidrone/
2026-02-25T21:17:42+00:00,1reiiu5,todayilearned,269.27,16987,516,0.98,https://www.reddit.com/r/todayilearned/comments/1reiiu5/til_that_cancún_didnt_exist_until_1970_its/
2026-02-25T21:17:42+00:00,1renovk,Music,91.2,1,0,0.67,https://www.reddit.com/r/Music/comments/1renovk/feeder_high_alternative_rock_1998/
2026-02-25T21:17:42+00:00,1remn9c,Music,128.13,2,0,0.76,https://www.reddit.com/r/Music/comments/1remn9c/suicidal_tendencies_enter_shikari_counterparts/
2026-02-25T21:17:42+00:00,1remo7e,aww,127.23,3,0,0.72,https://www.reddit.com/r/aww/comments/1remo7e/good_morning/
2026-02-25T21:17:42+00:00,1rekx5q,aww,187.4,63,6,0.96,https://www.reddit.com/r/aww/comments/1rekx5q/my_cute_smiley_boy_pilot_is_nearly_2_and_would/
2026-02-25T21:17:42+00:00,1rekoip,movies,195.43,1372,421,0.95,https://www.reddit.com/r/movies/comments/1rekoip/mortal_kombat_ii_official_trailer_ii/
2026-02-25T21:17:42+00:00,1reldb2,memes,172.27,0,10,0.39,https://www.reddit.com/r/memes/comments/1reldb2/they_were_deported/
2026-02-25T21:17:42+00:00,1reimyn,science,265.15,759,75,0.98,https://www.reddit.com/r/science/comments/1reimyn/a_new_projection_study_estimates_that_nearly_a/
2026-02-25T21:17:42+00:00,1reid5d,science,274.92,67,5,0.98,https://www.reddit.com/r/science/comments/1reid5d/researchers_identified_the_key_proteins_that/
2026-02-25T21:17:42+00:00,1rep5su,AskReddit,37.85,1,5,1.0,https://www.reddit.com/r/AskReddit/comments/1rep5su/if_you_could_be_completely_invisible_for_one_hour/
2026-02-25T21:17:42+00:00,1rep5n4,AskReddit,38.0,1,2,1.0,https://www.reddit.com/r/AskReddit/comments/1rep5n4/how_was_the_andrew_leaving_the_police_station_pic/
2026-02-25T21:17:42+00:00,1rep3e4,AskReddit,40.4,1,6,0.67,https://www.reddit.com/r/AskReddit/comments/1rep3e4/whats_something_people_either_do_or_dont_do_that/
2026-02-25T21:17:42+00:00,1rep2cj,AskReddit,41.53,0,14,0.29,https://www.reddit.com/r/AskReddit/comments/1rep2cj/how_do_you_guys_feel_about_cash_patel/
2026-02-25T21:17:42+00:00,1rep2sm,gaming,41.03,0,20,0.24,https://www.reddit.com/r/gaming/comments/1rep2sm/anyone_knows_any_simple_and_free_aim_trainers/
2026-02-25T21:17:42+00:00,1reiav6,gaming,277.22,330,691,0.91,https://www.reddit.com/r/gaming/comments/1reiav6/what_game_had_the_best_first_few_hours_that/
2026-02-25T21:17:42+00:00,1regj7h,todayilearned,339.82,26,20,0.66,https://www.reddit.com/r/todayilearned/comments/1regj7h/til_nickelback_producer_joey_moi_went_to/
2026-02-25T21:17:42+00:00,1regfcp,todayilearned,343.85,11529,256,0.98,https://www.reddit.com/r/todayilearned/comments/1regfcp/til_about_the_thrasis_region_of_mars_due_to_mars/
2026-02-25T21:17:42+00:00,1ren7st,Music,108.37,0,12,0.38,https://www.reddit.com/r/Music/comments/1ren7st/your_top_10_songs_off_all_time/
2026-02-25T21:17:42+00:00,1relsve,aww,157.22,82,5,0.98,https://www.reddit.com/r/aww/comments/1relsve/its_her_birthday/
2026-02-25T21:17:42+00:00,1rekwjp,aww,187.92,12,1,0.88,https://www.reddit.com/r/aww/comments/1rekwjp/her_thoughts_as_i_climbed_onto_thus_sofa/
2026-02-25T21:17:42+00:00,1renitf,memes,97.32,9,2,0.85,https://www.reddit.com/r/memes/comments/1renitf/why_are_cats_like_this/
2026-02-25T21:17:42+00:00,1rem3c7,memes,147.23,5,4,0.73,https://www.reddit.com/r/memes/comments/1rem3c7/damn_bro/
2026-02-25T21:17:48+00:00,1rekem0,funny,204.92,1910,11,0.97,https://www.reddit.com/r/funny/comments/1rekem0/oc_must_be/
2026-02-25T21:17:48+00:00,1rep1yc,AskReddit,42.03,1,1,1.0,https://www.reddit.com/r/AskReddit/comments/1rep1yc/how_did_you_know_or_realize_a_friend_was_going_to/
2026-02-25T21:17:48+00:00,1remtpy,worldnews,122.15,790,180,0.97,https://www.reddit.com/r/worldnews/comments/1remtpy/armed_confrontation_in_cuban_waters_leaves_four/
2026-02-25T21:17:48+00:00,1reig7v,worldnews,272.02,875,230,0.9,https://www.reddit.com/r/worldnews/comments/1reig7v/canada_pledges_8_million_in_food_aid_for_cuba_as/
2026-02-25T21:17:48+00:00,1reoy09,Music,46.03,0,21,0.25,https://www.reddit.com/r/Music/comments/1reoy09/i_know_this_was_prolly_posted_several_times_but/
2026-02-25T21:17:48+00:00,1reohna,Music,62.73,0,0,0.2,https://www.reddit.com/r/Music/comments/1reohna/has_anyone_heard_of_underground_starz_curious/
2026-02-25T21:17:48+00:00,1reoh7g,Music,63.17,0,0,0.2,https://www.reddit.com/r/Music/comments/1reoh7g/has_anyone_heard_of_underground_starz_curious/
2026-02-25T21:17:48+00:00,1renniq,Music,92.68,2,0,1.0,https://www.reddit.com/r/Music/comments/1renniq/night_tapes_swordsman_audiotree_live_performance/
2026-02-25T21:17:48+00:00,1reonfc,aww,56.92,1162,125,0.98,https://www.reddit.com/r/aww/comments/1reonfc/he_may_look_serious_but_hes_a_total_sweetheart/
2026-02-25T21:17:48+00:00,1rejvh4,movies,222.87,0,22,0.46,https://www.reddit.com/r/movies/comments/1rejvh4/1_give_me_your_favorite_actiondrama_film_of_all/
2026-02-25T21:17:48+00:00,1rempt4,memes,125.88,54,13,0.77,https://www.reddit.com/r/memes/comments/1rempt4/omelet_du_frommage/
2026-02-25T21:17:48+00:00,1renkzo,science,95.23,443,9,0.98,https://www.reddit.com/r/science/comments/1renkzo/neurosurgeons_are_really_good_at_removing_brain/
2026-02-25T21:17:48+00:00,1rephtz,AskReddit,25.52,1,2,0.67,https://www.reddit.com/r/AskReddit/comments/1rephtz/what_youtubercelebrity_fell_off_for_no_reason/
2026-02-25T21:17:48+00:00,1remcg7,funny,138.57,0,5,0.3,https://www.reddit.com/r/funny/comments/1remcg7/explosive/
2026-02-25T21:17:48+00:00,1relx18,funny,153.22,966,31,0.95,https://www.reddit.com/r/funny/comments/1relx18/interrupting_cow/
2026-02-25T21:17:48+00:00,1regpq8,funny,333.22,36419,171,0.97,https://www.reddit.com/r/funny/comments/1regpq8/class_participation/
2026-02-25T21:17:48+00:00,1rep57u,AskReddit,38.53,3,16,0.71,https://www.reddit.com/r/AskReddit/comments/1rep57u/whats_yalls_favorite_video_game/
2026-02-25T21:17:48+00:00,1rep4nz,AskReddit,39.12,2,2,0.75,https://www.reddit.com/r/AskReddit/comments/1rep4nz/hows_it_feel_to_know_the_attitude_changed_since/
2026-02-25T21:17:48+00:00,1relo65,gaming,161.93,0,27,0.33,https://www.reddit.com/r/gaming/comments/1relo65/resident_evil_requiem_often_uses_8gb_of_vram_at/
2026-02-25T21:17:48+00:00,1remrsu,Music,123.95,0,6,0.33,https://www.reddit.com/r/Music/comments/1remrsu/spice_girls_night_on_the_masked_singer/
2026-02-25T21:17:48+00:00,1ren12l,aww,115.13,400,12,1.0,https://www.reddit.com/r/aww/comments/1ren12l/my_cats_keeping_me_company_today/
2026-02-25T21:17:48+00:00,1rel9g4,aww,175.98,291,4,1.0,https://www.reddit.com/r/aww/comments/1rel9g4/my_majestic_battlescarred_old_boy/
2026-02-25T21:17:48+00:00,1reku2y,aww,190.33,7,2,0.74,https://www.reddit.com/r/aww/comments/1reku2y/i_very_love_small_dog/
2026-02-25T21:17:48+00:00,1rekr0e,aww,193.25,10,3,0.92,https://www.reddit.com/r/aww/comments/1rekr0e/he_is_living_his_best_life/
2026-02-25T21:17:48+00:00,1renmyl,memes,93.23,24,6,0.87,https://www.reddit.com/r/memes/comments/1renmyl/now_were_free_fallin/
2026-02-25T21:17:48+00:00,1ren8r6,memes,107.58,2,16,0.51,https://www.reddit.com/r/memes/comments/1ren8r6/pov_breaking_a_bone/
2026-02-25T21:17:48+00:00,1reibze,science,276.2,0,2,0.48,https://www.reddit.com/r/science/comments/1reibze/the_surprising_complexity_behind_the_squeak_of/
2026-02-25T21:17:48+00:00,1rep6ke,AskReddit,37.17,2,4,1.0,https://www.reddit.com/r/AskReddit/comments/1rep6ke/how_can_you_tell_the_difference_between_loving_a/
2026-02-25T21:17:48+00:00,1reop1t,funny,55.3,18,16,0.65,https://www.reddit.com/r/funny/comments/1reop1t/21st_century_declarations_of_love/
2026-02-25T21:17:48+00:00,1rep3ns,AskReddit,40.22,1,5,0.67,https://www.reddit.com/r/AskReddit/comments/1rep3ns/whats_something_people_think_is_illegal_that/
2026-02-25T21:17:48+00:00,1reoe52,movies,66.25,3,1,0.67,https://www.reddit.com/r/movies/comments/1reoe52/before_the_godfather_the_real_meeting_at_castello/
2026-02-25T21:17:48+00:00,1rep3w0,AskReddit,39.98,1,6,1.0,https://www.reddit.com/r/AskReddit/comments/1rep3w0/what_is_a_successful_life_that_actually_sounds/
2026-02-25T21:17:48+00:00,1reovk9,movies,48.57,2,1,0.67,https://www.reddit.com/r/movies/comments/1reovk9/i_created_a_website_where_you_can_enter_two/
2026-02-25T21:17:48+00:00,1reowrt,memes,47.32,3,0,1.0,https://www.reddit.com/r/memes/comments/1reowrt/sony_does_everything_except_what_fans_want_xd/
2026-02-25T21:17:53+00:00,1rep7h8,AskReddit,36.33,36,11,0.73,https://www.reddit.com/r/AskReddit/comments/1rep7h8/if_you_have_only_fans_how_do_you_deal_with_the/
2026-02-25T21:17:53+00:00,1reoftw,gaming,64.62,212,124,0.89,https://www.reddit.com/r/gaming/comments/1reoftw/loot_box_litigation_new_york_attorney_general/
2026-02-25T21:17:53+00:00,1reofzh,aww,64.45,34,17,0.94,https://www.reddit.com/r/aww/comments/1reofzh/he_loves_the_water_and_never_misses_a_walk/
2026-02-25T21:17:53+00:00,1reog03,science,64.45,140,11,0.99,https://www.reddit.com/r/science/comments/1reog03/a_recent_article_that_reviewed_evidence_from_29/
2026-02-25T21:17:53+00:00,1reoalh,aww,69.88,13,1,1.0,https://www.reddit.com/r/aww/comments/1reoalh/eevee_used_rest_its_super_effective/
2026-02-25T21:17:58+00:00,1reoxn4,Music,46.63,0,0,0.33,https://www.reddit.com/r/Music/comments/1reoxn4/scars_on_broadway_enemy_alternative_metal_2008/
2026-02-25T21:17:58+00:00,1rep64c,memes,37.8,5,1,1.0,https://www.reddit.com/r/memes/comments/1rep64c/time_to_hit_the_road/
2026-02-25T21:18:09+00:00,1reprto,AskReddit,15.97,2,4,1.0,https://www.reddit.com/r/AskReddit/comments/1reprto/what_made_you_realise_your_parents_werent_as/
2026-02-25T21:18:09+00:00,1reprmr,AskReddit,16.15,1,0,1.0,https://www.reddit.com/r/AskReddit/comments/1reprmr/what_constitutes_saggy_jowls/
2026-02-25T21:18:09+00:00,1reps7r,AskReddit,15.55,2,6,1.0,https://www.reddit.com/r/AskReddit/comments/1reps7r/whats_the_strangest_craving_youve_had/
2026-02-25T21:18:09+00:00,1req262,AskReddit,5.37,0,9,0.5,https://www.reddit.com/r/AskReddit/comments/1req262/pn_first_dates_how_do_you_all_split_the_bill_and/
2026-02-25T21:18:09+00:00,1req238,AskReddit,5.45,4,3,1.0,https://www.reddit.com/r/AskReddit/comments/1req238/whats_something_everyone_pretends_to_understand/
2026-02-25T21:18:09+00:00,1req235,AskReddit,5.45,1,0,1.0,https://www.reddit.com/r/AskReddit/comments/1req235/whats_something_people_think_is_a_small_decision/
2026-02-25T21:18:09+00:00,1req1c1,AskReddit,6.17,2,7,1.0,https://www.reddit.com/r/AskReddit/comments/1req1c1/if_animals_could_talk_which_one_would_be_the/
2026-02-25T21:18:09+00:00,1req2aw,memes,5.22,0,1,0.5,https://www.reddit.com/r/memes/comments/1req2aw/bro_shouldve_just_focused_in_his_goals_instead_of/
2026-02-25T21:18:09+00:00,1req1st,memes,5.72,1,0,1.0,https://www.reddit.com/r/memes/comments/1req1st/hes_not_just_in_the_files_hes_everywhere/
2026-02-25T21:18:21+00:00,1reprly,AskReddit,16.37,0,1,0.33,https://www.reddit.com/r/AskReddit/comments/1reprly/why_did_robert_carradine_kill_himself/
2026-02-25T21:18:21+00:00,1repryj,aww,16.02,23,3,1.0,https://www.reddit.com/r/aww/comments/1repryj/he_wants_to_say_hi/
2026-02-25T21:18:21+00:00,1reprz2,gaming,16.0,0,16,0.23,https://www.reddit.com/r/gaming/comments/1reprz2/horizon_hunters_gathering/
2026-02-25T21:18:41+00:00,1rep8hr,AskReddit,36.07,3,2,1.0,https://www.reddit.com/r/AskReddit/comments/1rep8hr/whats_your_favourite_pokemon/
2026-02-25T21:18:46+00:00,1rep8pa,AskReddit,35.93,1,78,0.53,https://www.reddit.com/r/AskReddit/comments/1rep8pa/you_are_given_1000000_but_you_have_to_live_inside/
2026-02-25T21:18:46+00:00,1rep8s7,memes,35.83,492,20,1.0,https://www.reddit.com/r/memes/comments/1rep8s7/weve_all_been_there/
2026-02-25T21:18:46+00:00,1rep8j2,AskReddit,36.1,1,3,1.0,https://www.reddit.com/r/AskReddit/comments/1rep8j2/what_degree_in_your_opinion_is_the_most_useful/
2026-02-25T21:18:46+00:00,1rep8t9,aww,35.82,4,0,0.83,https://www.reddit.com/r/aww/comments/1rep8t9/i_accidentally_opened_the_front_camera_and_this/
2026-02-25T21:18:46+00:00,1repj0d,memes,25.37,1,0,0.67,https://www.reddit.com/r/memes/comments/1repj0d/adulting_failure/
2026-02-25T21:18:51+00:00,1repj78,AskReddit,25.25,2,14,0.67,https://www.reddit.com/r/AskReddit/comments/1repj78/how_do_you_think_trump_will_react_when_everything/
2026-02-25T21:18:51+00:00,1rep96e,memes,35.5,17,6,0.74,https://www.reddit.com/r/memes/comments/1rep96e/yall_rate_my_meme_potential/
2026-02-25T21:18:51+00:00,1rep8bn,AskReddit,36.4,0,4,0.5,https://www.reddit.com/r/AskReddit/comments/1rep8bn/whats_your_favourite_song/
2026-02-25T21:18:51+00:00,1repj0v,AskReddit,25.43,5,13,1.0,https://www.reddit.com/r/AskReddit/comments/1repj0v/which_hack_managed_to_boost_your_confidence_and/
2026-02-25T21:19:06+00:00,1repsmm,AskReddit,16.1,0,7,0.5,https://www.reddit.com/r/AskReddit/comments/1repsmm/is_it_possible_to_make_a_catapult_or_trebuchet/
2026-02-25T21:19:11+00:00,1req2ol,funny,5.88,0,1,0.33,https://www.reddit.com/r/funny/comments/1req2ol/they_wouldnt_do_openings_like_this_anymore_today/
2026-02-25T21:19:11+00:00,1req337,AskReddit,5.45,1,1,0.67,https://www.reddit.com/r/AskReddit/comments/1req337/what_is_the_most_creative_way_someone_has_told/
2026-02-25T21:19:11+00:00,1req2oh,AskReddit,5.88,0,3,0.5,https://www.reddit.com/r/AskReddit/comments/1req2oh/whats_one_piece_of_advice_youd_take_to_the_grave/
2026-02-25T21:19:11+00:00,1req2jk,AskReddit,6.02,1,3,0.67,https://www.reddit.com/r/AskReddit/comments/1req2jk/who_is_the_one_person_that_matters_the_most_in/
2026-02-25T21:19:21+00:00,1rept8c,memes,15.72,6,1,1.0,https://www.reddit.com/r/memes/comments/1rept8c/just_got_it_done/
2026-02-25T21:19:46+00:00,1rep989,AskReddit,36.35,11,51,0.92,https://www.reddit.com/r/AskReddit/comments/1rep989/whats_a_single_sentence_someone_said_that_youve/
2026-02-25T21:19:46+00:00,1repa2w,AskReddit,35.48,2,6,1.0,https://www.reddit.com/r/AskReddit/comments/1repa2w/what_are_some_random_facts_not_many_people_know_of/
2026-02-25T21:19:52+00:00,1rep9z2,AskReddit,35.68,3,9,1.0,https://www.reddit.com/r/AskReddit/comments/1rep9z2/what_is_the_craziest_thing_youve_overheard/
2026-02-25T21:19:52+00:00,1rep9yo,aww,35.7,54,1,0.99,https://www.reddit.com/r/aww/comments/1rep9yo/emma_the_bear/
2026-02-25T21:19:52+00:00,1rep9nv,AskReddit,36.0,1,1,1.0,https://www.reddit.com/r/AskReddit/comments/1rep9nv/how_much_do_you_think_the_decreasing_optimism/
2026-02-25T21:19:52+00:00,1repjcw,AskReddit,26.1,2,2,1.0,https://www.reddit.com/r/AskReddit/comments/1repjcw/how_would_you_give_this_owner_a_1_star_review/
2026-02-25T21:19:57+00:00,1repa1r,AskReddit,35.7,0,22,0.2,https://www.reddit.com/r/AskReddit/comments/1repa1r/with_how_unpopular_lgbtq_policies_are_should/
2026-02-25T21:19:57+00:00,1repk4o,AskReddit,25.4,1,4,0.67,https://www.reddit.com/r/AskReddit/comments/1repk4o/how_would_you_feel_if_your_family_member/
2026-02-25T21:19:57+00:00,1rep9nt,memes,36.08,7,1,1.0,https://www.reddit.com/r/memes/comments/1rep9nt/decisions_decisions/
2026-02-25T21:19:57+00:00,1repjcf,AskReddit,26.2,1,8,0.67,https://www.reddit.com/r/AskReddit/comments/1repjcf/what_make_a_marriage_last/
2026-02-25T21:19:57+00:00,1repjgy,Music,26.07,2,0,1.0,https://www.reddit.com/r/Music/comments/1repjgy/roger_hodgson_only_because_of_you_rock/
2026-02-25T21:19:57+00:00,1repjth,aww,25.72,6,1,0.88,https://www.reddit.com/r/aww/comments/1repjth/balloon/
2026-02-25T21:20:02+00:00,1repjtj,memes,25.8,2,0,1.0,https://www.reddit.com/r/memes/comments/1repjtj/they_probably_should_lol/
2026-02-25T21:20:12+00:00,1reptox,AskReddit,16.1,0,5,0.33,https://www.reddit.com/r/AskReddit/comments/1reptox/if_you_could_live_in_any_time_period_which_one/
2026-02-25T21:20:12+00:00,1req45b,funny,5.33,4,1,0.7,https://www.reddit.com/r/funny/comments/1req45b/grandma_sets_an_alarm/
2026-02-25T21:20:12+00:00,1req468,AskReddit,5.32,0,4,0.5,https://www.reddit.com/r/AskReddit/comments/1req468/where_did_the_point_of_no_return_post_trend_on/
2026-02-25T21:20:12+00:00,1req428,AskReddit,5.42,3,5,1.0,https://www.reddit.com/r/AskReddit/comments/1req428/do_you_have_a_person_in_your_life_who_sneezes_or/
2026-02-25T21:20:12+00:00,1req3zn,AskReddit,5.5,1,7,0.67,https://www.reddit.com/r/AskReddit/comments/1req3zn/people_who_have_tasted_venison_whats_it_like_is/
2026-02-25T21:20:12+00:00,1req3yb,AskReddit,5.53,4,1,1.0,https://www.reddit.com/r/AskReddit/comments/1req3yb/should_professional_referees_have_to_do_postgame/
2026-02-25T21:20:12+00:00,1req3e2,AskReddit,6.17,1,6,0.67,https://www.reddit.com/r/AskReddit/comments/1req3e2/what_do_you_think_of_marriage/
2026-02-25T21:20:12+00:00,1repu10,AskReddit,15.75,0,0,0.5,https://www.reddit.com/r/AskReddit/comments/1repu10/if_you_had_the_chance_what_is_one_thing_you_would/
2026-02-25T21:20:12+00:00,1reptma,aww,16.18,2,0,1.0,https://www.reddit.com/r/aww/comments/1reptma/she_truly_is_a_sweetheart_with_a_very_noble_heart/
2026-02-25T21:20:12+00:00,1repu68,aww,15.62,9,0,1.0,https://www.reddit.com/r/aww/comments/1repu68/buddy/
2026-02-25T21:20:47+00:00,1repar4,AskReddit,35.75,2,16,1.0,https://www.reddit.com/r/AskReddit/comments/1repar4/what_is_the_name_of_your_cat/
2026-02-25T21:20:47+00:00,1repaps,AskReddit,35.8,1,4,1.0,https://www.reddit.com/r/AskReddit/comments/1repaps/what_scifitv_show_has_the_most_alienlike/
2026-02-25T21:20:47+00:00,1repl88,AskReddit,25.17,1,7,0.66,https://www.reddit.com/r/AskReddit/comments/1repl88/whats_the_creepiest_thing_youve_ever_experienced/
2026-02-25T21:20:52+00:00,1repkxi,todayilearned,25.53,1045,20,1.0,https://www.reddit.com/r/todayilearned/comments/1repkxi/til_while_recording_samples_for_the_mellotron_an/
2026-02-25T21:20:58+00:00,1repkei,AskReddit,26.13,0,5,0.33,https://www.reddit.com/r/AskReddit/comments/1repkei/why_do_you_think_everything_is_tied_back_to_israel/
2026-02-25T21:21:03+00:00,1repkiw,movies,26.1,1,1,1.0,https://www.reddit.com/r/movies/comments/1repkiw/mortal_kombat_ii_official_trailer_ii/
2026-02-25T21:21:13+00:00,1repuwn,AskReddit,15.9,2,0,1.0,https://www.reddit.com/r/AskReddit/comments/1repuwn/type_one_diabetics_of_reddit_what_are_some_things/
2026-02-25T21:21:13+00:00,1req59c,AskReddit,5.23,1,3,1.0,https://www.reddit.com/r/AskReddit/comments/1req59c/serious_what_is_the_best_dating_app_for_longterm/
2026-02-25T21:21:13+00:00,1req4ry,AskReddit,5.72,2,3,1.0,https://www.reddit.com/r/AskReddit/comments/1req4ry/imagine_you_woke_up_in_a_different_body_like_in/
2026-02-25T21:21:13+00:00,1req4lf,AskReddit,5.9,2,0,1.0,https://www.reddit.com/r/AskReddit/comments/1req4lf/whats_the_best_example_of_steak_too_juicy_lobster/
2026-02-25T21:21:13+00:00,1req4vt,Music,5.62,2,0,1.0,https://www.reddit.com/r/Music/comments/1req4vt/they_might_be_giants_the_guitar_alt_rock/
2026-02-25T21:21:13+00:00,1req4ds,aww,6.12,5,0,1.0,https://www.reddit.com/r/aww/comments/1req4ds/from_pup_to_pooch_happy_4th_birthday_charlie_angel/
2026-02-25T21:21:13+00:00,1req4x0,memes,5.58,2,1,1.0,https://www.reddit.com/r/memes/comments/1req4x0/the_only_ice_i_like_is_either_in_a_cooler_or/
2026-02-25T21:21:13+00:00,1repv7c,AskReddit,15.58,0,1,0.2,https://www.reddit.com/r/AskReddit/comments/1repv7c/is_there_any_victim_of_epstien_island_here_in/
2026-02-25T21:21:13+00:00,1repv23,AskReddit,15.75,3,2,1.0,https://www.reddit.com/r/AskReddit/comments/1repv23/hey_redditors_what_is_your_strangest_childhood/
2026-02-25T21:21:23+00:00,1repv08,memes,15.97,16,4,0.94,https://www.reddit.com/r/memes/comments/1repv08/cant_be_the_only_one/
2026-02-25T21:21:23+00:00,1repuys,AskReddit,16.0,0,2,0.5,https://www.reddit.com/r/AskReddit/comments/1repuys/if_it_were_the_end_of_the_world_what_would_be_the/
2026-02-25T21:21:38+00:00,1repbsq,AskReddit,35.52,1,0,1.0,https://www.reddit.com/r/AskReddit/comments/1repbsq/where_did_reddit_move_gold_to_on_android_app/
2026-02-25T21:21:43+00:00,1repc07,AskReddit,35.4,0,4,0.33,https://www.reddit.com/r/AskReddit/comments/1repc07/what_is_the_most_annoying_thing/
2026-02-25T21:21:43+00:00,1repbim,AskReddit,35.9,0,3,0.33,https://www.reddit.com/r/AskReddit/comments/1repbim/men_if_your_gf_wanted_you_to_not_masturbate/
2026-02-25T21:21:43+00:00,1repc2p,AskReddit,35.33,0,2,0.5,https://www.reddit.com/r/AskReddit/comments/1repc2p/what_if_there_was_no_judgement_or_punishment/
2026-02-25T21:21:43+00:00,1repbs0,AskReddit,35.63,0,0,0.5,https://www.reddit.com/r/AskReddit/comments/1repbs0/what_was_the_worst_thing_that_happened_to_you_and/
2026-02-25T21:21:49+00:00,1repbu9,AskReddit,35.67,2,3,1.0,https://www.reddit.com/r/AskReddit/comments/1repbu9/26_yo_leaving_corporate_what_are_some_tipsadvice/
2026-02-25T21:21:49+00:00,1replme,funny,25.8,242,20,0.97,https://www.reddit.com/r/funny/comments/1replme/comments/
2026-02-25T21:21:54+00:00,1repm0k,AskReddit,25.52,2,1,1.0,https://www.reddit.com/r/AskReddit/comments/1repm0k/how_do_you_deal_with_terrible_inlaws/
2026-02-25T21:21:54+00:00,1replot,AskReddit,25.82,0,1,0.5,https://www.reddit.com/r/AskReddit/comments/1replot/how_did_you_get_forced_to_incarnate_on_prison/
2026-02-25T21:22:04+00:00,1repm6m,AskReddit,25.52,2,18,0.75,https://www.reddit.com/r/AskReddit/comments/1repm6m/what_is_the_best_compliment_you_have_ever_received/
2026-02-25T21:22:04+00:00,1repmag,worldnews,25.4,0,0,0.25,https://www.reddit.com/r/worldnews/comments/1repmag/chaos_erupts_as_chuck_e_cheese_birthday_party/
2026-02-25T21:22:09+00:00,1repvgh,AskReddit,16.23,0,0,0.33,https://www.reddit.com/r/AskReddit/comments/1repvgh/what_do_you_think_is_the_biggest_challenge_facing/
2026-02-25T21:22:14+00:00,1repw9v,AskReddit,15.47,2,10,1.0,https://www.reddit.com/r/AskReddit/comments/1repw9v/whats_a_better_feeling_than_getting_home_from/
2026-02-25T21:22:14+00:00,1repvph,AskReddit,16.05,0,3,0.33,https://www.reddit.com/r/AskReddit/comments/1repvph/what_movies_live_rentfree_in_your_mind/
2026-02-25T21:22:14+00:00,1req62c,funny,5.5,14,2,0.94,https://www.reddit.com/r/funny/comments/1req62c/inflation_sushi/
2026-02-25T21:22:14+00:00,1req5uz,AskReddit,5.68,2,10,0.63,https://www.reddit.com/r/AskReddit/comments/1req5uz/if_crime_is_legal_without_any_consequences_for/
2026-02-25T21:22:14+00:00,1req5l1,AskReddit,5.93,2,2,1.0,https://www.reddit.com/r/AskReddit/comments/1req5l1/what_is_a_ridiculously_insignificant_reason_you/
2026-02-25T21:22:14+00:00,1req5ds,AskReddit,6.13,2,7,1.0,https://www.reddit.com/r/AskReddit/comments/1req5ds/what_is_a_small_everyday_thing_that_irrationally/
2026-02-25T21:22:14+00:00,1req61t,Music,5.52,2,0,1.0,https://www.reddit.com/r/Music/comments/1req61t/chris_aschman_neon_jazz_jazz_fusion_2026/
2026-02-25T21:22:14+00:00,1req688,movies,5.33,0,5,0.25,https://www.reddit.com/r/movies/comments/1req688/bourne_again/
2026-02-25T21:22:14+00:00,1repvr3,AskReddit,16.02,0,4,0.5,https://www.reddit.com/r/AskReddit/comments/1repvr3/what_are_some_stupid_laws_in_your_country/
2026-02-25T21:22:14+00:00,1repvuc,memes,15.93,13,1,1.0,https://www.reddit.com/r/memes/comments/1repvuc/well_the_look_on_his_face_says_it_all/
2026-02-25T21:22:24+00:00,1repviz,AskReddit,16.42,1,5,0.67,https://www.reddit.com/r/AskReddit/comments/1repviz/whats_the_one_thing_that_youre_really_good_at/
2026-02-25T21:22:24+00:00,1repw07,memes,15.92,1,1,0.67,https://www.reddit.com/r/memes/comments/1repw07/why_not_i_mean_a_tires_a_tire/
2026-02-25T21:22:34+00:00,1repccn,AskReddit,35.9,1,11,0.6,https://www.reddit.com/r/AskReddit/comments/1repccn/whats_the_secret_to_lasting_long_during_sex/
2026-02-25T21:22:39+00:00,1reizy9,movies,257.57,10,6,0.62,https://www.reddit.com/r/movies/comments/1reizy9/pretty_lethal_official_trailer_prime_video/
2026-02-25T21:22:39+00:00,1repcz3,AskReddit,35.35,3,16,0.8,https://www.reddit.com/r/AskReddit/comments/1repcz3/how_do_u_deal_with_overthinking_about_some_one/
2026-02-25T21:22:39+00:00,1repcpj,AskReddit,35.63,3,5,1.0,https://www.reddit.com/r/AskReddit/comments/1repcpj/what_are_the_small_signs_that_make_you_realize_a/
2026-02-25T21:22:45+00:00,1repd1j,worldnews,35.4,92,35,0.87,https://www.reddit.com/r/worldnews/comments/1repd1j/us_to_allow_resale_of_venezuelan_oil_to_cuba/
2026-02-25T21:22:45+00:00,1repcfx,AskReddit,36.0,4,4,0.67,https://www.reddit.com/r/AskReddit/comments/1repcfx/how_can_one_increase_the_karma/
2026-02-25T21:22:45+00:00,1repn90,AskReddit,25.12,0,8,0.5,https://www.reddit.com/r/AskReddit/comments/1repn90/what_jobs_require_little_work_allow_for/
2026-02-25T21:22:50+00:00,1repn1v,AskReddit,25.4,0,5,0.2,https://www.reddit.com/r/AskReddit/comments/1repn1v/what_according_to_you_is_the_right_age_for/
2026-02-25T21:22:50+00:00,1repmzw,todayilearned,25.45,52,14,0.91,https://www.reddit.com/r/todayilearned/comments/1repmzw/til_jim_hanks_tom_hanks_brother_voices_woody_for/
2026-02-25T21:22:55+00:00,1repn37,AskReddit,25.45,1,6,0.67,https://www.reddit.com/r/AskReddit/comments/1repn37/if_you_could_change_your_name_what_would_you_want/
2026-02-25T21:23:10+00:00,1repxe4,AskReddit,15.27,1,0,1.0,https://www.reddit.com/r/AskReddit/comments/1repxe4/whats_a_reddit_comment_that_actually_changed_the/
2026-02-25T21:23:10+00:00,1repx4a,AskReddit,15.55,1,4,1.0,https://www.reddit.com/r/AskReddit/comments/1repx4a/whats_something_people_think_is_sexy_but_actually/
2026-02-25T21:23:15+00:00,1repwj1,Music,16.25,1,0,0.67,https://www.reddit.com/r/Music/comments/1repwj1/tlc_musical_finds_its_tboz_left_eye_and_chilli/
2026-02-25T21:23:15+00:00,1req6e3,funny,6.18,7,5,0.82,https://www.reddit.com/r/funny/comments/1req6e3/agghh_lemme_just_put_it_back_again/
2026-02-25T21:23:15+00:00,1req77g,AskReddit,5.33,0,7,0.5,https://www.reddit.com/r/AskReddit/comments/1req77g/how_can_a_man_keep_a_woman_sexually_satisfied/
2026-02-25T21:23:15+00:00,1req71k,AskReddit,5.48,1,8,1.0,https://www.reddit.com/r/AskReddit/comments/1req71k/what_is_the_craziest_thing_that_you_have_read_in/
2026-02-25T21:23:15+00:00,1req6te,AskReddit,5.72,1,3,1.0,https://www.reddit.com/r/AskReddit/comments/1req6te/what_are_your_thoughts_on_men_that_pull_their/
2026-02-25T21:23:15+00:00,1req6sv,AskReddit,5.73,1,4,1.0,https://www.reddit.com/r/AskReddit/comments/1req6sv/what_are_some_bad_male_names/
2026-02-25T21:23:15+00:00,1req76z,science,5.35,4,1,0.83,https://www.reddit.com/r/science/comments/1req76z/animals_perception_of_time_is_linked_to_the_pace/
2026-02-25T21:23:25+00:00,1repxbs,AskReddit,15.58,1,1,1.0,https://www.reddit.com/r/AskReddit/comments/1repxbs/whats_something_you_used_to_judge_people_for_that/
2026-02-25T21:23:25+00:00,1repwwl,AskReddit,16.02,2,3,1.0,https://www.reddit.com/r/AskReddit/comments/1repwwl/how_do_you_manage_your_time_throughout_the_day/
2026-02-25T21:23:45+00:00,1repdk6,worldnews,35.82,0,0,0.5,https://www.reddit.com/r/worldnews/comments/1repdk6/aramco_halts_juaymah_lpg_exports_for_weeks_after/
2026-02-25T21:23:45+00:00,1repdjc,AskReddit,35.85,1,0,1.0,https://www.reddit.com/r/AskReddit/comments/1repdjc/re_hazardous_history_w_henry_wrinkler_what_things/
2026-02-25T21:23:50+00:00,1repdqt,AskReddit,35.72,2,5,1.0,https://www.reddit.com/r/AskReddit/comments/1repdqt/what_changed_your_personality_forever/
2026-02-25T21:23:55+00:00,1repo1r,AskReddit,25.47,1,2,0.67,https://www.reddit.com/r/AskReddit/comments/1repo1r/what_happened_when_you_involved_the_union_in_your/
2026-02-25T21:24:10+00:00,1repy7i,AskReddit,15.43,1,6,1.0,https://www.reddit.com/r/AskReddit/comments/1repy7i/solicitor_why_do_you_go_door_to_door_bothering/
2026-02-25T21:24:10+00:00,1repxte,worldnews,15.82,6,2,1.0,https://www.reddit.com/r/worldnews/comments/1repxte/venezuela_attorney_general_saab_has_tendered/
2026-02-25T21:24:10+00:00,1repxun,AskReddit,15.78,1,5,1.0,https://www.reddit.com/r/AskReddit/comments/1repxun/whats_a_moment_in_your_life_that_still_gives_you/
2026-02-25T21:24:16+00:00,1repxgu,AskReddit,16.28,2,5,1.0,https://www.reddit.com/r/AskReddit/comments/1repxgu/what_albums_do_you_think_are_perfect_in_every_way/
2026-02-25T21:24:16+00:00,1repxys,AskReddit,15.78,1,0,1.0,https://www.reddit.com/r/AskReddit/comments/1repxys/type_one_diabetics_of_reddit_what_people_do_for/
2026-02-25T21:24:16+00:00,1repxs0,AskReddit,15.97,0,7,0.25,https://www.reddit.com/r/AskReddit/comments/1repxs0/people_under_he_age_of_30_is_sex_sacred_to_you/
2026-02-25T21:24:25+00:00,1req8cn,AskReddit,5.38,2,3,1.0,https://www.reddit.com/r/AskReddit/comments/1req8cn/what_is_your_favorite_type_of_medical_appointment/
2026-02-25T21:24:25+00:00,1req7og,AskReddit,6.05,2,5,1.0,https://www.reddit.com/r/AskReddit/comments/1req7og/have_you_ever_had_a_near_death_experience_and_if/
2026-02-25T21:24:25+00:00,1req80h,Music,5.73,0,0,0.5,https://www.reddit.com/r/Music/comments/1req80h/escuchase_alexs_song/
2026-02-25T21:24:25+00:00,1req7o6,memes,6.05,1,0,1.0,https://www.reddit.com/r/memes/comments/1req7o6/hes_not_just_in_the_files_hes_everyehere/
2026-02-25T21:24:40+00:00,1repeol,AskReddit,35.65,0,4,0.5,https://www.reddit.com/r/AskReddit/comments/1repeol/whats_the_strangest_or_most_embarrassing_thing/
2026-02-25T21:24:51+00:00,1repek9,AskReddit,35.92,0,4,0.2,https://www.reddit.com/r/AskReddit/comments/1repek9/redditors_who_walked_in_on_your_parents_while/
2026-02-25T21:25:01+00:00,1repp0b,AskReddit,25.57,1,5,0.67,https://www.reddit.com/r/AskReddit/comments/1repp0b/what_is_a_small_decision_you_made_years_ago_that/
2026-02-25T21:25:01+00:00,1repoqj,memes,25.85,2,0,1.0,https://www.reddit.com/r/memes/comments/1repoqj/nothings_more_satisfying_than_slapping_one/
2026-02-25T21:25:06+00:00,1repp8f,AskReddit,25.45,0,7,0.5,https://www.reddit.com/r/AskReddit/comments/1repp8f/the_gambias_africas_smallest_mainland_country/
2026-02-25T21:25:06+00:00,1repodf,AskReddit,26.32,0,0,0.33,https://www.reddit.com/r/AskReddit/comments/1repodf/noncopywriters_do_you_notice_cliche_in_businesses/
2026-02-25T21:25:06+00:00,1repp2o,AskReddit,25.6,0,3,0.5,https://www.reddit.com/r/AskReddit/comments/1repp2o/what_youtuber_do_you_think_will_be_cancelled_next/
2026-02-25T21:25:06+00:00,1repox0,AskReddit,25.75,0,2,0.5,https://www.reddit.com/r/AskReddit/comments/1repox0/how_would_the_world_look_like_if_humans_never_had/
2026-02-25T21:25:06+00:00,1repp0c,Music,25.65,5,1,0.86,https://www.reddit.com/r/Music/comments/1repp0c/lambrini_girls_feat_peaches_cuntology_101_peaches/
2026-02-25T21:25:16+00:00,1repzc7,AskReddit,15.37,1,2,1.0,https://www.reddit.com/r/AskReddit/comments/1repzc7/face_vs_body_what_truly_catches_your_eye_first/
2026-02-25T21:25:26+00:00,1req9az,AskReddit,5.5,0,2,0.5,https://www.reddit.com/r/AskReddit/comments/1req9az/what_are_your_craziest_drinking_stories/
2026-02-25T21:25:26+00:00,1req91m,AskReddit,5.78,1,5,1.0,https://www.reddit.com/r/AskReddit/comments/1req91m/what_does_it_mean_if_exes_keep_making_eye_contact/
2026-02-25T21:25:26+00:00,1req8n7,aww,6.13,7,1,1.0,https://www.reddit.com/r/aww/comments/1req8n7/the_reason_my_phone_storage_is_full/
2026-02-25T21:25:26+00:00,1repypp,AskReddit,16.17,9,15,1.0,https://www.reddit.com/r/AskReddit/comments/1repypp/what_is_the_most_unusual_country_you_have_visited/
2026-02-25T21:25:41+00:00,1repfh5,AskReddit,35.88,4,13,1.0,https://www.reddit.com/r/AskReddit/comments/1repfh5/whats_a_trend_that_needs_to_disappear_already/
2026-02-25T21:25:46+00:00,1repfjq,AskReddit,35.88,4,7,1.0,https://www.reddit.com/r/AskReddit/comments/1repfjq/what_your_worstbest_experience_with_online_friends/
2026-02-25T21:25:46+00:00,1repfps,AskReddit,35.72,1,4,1.0,https://www.reddit.com/r/AskReddit/comments/1repfps/if_your_thoughts_made_sound_effects_what_noises/
2026-02-25T21:25:51+00:00,1repf6e,memes,36.33,7,3,0.89,https://www.reddit.com/r/memes/comments/1repf6e/where_dreams_go_to_die/
2026-02-25T21:25:56+00:00,1repf6w,AskReddit,36.4,1,0,1.0,https://www.reddit.com/r/AskReddit/comments/1repf6w/if_you_had_to_name_a_pokemon_after_yourself_what/
2026-02-25T21:26:12+00:00,1repzx6,AskReddit,15.72,1,4,1.0,https://www.reddit.com/r/AskReddit/comments/1repzx6/what_is_the_craziest_thing_youve_ever_seen_at_a/
2026-02-25T21:26:17+00:00,1req03p,AskReddit,15.62,2,12,1.0,https://www.reddit.com/r/AskReddit/comments/1req03p/what_would_a_stranger_say_if_they_saw_your/
2026-02-25T21:26:17+00:00,1reppkz,AskReddit,26.28,0,2,0.33,https://www.reddit.com/r/AskReddit/comments/1reppkz/what_do_you_use_your_uggel_pics_for/
2026-02-25T21:26:17+00:00,1repq4f,memes,25.75,8,0,1.0,https://www.reddit.com/r/memes/comments/1repq4f/its_happen_to_us_all/
2026-02-25T21:26:17+00:00,1req00j,AskReddit,15.7,0,0,0.5,https://www.reddit.com/r/AskReddit/comments/1req00j/whats_something_everyone_lies_about_but_pretends/
2026-02-25T21:26:26+00:00,1reppo5,movies,26.35,0,2,0.5,https://www.reddit.com/r/movies/comments/1reppo5/random_coincidences_in_a_double_bill/
2026-02-25T21:26:26+00:00,1req00a,AskReddit,15.87,1,4,1.0,https://www.reddit.com/r/AskReddit/comments/1req00a/what_is_the_weirdest_american_idiom_you_have_ever/
2026-02-25T21:26:26+00:00,1reqac0,AskReddit,5.47,0,1,0.5,https://www.reddit.com/r/AskReddit/comments/1reqac0/what_will_the_consequences_be_for_muskpacs/
2026-02-25T21:26:26+00:00,1req9rc,AskReddit,6.05,2,5,1.0,https://www.reddit.com/r/AskReddit/comments/1req9rc/whats_a_movie_thats_truly_made_you_cry/
2026-02-25T21:26:26+00:00,1req9lo,AskReddit,6.22,0,0,0.5,https://www.reddit.com/r/AskReddit/comments/1req9lo/whats_your_irl_version_of_they_popped_their_ult/
2026-02-25T21:26:26+00:00,1reqahx,worldnews,5.3,6,1,0.88,https://www.reddit.com/r/worldnews/comments/1reqahx/iceland_to_hold_eu_referendum_in_the_coming/
2026-02-25T21:26:26+00:00,1req9qi,Music,6.07,1,0,1.0,https://www.reddit.com/r/Music/comments/1req9qi/slumbering_sun_liminal_bridges_stoner_rock_sludge/
2026-02-25T21:26:26+00:00,1repqc9,AskReddit,25.68,1,0,1.0,https://www.reddit.com/r/AskReddit/comments/1repqc9/any_weird_masses_found_randomly_when_not_looking/
2026-02-25T21:26:42+00:00,1repg5z,AskReddit,36.2,4,17,0.83,https://www.reddit.com/r/AskReddit/comments/1repg5z/what_was_the_last_emoji_you_used/
2026-02-25T21:26:42+00:00,1repgwl,AskReddit,35.42,2,1,1.0,https://www.reddit.com/r/AskReddit/comments/1repgwl/what_jobs_should_exist_but_dont/
2026-02-25T21:26:42+00:00,1repghl,Music,35.85,20,18,0.74,https://www.reddit.com/r/Music/comments/1repghl/sum_41_fatlip_punk/
2026-02-25T21:26:47+00:00,1repgrq,AskReddit,35.63,1,7,0.67,https://www.reddit.com/r/AskReddit/comments/1repgrq/has_your_partner_ever_emotionally_cheated_on_you/
2026-02-25T21:26:47+00:00,1repg3i,AskReddit,36.33,3,8,1.0,https://www.reddit.com/r/AskReddit/comments/1repg3i/what_social_norm_actually_harms_people_more_than/
2026-02-25T21:26:52+00:00,1repgpo,science,35.77,34,3,0.95,https://www.reddit.com/r/science/comments/1repgpo/toxic_waste_from_screens_ends_up_in_endangered/
2026-02-25T21:27:02+00:00,1reprdz,science,25.27,271,64,0.91,https://www.reddit.com/r/science/comments/1reprdz/donald_trump_gained_2024_votes_in_areas_where/
2026-02-25T21:27:13+00:00,1repqq1,AskReddit,26.1,0,1,0.5,https://www.reddit.com/r/AskReddit/comments/1repqq1/what_do_you_do_for_a_living_and_whats_your_pay_x/
2026-02-25T21:27:13+00:00,1req0wz,AskReddit,15.68,0,1,0.33,https://www.reddit.com/r/AskReddit/comments/1req0wz/women_of_reddit_what_sexual_acts_could_a_man/
2026-02-25T21:27:13+00:00,1req0tb,AskReddit,15.78,2,1,1.0,https://www.reddit.com/r/AskReddit/comments/1req0tb/whats_something_that_gets_worse_the_more/
2026-02-25T21:27:13+00:00,1reprdo,AskReddit,25.45,2,8,1.0,https://www.reddit.com/r/AskReddit/comments/1reprdo/what_happened_at_work_that_made_you_realize_that/
2026-02-25T21:27:18+00:00,1repqqi,AskReddit,26.17,0,6,0.25,https://www.reddit.com/r/AskReddit/comments/1repqqi/if_you_had_to_finish_100_big_macs_and_you_can/
2026-02-25T21:27:18+00:00,1req0dz,AskReddit,16.32,1,4,1.0,https://www.reddit.com/r/AskReddit/comments/1req0dz/be_honest_if_youve_ever_filled_out_a_feedback/
2026-02-25T21:27:28+00:00,1reprcv,AskReddit,25.73,0,7,0.22,https://www.reddit.com/r/AskReddit/comments/1reprcv/who_hates_asian_men_more_than_asian_women/
2026-02-25T21:27:28+00:00,1repqtv,AskReddit,26.23,0,13,0.25,https://www.reddit.com/r/AskReddit/comments/1repqtv/whats_the_likelihood_of_mexican_cartels_actually/
2026-02-25T21:27:28+00:00,1reqbez,AskReddit,5.4,0,8,0.25,https://www.reddit.com/r/AskReddit/comments/1reqbez/whats_underrated_in_bed/
2026-02-25T21:27:28+00:00,1reqbda,AskReddit,5.45,0,2,0.5,https://www.reddit.com/r/AskReddit/comments/1reqbda/how_would_you_feel_for_a_house_cat_to_become/
2026-02-25T21:27:28+00:00,1reqbcn,AskReddit,5.47,0,1,0.5,https://www.reddit.com/r/AskReddit/comments/1reqbcn/if_you_found_out_something_you_really_liked_like/
2026-02-25T21:27:28+00:00,1reqb43,AskReddit,5.7,0,5,0.5,https://www.reddit.com/r/AskReddit/comments/1reqb43/whats_your_favorite_pizza_topping/
2026-02-25T21:27:28+00:00,1reqato,AskReddit,6.0,0,1,0.5,https://www.reddit.com/r/AskReddit/comments/1reqato/whats_your_guilty_pleasure/
2026-02-25T21:27:28+00:00,1reqar7,AskReddit,6.07,0,5,0.5,https://www.reddit.com/r/AskReddit/comments/1reqar7/how_do_you_feel_about_people_who_dont_wanna_have/
2026-02-25T21:27:28+00:00,1reqald,movies,6.23,0,2,0.44,https://www.reddit.com/r/movies/comments/1reqald/i_find_the_description_of_promising_young_woman/
2026-02-25T21:27:28+00:00,1reqbh7,memes,5.32,0,0,0.5,https://www.reddit.com/r/memes/comments/1reqbh7/beat_it_chick_lezcel_edition/
2026-02-25T21:27:28+00:00,1repr93,AskReddit,25.83,0,1,0.5,https://www.reddit.com/r/AskReddit/comments/1repr93/what_is_a_point_of_no_return_that_youve_crossed/
2026-02-25T21:27:28+00:00,1req12z,AskReddit,15.75,1,1,1.0,https://www.reddit.com/r/AskReddit/comments/1req12z/whats_your_1_gripe_today/
2026-02-25T21:27:33+00:00,1rep23z,AskReddit,51.63,1,7,1.0,https://www.reddit.com/r/AskReddit/comments/1rep23z/how_would_you_feel_finding_out_that_you_are_your/
2026-02-25T21:27:33+00:00,1rep2aa,AskReddit,51.45,3,7,1.0,https://www.reddit.com/r/AskReddit/comments/1rep2aa/hows_it_feel_being_in_love_with_someone_that_is/
2026-02-25T21:27:33+00:00,1reoraf,funny,62.82,73,10,0.86,https://www.reddit.com/r/funny/comments/1reoraf/these_are_notoriously_difficult_to_figure_out/
2026-02-25T21:27:33+00:00,1rep6r5,AskReddit,46.75,41,103,0.96,https://www.reddit.com/r/AskReddit/comments/1rep6r5/whats_something_society_treats_as_embarrassing/
2026-02-25T21:27:33+00:00,1rep1rd,AskReddit,51.98,1,10,0.67,https://www.reddit.com/r/AskReddit/comments/1rep1rd/what_would_you_do_if_you_had_a_time_machine/
2026-02-25T21:27:33+00:00,1rep1ar,AskReddit,52.47,4,4,1.0,https://www.reddit.com/r/AskReddit/comments/1rep1ar/why_did_reddit_just_release_the_worst_app_update/
2026-02-25T21:27:33+00:00,1reoqkf,Music,63.6,0,6,0.5,https://www.reddit.com/r/Music/comments/1reoqkf/how_do_i_find_d_a_song_that_seems_to_be_wiped/
2026-02-25T21:27:38+00:00,1rep5cj,AskReddit,48.25,0,1,0.33,https://www.reddit.com/r/AskReddit/comments/1rep5cj/now_that_millions_of_documents_related_to_the/
2026-02-25T21:27:38+00:00,1rep803,AskReddit,45.52,2,4,0.75,https://www.reddit.com/r/AskReddit/comments/1rep803/how_do_you_handle_a_breakup/
2026-02-25T21:27:38+00:00,1renw1l,movies,94.07,84,35,0.87,https://www.reddit.com/r/movies/comments/1renw1l/unleashed_2005_danny_fight_1_vs_4_in_the_pool/
2026-02-25T21:27:38+00:00,1renz6m,science,90.88,76,15,0.96,https://www.reddit.com/r/science/comments/1renz6m/urine_tests_confirm_alcohol_consumption_in_wild/
2026-02-25T21:27:38+00:00,1rep2sm,gaming,50.97,0,21,0.24,https://www.reddit.com/r/gaming/comments/1rep2sm/anyone_knows_any_simple_and_free_aim_trainers/
2026-02-25T21:27:38+00:00,1rens4g,Music,97.87,1,0,1.0,https://www.reddit.com/r/Music/comments/1rens4g/audio_gather_me_luz_ysabelle_cuevas_pop/
2026-02-25T21:27:38+00:00,1rephww,AskReddit,35.28,1,7,0.6,https://www.reddit.com/r/AskReddit/comments/1rephww/what_is_the_kindest_thing_a_stranger_has_ever/
2026-02-25T21:27:43+00:00,1rep724,AskReddit,46.6,4,13,1.0,https://www.reddit.com/r/AskReddit/comments/1rep724/whats_the_most_unprofessional_thing_youve_seen_at/
2026-02-25T21:27:43+00:00,1rep6uj,AskReddit,46.83,0,0,0.33,https://www.reddit.com/r/AskReddit/comments/1rep6uj/what_is_your_most_nsfw_confession/
2026-02-25T21:27:43+00:00,1rep5n4,AskReddit,48.02,1,2,1.0,https://www.reddit.com/r/AskReddit/comments/1rep5n4/how_was_the_andrew_leaving_the_police_station_pic/
2026-02-25T21:27:43+00:00,1rep5su,AskReddit,47.87,1,5,1.0,https://www.reddit.com/r/AskReddit/comments/1rep5su/if_you_could_be_completely_invisible_for_one_hour/
2026-02-25T21:27:43+00:00,1rep20b,AskReddit,51.9,1,6,0.67,https://www.reddit.com/r/AskReddit/comments/1rep20b/whos_a_cringy_content_creator/
2026-02-25T21:27:43+00:00,1rep1bf,AskReddit,52.62,1,7,0.67,https://www.reddit.com/r/AskReddit/comments/1rep1bf/at_the_height_of_their_fame_who_got_more_action/
2026-02-25T21:27:43+00:00,1reon8p,funny,67.02,0,3,0.42,https://www.reddit.com/r/funny/comments/1reon8p/fan_toilet_oc/
2026-02-25T21:27:43+00:00,1reoz1j,aww,54.92,49,1,1.0,https://www.reddit.com/r/aww/comments/1reoz1j/we_found_this_little_baby_about_a_month_and_a/
2026-02-25T21:27:43+00:00,1rephcl,AskReddit,35.95,1,1,1.0,https://www.reddit.com/r/AskReddit/comments/1rephcl/hows_life_been_for_you_since_the_breakup/
2026-02-25T21:27:43+00:00,1reop1t,funny,65.22,21,17,0.67,https://www.reddit.com/r/funny/comments/1reop1t/21st_century_declarations_of_love/
2026-02-25T21:27:43+00:00,1rep6ke,AskReddit,47.08,2,4,1.0,https://www.reddit.com/r/AskReddit/comments/1rep6ke/how_can_you_tell_the_difference_between_loving_a/
2026-02-25T21:27:43+00:00,1rep1yc,AskReddit,51.95,1,2,1.0,https://www.reddit.com/r/AskReddit/comments/1rep1yc/how_did_you_know_or_realize_a_friend_was_going_to/
2026-02-25T21:27:43+00:00,1reovk9,movies,58.48,2,1,0.67,https://www.reddit.com/r/movies/comments/1reovk9/i_created_a_website_where_you_can_enter_two/
2026-02-25T21:27:43+00:00,1rep4wk,memes,48.78,0,0,0.33,https://www.reddit.com/r/memes/comments/1rep4wk/cowabummer_dude/
2026-02-25T21:27:43+00:00,1rephvn,AskReddit,35.38,1,4,1.0,https://www.reddit.com/r/AskReddit/comments/1rephvn/what_went_wrong_with_katherine_short_why_was_she/
2026-02-25T21:27:43+00:00,1rephjf,AskReddit,35.75,0,3,0.5,https://www.reddit.com/r/AskReddit/comments/1rephjf/whats_something_your_partner_did_in_bed_that/
2026-02-25T21:27:48+00:00,1rep6a5,AskReddit,47.45,1,3,1.0,https://www.reddit.com/r/AskReddit/comments/1rep6a5/which_scifi_movietv_show_clothes_better_fit_your/
2026-02-25T21:27:48+00:00,1rep4nz,AskReddit,49.12,2,2,0.75,https://www.reddit.com/r/AskReddit/comments/1rep4nz/hows_it_feel_to_know_the_attitude_changed_since/
2026-02-25T21:27:48+00:00,1rep2cj,AskReddit,51.63,0,14,0.29,https://www.reddit.com/r/AskReddit/comments/1rep2cj/how_do_you_guys_feel_about_cash_patel/
2026-02-25T21:27:48+00:00,1reph7t,AskReddit,36.18,1,5,1.0,https://www.reddit.com/r/AskReddit/comments/1reph7t/what_is_the_worst_state/
2026-02-25T21:27:48+00:00,1rep7qs,AskReddit,45.95,1,5,0.67,https://www.reddit.com/r/AskReddit/comments/1rep7qs/how_do_you_feel_about_the_government_having_your/
2026-02-25T21:27:48+00:00,1rep57u,AskReddit,48.53,3,16,0.71,https://www.reddit.com/r/AskReddit/comments/1rep57u/whats_yalls_favorite_video_game/
2026-02-25T21:27:48+00:00,1renret,Music,98.77,1,0,1.0,https://www.reddit.com/r/Music/comments/1renret/music_history_events_jazz_albums_recorded_feb_25/
2026-02-25T21:27:48+00:00,1rep44n,AskReddit,49.7,1,2,1.0,https://www.reddit.com/r/AskReddit/comments/1rep44n/what_was_the_single_greatest_moment_of_sheer/
2026-02-25T21:27:48+00:00,1rep3e4,AskReddit,50.5,1,6,0.67,https://www.reddit.com/r/AskReddit/comments/1rep3e4/whats_something_people_either_do_or_dont_do_that/
2026-02-25T21:27:48+00:00,1renwnl,aww,93.67,16,3,0.95,https://www.reddit.com/r/aww/comments/1renwnl/thanks_for_flowers_papa_i_will_eat_them_later/
2026-02-25T21:27:48+00:00,1rens2z,science,98.07,3,1,0.71,https://www.reddit.com/r/science/comments/1rens2z/programmable_integrated_quantum_photonics_nature/
2026-02-25T21:27:48+00:00,1reph52,AskReddit,36.28,1,8,1.0,https://www.reddit.com/r/AskReddit/comments/1reph52/you_are_given_1_million_but_you_have_to_spend_it/
2026-02-25T21:27:48+00:00,1rephtz,AskReddit,35.52,1,2,0.67,https://www.reddit.com/r/AskReddit/comments/1rephtz/what_youtubercelebrity_fell_off_for_no_reason/
2026-02-25T21:27:48+00:00,1reoy09,Music,56.03,0,22,0.25,https://www.reddit.com/r/Music/comments/1reoy09/i_know_this_was_prolly_posted_several_times_but/
2026-02-25T21:27:48+00:00,1reowrt,memes,57.32,3,0,1.0,https://www.reddit.com/r/memes/comments/1reowrt/sony_does_everything_except_what_fans_want_xd/
2026-02-25T21:27:53+00:00,1rentrq,movies,96.52,0,5,0.35,https://www.reddit.com/r/movies/comments/1rentrq/subtle_little_morbid_detail_in_frankenstein_2025/
2026-02-25T21:27:53+00:00,1reonfc,aww,67.0,1587,159,0.97,https://www.reddit.com/r/aww/comments/1reonfc/he_may_look_serious_but_hes_a_total_sweetheart/
2026-02-25T21:27:53+00:00,1rep3w0,AskReddit,50.07,1,6,1.0,https://www.reddit.com/r/AskReddit/comments/1rep3w0/what_is_a_successful_life_that_actually_sounds/
2026-02-25T21:27:53+00:00,1rep3ns,AskReddit,50.3,1,5,0.67,https://www.reddit.com/r/AskReddit/comments/1rep3ns/whats_something_people_think_is_illegal_that/
2026-02-25T21:27:53+00:00,1rep7h8,AskReddit,46.33,41,11,0.71,https://www.reddit.com/r/AskReddit/comments/1rep7h8/if_you_have_only_fans_how_do_you_deal_with_the/
2026-02-25T21:27:59+00:00,1rep64c,memes,47.82,5,1,1.0,https://www.reddit.com/r/memes/comments/1rep64c/time_to_hit_the_road/
2026-02-25T21:27:59+00:00,1reoxn4,Music,56.65,0,0,0.33,https://www.reddit.com/r/Music/comments/1reoxn4/scars_on_broadway_enemy_alternative_metal_2008/
2026-02-25T21:28:09+00:00,1reprto,AskReddit,25.97,2,4,1.0,https://www.reddit.com/r/AskReddit/comments/1reprto/what_made_you_realise_your_parents_werent_as/
2026-02-25T21:28:09+00:00,1req1st,memes,15.72,1,0,1.0,https://www.reddit.com/r/memes/comments/1req1st/hes_not_just_in_the_files_hes_everywhere/
2026-02-25T21:28:09+00:00,1req2aw,memes,15.22,0,3,0.33,https://www.reddit.com/r/memes/comments/1req2aw/bro_shouldve_just_focused_in_his_goals_instead_of/
2026-02-25T21:28:09+00:00,1reprmr,AskReddit,26.15,1,0,1.0,https://www.reddit.com/r/AskReddit/comments/1reprmr/what_constitutes_saggy_jowls/
2026-02-25T21:28:14+00:00,1req1c1,AskReddit,16.25,1,12,0.67,https://www.reddit.com/r/AskReddit/comments/1req1c1/if_animals_could_talk_which_one_would_be_the/
2026-02-25T21:28:14+00:00,1reps7r,AskReddit,25.63,2,8,1.0,https://www.reddit.com/r/AskReddit/comments/1reps7r/whats_the_strangest_craving_youve_had/
2026-02-25T21:28:14+00:00,1req262,AskReddit,15.45,0,11,0.5,https://www.reddit.com/r/AskReddit/comments/1req262/pn_first_dates_how_do_you_all_split_the_bill_and/
2026-02-25T21:28:14+00:00,1req238,AskReddit,15.53,4,8,1.0,https://www.reddit.com/r/AskReddit/comments/1req238/whats_something_everyone_pretends_to_understand/
2026-02-25T21:28:14+00:00,1req235,AskReddit,15.53,1,2,1.0,https://www.reddit.com/r/AskReddit/comments/1req235/whats_something_people_think_is_a_small_decision/
2026-02-25T21:28:19+00:00,1repryj,aww,25.98,53,5,1.0,https://www.reddit.com/r/aww/comments/1repryj/he_wants_to_say_hi/
2026-02-25T21:28:29+00:00,1reqc7t,Music,5.57,1,0,1.0,https://www.reddit.com/r/Music/comments/1reqc7t/suede_everything_will_flow_rock/
2026-02-25T21:28:29+00:00,1reprly,AskReddit,26.5,0,1,0.25,https://www.reddit.com/r/AskReddit/comments/1reprly/why_did_robert_carradine_kill_himself/
2026-02-25T21:28:29+00:00,1reprz2,gaming,26.13,0,25,0.2,https://www.reddit.com/r/gaming/comments/1reprz2/horizon_hunters_gathering/
2026-02-25T21:28:39+00:00,1rep8hr,AskReddit,46.03,3,2,1.0,https://www.reddit.com/r/AskReddit/comments/1rep8hr/whats_your_favourite_pokemon/
2026-02-25T21:28:44+00:00,1rep8j2,AskReddit,46.07,1,3,1.0,https://www.reddit.com/r/AskReddit/comments/1rep8j2/what_degree_in_your_opinion_is_the_most_useful/
2026-02-25T21:28:44+00:00,1rep8s7,memes,45.8,853,24,0.99,https://www.reddit.com/r/memes/comments/1rep8s7/weve_all_been_there/
2026-02-25T21:28:49+00:00,1repj0v,AskReddit,35.4,6,14,1.0,https://www.reddit.com/r/AskReddit/comments/1repj0v/which_hack_managed_to_boost_your_confidence_and/
2026-02-25T21:28:49+00:00,1repj0d,memes,35.42,1,0,0.67,https://www.reddit.com/r/memes/comments/1repj0d/adulting_failure/
2026-02-25T21:28:49+00:00,1rep8pa,AskReddit,45.98,1,78,0.53,https://www.reddit.com/r/AskReddit/comments/1rep8pa/you_are_given_1000000_but_you_have_to_live_inside/
2026-02-25T21:28:49+00:00,1rep8t9,aww,45.87,5,0,0.86,https://www.reddit.com/r/aww/comments/1rep8t9/i_accidentally_opened_the_front_camera_and_this/
2026-02-25T21:28:49+00:00,1rep96e,memes,45.47,26,8,0.76,https://www.reddit.com/r/memes/comments/1rep96e/yall_rate_my_meme_potential/
2026-02-25T21:28:54+00:00,1rep8bn,AskReddit,46.45,0,4,0.5,https://www.reddit.com/r/AskReddit/comments/1rep8bn/whats_your_favourite_song/
2026-02-25T21:28:59+00:00,1repj78,AskReddit,35.38,1,18,0.57,https://www.reddit.com/r/AskReddit/comments/1repj78/how_do_you_think_trump_will_react_when_everything/
2026-02-25T21:29:04+00:00,1repsmm,AskReddit,26.07,0,8,0.5,https://www.reddit.com/r/AskReddit/comments/1repsmm/is_it_possible_to_make_a_catapult_or_trebuchet/
2026-02-25T21:29:10+00:00,1req2ol,funny,15.87,0,1,0.5,https://www.reddit.com/r/funny/comments/1req2ol/they_wouldnt_do_openings_like_this_anymore_today/
2026-02-25T21:29:10+00:00,1req2jk,AskReddit,16.0,3,3,0.8,https://www.reddit.com/r/AskReddit/comments/1req2jk/who_is_the_one_person_that_matters_the_most_in/
2026-02-25T21:29:10+00:00,1req337,AskReddit,15.43,1,1,0.67,https://www.reddit.com/r/AskReddit/comments/1req337/what_is_the_most_creative_way_someone_has_told/
2026-02-25T21:29:15+00:00,1req2oh,AskReddit,15.95,2,4,0.75,https://www.reddit.com/r/AskReddit/comments/1req2oh/whats_one_piece_of_advice_youd_take_to_the_grave/
2026-02-25T21:29:29+00:00,1rept8c,memes,25.85,6,1,1.0,https://www.reddit.com/r/memes/comments/1rept8c/just_got_it_done/
2026-02-25T21:29:29+00:00,1reqd0p,AskReddit,5.65,3,2,1.0,https://www.reddit.com/r/AskReddit/comments/1reqd0p/what_is_the_most_tactless_question_youve_heard/
2026-02-25T21:29:29+00:00,1reqcwt,AskReddit,5.78,0,8,0.5,https://www.reddit.com/r/AskReddit/comments/1reqcwt/what_food_combinations_are_surprisingly_really/
2026-02-25T21:29:45+00:00,1rep989,AskReddit,46.33,12,73,0.93,https://www.reddit.com/r/AskReddit/comments/1rep989/whats_a_single_sentence_someone_said_that_youve/
2026-02-25T21:29:45+00:00,1repa2w,AskReddit,45.47,2,6,1.0,https://www.reddit.com/r/AskReddit/comments/1repa2w/what_are_some_random_facts_not_many_people_know_of/
2026-02-25T21:29:50+00:00,1rep9nv,AskReddit,45.97,1,1,1.0,https://www.reddit.com/r/AskReddit/comments/1rep9nv/how_much_do_you_think_the_decreasing_optimism/
2026-02-25T21:29:55+00:00,1rep9z2,AskReddit,45.73,3,9,1.0,https://www.reddit.com/r/AskReddit/comments/1rep9z2/what_is_the_craziest_thing_youve_overheard/
2026-02-25T21:29:55+00:00,1repa1r,AskReddit,45.67,0,22,0.2,https://www.reddit.com/r/AskReddit/comments/1repa1r/with_how_unpopular_lgbtq_policies_are_should/
2026-02-25T21:29:55+00:00,1rep9yo,aww,45.75,61,1,0.99,https://www.reddit.com/r/aww/comments/1rep9yo/emma_the_bear/
2026-02-25T21:29:55+00:00,1repjcw,AskReddit,36.15,2,1,1.0,https://www.reddit.com/r/AskReddit/comments/1repjcw/how_would_you_give_this_owner_a_1_star_review/
2026-02-25T21:30:00+00:00,1rep9nt,memes,46.13,7,1,1.0,https://www.reddit.com/r/memes/comments/1rep9nt/decisions_decisions/
2026-02-25T21:30:00+00:00,1repk4o,AskReddit,35.45,1,4,0.67,https://www.reddit.com/r/AskReddit/comments/1repk4o/how_would_you_feel_if_your_family_member/
2026-02-25T21:30:00+00:00,1repjth,aww,35.77,7,1,0.89,https://www.reddit.com/r/aww/comments/1repjth/balloon/
2026-02-25T21:30:00+00:00,1repjgy,Music,36.12,2,0,1.0,https://www.reddit.com/r/Music/comments/1repjgy/roger_hodgson_only_because_of_you_rock/
2026-02-25T21:30:00+00:00,1repjtj,memes,35.77,2,0,1.0,https://www.reddit.com/r/memes/comments/1repjtj/they_probably_should_lol/
2026-02-25T21:30:00+00:00,1repjcf,AskReddit,36.25,1,8,0.67,https://www.reddit.com/r/AskReddit/comments/1repjcf/what_make_a_marriage_last/
2026-02-25T21:30:10+00:00,1req3e2,AskReddit,16.13,2,12,0.75,https://www.reddit.com/r/AskReddit/comments/1req3e2/what_do_you_think_of_marriage/
2026-02-25T21:30:10+00:00,1repu10,AskReddit,25.72,0,0,0.5,https://www.reddit.com/r/AskReddit/comments/1repu10/if_you_had_the_chance_what_is_one_thing_you_would/
2026-02-25T21:30:15+00:00,1reptma,aww,26.23,2,0,1.0,https://www.reddit.com/r/aww/comments/1reptma/she_truly_is_a_sweetheart_with_a_very_noble_heart/
2026-02-25T21:30:15+00:00,1req3zn,AskReddit,15.55,2,16,0.75,https://www.reddit.com/r/AskReddit/comments/1req3zn/people_who_have_tasted_venison_whats_it_like_is/
2026-02-25T21:30:15+00:00,1reptox,AskReddit,26.15,0,5,0.33,https://www.reddit.com/r/AskReddit/comments/1reptox/if_you_could_live_in_any_time_period_which_one/
2026-02-25T21:30:15+00:00,1req468,AskReddit,15.37,1,6,0.67,https://www.reddit.com/r/AskReddit/comments/1req468/where_did_the_point_of_no_return_post_trend_on/
2026-02-25T21:30:21+00:00,1req45b,funny,15.48,20,5,0.81,https://www.reddit.com/r/funny/comments/1req45b/grandma_sets_an_alarm/
2026-02-25T21:30:21+00:00,1req3yb,AskReddit,15.68,6,2,1.0,https://www.reddit.com/r/AskReddit/comments/1req3yb/should_professional_referees_have_to_do_postgame/
2026-02-25T21:30:21+00:00,1repu68,aww,25.77,10,0,1.0,https://www.reddit.com/r/aww/comments/1repu68/buddy/
2026-02-25T21:30:21+00:00,1req428,AskReddit,15.57,6,13,1.0,https://www.reddit.com/r/AskReddit/comments/1req428/do_you_have_a_person_in_your_life_who_sneezes_or/
2026-02-25T21:30:21+00:00,1reqdur,AskReddit,5.58,6,15,1.0,https://www.reddit.com/r/AskReddit/comments/1reqdur/what_was_something_that_ended_your_crush_on/
2026-02-25T21:30:21+00:00,1reqdiq,AskReddit,5.92,0,3,0.5,https://www.reddit.com/r/AskReddit/comments/1reqdiq/what_do_you_understand_easily_that_others_usually/
2026-02-25T21:30:46+00:00,1repar4,AskReddit,45.73,2,16,1.0,https://www.reddit.com/r/AskReddit/comments/1repar4/what_is_the_name_of_your_cat/
2026-02-25T21:30:51+00:00,1repaps,AskReddit,45.87,2,4,1.0,https://www.reddit.com/r/AskReddit/comments/1repaps/what_scifitv_show_has_the_most_alienlike/
2026-02-25T21:30:51+00:00,1repkxi,todayilearned,35.52,1893,32,1.0,https://www.reddit.com/r/todayilearned/comments/1repkxi/til_while_recording_samples_for_the_mellotron_an/
2026-02-25T21:30:56+00:00,1repl88,AskReddit,35.32,1,7,0.66,https://www.reddit.com/r/AskReddit/comments/1repl88/whats_the_creepiest_thing_youve_ever_experienced/
2026-02-25T21:31:06+00:00,1repkei,AskReddit,36.27,0,5,0.33,https://www.reddit.com/r/AskReddit/comments/1repkei/why_do_you_think_everything_is_tied_back_to_israel/
2026-02-25T21:31:06+00:00,1repkiw,movies,36.15,1,1,1.0,https://www.reddit.com/r/movies/comments/1repkiw/mortal_kombat_ii_official_trailer_ii/
2026-02-25T21:31:11+00:00,1req4ry,AskReddit,15.68,2,3,1.0,https://www.reddit.com/r/AskReddit/comments/1req4ry/imagine_you_woke_up_in_a_different_body_like_in/
2026-02-25T21:31:11+00:00,1req4lf,AskReddit,15.87,3,1,1.0,https://www.reddit.com/r/AskReddit/comments/1req4lf/whats_the_best_example_of_steak_too_juicy_lobster/
2026-02-25T21:31:16+00:00,1repv7c,AskReddit,25.63,0,1,0.2,https://www.reddit.com/r/AskReddit/comments/1repv7c/is_there_any_victim_of_epstien_island_here_in/
2026-02-25T21:31:16+00:00,1req4x0,memes,15.63,3,1,1.0,https://www.reddit.com/r/memes/comments/1req4x0/the_only_ice_i_like_is_either_in_a_cooler_or/
2026-02-25T21:31:16+00:00,1req4vt,Music,15.67,2,0,1.0,https://www.reddit.com/r/Music/comments/1req4vt/they_might_be_giants_the_guitar_alt_rock/
2026-02-25T21:31:16+00:00,1repv23,AskReddit,25.8,3,2,1.0,https://www.reddit.com/r/AskReddit/comments/1repv23/hey_redditors_what_is_your_strangest_childhood/
2026-02-25T21:31:16+00:00,1req59c,AskReddit,15.28,2,5,1.0,https://www.reddit.com/r/AskReddit/comments/1req59c/serious_what_is_the_best_dating_app_for_longterm/
2026-02-25T21:31:16+00:00,1req4ds,aww,16.17,9,0,1.0,https://www.reddit.com/r/aww/comments/1req4ds/from_pup_to_pooch_happy_4th_birthday_charlie_angel/
2026-02-25T21:31:22+00:00,1repuwn,AskReddit,26.05,2,0,1.0,https://www.reddit.com/r/AskReddit/comments/1repuwn/type_one_diabetics_of_reddit_what_are_some_things/
2026-02-25T21:31:22+00:00,1repv08,memes,25.95,45,5,0.98,https://www.reddit.com/r/memes/comments/1repv08/cant_be_the_only_one/
2026-02-25T21:31:22+00:00,1reqehu,AskReddit,5.97,3,12,0.8,https://www.reddit.com/r/AskReddit/comments/1reqehu/what_is_a_1010_non_alcoholic_drink/
2026-02-25T21:31:31+00:00,1repuys,AskReddit,26.13,0,2,0.5,https://www.reddit.com/r/AskReddit/comments/1repuys/if_it_were_the_end_of_the_world_what_would_be_the/
2026-02-25T21:31:42+00:00,1repc07,AskReddit,45.38,0,4,0.33,https://www.reddit.com/r/AskReddit/comments/1repc07/what_is_the_most_annoying_thing/
2026-02-25T21:31:42+00:00,1repbs0,AskReddit,45.62,0,0,0.5,https://www.reddit.com/r/AskReddit/comments/1repbs0/what_was_the_worst_thing_that_happened_to_you_and/
2026-02-25T21:31:47+00:00,1repbsq,AskReddit,45.67,1,0,1.0,https://www.reddit.com/r/AskReddit/comments/1repbsq/where_did_reddit_move_gold_to_on_android_app/
2026-02-25T21:31:47+00:00,1repc2p,AskReddit,45.4,0,2,0.5,https://www.reddit.com/r/AskReddit/comments/1repc2p/what_if_there_was_no_judgement_or_punishment/
2026-02-25T21:31:47+00:00,1repbim,AskReddit,45.97,0,3,0.33,https://www.reddit.com/r/AskReddit/comments/1repbim/men_if_your_gf_wanted_you_to_not_masturbate/
2026-02-25T21:31:52+00:00,1replme,funny,35.85,490,29,0.97,https://www.reddit.com/r/funny/comments/1replme/comments/
2026-02-25T21:31:57+00:00,1repbu9,AskReddit,45.8,2,3,1.0,https://www.reddit.com/r/AskReddit/comments/1repbu9/26_yo_leaving_corporate_what_are_some_tipsadvice/
2026-02-25T21:31:57+00:00,1repm0k,AskReddit,35.57,2,1,1.0,https://www.reddit.com/r/AskReddit/comments/1repm0k/how_do_you_deal_with_terrible_inlaws/
2026-02-25T21:32:02+00:00,1replot,AskReddit,35.95,0,1,0.5,https://www.reddit.com/r/AskReddit/comments/1replot/how_did_you_get_forced_to_incarnate_on_prison/
2026-02-25T21:32:02+00:00,1repm6m,AskReddit,35.48,2,20,0.75,https://www.reddit.com/r/AskReddit/comments/1repm6m/what_is_the_best_compliment_you_have_ever_received/
2026-02-25T21:32:02+00:00,1repmag,worldnews,35.37,0,0,0.25,https://www.reddit.com/r/worldnews/comments/1repmag/chaos_erupts_as_chuck_e_cheese_birthday_party/
2026-02-25T21:32:12+00:00,1repw9v,AskReddit,25.43,2,12,1.0,https://www.reddit.com/r/AskReddit/comments/1repw9v/whats_a_better_feeling_than_getting_home_from/
2026-02-25T21:32:12+00:00,1req61t,Music,15.48,3,0,1.0,https://www.reddit.com/r/Music/comments/1req61t/chris_aschman_neon_jazz_jazz_fusion_2026/
2026-02-25T21:32:12+00:00,1repvr3,AskReddit,25.98,0,4,0.5,https://www.reddit.com/r/AskReddit/comments/1repvr3/what_are_some_stupid_laws_in_your_country/
2026-02-25T21:32:12+00:00,1repvuc,memes,25.9,21,2,0.96,https://www.reddit.com/r/memes/comments/1repvuc/well_the_look_on_his_face_says_it_all/
2026-02-25T21:32:12+00:00,1req5l1,AskReddit,15.9,3,6,1.0,https://www.reddit.com/r/AskReddit/comments/1req5l1/what_is_a_ridiculously_insignificant_reason_you/
2026-02-25T21:32:17+00:00,1repvgh,AskReddit,26.37,0,0,0.33,https://www.reddit.com/r/AskReddit/comments/1repvgh/what_do_you_think_is_the_biggest_challenge_facing/
2026-02-25T21:32:17+00:00,1req5ds,AskReddit,16.18,3,14,1.0,https://www.reddit.com/r/AskReddit/comments/1req5ds/what_is_a_small_everyday_thing_that_irrationally/
2026-02-25T21:32:17+00:00,1req5uz,AskReddit,15.73,0,26,0.5,https://www.reddit.com/r/AskReddit/comments/1req5uz/if_crime_is_legal_without_any_consequences_for/
2026-02-25T21:32:17+00:00,1req62c,funny,15.55,84,5,0.97,https://www.reddit.com/r/funny/comments/1req62c/inflation_sushi/
2026-02-25T21:32:23+00:00,1repvph,AskReddit,26.2,0,3,0.33,https://www.reddit.com/r/AskReddit/comments/1repvph/what_movies_live_rentfree_in_your_mind/
2026-02-25T21:32:23+00:00,1repviz,AskReddit,26.4,1,5,0.67,https://www.reddit.com/r/AskReddit/comments/1repviz/whats_the_one_thing_that_youre_really_good_at/
2026-02-25T21:32:23+00:00,1req688,movies,15.48,0,11,0.13,https://www.reddit.com/r/movies/comments/1req688/bourne_again/
2026-02-25T21:32:23+00:00,1reqg1e,AskReddit,5.33,1,6,1.0,https://www.reddit.com/r/AskReddit/comments/1reqg1e/what_current_series_are_you_watching_that_youd/
2026-02-25T21:32:23+00:00,1reqfvs,AskReddit,5.5,1,5,1.0,https://www.reddit.com/r/AskReddit/comments/1reqfvs/whats_the_most_unexpected_side_effect_of_turning/
2026-02-25T21:32:23+00:00,1reqfm1,AskReddit,5.78,2,6,0.75,https://www.reddit.com/r/AskReddit/comments/1reqfm1/whats_the_wildest_place_youve_ever_hooked_up/
2026-02-25T21:32:23+00:00,1reqfjg,AskReddit,5.85,1,2,1.0,https://www.reddit.com/r/AskReddit/comments/1reqfjg/what_are_the_main_things_people_should_learn/
2026-02-25T21:32:23+00:00,1reqfcs,AskReddit,6.05,0,0,0.5,https://www.reddit.com/r/AskReddit/comments/1reqfcs/what_do_you_think_guys_in_this_new_genz_world_are/
2026-02-25T21:32:23+00:00,1reqfc7,AskReddit,6.07,1,1,1.0,https://www.reddit.com/r/AskReddit/comments/1reqfc7/whats_a_small_boundary_that_improved_your_life/
2026-02-25T21:32:23+00:00,1reqfu4,gaming,5.55,0,3,0.33,https://www.reddit.com/r/gaming/comments/1reqfu4/not_a_fan_of_horror_games_playing_re2_remake_only/
2026-02-25T21:32:23+00:00,1reqfwm,aww,5.47,1,0,1.0,https://www.reddit.com/r/aww/comments/1reqfwm/my_dog_is_so_strange/
2026-02-25T21:32:34+00:00,1repw07,memes,26.08,1,1,0.67,https://www.reddit.com/r/memes/comments/1repw07/why_not_i_mean_a_tires_a_tire/
2026-02-25T21:32:34+00:00,1repcpj,AskReddit,45.55,3,5,1.0,https://www.reddit.com/r/AskReddit/comments/1repcpj/what_are_the_small_signs_that_make_you_realize_a/
2026-02-25T21:32:40+00:00,1repccn,AskReddit,46.0,1,11,0.6,https://www.reddit.com/r/AskReddit/comments/1repccn/whats_the_secret_to_lasting_long_during_sex/
2026-02-25T21:32:40+00:00,1repcz3,AskReddit,45.37,3,19,0.8,https://www.reddit.com/r/AskReddit/comments/1repcz3/how_do_u_deal_with_overthinking_about_some_one/
2026-02-25T21:32:40+00:00,1repcfx,AskReddit,45.92,4,4,0.67,https://www.reddit.com/r/AskReddit/comments/1repcfx/how_can_one_increase_the_karma/
2026-02-25T21:32:45+00:00,1repn90,AskReddit,35.12,0,8,0.5,https://www.reddit.com/r/AskReddit/comments/1repn90/what_jobs_require_little_work_allow_for/
2026-02-25T21:32:45+00:00,1repn1v,AskReddit,35.32,0,4,0.2,https://www.reddit.com/r/AskReddit/comments/1repn1v/what_according_to_you_is_the_right_age_for/
2026-02-25T21:32:50+00:00,1repd1j,worldnews,45.48,138,50,0.88,https://www.reddit.com/r/worldnews/comments/1repd1j/us_to_allow_resale_of_venezuelan_oil_to_cuba/
2026-02-25T21:32:55+00:00,1repmzw,todayilearned,35.53,187,27,0.94,https://www.reddit.com/r/todayilearned/comments/1repmzw/til_jim_hanks_tom_hanks_brother_voices_woody_for/
2026-02-25T21:33:00+00:00,1repn37,AskReddit,35.53,1,6,0.67,https://www.reddit.com/r/AskReddit/comments/1repn37/if_you_could_change_your_name_what_would_you_want/
2026-02-25T21:33:10+00:00,1repxe4,AskReddit,25.27,1,0,1.0,https://www.reddit.com/r/AskReddit/comments/1repxe4/whats_a_reddit_comment_that_actually_changed_the/
2026-02-25T21:33:10+00:00,1req71k,AskReddit,15.4,0,13,0.5,https://www.reddit.com/r/AskReddit/comments/1req71k/what_is_the_craziest_thing_that_you_have_read_in/
2026-02-25T21:33:15+00:00,1repx4a,AskReddit,25.63,1,4,1.0,https://www.reddit.com/r/AskReddit/comments/1repx4a/whats_something_people_think_is_sexy_but_actually/
2026-02-25T21:33:15+00:00,1req6te,AskReddit,15.72,0,4,0.33,https://www.reddit.com/r/AskReddit/comments/1req6te/what_are_your_thoughts_on_men_that_pull_their/
2026-02-25T21:33:21+00:00,1req77g,AskReddit,15.43,0,7,0.5,https://www.reddit.com/r/AskReddit/comments/1req77g/how_can_a_man_keep_a_woman_sexually_satisfied/
2026-02-25T21:33:21+00:00,1repwj1,Music,26.35,1,0,0.67,https://www.reddit.com/r/Music/comments/1repwj1/tlc_musical_finds_its_tboz_left_eye_and_chilli/
2026-02-25T21:33:21+00:00,1req6e3,funny,16.28,40,8,0.78,https://www.reddit.com/r/funny/comments/1req6e3/agghh_lemme_just_put_it_back_again/
2026-02-25T21:33:21+00:00,1req76z,science,15.45,9,1,0.85,https://www.reddit.com/r/science/comments/1req76z/animals_perception_of_time_is_linked_to_the_pace/
2026-02-25T21:33:21+00:00,1req6sv,AskReddit,15.83,1,8,0.67,https://www.reddit.com/r/AskReddit/comments/1req6sv/what_are_some_bad_male_names/
2026-02-25T21:33:26+00:00,1repxbs,AskReddit,25.6,1,1,1.0,https://www.reddit.com/r/AskReddit/comments/1repxbs/whats_something_you_used_to_judge_people_for_that/
2026-02-25T21:33:26+00:00,1repwwl,AskReddit,26.03,2,3,1.0,https://www.reddit.com/r/AskReddit/comments/1repwwl/how_do_you_manage_your_time_throughout_the_day/
2026-02-25T21:33:26+00:00,1reqgzn,AskReddit,5.45,2,0,1.0,https://www.reddit.com/r/AskReddit/comments/1reqgzn/what_is_the_most_funniest_incident_which_happened/
2026-02-25T21:33:26+00:00,1reqgx7,AskReddit,5.52,1,2,1.0,https://www.reddit.com/r/AskReddit/comments/1reqgx7/if_humans_suddenly_lost_the_ability_to_feel/
2026-02-25T21:33:26+00:00,1reqgw9,AskReddit,5.53,1,3,1.0,https://www.reddit.com/r/AskReddit/comments/1reqgw9/what_are_some_lesser_known_undisclosed_realities/
2026-02-25T21:33:26+00:00,1reqgh1,AskReddit,5.95,9,9,1.0,https://www.reddit.com/r/AskReddit/comments/1reqgh1/what_is_the_dumbest_thing_youve_done_for_a_girl/
2026-02-25T21:33:26+00:00,1reqgga,todayilearned,5.98,18,6,0.74,https://www.reddit.com/r/todayilearned/comments/1reqgga/til_when_jerry_seinfeld_was_38_he_openly_dated_a/
2026-02-25T21:33:26+00:00,1reqh3z,aww,5.35,3,0,1.0,https://www.reddit.com/r/aww/comments/1reqh3z/my_friends_cat_looks_adorable/
2026-02-25T21:33:26+00:00,1reqgiv,aww,5.9,3,0,1.0,https://www.reddit.com/r/aww/comments/1reqgiv/didnt_realize_she_was_actually_stuck_in_this/
2026-02-25T21:33:46+00:00,1repdjc,AskReddit,45.87,1,0,1.0,https://www.reddit.com/r/AskReddit/comments/1repdjc/re_hazardous_history_w_henry_wrinkler_what_things/
2026-02-25T21:33:51+00:00,1repdk6,worldnews,45.92,0,0,0.5,https://www.reddit.com/r/worldnews/comments/1repdk6/aramco_halts_juaymah_lpg_exports_for_weeks_after/
2026-02-25T21:33:56+00:00,1repdqt,AskReddit,45.82,2,5,1.0,https://www.reddit.com/r/AskReddit/comments/1repdqt/what_changed_your_personality_forever/
2026-02-25T21:34:01+00:00,1repo1r,AskReddit,35.57,1,2,0.67,https://www.reddit.com/r/AskReddit/comments/1repo1r/what_happened_when_you_involved_the_union_in_your/
2026-02-25T21:34:06+00:00,1repxun,AskReddit,25.72,1,5,1.0,https://www.reddit.com/r/AskReddit/comments/1repxun/whats_a_moment_in_your_life_that_still_gives_you/
2026-02-25T21:34:11+00:00,1repy7i,AskReddit,25.45,0,6,0.33,https://www.reddit.com/r/AskReddit/comments/1repy7i/solicitor_why_do_you_go_door_to_door_bothering/
2026-02-25T21:34:11+00:00,1repxte,worldnews,25.83,7,2,1.0,https://www.reddit.com/r/worldnews/comments/1repxte/venezuela_attorney_general_saab_has_tendered/
2026-02-25T21:34:16+00:00,1repxs0,AskReddit,25.97,0,7,0.25,https://www.reddit.com/r/AskReddit/comments/1repxs0/people_under_he_age_of_30_is_sex_sacred_to_you/
2026-02-25T21:34:16+00:00,1repxgu,AskReddit,26.28,2,6,1.0,https://www.reddit.com/r/AskReddit/comments/1repxgu/what_albums_do_you_think_are_perfect_in_every_way/
2026-02-25T21:34:22+00:00,1repxys,AskReddit,25.88,1,0,1.0,https://www.reddit.com/r/AskReddit/comments/1repxys/type_one_diabetics_of_reddit_what_people_do_for/
2026-02-25T21:34:22+00:00,1req7og,AskReddit,16.0,2,9,0.75,https://www.reddit.com/r/AskReddit/comments/1req7og/have_you_ever_had_a_near_death_experience_and_if/
2026-02-25T21:34:22+00:00,1req8cn,AskReddit,15.33,1,3,0.67,https://www.reddit.com/r/AskReddit/comments/1req8cn/what_is_your_favorite_type_of_medical_appointment/
2026-02-25T21:34:27+00:00,1reqhzq,AskReddit,5.45,0,4,0.2,https://www.reddit.com/r/AskReddit/comments/1reqhzq/popular_girls_whats_the_best_sprayperfume/
2026-02-25T21:34:27+00:00,1reqhng,AskReddit,5.82,1,5,1.0,https://www.reddit.com/r/AskReddit/comments/1reqhng/fellow_depressed_and_people_with_harsh_anxiety/
2026-02-25T21:34:27+00:00,1reqhca,AskReddit,6.12,3,0,1.0,https://www.reddit.com/r/AskReddit/comments/1reqhca/have_you_ever_said_no_to_a_proposal_and_if_you/
2026-02-25T21:34:36+00:00,1req80h,Music,15.92,0,0,0.5,https://www.reddit.com/r/Music/comments/1req80h/escuchase_alexs_song/
2026-02-25T21:34:36+00:00,1req7o6,memes,16.23,2,0,1.0,https://www.reddit.com/r/memes/comments/1req7o6/hes_not_just_in_the_files_hes_everyehere/
2026-02-25T21:34:46+00:00,1repeol,AskReddit,45.75,0,4,0.5,https://www.reddit.com/r/AskReddit/comments/1repeol/whats_the_strangest_or_most_embarrassing_thing/
2026-02-25T21:34:52+00:00,1repek9,AskReddit,45.93,0,4,0.2,https://www.reddit.com/r/AskReddit/comments/1repek9/redditors_who_walked_in_on_your_parents_while/
2026-02-25T21:35:02+00:00,1repp2o,AskReddit,35.53,0,3,0.5,https://www.reddit.com/r/AskReddit/comments/1repp2o/what_youtuber_do_you_think_will_be_cancelled_next/
2026-02-25T21:35:07+00:00,1repp0b,AskReddit,35.67,1,6,0.67,https://www.reddit.com/r/AskReddit/comments/1repp0b/what_is_a_small_decision_you_made_years_ago_that/
2026-02-25T21:35:07+00:00,1repoqj,memes,35.95,2,0,1.0,https://www.reddit.com/r/memes/comments/1repoqj/nothings_more_satisfying_than_slapping_one/
2026-02-25T21:35:07+00:00,1repox0,AskReddit,35.77,0,2,0.5,https://www.reddit.com/r/AskReddit/comments/1repox0/how_would_the_world_look_like_if_humans_never_had/
2026-02-25T21:35:12+00:00,1repodf,AskReddit,36.42,0,0,0.33,https://www.reddit.com/r/AskReddit/comments/1repodf/noncopywriters_do_you_notice_cliche_in_businesses/
2026-02-25T21:35:12+00:00,1repp8f,AskReddit,35.55,0,7,0.5,https://www.reddit.com/r/AskReddit/comments/1repp8f/the_gambias_africas_smallest_mainland_country/
2026-02-25T21:35:12+00:00,1repp0c,Music,35.75,5,1,0.86,https://www.reddit.com/r/Music/comments/1repp0c/lambrini_girls_feat_peaches_cuntology_101_peaches/
2026-02-25T21:35:17+00:00,1repzc7,AskReddit,25.38,0,2,0.5,https://www.reddit.com/r/AskReddit/comments/1repzc7/face_vs_body_what_truly_catches_your_eye_first/
2026-02-25T21:35:27+00:00,1reqj4q,AskReddit,5.25,0,3,0.5,https://www.reddit.com/r/AskReddit/comments/1reqj4q/your_favorite_celebrity_in_right_in_front_of_you/
2026-02-25T21:35:27+00:00,1reqj36,AskReddit,5.3,0,2,0.5,https://www.reddit.com/r/AskReddit/comments/1reqj36/what_was_suspiciously_easy/
2026-02-25T21:35:27+00:00,1reqis6,AskReddit,5.62,0,9,0.5,https://www.reddit.com/r/AskReddit/comments/1reqis6/serious_what_is_astroturfing/
2026-02-25T21:35:37+00:00,1repypp,AskReddit,26.35,9,22,1.0,https://www.reddit.com/r/AskReddit/comments/1repypp/what_is_the_most_unusual_country_you_have_visited/
2026-02-25T21:35:37+00:00,1req91m,AskReddit,15.97,0,13,0.33,https://www.reddit.com/r/AskReddit/comments/1req91m/what_does_it_mean_if_exes_keep_making_eye_contact/
2026-02-25T21:35:37+00:00,1req9az,AskReddit,15.68,0,2,0.33,https://www.reddit.com/r/AskReddit/comments/1req9az/what_are_your_craziest_drinking_stories/
2026-02-25T21:35:37+00:00,1req8n7,aww,16.32,18,2,1.0,https://www.reddit.com/r/aww/comments/1req8n7/the_reason_my_phone_storage_is_full/
2026-02-25T21:35:42+00:00,1repfjq,AskReddit,45.82,4,8,1.0,https://www.reddit.com/r/AskReddit/comments/1repfjq/what_your_worstbest_experience_with_online_friends/
2026-02-25T21:35:48+00:00,1repfh5,AskReddit,46.0,4,15,1.0,https://www.reddit.com/r/AskReddit/comments/1repfh5/whats_a_trend_that_needs_to_disappear_already/
2026-02-25T21:35:53+00:00,1repfps,AskReddit,45.83,1,4,1.0,https://www.reddit.com/r/AskReddit/comments/1repfps/if_your_thoughts_made_sound_effects_what_noises/
2026-02-25T21:35:53+00:00,1repf6e,memes,46.37,13,3,0.93,https://www.reddit.com/r/memes/comments/1repf6e/where_dreams_go_to_die/
2026-02-25T21:36:00+00:00,1repf6w,AskReddit,46.47,1,0,1.0,https://www.reddit.com/r/AskReddit/comments/1repf6w/if_you_had_to_name_a_pokemon_after_yourself_what/
2026-02-25T21:36:15+00:00,1repzx6,AskReddit,25.77,1,4,1.0,https://www.reddit.com/r/AskReddit/comments/1repzx6/what_is_the_craziest_thing_youve_ever_seen_at_a/
2026-02-25T21:36:15+00:00,1repq4f,memes,35.72,8,1,0.91,https://www.reddit.com/r/memes/comments/1repq4f/its_happen_to_us_all/
2026-02-25T21:36:15+00:00,1reppkz,AskReddit,36.25,0,2,0.33,https://www.reddit.com/r/AskReddit/comments/1reppkz/what_do_you_use_your_uggel_pics_for/
2026-02-25T21:36:20+00:00,1req00j,AskReddit,25.75,0,0,0.33,https://www.reddit.com/r/AskReddit/comments/1req00j/whats_something_everyone_lies_about_but_pretends/
2026-02-25T21:36:20+00:00,1req03p,AskReddit,25.67,3,17,1.0,https://www.reddit.com/r/AskReddit/comments/1req03p/what_would_a_stranger_say_if_they_saw_your/
2026-02-25T21:36:25+00:00,1reqac0,AskReddit,15.45,0,2,0.5,https://www.reddit.com/r/AskReddit/comments/1reqac0/what_will_the_consequences_be_for_muskpacs/
2026-02-25T21:36:25+00:00,1reppo5,movies,36.33,0,2,0.5,https://www.reddit.com/r/movies/comments/1reppo5/random_coincidences_in_a_double_bill/
2026-02-25T21:36:30+00:00,1req9rc,AskReddit,16.12,2,9,1.0,https://www.reddit.com/r/AskReddit/comments/1req9rc/whats_a_movie_thats_truly_made_you_cry/
2026-02-25T21:36:30+00:00,1req9qi,Music,16.13,1,0,1.0,https://www.reddit.com/r/Music/comments/1req9qi/slumbering_sun_liminal_bridges_stoner_rock_sludge/
2026-02-25T21:36:30+00:00,1reqk47,AskReddit,5.28,0,0,0.5,https://www.reddit.com/r/AskReddit/comments/1reqk47/whats_your_oddest_experience/
2026-02-25T21:36:30+00:00,1reqk3v,AskReddit,5.3,1,3,0.67,https://www.reddit.com/r/AskReddit/comments/1reqk3v/whats_one_move_in_bed_that_makes_anyone_go_crazy/
2026-02-25T21:36:30+00:00,1reqjwe,AskReddit,5.5,1,4,1.0,https://www.reddit.com/r/AskReddit/comments/1reqjwe/how_seriously_do_you_take_someones_musical_tastes/
2026-02-25T21:36:30+00:00,1reqjdq,AskReddit,6.05,0,2,0.25,https://www.reddit.com/r/AskReddit/comments/1reqjdq/with_the_scale_being_010_0_being_a_verbal_insult/
2026-02-25T21:36:30+00:00,1reqk7z,memes,5.18,0,0,0.14,https://www.reddit.com/r/memes/comments/1reqk7z/oh_no_ai_anyway/
2026-02-25T21:36:30+00:00,1req00a,AskReddit,25.93,0,4,0.5,https://www.reddit.com/r/AskReddit/comments/1req00a/what_is_the_weirdest_american_idiom_you_have_ever/
2026-02-25T21:36:30+00:00,1reqahx,worldnews,15.37,28,2,0.94,https://www.reddit.com/r/worldnews/comments/1reqahx/iceland_to_hold_eu_referendum_in_the_coming/
2026-02-25T21:36:30+00:00,1repqc9,AskReddit,35.75,1,0,1.0,https://www.reddit.com/r/AskReddit/comments/1repqc9/any_weird_masses_found_randomly_when_not_looking/
2026-02-25T21:36:30+00:00,1req9lo,AskReddit,16.28,0,0,0.5,https://www.reddit.com/r/AskReddit/comments/1req9lo/whats_your_irl_version_of_they_popped_their_ult/
2026-02-25T21:36:40+00:00,1repgwl,AskReddit,45.38,2,1,1.0,https://www.reddit.com/r/AskReddit/comments/1repgwl/what_jobs_should_exist_but_dont/
2026-02-25T21:36:45+00:00,1repg5z,AskReddit,46.25,4,17,0.83,https://www.reddit.com/r/AskReddit/comments/1repg5z/what_was_the_last_emoji_you_used/
2026-02-25T21:36:45+00:00,1repg3i,AskReddit,46.3,3,8,1.0,https://www.reddit.com/r/AskReddit/comments/1repg3i/what_social_norm_actually_harms_people_more_than/
2026-02-25T21:36:50+00:00,1repgrq,AskReddit,45.68,1,7,0.67,https://www.reddit.com/r/AskReddit/comments/1repgrq/has_your_partner_ever_emotionally_cheated_on_you/
2026-02-25T21:36:50+00:00,1repghl,Music,45.98,27,26,0.7,https://www.reddit.com/r/Music/comments/1repghl/sum_41_fatlip_punk/
2026-02-25T21:36:55+00:00,1repgpo,science,45.82,41,3,0.96,https://www.reddit.com/r/science/comments/1repgpo/toxic_waste_from_screens_ends_up_in_endangered/
2026-02-25T21:37:01+00:00,1reprdz,science,35.25,445,89,0.93,https://www.reddit.com/r/science/comments/1reprdz/donald_trump_gained_2024_votes_in_areas_where/
2026-02-25T21:37:11+00:00,1reprdo,AskReddit,35.42,2,8,1.0,https://www.reddit.com/r/AskReddit/comments/1reprdo/what_happened_at_work_that_made_you_realize_that/
2026-02-25T21:37:11+00:00,1req0wz,AskReddit,25.65,0,1,0.33,https://www.reddit.com/r/AskReddit/comments/1req0wz/women_of_reddit_what_sexual_acts_could_a_man/
2026-02-25T21:37:16+00:00,1req0tb,AskReddit,25.83,2,1,1.0,https://www.reddit.com/r/AskReddit/comments/1req0tb/whats_something_that_gets_worse_the_more/
2026-02-25T21:37:16+00:00,1req0dz,AskReddit,26.28,1,4,1.0,https://www.reddit.com/r/AskReddit/comments/1req0dz/be_honest_if_youve_ever_filled_out_a_feedback/
2026-02-25T21:37:21+00:00,1repqqi,AskReddit,36.22,0,7,0.4,https://www.reddit.com/r/AskReddit/comments/1repqqi/if_you_had_to_finish_100_big_macs_and_you_can/
2026-02-25T21:37:21+00:00,1repqq1,AskReddit,36.23,0,1,0.5,https://www.reddit.com/r/AskReddit/comments/1repqq1/what_do_you_do_for_a_living_and_whats_your_pay_x/
2026-02-25T21:37:26+00:00,1reqb43,AskReddit,15.67,0,8,0.5,https://www.reddit.com/r/AskReddit/comments/1reqb43/whats_your_favorite_pizza_topping/
2026-02-25T21:37:26+00:00,1reqald,movies,16.2,0,10,0.36,https://www.reddit.com/r/movies/comments/1reqald/i_find_the_description_of_promising_young_woman/
2026-02-25T21:37:26+00:00,1reqar7,AskReddit,16.03,0,9,0.5,https://www.reddit.com/r/AskReddit/comments/1reqar7/how_do_you_feel_about_people_who_dont_wanna_have/
2026-02-25T21:37:31+00:00,1reprcv,AskReddit,35.78,0,7,0.22,https://www.reddit.com/r/AskReddit/comments/1reprcv/who_hates_asian_men_more_than_asian_women/
2026-02-25T21:37:31+00:00,1reql3x,AskReddit,5.25,2,4,0.75,https://www.reddit.com/r/AskReddit/comments/1reql3x/how_do_you_sort_your_feed_best_top_hot_new_rising/
2026-02-25T21:37:31+00:00,1reqkd5,AskReddit,6.05,1,6,1.0,https://www.reddit.com/r/AskReddit/comments/1reqkd5/what_can_you_buy_in_america_with_25_cents/
2026-02-25T21:37:31+00:00,1reqkab,AskReddit,6.13,1,0,1.0,https://www.reddit.com/r/AskReddit/comments/1reqkab/how_many_group_chats_are_you_part_of_and_what_are/
2026-02-25T21:37:31+00:00,1reqk9m,AskReddit,6.15,2,2,1.0,https://www.reddit.com/r/AskReddit/comments/1reqk9m/what_are_you_most_scary_about_the_future/
2026-02-25T21:37:31+00:00,1reqbcn,AskReddit,15.52,0,2,0.5,https://www.reddit.com/r/AskReddit/comments/1reqbcn/if_you_found_out_something_you_really_liked_like/
2026-02-25T21:37:31+00:00,1rep1ar,AskReddit,62.43,4,4,1.0,https://www.reddit.com/r/AskReddit/comments/1rep1ar/why_did_reddit_just_release_the_worst_app_update/
2026-02-25T21:37:31+00:00,1reqato,AskReddit,16.05,0,2,0.5,https://www.reddit.com/r/AskReddit/comments/1reqato/whats_your_guilty_pleasure/
2026-02-25T21:37:31+00:00,1rep2aa,AskReddit,61.42,3,7,1.0,https://www.reddit.com/r/AskReddit/comments/1rep2aa/hows_it_feel_being_in_love_with_someone_that_is/
2026-02-25T21:37:31+00:00,1rep23z,AskReddit,61.6,1,7,1.0,https://www.reddit.com/r/AskReddit/comments/1rep23z/how_would_you_feel_finding_out_that_you_are_your/
2026-02-25T21:37:31+00:00,1req12z,AskReddit,25.8,1,1,1.0,https://www.reddit.com/r/AskReddit/comments/1req12z/whats_your_1_gripe_today/
2026-02-25T21:37:31+00:00,1reqbez,AskReddit,15.45,0,13,0.25,https://www.reddit.com/r/AskReddit/comments/1reqbez/whats_underrated_in_bed/
2026-02-25T21:37:31+00:00,1reqbda,AskReddit,15.5,0,2,0.5,https://www.reddit.com/r/AskReddit/comments/1reqbda/how_would_you_feel_for_a_house_cat_to_become/
2026-02-25T21:37:42+00:00,1reo201,movies,98.05,1,0,0.56,https://www.reddit.com/r/movies/comments/1reo201/jonathan_levine_to_direct_grady_hendrix/
2026-02-25T21:37:42+00:00,1repr93,AskReddit,36.07,0,1,0.5,https://www.reddit.com/r/AskReddit/comments/1repr93/what_is_a_point_of_no_return_that_youve_crossed/
2026-02-25T21:37:42+00:00,1repqtv,AskReddit,36.47,0,13,0.25,https://www.reddit.com/r/AskReddit/comments/1repqtv/whats_the_likelihood_of_mexican_cartels_actually/
2026-02-25T21:37:42+00:00,1reqbh7,memes,15.55,0,1,0.43,https://www.reddit.com/r/memes/comments/1reqbh7/beat_it_chick_lezcel_edition/
2026-02-25T21:37:42+00:00,1reo9bb,memes,91.05,735,220,0.89,https://www.reddit.com/r/memes/comments/1reo9bb/can_you_name/
2026-02-25T21:37:42+00:00,1reo2ua,memes,97.23,31,5,0.86,https://www.reddit.com/r/memes/comments/1reo2ua/it_really_do_be_like_that/
2026-02-25T21:37:42+00:00,1rep6r5,AskReddit,56.9,51,117,0.96,https://www.reddit.com/r/AskReddit/comments/1rep6r5/whats_something_society_treats_as_embarrassing/
2026-02-25T21:37:42+00:00,1rep1rd,AskReddit,62.13,1,11,0.67,https://www.reddit.com/r/AskReddit/comments/1rep1rd/what_would_you_do_if_you_had_a_time_machine/
2026-02-25T21:37:42+00:00,1reo3e1,aww,96.78,8,0,0.91,https://www.reddit.com/r/aww/comments/1reo3e1/wanted_to_share_her/
2026-02-25T21:37:42+00:00,1rep2sm,gaming,61.03,0,21,0.23,https://www.reddit.com/r/gaming/comments/1rep2sm/anyone_knows_any_simple_and_free_aim_trainers/
2026-02-25T21:37:42+00:00,1rep5n4,AskReddit,58.0,1,2,1.0,https://www.reddit.com/r/AskReddit/comments/1rep5n4/how_was_the_andrew_leaving_the_police_station_pic/
2026-02-25T21:37:42+00:00,1rephcl,AskReddit,45.93,1,1,1.0,https://www.reddit.com/r/AskReddit/comments/1rephcl/hows_life_been_for_you_since_the_breakup/
2026-02-25T21:37:42+00:00,1rep724,AskReddit,56.58,4,14,1.0,https://www.reddit.com/r/AskReddit/comments/1rep724/whats_the_most_unprofessional_thing_youve_seen_at/
2026-02-25T21:37:42+00:00,1rep20b,AskReddit,61.88,1,6,0.67,https://www.reddit.com/r/AskReddit/comments/1rep20b/whos_a_cringy_content_creator/
2026-02-25T21:37:42+00:00,1reo7be,Music,92.98,72,1,0.98,https://www.reddit.com/r/Music/comments/1reo7be/oliver_power_grant_a_founding_member_of_wutang/
2026-02-25T21:37:42+00:00,1reoz1j,aww,64.9,63,1,1.0,https://www.reddit.com/r/aww/comments/1reoz1j/we_found_this_little_baby_about_a_month_and_a/
2026-02-25T21:37:42+00:00,1rephww,AskReddit,45.35,1,9,0.6,https://www.reddit.com/r/AskReddit/comments/1rephww/what_is_the_kindest_thing_a_stranger_has_ever/
2026-02-25T21:37:42+00:00,1rep803,AskReddit,55.58,2,4,0.75,https://www.reddit.com/r/AskReddit/comments/1rep803/how_do_you_handle_a_breakup/
2026-02-25T21:37:42+00:00,1rep5cj,AskReddit,58.32,0,1,0.33,https://www.reddit.com/r/AskReddit/comments/1rep5cj/now_that_millions_of_documents_related_to_the/
2026-02-25T21:37:42+00:00,1rep1yc,AskReddit,61.93,1,2,1.0,https://www.reddit.com/r/AskReddit/comments/1rep1yc/how_did_you_know_or_realize_a_friend_was_going_to/
2026-02-25T21:37:42+00:00,1reovk9,movies,68.47,2,1,0.67,https://www.reddit.com/r/movies/comments/1reovk9/i_created_a_website_where_you_can_enter_two/
2026-02-25T21:37:42+00:00,1rephvn,AskReddit,45.37,1,4,1.0,https://www.reddit.com/r/AskReddit/comments/1rephvn/what_went_wrong_with_katherine_short_why_was_she/
2026-02-25T21:37:47+00:00,1rep6ke,AskReddit,57.15,2,4,1.0,https://www.reddit.com/r/AskReddit/comments/1rep6ke/how_can_you_tell_the_difference_between_loving_a/
2026-02-25T21:37:47+00:00,1rep5su,AskReddit,57.93,1,5,1.0,https://www.reddit.com/r/AskReddit/comments/1rep5su/if_you_could_be_completely_invisible_for_one_hour/
2026-02-25T21:37:47+00:00,1reph52,AskReddit,46.27,1,8,1.0,https://www.reddit.com/r/AskReddit/comments/1reph52/you_are_given_1_million_but_you_have_to_spend_it/
2026-02-25T21:37:47+00:00,1rep57u,AskReddit,58.52,2,17,0.63,https://www.reddit.com/r/AskReddit/comments/1rep57u/whats_yalls_favorite_video_game/
2026-02-25T21:37:47+00:00,1rep4nz,AskReddit,59.1,2,2,0.75,https://www.reddit.com/r/AskReddit/comments/1rep4nz/hows_it_feel_to_know_the_attitude_changed_since/
2026-02-25T21:37:47+00:00,1reo8yx,movies,91.48,0,18,0.29,https://www.reddit.com/r/movies/comments/1reo8yx/baz_luhrmann_wants_an_elvis_presley_cinematic/
2026-02-25T21:37:47+00:00,1rephjf,AskReddit,45.82,0,3,0.5,https://www.reddit.com/r/AskReddit/comments/1rephjf/whats_something_your_partner_did_in_bed_that/
2026-02-25T21:37:47+00:00,1reph7t,AskReddit,46.17,1,5,1.0,https://www.reddit.com/r/AskReddit/comments/1reph7t/what_is_the_worst_state/
2026-02-25T21:37:47+00:00,1rep3e4,AskReddit,60.48,1,6,0.67,https://www.reddit.com/r/AskReddit/comments/1rep3e4/whats_something_people_either_do_or_dont_do_that/
2026-02-25T21:37:47+00:00,1rep1bf,AskReddit,62.68,1,7,0.67,https://www.reddit.com/r/AskReddit/comments/1rep1bf/at_the_height_of_their_fame_who_got_more_action/
2026-02-25T21:37:52+00:00,1rep7qs,AskReddit,56.02,1,5,0.67,https://www.reddit.com/r/AskReddit/comments/1rep7qs/how_do_you_feel_about_the_government_having_your/
2026-02-25T21:37:52+00:00,1rep6a5,AskReddit,57.52,1,3,1.0,https://www.reddit.com/r/AskReddit/comments/1rep6a5/which_scifi_movietv_show_clothes_better_fit_your/
2026-02-25T21:37:52+00:00,1reoy09,Music,66.1,0,22,0.25,https://www.reddit.com/r/Music/comments/1reoy09/i_know_this_was_prolly_posted_several_times_but/
2026-02-25T21:37:52+00:00,1rep3w0,AskReddit,60.05,1,6,1.0,https://www.reddit.com/r/AskReddit/comments/1rep3w0/what_is_a_successful_life_that_actually_sounds/
2026-02-25T21:37:52+00:00,1rephtz,AskReddit,45.58,1,2,0.67,https://www.reddit.com/r/AskReddit/comments/1rephtz/what_youtubercelebrity_fell_off_for_no_reason/
2026-02-25T21:37:57+00:00,1rep44n,AskReddit,59.85,1,2,1.0,https://www.reddit.com/r/AskReddit/comments/1rep44n/what_was_the_single_greatest_moment_of_sheer/
2026-02-25T21:37:57+00:00,1rep2cj,AskReddit,61.78,0,14,0.29,https://www.reddit.com/r/AskReddit/comments/1rep2cj/how_do_you_guys_feel_about_cash_patel/
2026-02-25T21:37:57+00:00,1rep7h8,AskReddit,56.4,39,12,0.68,https://www.reddit.com/r/AskReddit/comments/1rep7h8/if_you_have_only_fans_how_do_you_deal_with_the/
2026-02-25T21:37:57+00:00,1reo57i,movies,95.28,875,396,0.79,https://www.reddit.com/r/movies/comments/1reo57i/teens_are_over_superheroes_want_to_see_more/
2026-02-25T21:37:57+00:00,1rep3ns,AskReddit,60.37,1,5,0.67,https://www.reddit.com/r/AskReddit/comments/1rep3ns/whats_something_people_think_is_illegal_that/
2026-02-25T21:38:03+00:00,1rep64c,memes,57.88,7,1,1.0,https://www.reddit.com/r/memes/comments/1rep64c/time_to_hit_the_road/
2026-02-25T21:38:08+00:00,1reprto,AskReddit,35.95,2,4,1.0,https://www.reddit.com/r/AskReddit/comments/1reprto/what_made_you_realise_your_parents_werent_as/
2026-02-25T21:38:08+00:00,1req2aw,memes,25.2,0,3,0.33,https://www.reddit.com/r/memes/comments/1req2aw/bro_shouldve_just_focused_in_his_goals_instead_of/
2026-02-25T21:38:08+00:00,1req1st,memes,25.7,1,0,1.0,https://www.reddit.com/r/memes/comments/1req1st/hes_not_just_in_the_files_hes_everywhere/
2026-02-25T21:38:13+00:00,1reprmr,AskReddit,36.22,1,0,1.0,https://www.reddit.com/r/AskReddit/comments/1reprmr/what_constitutes_saggy_jowls/
2026-02-25T21:38:13+00:00,1reps7r,AskReddit,35.62,2,10,1.0,https://www.reddit.com/r/AskReddit/comments/1reps7r/whats_the_strangest_craving_youve_had/
2026-02-25T21:38:18+00:00,1req235,AskReddit,25.6,1,2,1.0,https://www.reddit.com/r/AskReddit/comments/1req235/whats_something_people_think_is_a_small_decision/
2026-02-25T21:38:18+00:00,1req262,AskReddit,25.52,0,11,0.5,https://www.reddit.com/r/AskReddit/comments/1req262/pn_first_dates_how_do_you_all_split_the_bill_and/
2026-02-25T21:38:18+00:00,1req1c1,AskReddit,26.32,1,13,0.67,https://www.reddit.com/r/AskReddit/comments/1req1c1/if_animals_could_talk_which_one_would_be_the/
2026-02-25T21:38:18+00:00,1req238,AskReddit,25.6,4,12,1.0,https://www.reddit.com/r/AskReddit/comments/1req238/whats_something_everyone_pretends_to_understand/
2026-02-25T21:38:23+00:00,1repryj,aww,36.05,84,5,1.0,https://www.reddit.com/r/aww/comments/1repryj/he_wants_to_say_hi/
2026-02-25T21:38:28+00:00,1reprz2,gaming,36.12,0,28,0.19,https://www.reddit.com/r/gaming/comments/1reprz2/horizon_hunters_gathering/
2026-02-25T21:38:33+00:00,1reprly,AskReddit,36.57,0,1,0.25,https://www.reddit.com/r/AskReddit/comments/1reprly/why_did_robert_carradine_kill_himself/
2026-02-25T21:38:33+00:00,1reqc7t,Music,15.63,1,0,1.0,https://www.reddit.com/r/Music/comments/1reqc7t/suede_everything_will_flow_rock/
2026-02-25T21:38:33+00:00,1reqlmp,AskReddit,5.77,3,4,1.0,https://www.reddit.com/r/AskReddit/comments/1reqlmp/whats_a_moment_that_made_you_rethink_a_friendship/
2026-02-25T21:38:33+00:00,1reqleb,gaming,6.0,7,7,0.77,https://www.reddit.com/r/gaming/comments/1reqleb/whats_your_travel_game/
2026-02-25T21:38:33+00:00,1reqlb0,movies,6.1,1,9,1.0,https://www.reddit.com/r/movies/comments/1reqlb0/adams_perfect_films/
2026-02-25T21:38:33+00:00,1reqm5v,memes,5.23,3,3,1.0,https://www.reddit.com/r/memes/comments/1reqm5v/tough_decisions_ahead/
2026-02-25T21:38:33+00:00,1reqlwb,memes,5.5,1,0,1.0,https://www.reddit.com/r/memes/comments/1reqlwb/i_hope_its_a_ps5/
2026-02-25T21:38:43+00:00,1rep8hr,AskReddit,56.1,3,2,1.0,https://www.reddit.com/r/AskReddit/comments/1rep8hr/whats_your_favourite_pokemon/
2026-02-25T21:38:48+00:00,1rep8j2,AskReddit,56.13,1,3,1.0,https://www.reddit.com/r/AskReddit/comments/1rep8j2/what_degree_in_your_opinion_is_the_most_useful/
2026-02-25T21:38:48+00:00,1rep8t9,aww,55.85,5,0,0.86,https://www.reddit.com/r/aww/comments/1rep8t9/i_accidentally_opened_the_front_camera_and_this/
2026-02-25T21:38:48+00:00,1repj0v,AskReddit,45.38,6,16,1.0,https://www.reddit.com/r/AskReddit/comments/1repj0v/which_hack_managed_to_boost_your_confidence_and/
2026-02-25T21:38:48+00:00,1rep8pa,AskReddit,55.97,2,79,0.56,https://www.reddit.com/r/AskReddit/comments/1rep8pa/you_are_given_1000000_but_you_have_to_live_inside/
2026-02-25T21:38:48+00:00,1rep8s7,memes,55.87,1353,30,0.99,https://www.reddit.com/r/memes/comments/1rep8s7/weve_all_been_there/
2026-02-25T21:38:48+00:00,1rep96e,memes,55.45,36,9,0.78,https://www.reddit.com/r/memes/comments/1rep96e/yall_rate_my_meme_potential/
2026-02-25T21:38:54+00:00,1repj0d,memes,45.5,1,0,0.67,https://www.reddit.com/r/memes/comments/1repj0d/adulting_failure/
2026-02-25T21:38:54+00:00,1rep8bn,AskReddit,56.45,0,4,0.5,https://www.reddit.com/r/AskReddit/comments/1rep8bn/whats_your_favourite_song/
2026-02-25T21:39:04+00:00,1repj78,AskReddit,45.47,1,18,0.56,https://www.reddit.com/r/AskReddit/comments/1repj78/how_do_you_think_trump_will_react_when_everything/
2026-02-25T21:39:09+00:00,1repsmm,AskReddit,36.15,0,8,0.5,https://www.reddit.com/r/AskReddit/comments/1repsmm/is_it_possible_to_make_a_catapult_or_trebuchet/
2026-02-25T21:39:14+00:00,1req337,AskReddit,25.5,1,2,0.67,https://www.reddit.com/r/AskReddit/comments/1req337/what_is_the_most_creative_way_someone_has_told/
2026-02-25T21:39:14+00:00,1req2jk,AskReddit,26.07,3,3,0.8,https://www.reddit.com/r/AskReddit/comments/1req2jk/who_is_the_one_person_that_matters_the_most_in/
2026-02-25T21:39:14+00:00,1req2ol,funny,25.93,0,3,0.44,https://www.reddit.com/r/funny/comments/1req2ol/they_wouldnt_do_openings_like_this_anymore_today/
2026-02-25T21:39:19+00:00,1req2oh,AskReddit,26.02,2,4,0.75,https://www.reddit.com/r/AskReddit/comments/1req2oh/whats_one_piece_of_advice_youd_take_to_the_grave/
2026-02-25T21:39:29+00:00,1reqd0p,AskReddit,15.65,3,5,1.0,https://www.reddit.com/r/AskReddit/comments/1reqd0p/what_is_the_most_tactless_question_youve_heard/
2026-02-25T21:39:29+00:00,1rept8c,memes,35.85,7,1,1.0,https://www.reddit.com/r/memes/comments/1rept8c/just_got_it_done/
2026-02-25T21:39:34+00:00,1reqmic,AskReddit,5.92,1,7,0.67,https://www.reddit.com/r/AskReddit/comments/1reqmic/what_is_a_job_youd_do_for_free_even_if_you_were/
2026-02-25T21:39:34+00:00,1reqmdh,AskReddit,6.03,3,9,1.0,https://www.reddit.com/r/AskReddit/comments/1reqmdh/how_do_you_think_the_internet_is_different_today/
2026-02-25T21:39:34+00:00,1reqm95,AskReddit,6.15,0,3,0.5,https://www.reddit.com/r/AskReddit/comments/1reqm95/whats_an_average_skill_that_can_turn_into_serious/
2026-02-25T21:39:34+00:00,1reqcwt,AskReddit,15.87,0,8,0.4,https://www.reddit.com/r/AskReddit/comments/1reqcwt/what_food_combinations_are_surprisingly_really/
2026-02-25T21:39:49+00:00,1repa2w,AskReddit,55.53,2,6,1.0,https://www.reddit.com/r/AskReddit/comments/1repa2w/what_are_some_random_facts_not_many_people_know_of/
2026-02-25T21:39:49+00:00,1rep989,AskReddit,56.4,13,93,0.93,https://www.reddit.com/r/AskReddit/comments/1rep989/whats_a_single_sentence_someone_said_that_youve/
2026-02-25T21:39:54+00:00,1rep9yo,aww,55.73,67,2,1.0,https://www.reddit.com/r/aww/comments/1rep9yo/emma_the_bear/
2026-02-25T21:39:54+00:00,1repa1r,AskReddit,55.65,0,23,0.2,https://www.reddit.com/r/AskReddit/comments/1repa1r/with_how_unpopular_lgbtq_policies_are_should/
2026-02-25T21:39:54+00:00,1repjcw,AskReddit,46.13,2,1,1.0,https://www.reddit.com/r/AskReddit/comments/1repjcw/how_would_you_give_this_owner_a_1_star_review/
2026-02-25T21:39:54+00:00,1rep9nv,AskReddit,56.03,1,1,1.0,https://www.reddit.com/r/AskReddit/comments/1rep9nv/how_much_do_you_think_the_decreasing_optimism/
2026-02-25T21:39:59+00:00,1rep9z2,AskReddit,55.8,3,9,1.0,https://www.reddit.com/r/AskReddit/comments/1rep9z2/what_is_the_craziest_thing_youve_overheard/
2026-02-25T21:39:59+00:00,1repjcf,AskReddit,46.23,1,8,0.67,https://www.reddit.com/r/AskReddit/comments/1repjcf/what_make_a_marriage_last/
2026-02-25T21:39:59+00:00,1rep9nt,memes,56.12,8,1,1.0,https://www.reddit.com/r/memes/comments/1rep9nt/decisions_decisions/
2026-02-25T21:40:05+00:00,1repk4o,AskReddit,45.53,1,4,0.67,https://www.reddit.com/r/AskReddit/comments/1repk4o/how_would_you_feel_if_your_family_member/
2026-02-25T21:40:05+00:00,1repjtj,memes,45.85,2,0,1.0,https://www.reddit.com/r/memes/comments/1repjtj/they_probably_should_lol/
2026-02-25T21:40:05+00:00,1repjth,aww,45.85,8,1,0.9,https://www.reddit.com/r/aww/comments/1repjth/balloon/
2026-02-25T21:40:05+00:00,1repjgy,Music,46.2,2,0,1.0,https://www.reddit.com/r/Music/comments/1repjgy/roger_hodgson_only_because_of_you_rock/
2026-02-25T21:40:10+00:00,1repu10,AskReddit,35.72,0,0,0.5,https://www.reddit.com/r/AskReddit/comments/1repu10/if_you_had_the_chance_what_is_one_thing_you_would/
2026-02-25T21:40:15+00:00,1req3e2,AskReddit,26.22,2,14,0.75,https://www.reddit.com/r/AskReddit/comments/1req3e2/what_do_you_think_of_marriage/
2026-02-25T21:40:15+00:00,1req3zn,AskReddit,25.55,1,18,0.6,https://www.reddit.com/r/AskReddit/comments/1req3zn/people_who_have_tasted_venison_whats_it_like_is/
2026-02-25T21:40:20+00:00,1req45b,funny,25.47,18,6,0.75,https://www.reddit.com/r/funny/comments/1req45b/grandma_sets_an_alarm/
2026-02-25T21:40:20+00:00,1req468,AskReddit,25.45,1,6,0.67,https://www.reddit.com/r/AskReddit/comments/1req468/where_did_the_point_of_no_return_post_trend_on/
2026-02-25T21:40:20+00:00,1req3yb,AskReddit,25.67,6,2,1.0,https://www.reddit.com/r/AskReddit/comments/1req3yb/should_professional_referees_have_to_do_postgame/
2026-02-25T21:40:20+00:00,1repu68,aww,35.75,10,1,1.0,https://www.reddit.com/r/aww/comments/1repu68/buddy/
2026-02-25T21:40:20+00:00,1reptox,AskReddit,36.23,0,5,0.33,https://www.reddit.com/r/AskReddit/comments/1reptox/if_you_could_live_in_any_time_period_which_one/
2026-02-25T21:40:20+00:00,1reqdiq,AskReddit,15.9,0,5,0.5,https://www.reddit.com/r/AskReddit/comments/1reqdiq/what_do_you_understand_easily_that_others_usually/
2026-02-25T21:40:20+00:00,1reptma,aww,36.32,2,0,1.0,https://www.reddit.com/r/aww/comments/1reptma/she_truly_is_a_sweetheart_with_a_very_noble_heart/
2026-02-25T21:40:25+00:00,1req428,AskReddit,25.63,5,25,0.86,https://www.reddit.com/r/AskReddit/comments/1req428/do_you_have_a_person_in_your_life_who_sneezes_or/
2026-02-25T21:40:25+00:00,1reqdur,AskReddit,15.65,11,69,1.0,https://www.reddit.com/r/AskReddit/comments/1reqdur/what_was_something_that_ended_your_crush_on/
2026-02-25T21:40:35+00:00,1reqnwy,AskReddit,5.53,0,3,0.5,https://www.reddit.com/r/AskReddit/comments/1reqnwy/how_do_you_handle_tripsoutings_when_your_parent/
2026-02-25T21:40:35+00:00,1reqnn4,AskReddit,5.8,0,0,0.5,https://www.reddit.com/r/AskReddit/comments/1reqnn4/whats_the_most_effective_way_to_find_paying/
2026-02-25T21:40:35+00:00,1reqnl4,AskReddit,5.85,0,5,0.5,https://www.reddit.com/r/AskReddit/comments/1reqnl4/which_youtubers_do_you_watch/
2026-02-25T21:40:45+00:00,1repar4,AskReddit,55.72,2,16,1.0,https://www.reddit.com/r/AskReddit/comments/1repar4/what_is_the_name_of_your_cat/
2026-02-25T21:40:50+00:00,1repkxi,todayilearned,45.5,2840,41,0.99,https://www.reddit.com/r/todayilearned/comments/1repkxi/til_while_recording_samples_for_the_mellotron_an/
2026-02-25T21:40:55+00:00,1repaps,AskReddit,55.93,2,4,1.0,https://www.reddit.com/r/AskReddit/comments/1repaps/what_scifitv_show_has_the_most_alienlike/
2026-02-25T21:41:05+00:00,1repl88,AskReddit,45.47,1,7,0.66,https://www.reddit.com/r/AskReddit/comments/1repl88/whats_the_creepiest_thing_youve_ever_experienced/
2026-02-25T21:41:05+00:00,1repkei,AskReddit,46.25,0,5,0.33,https://www.reddit.com/r/AskReddit/comments/1repkei/why_do_you_think_everything_is_tied_back_to_israel/
2026-02-25T21:41:11+00:00,1req4lf,AskReddit,25.87,3,2,1.0,https://www.reddit.com/r/AskReddit/comments/1req4lf/whats_the_best_example_of_steak_too_juicy_lobster/
2026-02-25T21:41:11+00:00,1repkiw,movies,46.23,1,1,1.0,https://www.reddit.com/r/movies/comments/1repkiw/mortal_kombat_ii_official_trailer_ii/
2026-02-25T21:41:11+00:00,1req4ry,AskReddit,25.68,2,3,1.0,https://www.reddit.com/r/AskReddit/comments/1req4ry/imagine_you_woke_up_in_a_different_body_like_in/
2026-02-25T21:41:16+00:00,1req4vt,Music,25.67,5,1,1.0,https://www.reddit.com/r/Music/comments/1req4vt/they_might_be_giants_the_guitar_alt_rock/
2026-02-25T21:41:16+00:00,1repv7c,AskReddit,35.63,0,1,0.2,https://www.reddit.com/r/AskReddit/comments/1repv7c/is_there_any_victim_of_epstien_island_here_in/
2026-02-25T21:41:16+00:00,1req4x0,memes,25.63,5,2,1.0,https://www.reddit.com/r/memes/comments/1req4x0/the_only_ice_i_like_is_either_in_a_cooler_or/
2026-02-25T21:41:21+00:00,1req59c,AskReddit,25.37,2,6,1.0,https://www.reddit.com/r/AskReddit/comments/1req59c/serious_what_is_the_best_dating_app_for_longterm/
2026-02-25T21:41:21+00:00,1repv23,AskReddit,35.88,3,2,1.0,https://www.reddit.com/r/AskReddit/comments/1repv23/hey_redditors_what_is_your_strangest_childhood/
2026-02-25T21:41:21+00:00,1req4ds,aww,26.25,12,0,1.0,https://www.reddit.com/r/aww/comments/1req4ds/from_pup_to_pooch_happy_4th_birthday_charlie_angel/
2026-02-25T21:41:21+00:00,1repv08,memes,35.93,80,6,0.99,https://www.reddit.com/r/memes/comments/1repv08/cant_be_the_only_one/
2026-02-25T21:41:26+00:00,1reqehu,AskReddit,16.03,3,26,0.8,https://www.reddit.com/r/AskReddit/comments/1reqehu/what_is_a_1010_non_alcoholic_drink/
2026-02-25T21:41:26+00:00,1repuwn,AskReddit,36.12,2,0,1.0,https://www.reddit.com/r/AskReddit/comments/1repuwn/type_one_diabetics_of_reddit_what_are_some_things/
2026-02-25T21:41:36+00:00,1repuys,AskReddit,36.22,0,2,0.5,https://www.reddit.com/r/AskReddit/comments/1repuys/if_it_were_the_end_of_the_world_what_would_be_the/
2026-02-25T21:41:36+00:00,1reqowh,AskReddit,5.53,2,1,0.75,https://www.reddit.com/r/AskReddit/comments/1reqowh/if_all_you_had_was_timehow_would_you_spend_it/
2026-02-25T21:41:51+00:00,1repc07,AskReddit,55.53,0,4,0.33,https://www.reddit.com/r/AskReddit/comments/1repc07/what_is_the_most_annoying_thing/
2026-02-25T21:41:51+00:00,1replme,funny,45.83,778,37,0.98,https://www.reddit.com/r/funny/comments/1replme/comments/
2026-02-25T21:41:51+00:00,1repbim,AskReddit,56.03,0,3,0.25,https://www.reddit.com/r/AskReddit/comments/1repbim/men_if_your_gf_wanted_you_to_not_masturbate/
2026-02-25T21:41:51+00:00,1repc2p,AskReddit,55.47,0,2,0.5,https://www.reddit.com/r/AskReddit/comments/1repc2p/what_if_there_was_no_judgement_or_punishment/
2026-02-25T21:41:56+00:00,1repm0k,AskReddit,45.55,2,1,1.0,https://www.reddit.com/r/AskReddit/comments/1repm0k/how_do_you_deal_with_terrible_inlaws/
2026-02-25T21:42:02+00:00,1repbu9,AskReddit,55.88,2,3,1.0,https://www.reddit.com/r/AskReddit/comments/1repbu9/26_yo_leaving_corporate_what_are_some_tipsadvice/
2026-02-25T21:42:02+00:00,1replot,AskReddit,45.95,0,1,0.5,https://www.reddit.com/r/AskReddit/comments/1replot/how_did_you_get_forced_to_incarnate_on_prison/
2026-02-25T21:42:02+00:00,1repm6m,AskReddit,45.48,2,21,0.75,https://www.reddit.com/r/AskReddit/comments/1repm6m/what_is_the_best_compliment_you_have_ever_received/
2026-02-25T21:42:02+00:00,1repmag,worldnews,45.37,0,0,0.25,https://www.reddit.com/r/worldnews/comments/1repmag/chaos_erupts_as_chuck_e_cheese_birthday_party/
2026-02-25T21:42:13+00:00,1req61t,Music,25.5,2,0,0.75,https://www.reddit.com/r/Music/comments/1req61t/chris_aschman_neon_jazz_jazz_fusion_2026/
2026-02-25T21:42:13+00:00,1repw9v,AskReddit,35.45,2,13,1.0,https://www.reddit.com/r/AskReddit/comments/1repw9v/whats_a_better_feeling_than_getting_home_from/
2026-02-25T21:42:13+00:00,1repvuc,memes,35.92,38,5,0.95,https://www.reddit.com/r/memes/comments/1repvuc/well_the_look_on_his_face_says_it_all/
2026-02-25T21:42:13+00:00,1req5l1,AskReddit,25.92,3,6,1.0,https://www.reddit.com/r/AskReddit/comments/1req5l1/what_is_a_ridiculously_insignificant_reason_you/
2026-02-25T21:42:18+00:00,1repvr3,AskReddit,36.08,0,4,0.5,https://www.reddit.com/r/AskReddit/comments/1repvr3/what_are_some_stupid_laws_in_your_country/
2026-02-25T21:42:18+00:00,1req62c,funny,25.57,89,5,0.96,https://www.reddit.com/r/funny/comments/1req62c/inflation_sushi/
2026-02-25T21:42:18+00:00,1req5uz,AskReddit,25.75,0,30,0.5,https://www.reddit.com/r/AskReddit/comments/1req5uz/if_crime_is_legal_without_any_consequences_for/
2026-02-25T21:42:18+00:00,1repvph,AskReddit,36.12,0,3,0.33,https://www.reddit.com/r/AskReddit/comments/1repvph/what_movies_live_rentfree_in_your_mind/
2026-02-25T21:42:18+00:00,1repvgh,AskReddit,36.38,0,0,0.33,https://www.reddit.com/r/AskReddit/comments/1repvgh/what_do_you_think_is_the_biggest_challenge_facing/
2026-02-25T21:42:18+00:00,1reqfwm,aww,15.38,6,0,1.0,https://www.reddit.com/r/aww/comments/1reqfwm/my_dog_is_so_strange/
2026-02-25T21:42:23+00:00,1reqfc7,AskReddit,16.07,1,2,1.0,https://www.reddit.com/r/AskReddit/comments/1reqfc7/whats_a_small_boundary_that_improved_your_life/
2026-02-25T21:42:23+00:00,1reqfu4,gaming,15.55,0,8,0.33,https://www.reddit.com/r/gaming/comments/1reqfu4/not_a_fan_of_horror_games_playing_re2_remake_only/
2026-02-25T21:42:23+00:00,1req5ds,AskReddit,26.28,3,16,1.0,https://www.reddit.com/r/AskReddit/comments/1req5ds/what_is_a_small_everyday_thing_that_irrationally/
2026-02-25T21:42:23+00:00,1repviz,AskReddit,36.4,1,5,0.67,https://www.reddit.com/r/AskReddit/comments/1repviz/whats_the_one_thing_that_youre_really_good_at/
2026-02-25T21:42:23+00:00,1reqg1e,AskReddit,15.33,1,10,1.0,https://www.reddit.com/r/AskReddit/comments/1reqg1e/what_current_series_are_you_watching_that_youd/
2026-02-25T21:42:23+00:00,1reqfcs,AskReddit,16.05,0,0,0.33,https://www.reddit.com/r/AskReddit/comments/1reqfcs/what_do_you_think_guys_in_this_new_genz_world_are/
2026-02-25T21:42:28+00:00,1reqfm1,AskReddit,15.87,3,19,0.71,https://www.reddit.com/r/AskReddit/comments/1reqfm1/whats_the_wildest_place_youve_ever_hooked_up/
2026-02-25T21:42:28+00:00,1req688,movies,25.57,0,13,0.11,https://www.reddit.com/r/movies/comments/1req688/bourne_again/
2026-02-25T21:42:28+00:00,1reqfvs,AskReddit,15.58,0,6,0.5,https://www.reddit.com/r/AskReddit/comments/1reqfvs/whats_the_most_unexpected_side_effect_of_turning/
2026-02-25T21:42:28+00:00,1reqfjg,AskReddit,15.93,0,2,0.5,https://www.reddit.com/r/AskReddit/comments/1reqfjg/what_are_the_main_things_people_should_learn/
2026-02-25T21:42:38+00:00,1repcpj,AskReddit,55.62,3,5,1.0,https://www.reddit.com/r/AskReddit/comments/1repcpj/what_are_the_small_signs_that_make_you_realize_a/
2026-02-25T21:42:38+00:00,1reqq22,AskReddit,5.37,1,1,1.0,https://www.reddit.com/r/AskReddit/comments/1reqq22/how_do_you_make_that_edit_thats_like_someone/
2026-02-25T21:42:38+00:00,1reqpjr,AskReddit,5.9,1,5,0.67,https://www.reddit.com/r/AskReddit/comments/1reqpjr/what_is_the_largest_amount_of_money_you_ever/
2026-02-25T21:42:38+00:00,1repcz3,AskReddit,55.33,3,22,0.8,https://www.reddit.com/r/AskReddit/comments/1repcz3/how_do_u_deal_with_overthinking_about_some_one/
2026-02-25T21:42:48+00:00,1repw07,memes,36.32,3,2,0.8,https://www.reddit.com/r/memes/comments/1repw07/why_not_i_mean_a_tires_a_tire/
2026-02-25T21:42:48+00:00,1repn90,AskReddit,45.17,0,8,0.5,https://www.reddit.com/r/AskReddit/comments/1repn90/what_jobs_require_little_work_allow_for/
2026-02-25T21:42:48+00:00,1repcfx,AskReddit,56.05,3,4,0.62,https://www.reddit.com/r/AskReddit/comments/1repcfx/how_can_one_increase_the_karma/
2026-02-25T21:42:48+00:00,1repn1v,AskReddit,45.37,0,5,0.2,https://www.reddit.com/r/AskReddit/comments/1repn1v/what_according_to_you_is_the_right_age_for/
2026-02-25T21:42:48+00:00,1repccn,AskReddit,56.13,1,12,0.57,https://www.reddit.com/r/AskReddit/comments/1repccn/whats_the_secret_to_lasting_long_during_sex/
2026-02-25T21:42:54+00:00,1repd1j,worldnews,55.55,196,62,0.9,https://www.reddit.com/r/worldnews/comments/1repd1j/us_to_allow_resale_of_venezuelan_oil_to_cuba/
2026-02-25T21:42:54+00:00,1repmzw,todayilearned,45.52,208,33,0.94,https://www.reddit.com/r/todayilearned/comments/1repmzw/til_jim_hanks_tom_hanks_brother_voices_woody_for/
2026-02-25T21:43:04+00:00,1repn37,AskReddit,45.6,1,6,0.67,https://www.reddit.com/r/AskReddit/comments/1repn37/if_you_could_change_your_name_what_would_you_want/
2026-02-25T21:43:14+00:00,1req71k,AskReddit,25.47,0,13,0.5,https://www.reddit.com/r/AskReddit/comments/1req71k/what_is_the_craziest_thing_that_you_have_read_in/
2026-02-25T21:43:14+00:00,1repxe4,AskReddit,35.33,1,0,1.0,https://www.reddit.com/r/AskReddit/comments/1repxe4/whats_a_reddit_comment_that_actually_changed_the/
2026-02-25T21:43:19+00:00,1req77g,AskReddit,25.4,0,7,0.5,https://www.reddit.com/r/AskReddit/comments/1req77g/how_can_a_man_keep_a_woman_sexually_satisfied/
2026-02-25T21:43:19+00:00,1req6te,AskReddit,25.78,0,5,0.33,https://www.reddit.com/r/AskReddit/comments/1req6te/what_are_your_thoughts_on_men_that_pull_their/
2026-02-25T21:43:24+00:00,1repx4a,AskReddit,35.78,1,4,1.0,https://www.reddit.com/r/AskReddit/comments/1repx4a/whats_something_people_think_is_sexy_but_actually/
2026-02-25T21:43:24+00:00,1repwj1,Music,36.4,1,0,0.67,https://www.reddit.com/r/Music/comments/1repwj1/tlc_musical_finds_its_tboz_left_eye_and_chilli/
2026-02-25T21:43:24+00:00,1req6e3,funny,26.33,40,8,0.78,https://www.reddit.com/r/funny/comments/1req6e3/agghh_lemme_just_put_it_back_again/
2026-02-25T21:43:24+00:00,1reqgiv,aww,15.87,5,0,0.86,https://www.reddit.com/r/aww/comments/1reqgiv/didnt_realize_she_was_actually_stuck_in_this/
2026-02-25T21:43:24+00:00,1reqgh1,AskReddit,15.92,15,12,1.0,https://www.reddit.com/r/AskReddit/comments/1reqgh1/what_is_the_dumbest_thing_youve_done_for_a_girl/
2026-02-25T21:43:24+00:00,1reqgga,todayilearned,15.95,19,7,0.73,https://www.reddit.com/r/todayilearned/comments/1reqgga/til_when_jerry_seinfeld_was_38_he_openly_dated_a/
2026-02-25T21:43:24+00:00,1reqgzn,AskReddit,15.42,2,1,1.0,https://www.reddit.com/r/AskReddit/comments/1reqgzn/what_is_the_most_funniest_incident_which_happened/
2026-02-25T21:43:24+00:00,1req6sv,AskReddit,25.88,1,9,0.67,https://www.reddit.com/r/AskReddit/comments/1req6sv/what_are_some_bad_male_names/
2026-02-25T21:43:24+00:00,1reqgx7,AskReddit,15.48,0,4,0.5,https://www.reddit.com/r/AskReddit/comments/1reqgx7/if_humans_suddenly_lost_the_ability_to_feel/
2026-02-25T21:43:24+00:00,1reqh3z,aww,15.32,5,1,1.0,https://www.reddit.com/r/aww/comments/1reqh3z/my_friends_cat_looks_adorable/
2026-02-25T21:43:29+00:00,1repwwl,AskReddit,36.08,2,3,1.0,https://www.reddit.com/r/AskReddit/comments/1repwwl/how_do_you_manage_your_time_throughout_the_day/
2026-02-25T21:43:29+00:00,1req76z,science,25.58,10,2,0.81,https://www.reddit.com/r/science/comments/1req76z/animals_perception_of_time_is_linked_to_the_pace/
2026-02-25T21:43:29+00:00,1repxbs,AskReddit,35.65,1,1,1.0,https://www.reddit.com/r/AskReddit/comments/1repxbs/whats_something_you_used_to_judge_people_for_that/
2026-02-25T21:43:29+00:00,1reqgw9,AskReddit,15.58,2,4,1.0,https://www.reddit.com/r/AskReddit/comments/1reqgw9/what_are_some_lesser_known_undisclosed_realities/
2026-02-25T21:43:39+00:00,1reqqyv,AskReddit,5.45,0,8,0.5,https://www.reddit.com/r/AskReddit/comments/1reqqyv/what_is_a_poor_person_meal_that_you_still_eat/
2026-02-25T21:43:39+00:00,1reqqig,AskReddit,5.93,4,3,1.0,https://www.reddit.com/r/AskReddit/comments/1reqqig/whats_a_thing_that_shouldnt_but_made_you_feel/
2026-02-25T21:43:39+00:00,1reqqho,AskReddit,5.95,1,2,0.67,https://www.reddit.com/r/AskReddit/comments/1reqqho/whats_was_something_you_thought_was_normal_until/
2026-02-25T21:43:39+00:00,1reqqdo,AskReddit,6.07,0,0,0.5,https://www.reddit.com/r/AskReddit/comments/1reqqdo/women_in_long_term_relationships_how_did_you_know/
2026-02-25T21:43:39+00:00,1reqq99,AskReddit,6.18,1,5,0.67,https://www.reddit.com/r/AskReddit/comments/1reqq99/what_makes_you_happy/
2026-02-25T21:43:51+00:00,1repdqt,AskReddit,55.73,2,5,1.0,https://www.reddit.com/r/AskReddit/comments/1repdqt/what_changed_your_personality_forever/
2026-02-25T21:44:06+00:00,1repo1r,AskReddit,45.65,1,2,0.67,https://www.reddit.com/r/AskReddit/comments/1repo1r/what_happened_when_you_involved_the_union_in_your/
2026-02-25T21:44:11+00:00,1repxun,AskReddit,35.8,1,5,1.0,https://www.reddit.com/r/AskReddit/comments/1repxun/whats_a_moment_in_your_life_that_still_gives_you/
2026-02-25T21:44:11+00:00,1repy7i,AskReddit,35.45,0,6,0.33,https://www.reddit.com/r/AskReddit/comments/1repy7i/solicitor_why_do_you_go_door_to_door_bothering/
2026-02-25T21:44:11+00:00,1repxte,worldnews,35.83,9,2,1.0,https://www.reddit.com/r/worldnews/comments/1repxte/venezuela_attorney_general_saab_has_tendered/
2026-02-25T21:44:16+00:00,1repxs0,AskReddit,35.97,0,7,0.4,https://www.reddit.com/r/AskReddit/comments/1repxs0/people_under_he_age_of_30_is_sex_sacred_to_you/
2026-02-25T21:44:16+00:00,1repxgu,AskReddit,36.28,2,6,1.0,https://www.reddit.com/r/AskReddit/comments/1repxgu/what_albums_do_you_think_are_perfect_in_every_way/
2026-02-25T21:44:22+00:00,1repxys,AskReddit,35.88,1,0,1.0,https://www.reddit.com/r/AskReddit/comments/1repxys/type_one_diabetics_of_reddit_what_people_do_for/
2026-02-25T21:44:22+00:00,1req8cn,AskReddit,25.33,1,3,0.67,https://www.reddit.com/r/AskReddit/comments/1req8cn/what_is_your_favorite_type_of_medical_appointment/
2026-02-25T21:44:27+00:00,1req7og,AskReddit,26.08,2,11,0.75,https://www.reddit.com/r/AskReddit/comments/1req7og/have_you_ever_had_a_near_death_experience_and_if/
2026-02-25T21:44:27+00:00,1reqhng,AskReddit,15.82,2,7,1.0,https://www.reddit.com/r/AskReddit/comments/1reqhng/fellow_depressed_and_people_with_harsh_anxiety/
2026-02-25T21:44:32+00:00,1reqhzq,AskReddit,15.53,0,9,0.33,https://www.reddit.com/r/AskReddit/comments/1reqhzq/popular_girls_whats_the_best_sprayperfume/
2026-02-25T21:44:32+00:00,1reqhca,AskReddit,16.2,3,1,0.8,https://www.reddit.com/r/AskReddit/comments/1reqhca/have_you_ever_said_no_to_a_proposal_and_if_you/
2026-02-25T21:44:32+00:00,1req80h,Music,25.85,0,0,0.33,https://www.reddit.com/r/Music/comments/1req80h/escuchase_alexs_song/
2026-02-25T21:44:42+00:00,1req7o6,memes,26.33,1,0,0.66,https://www.reddit.com/r/memes/comments/1req7o6/hes_not_just_in_the_files_hes_everyehere/
2026-02-25T21:44:42+00:00,1reqs41,AskReddit,5.3,2,5,1.0,https://www.reddit.com/r/AskReddit/comments/1reqs41/whats_a_clear_sign_that_someone_is_not_a_good/
2026-02-25T21:44:42+00:00,1reqrr4,AskReddit,5.68,0,0,0.5,https://www.reddit.com/r/AskReddit/comments/1reqrr4/whats_the_biggest_moneymaker_youve_ever_resold/
2026-02-25T21:44:42+00:00,1reqrkr,AskReddit,5.87,0,1,0.5,https://www.reddit.com/r/AskReddit/comments/1reqrkr/whats_the_most_dangerous_thing_youve_ever_done/
2026-02-25T21:44:42+00:00,1reqr8a,AskReddit,6.22,3,9,1.0,https://www.reddit.com/r/AskReddit/comments/1reqr8a/how_would_you_get_one_million_people_to_give_you/
2026-02-25T21:44:42+00:00,1reqrub,Music,5.58,1,0,1.0,https://www.reddit.com/r/Music/comments/1reqrub/help_i_need_help/
2026-02-25T21:44:42+00:00,1reqryw,memes,5.45,2,0,1.0,https://www.reddit.com/r/memes/comments/1reqryw/quite_the_damp_patch/
2026-02-25T21:44:42+00:00,1repeol,AskReddit,55.68,0,4,0.5,https://www.reddit.com/r/AskReddit/comments/1repeol/whats_the_strangest_or_most_embarrassing_thing/
2026-02-25T21:44:52+00:00,1repek9,AskReddit,55.93,0,4,0.2,https://www.reddit.com/r/AskReddit/comments/1repek9/redditors_who_walked_in_on_your_parents_while/
2026-02-25T21:45:07+00:00,1repp0b,AskReddit,45.67,1,6,0.67,https://www.reddit.com/r/AskReddit/comments/1repp0b/what_is_a_small_decision_you_made_years_ago_that/
2026-02-25T21:45:07+00:00,1repp2o,AskReddit,45.62,0,3,0.4,https://www.reddit.com/r/AskReddit/comments/1repp2o/what_youtuber_do_you_think_will_be_cancelled_next/
2026-02-25T21:45:12+00:00,1repp8f,AskReddit,45.55,0,7,0.33,https://www.reddit.com/r/AskReddit/comments/1repp8f/the_gambias_africas_smallest_mainland_country/
2026-02-25T21:45:12+00:00,1repoqj,memes,46.03,3,0,1.0,https://www.reddit.com/r/memes/comments/1repoqj/nothings_more_satisfying_than_slapping_one/
2026-02-25T21:45:12+00:00,1repox0,AskReddit,45.85,0,2,0.5,https://www.reddit.com/r/AskReddit/comments/1repox0/how_would_the_world_look_like_if_humans_never_had/
2026-02-25T21:45:12+00:00,1repp0c,Music,45.75,5,1,0.86,https://www.reddit.com/r/Music/comments/1repp0c/lambrini_girls_feat_peaches_cuntology_101_peaches/
2026-02-25T21:45:17+00:00,1repodf,AskReddit,46.5,0,0,0.33,https://www.reddit.com/r/AskReddit/comments/1repodf/noncopywriters_do_you_notice_cliche_in_businesses/
2026-02-25T21:45:23+00:00,1repzc7,AskReddit,35.48,0,2,0.5,https://www.reddit.com/r/AskReddit/comments/1repzc7/face_vs_body_what_truly_catches_your_eye_first/
2026-02-25T21:45:23+00:00,1reqis6,AskReddit,15.55,3,16,0.8,https://www.reddit.com/r/AskReddit/comments/1reqis6/serious_what_is_astroturfing/
2026-02-25T21:45:33+00:00,1reqj36,AskReddit,15.4,2,5,0.75,https://www.reddit.com/r/AskReddit/comments/1reqj36/what_was_suspiciously_easy/
2026-02-25T21:45:33+00:00,1reqj4q,AskReddit,15.35,1,5,0.67,https://www.reddit.com/r/AskReddit/comments/1reqj4q/your_favorite_celebrity_in_right_in_front_of_you/
2026-02-25T21:45:33+00:00,1req8n7,aww,26.25,33,2,1.0,https://www.reddit.com/r/aww/comments/1req8n7/the_reason_my_phone_storage_is_full/
2026-02-25T21:45:38+00:00,1repypp,AskReddit,36.37,9,25,0.92,https://www.reddit.com/r/AskReddit/comments/1repypp/what_is_the_most_unusual_country_you_have_visited/
2026-02-25T21:45:38+00:00,1repfjq,AskReddit,55.75,4,8,1.0,https://www.reddit.com/r/AskReddit/comments/1repfjq/what_your_worstbest_experience_with_online_friends/
2026-02-25T21:45:38+00:00,1req91m,AskReddit,25.98,0,16,0.33,https://www.reddit.com/r/AskReddit/comments/1req91m/what_does_it_mean_if_exes_keep_making_eye_contact/
2026-02-25T21:45:43+00:00,1req9az,AskReddit,25.78,0,2,0.33,https://www.reddit.com/r/AskReddit/comments/1req9az/what_are_your_craziest_drinking_stories/
2026-02-25T21:45:43+00:00,1reqsg1,AskReddit,5.97,1,2,1.0,https://www.reddit.com/r/AskReddit/comments/1reqsg1/travelers_of_reddit_whats_the_most_unexpected_or/
2026-02-25T21:45:43+00:00,1reqs8f,AskReddit,6.18,1,4,1.0,https://www.reddit.com/r/AskReddit/comments/1reqs8f/how_do_you_feel_about_the_current_state_of_ticket/
2026-02-25T21:45:43+00:00,1reqsqr,Music,5.63,1,0,1.0,https://www.reddit.com/r/Music/comments/1reqsqr/the_cure_a_chain_of_flowers_rock/
2026-02-25T21:45:43+00:00,1reqsno,movies,5.72,13,4,0.93,https://www.reddit.com/r/movies/comments/1reqsno/paramount_posts_q4_loss_of_573_million/
2026-02-25T21:45:53+00:00,1repfh5,AskReddit,56.08,4,15,1.0,https://www.reddit.com/r/AskReddit/comments/1repfh5/whats_a_trend_that_needs_to_disappear_already/
2026-02-25T21:45:58+00:00,1repfps,AskReddit,55.92,1,5,1.0,https://www.reddit.com/r/AskReddit/comments/1repfps/if_your_thoughts_made_sound_effects_what_noises/
2026-02-25T21:45:58+00:00,1repf6e,memes,56.45,18,3,0.95,https://www.reddit.com/r/memes/comments/1repf6e/where_dreams_go_to_die/
2026-02-25T21:46:18+00:00,1repzx6,AskReddit,35.82,1,4,1.0,https://www.reddit.com/r/AskReddit/comments/1repzx6/what_is_the_craziest_thing_youve_ever_seen_at_a/
2026-02-25T21:46:23+00:00,1reppkz,AskReddit,46.38,0,2,0.33,https://www.reddit.com/r/AskReddit/comments/1reppkz/what_do_you_use_your_uggel_pics_for/
2026-02-25T21:46:23+00:00,1repq4f,memes,45.85,11,1,1.0,https://www.reddit.com/r/memes/comments/1repq4f/its_happen_to_us_all/
2026-02-25T21:46:23+00:00,1req03p,AskReddit,35.72,3,26,1.0,https://www.reddit.com/r/AskReddit/comments/1req03p/what_would_a_stranger_say_if_they_saw_your/
2026-02-25T21:46:23+00:00,1req00j,AskReddit,35.8,0,0,0.33,https://www.reddit.com/r/AskReddit/comments/1req00j/whats_something_everyone_lies_about_but_pretends/
2026-02-25T21:46:23+00:00,1reqac0,AskReddit,25.42,0,2,0.5,https://www.reddit.com/r/AskReddit/comments/1reqac0/what_will_the_consequences_be_for_muskpacs/
2026-02-25T21:46:28+00:00,1reqk47,AskReddit,15.25,0,3,0.5,https://www.reddit.com/r/AskReddit/comments/1reqk47/whats_your_oddest_experience/
2026-02-25T21:46:33+00:00,1repqc9,AskReddit,45.8,1,0,1.0,https://www.reddit.com/r/AskReddit/comments/1repqc9/any_weird_masses_found_randomly_when_not_looking/
2026-02-25T21:46:33+00:00,1reppo5,movies,46.47,2,3,0.75,https://www.reddit.com/r/movies/comments/1reppo5/random_coincidences_in_a_double_bill/
2026-02-25T21:46:33+00:00,1req9lo,AskReddit,26.33,0,0,0.5,https://www.reddit.com/r/AskReddit/comments/1req9lo/whats_your_irl_version_of_they_popped_their_ult/
2026-02-25T21:46:33+00:00,1req00a,AskReddit,35.98,0,4,0.5,https://www.reddit.com/r/AskReddit/comments/1req00a/what_is_the_weirdest_american_idiom_you_have_ever/
2026-02-25T21:46:33+00:00,1reqjwe,AskReddit,15.55,2,6,1.0,https://www.reddit.com/r/AskReddit/comments/1reqjwe/how_seriously_do_you_take_someones_musical_tastes/
2026-02-25T21:46:33+00:00,1reqahx,worldnews,25.42,43,6,0.94,https://www.reddit.com/r/worldnews/comments/1reqahx/iceland_to_hold_eu_referendum_in_the_coming/
2026-02-25T21:46:33+00:00,1reqk3v,AskReddit,15.35,0,6,0.5,https://www.reddit.com/r/AskReddit/comments/1reqk3v/whats_one_move_in_bed_that_makes_anyone_go_crazy/
2026-02-25T21:46:33+00:00,1reqjdq,AskReddit,16.1,0,4,0.4,https://www.reddit.com/r/AskReddit/comments/1reqjdq/with_the_scale_being_010_0_being_a_verbal_insult/
2026-02-25T21:46:38+00:00,1req9rc,AskReddit,26.25,1,9,0.67,https://www.reddit.com/r/AskReddit/comments/1req9rc/whats_a_movie_thats_truly_made_you_cry/
2026-02-25T21:46:38+00:00,1req9qi,Music,26.27,0,0,0.5,https://www.reddit.com/r/Music/comments/1req9qi/slumbering_sun_liminal_bridges_stoner_rock_sludge/
2026-02-25T21:46:38+00:00,1reqk7z,memes,15.32,0,3,0.35,https://www.reddit.com/r/memes/comments/1reqk7z/oh_no_ai_anyway/
2026-02-25T21:46:38+00:00,1repgwl,AskReddit,55.35,2,1,1.0,https://www.reddit.com/r/AskReddit/comments/1repgwl/what_jobs_should_exist_but_dont/
2026-02-25T21:46:44+00:00,1reqtub,AskReddit,5.5,1,1,1.0,https://www.reddit.com/r/AskReddit/comments/1reqtub/whats_something_harmless_that_gets_people_weirdly/
2026-02-25T21:46:44+00:00,1reqtsx,AskReddit,5.55,0,11,0.5,https://www.reddit.com/r/AskReddit/comments/1reqtsx/what_is_the_meaning_of_having_a_womans_body_if_we/
2026-02-25T21:46:44+00:00,1reqtqo,AskReddit,5.6,1,1,1.0,https://www.reddit.com/r/AskReddit/comments/1reqtqo/what_was_your_gut_feeling_that_saved_you/
2026-02-25T21:46:44+00:00,1reqtnz,AskReddit,5.68,1,3,1.0,https://www.reddit.com/r/AskReddit/comments/1reqtnz/30_minutes_on_twitter_x_and_its_soul_destroying/
2026-02-25T21:46:44+00:00,1reqtjx,AskReddit,5.8,1,0,1.0,https://www.reddit.com/r/AskReddit/comments/1reqtjx/what_are_the_best_sites_etc_to_sign_someones/
2026-02-25T21:46:44+00:00,1reqtem,AskReddit,5.93,0,2,0.5,https://www.reddit.com/r/AskReddit/comments/1reqtem/what_makes_you_the_most_horny/
2026-02-25T21:46:44+00:00,1reqtid,Music,5.83,1,0,0.67,https://www.reddit.com/r/Music/comments/1reqtid/singer_d4vd_is_target_of_los_angeles_grand_jury/
2026-02-25T21:46:44+00:00,1repg3i,AskReddit,56.28,3,8,1.0,https://www.reddit.com/r/AskReddit/comments/1repg3i/what_social_norm_actually_harms_people_more_than/
2026-02-25T21:46:53+00:00,1repg5z,AskReddit,56.38,3,17,0.71,https://www.reddit.com/r/AskReddit/comments/1repg5z/what_was_the_last_emoji_you_used/
2026-02-25T21:46:53+00:00,1repgrq,AskReddit,55.73,1,7,0.67,https://www.reddit.com/r/AskReddit/comments/1repgrq/has_your_partner_ever_emotionally_cheated_on_you/
2026-02-25T21:46:53+00:00,1repghl,Music,56.03,43,31,0.73,https://www.reddit.com/r/Music/comments/1repghl/sum_41_fatlip_punk/
2026-02-25T21:46:58+00:00,1reprdz,science,45.2,594,102,0.94,https://www.reddit.com/r/science/comments/1reprdz/donald_trump_gained_2024_votes_in_areas_where/
2026-02-25T21:47:03+00:00,1repgpo,science,55.95,45,3,0.96,https://www.reddit.com/r/science/comments/1repgpo/toxic_waste_from_screens_ends_up_in_endangered/
2026-02-25T21:47:14+00:00,1req0dz,AskReddit,36.25,1,4,1.0,https://www.reddit.com/r/AskReddit/comments/1req0dz/be_honest_if_youve_ever_filled_out_a_feedback/
2026-02-25T21:47:14+00:00,1reprdo,AskReddit,45.47,2,8,1.0,https://www.reddit.com/r/AskReddit/comments/1reprdo/what_happened_at_work_that_made_you_realize_that/
2026-02-25T21:47:19+00:00,1req0wz,AskReddit,35.78,0,1,0.33,https://www.reddit.com/r/AskReddit/comments/1req0wz/women_of_reddit_what_sexual_acts_could_a_man/
2026-02-25T21:47:19+00:00,1req0tb,AskReddit,35.88,2,1,1.0,https://www.reddit.com/r/AskReddit/comments/1req0tb/whats_something_that_gets_worse_the_more/
2026-02-25T21:47:24+00:00,1repqqi,AskReddit,46.27,0,7,0.33,https://www.reddit.com/r/AskReddit/comments/1repqqi/if_you_had_to_finish_100_big_macs_and_you_can/
2026-02-25T21:47:24+00:00,1repqq1,AskReddit,46.28,0,1,0.5,https://www.reddit.com/r/AskReddit/comments/1repqq1/what_do_you_do_for_a_living_and_whats_your_pay_x/
2026-02-25T21:47:29+00:00,1reqald,movies,26.25,0,19,0.34,https://www.reddit.com/r/movies/comments/1reqald/i_find_the_description_of_promising_young_woman/
2026-02-25T21:47:29+00:00,1reqbez,AskReddit,25.42,0,14,0.25,https://www.reddit.com/r/AskReddit/comments/1reqbez/whats_underrated_in_bed/
2026-02-25T21:47:29+00:00,1reql3x,AskReddit,15.22,2,6,0.75,https://www.reddit.com/r/AskReddit/comments/1reql3x/how_do_you_sort_your_feed_best_top_hot_new_rising/
2026-02-25T21:47:29+00:00,1reprcv,AskReddit,45.75,0,7,0.22,https://www.reddit.com/r/AskReddit/comments/1reprcv/who_hates_asian_men_more_than_asian_women/
2026-02-25T21:47:29+00:00,1reqkab,AskReddit,16.1,1,1,1.0,https://www.reddit.com/r/AskReddit/comments/1reqkab/how_many_group_chats_are_you_part_of_and_what_are/
2026-02-25T21:47:29+00:00,1reqar7,AskReddit,26.08,0,13,0.5,https://www.reddit.com/r/AskReddit/comments/1reqar7/how_do_you_feel_about_people_who_dont_wanna_have/
2026-02-25T21:47:29+00:00,1req12z,AskReddit,35.77,1,1,1.0,https://www.reddit.com/r/AskReddit/comments/1req12z/whats_your_1_gripe_today/
2026-02-25T21:47:34+00:00,1reqb43,AskReddit,25.8,0,9,0.5,https://www.reddit.com/r/AskReddit/comments/1reqb43/whats_your_favorite_pizza_topping/
2026-02-25T21:47:34+00:00,1renjvt,worldnews,126.13,511,307,0.89,https://www.reddit.com/r/worldnews/comments/1renjvt/us_sends_deadliest_fighter_jets_to_israel_as_iran/
2026-02-25T21:47:34+00:00,1reltj6,worldnews,186.47,30,1,0.78,https://www.reddit.com/r/worldnews/comments/1reltj6/sri_lanka_navy_and_coast_guard_seize_4_indian/
2026-02-25T21:47:34+00:00,1reqbcn,AskReddit,25.57,0,2,0.5,https://www.reddit.com/r/AskReddit/comments/1reqbcn/if_you_found_out_something_you_really_liked_like/
2026-02-25T21:47:34+00:00,1reqk9m,AskReddit,16.2,1,7,0.67,https://www.reddit.com/r/AskReddit/comments/1reqk9m/what_are_you_most_scary_about_the_future/
2026-02-25T21:47:34+00:00,1reodm9,funny,96.57,327,46,0.98,https://www.reddit.com/r/funny/comments/1reodm9/the_town_of_mexico_missouri_was_named_after/
2026-02-25T21:47:34+00:00,1reknmr,worldnews,226.1,16,1,0.7,https://www.reddit.com/r/worldnews/comments/1reknmr/us_embassy_to_offer_its_first_consular_services/
2026-02-25T21:47:34+00:00,1ren9bm,gaming,136.85,1229,117,0.97,https://www.reddit.com/r/gaming/comments/1ren9bm/ubisoft_suffers_major_talent_drain_because_theyre/
2026-02-25T21:47:34+00:00,1relbgg,gaming,203.87,116,43,0.84,https://www.reddit.com/r/gaming/comments/1relbgg/mortal_kombat_ii_official_trailer_ii/
2026-02-25T21:47:34+00:00,1renen4,science,131.37,61,3,0.9,https://www.reddit.com/r/science/comments/1renen4/almost_1in3_american_adolescents_has_diabetes_or/
2026-02-25T21:47:34+00:00,1rejnnh,gaming,259.98,3195,194,0.97,https://www.reddit.com/r/gaming/comments/1rejnnh/someone_at_xbox_testing_in_production_brave/
2026-02-25T21:47:34+00:00,1rene4r,memes,131.9,11,5,0.76,https://www.reddit.com/r/memes/comments/1rene4r/man_i_am_so_sick_of_february/
2026-02-25T21:47:34+00:00,1ren5dx,memes,140.62,9,3,0.91,https://www.reddit.com/r/memes/comments/1ren5dx/youtube_is_ran_by_morons/
2026-02-25T21:47:34+00:00,1relf83,funny,200.27,207,7,0.89,https://www.reddit.com/r/funny/comments/1relf83/everything/
2026-02-25T21:47:34+00:00,1regjlo,funny,369.3,0,2,0.16,https://www.reddit.com/r/funny/comments/1regjlo/zombie_got/
2026-02-25T21:47:34+00:00,1renpzq,todayilearned,119.97,1434,64,0.98,https://www.reddit.com/r/todayilearned/comments/1renpzq/til_roughly_100000_african_elephants_were_killed/
2026-02-25T21:47:34+00:00,1remsr5,memes,152.83,0,3,0.5,https://www.reddit.com/r/memes/comments/1remsr5/ok_boomers/
2026-02-25T21:47:34+00:00,1reqato,AskReddit,26.1,1,3,0.66,https://www.reddit.com/r/AskReddit/comments/1reqato/whats_your_guilty_pleasure/
2026-02-25T21:47:39+00:00,1ren5o4,funny,140.45,113,16,0.92,https://www.reddit.com/r/funny/comments/1ren5o4/i_said_dentist_appointment/
2026-02-25T21:47:39+00:00,1relmuj,Music,193.07,0,0,0.5,https://www.reddit.com/r/Music/comments/1relmuj/scars_on_broadway_enemy_alternative_metal_2008/
2026-02-25T21:47:39+00:00,1relh2m,Music,198.57,16,0,1.0,https://www.reddit.com/r/Music/comments/1relh2m/kraftwerk_tour_de_france_electronic_1983/
2026-02-25T21:47:39+00:00,1rej5kk,movies,277.37,889,278,0.88,https://www.reddit.com/r/movies/comments/1rej5kk/the_fall_and_rise_of_scream_7_a_fired_star_a_500k/
2026-02-25T21:47:39+00:00,1rempc5,movies,156.17,7,93,0.59,https://www.reddit.com/r/movies/comments/1rempc5/movies_that_are_way_better_on_the_big_screen/
2026-02-25T21:47:39+00:00,1regue3,science,358.52,17,2,0.81,https://www.reddit.com/r/science/comments/1regue3/bug_beats_caterpillars_use_complex_rhythms_to/
2026-02-25T21:47:39+00:00,1reqbda,AskReddit,25.63,0,2,0.5,https://www.reddit.com/r/AskReddit/comments/1reqbda/how_would_you_feel_for_a_house_cat_to_become/
2026-02-25T21:47:39+00:00,1reqkd5,AskReddit,16.18,1,10,1.0,https://www.reddit.com/r/AskReddit/comments/1reqkd5/what_can_you_buy_in_america_with_25_cents/
2026-02-25T21:47:39+00:00,1rep724,AskReddit,66.53,4,14,1.0,https://www.reddit.com/r/AskReddit/comments/1rep724/whats_the_most_unprofessional_thing_youve_seen_at/
2026-02-25T21:47:39+00:00,1rep6r5,AskReddit,66.85,57,132,0.98,https://www.reddit.com/r/AskReddit/comments/1rep6r5/whats_something_society_treats_as_embarrassing/
2026-02-25T21:47:39+00:00,1ren1tm,worldnews,144.25,79,12,0.75,https://www.reddit.com/r/worldnews/comments/1ren1tm/human_rights_protections_for_transgender_kiwis/
2026-02-25T21:47:39+00:00,1rejc8a,worldnews,270.93,103,74,0.81,https://www.reddit.com/r/worldnews/comments/1rejc8a/propahlavi_chants_on_campus_mark_historic_shift/
2026-02-25T21:47:39+00:00,1reiav6,gaming,307.17,378,727,0.92,https://www.reddit.com/r/gaming/comments/1reiav6/what_game_had_the_best_first_few_hours_that/
2026-02-25T21:47:39+00:00,1reiiu5,todayilearned,299.22,18792,574,0.98,https://www.reddit.com/r/todayilearned/comments/1reiiu5/til_that_cancún_didnt_exist_until_1970_its/
2026-02-25T21:47:39+00:00,1renovk,Music,121.15,1,0,0.67,https://www.reddit.com/r/Music/comments/1renovk/feeder_high_alternative_rock_1998/
2026-02-25T21:47:39+00:00,1rencdi,Music,133.83,26,11,0.72,https://www.reddit.com/r/Music/comments/1rencdi/highly_suspect_my_name_is_human_indie_rock/
2026-02-25T21:47:39+00:00,1remn9c,Music,158.08,2,0,0.76,https://www.reddit.com/r/Music/comments/1remn9c/suicidal_tendencies_enter_shikari_counterparts/
2026-02-25T21:47:39+00:00,1relyaq,Music,181.85,0,2,0.33,https://www.reddit.com/r/Music/comments/1relyaq/blues_verses_soft_metal/
2026-02-25T21:47:39+00:00,1remx55,aww,148.77,54,1,0.98,https://www.reddit.com/r/aww/comments/1remx55/the_beautiful_margot_from_our_shelter/
2026-02-25T21:47:39+00:00,1rek0u2,aww,247.72,16,0,1.0,https://www.reddit.com/r/aww/comments/1rek0u2/the_man_of_the_house_resting_from_hard_work/
2026-02-25T21:47:39+00:00,1rekmts,movies,226.88,1490,252,0.95,https://www.reddit.com/r/movies/comments/1rekmts/new_poster_for_mortal_kombat_ii/
2026-02-25T21:47:39+00:00,1reja5y,movies,272.92,0,14,0.5,https://www.reddit.com/r/movies/comments/1reja5y/favorite_animated_films_from_these_famous_studios/
2026-02-25T21:47:39+00:00,1renlyb,memes,124.12,0,0,0.36,https://www.reddit.com/r/memes/comments/1renlyb/tshirt_gets_amazed_by_womans_bread/
2026-02-25T21:47:39+00:00,1ren2qg,memes,143.33,3,3,0.71,https://www.reddit.com/r/memes/comments/1ren2qg/run_for_you_lives/
2026-02-25T21:47:39+00:00,1relwl0,memes,183.52,7,3,0.89,https://www.reddit.com/r/memes/comments/1relwl0/suffering_from_severe_intellectualitythey_say/
2026-02-25T21:47:39+00:00,1relhnk,memes,198.0,2,0,0.76,https://www.reddit.com/r/memes/comments/1relhnk/classic_faces/
2026-02-25T21:47:39+00:00,1reofrc,science,94.47,18,5,0.87,https://www.reddit.com/r/science/comments/1reofrc/ayahuasca_psychedelic_dmt_shows_promise_as/
2026-02-25T21:47:39+00:00,1renjmz,science,126.45,9,4,0.77,https://www.reddit.com/r/science/comments/1renjmz/climate_change_could_threaten_monarch_mass/
2026-02-25T21:47:39+00:00,1rehw57,science,321.6,206,51,0.88,https://www.reddit.com/r/science/comments/1rehw57/the_loud_squeaks_of_shoes_on_a_basketball_court/
2026-02-25T21:47:39+00:00,1rephvn,AskReddit,55.32,1,4,1.0,https://www.reddit.com/r/AskReddit/comments/1rephvn/what_went_wrong_with_katherine_short_why_was_she/
2026-02-25T21:47:39+00:00,1rejfdg,worldnews,267.97,21,3,0.76,https://www.reddit.com/r/worldnews/comments/1rejfdg/germany_urges_iran_to_engage_constructively_in/
2026-02-25T21:47:39+00:00,1reifr6,worldnews,302.32,125,23,0.89,https://www.reddit.com/r/worldnews/comments/1reifr6/hungarys_viktor_orbán_stakes_his_reelection_on/
2026-02-25T21:47:39+00:00,1renp9d,gaming,120.8,0,27,0.26,https://www.reddit.com/r/gaming/comments/1renp9d/development_update_overwatch_rush/
2026-02-25T21:47:39+00:00,1rem4vs,todayilearned,175.8,89,7,0.97,https://www.reddit.com/r/todayilearned/comments/1rem4vs/til_about_lodoicea_maldivica_a_palm_tree_with/
2026-02-25T21:47:39+00:00,1regj7h,todayilearned,369.77,28,20,0.65,https://www.reddit.com/r/todayilearned/comments/1regj7h/til_nickelback_producer_joey_moi_went_to/
2026-02-25T21:47:39+00:00,1reok9f,Music,90.0,5,0,1.0,https://www.reddit.com/r/Music/comments/1reok9f/alan_parsons_project_sirius_eye_in_the_sky_rock/
2026-02-25T21:47:39+00:00,1remo7e,aww,157.18,3,0,0.72,https://www.reddit.com/r/aww/comments/1remo7e/good_morning/
2026-02-25T21:47:39+00:00,1rekx5q,aww,217.35,60,6,0.94,https://www.reddit.com/r/aww/comments/1rekx5q/my_cute_smiley_boy_pilot_is_nearly_2_and_would/
2026-02-25T21:47:39+00:00,1ren1hv,movies,144.57,536,183,0.9,https://www.reddit.com/r/movies/comments/1ren1hv/i_think_the_fifth_element_is_a_perfect_movie_and/
2026-02-25T21:47:39+00:00,1remrzo,movies,153.62,0,0,0.5,https://www.reddit.com/r/movies/comments/1remrzo/new_york_international_childrens_film_festival/
2026-02-25T21:47:39+00:00,1remcor,movies,168.17,18,5,0.73,https://www.reddit.com/r/movies/comments/1remcor/david_f_sandberg_to_direct_horror_film_a_little/
2026-02-25T21:47:39+00:00,1rejn79,movies,260.48,17,4,0.79,https://www.reddit.com/r/movies/comments/1rejn79/new_luther_movie_casts_stephen_dillane_anya/
2026-02-25T21:47:39+00:00,1rem2tg,worldnews,177.63,40,6,0.74,https://www.reddit.com/r/worldnews/comments/1rem2tg/isis_teaching_recruits_how_to_use_ai_responsibly/
2026-02-25T21:47:39+00:00,1rejmwo,worldnews,260.77,275,11,0.99,https://www.reddit.com/r/worldnews/comments/1rejmwo/spain_declassifies_files_on_1981_attempted_coup/
2026-02-25T21:47:39+00:00,1regvjb,worldnews,357.38,206,48,0.94,https://www.reddit.com/r/worldnews/comments/1regvjb/ireland_eyes_closer_cooperation_with_nato/
2026-02-25T21:47:39+00:00,1regz04,gaming,353.97,3,8,0.54,https://www.reddit.com/r/gaming/comments/1regz04/future_gpx_cyber_formula_was_masterpiece_game_who/
2026-02-25T21:47:39+00:00,1reikvr,todayilearned,297.22,109,14,0.91,https://www.reddit.com/r/todayilearned/comments/1reikvr/til_about_lionel_crabb_a_royal_navy_diver_who/
2026-02-25T21:47:39+00:00,1remcq7,Music,168.12,1012,41,0.99,https://www.reddit.com/r/Music/comments/1remcq7/driver_who_killed_dixie_chicks_founding_member/
2026-02-25T21:47:39+00:00,1ren2wf,movies,143.18,4,28,0.53,https://www.reddit.com/r/movies/comments/1ren2wf/why_the_prestige_2006_still_deserves_more/
2026-02-25T21:47:39+00:00,1rem646,movies,174.67,2,2,0.63,https://www.reddit.com/r/movies/comments/1rem646/emily_carey_martin_freeman_sam_spruell_to_star_in/
2026-02-25T21:47:39+00:00,1rephww,AskReddit,55.3,1,9,0.6,https://www.reddit.com/r/AskReddit/comments/1rephww/what_is_the_kindest_thing_a_stranger_has_ever/
2026-02-25T21:47:39+00:00,1reqbh7,memes,25.5,0,1,0.23,https://www.reddit.com/r/memes/comments/1reqbh7/beat_it_chick_lezcel_edition/
2026-02-25T21:47:45+00:00,1reoj3r,worldnews,91.23,21,1,0.74,https://www.reddit.com/r/worldnews/comments/1reoj3r/métis_leaders_unveil_1920s_model_dog_sled/
2026-02-25T21:47:45+00:00,1reiiwc,gaming,299.25,0,42,0.27,https://www.reddit.com/r/gaming/comments/1reiiwc/your_take_on_good_video_game_movies/
2026-02-25T21:47:45+00:00,1rei8r6,gaming,309.3,8,23,0.66,https://www.reddit.com/r/gaming/comments/1rei8r6/horror_game_night_one_setup/
2026-02-25T21:47:45+00:00,1reiist,todayilearned,299.35,827,213,0.85,https://www.reddit.com/r/todayilearned/comments/1reiist/til_erotic_photography_started_in_1839_nsfw/
2026-02-25T21:47:45+00:00,1regovp,todayilearned,364.03,633,35,0.98,https://www.reddit.com/r/todayilearned/comments/1regovp/til_heinrich_kramer_the_man_responsible_the_early/
2026-02-25T21:47:45+00:00,1rembk6,movies,169.4,0,0,0.38,https://www.reddit.com/r/movies/comments/1rembk6/crosspost_were_the_production_team_behind/
2026-02-25T21:47:45+00:00,1rekoip,movies,225.48,1498,443,0.95,https://www.reddit.com/r/movies/comments/1rekoip/mortal_kombat_ii_official_trailer_ii/
2026-02-25T21:47:45+00:00,1rekknw,movies,228.92,0,14,0.25,https://www.reddit.com/r/movies/comments/1rekknw/which_films_in_your_opinion_are_excellent_but/
2026-02-25T21:47:45+00:00,1renitf,memes,127.37,10,2,0.86,https://www.reddit.com/r/memes/comments/1renitf/why_are_cats_like_this/
2026-02-25T21:47:45+00:00,1rels49,memes,188.0,857,32,0.96,https://www.reddit.com/r/memes/comments/1rels49/this_design/
2026-02-25T21:47:45+00:00,1relr7t,science,188.87,73,21,0.87,https://www.reddit.com/r/science/comments/1relr7t/sperm_swim_more_quickly_in_summer_study_finds/
2026-02-25T21:47:45+00:00,1reid5d,science,304.97,71,5,0.97,https://www.reddit.com/r/science/comments/1reid5d/researchers_identified_the_key_proteins_that/
2026-02-25T21:47:45+00:00,1rephcl,AskReddit,55.98,1,1,1.0,https://www.reddit.com/r/AskReddit/comments/1rephcl/hows_life_been_for_you_since_the_breakup/
2026-02-25T21:47:45+00:00,1renfrv,worldnews,130.52,3761,382,0.97,https://www.reddit.com/r/worldnews/comments/1renfrv/cuba_says_four_shot_dead_on_usregistered_speedboat/
2026-02-25T21:47:45+00:00,1rek1tz,worldnews,246.92,41,1,0.79,https://www.reddit.com/r/worldnews/comments/1rek1tz/ecuador_withdraws_from_un_palestinian_rights/
2026-02-25T21:47:45+00:00,1reneu0,gaming,131.35,1,32,0.53,https://www.reddit.com/r/gaming/comments/1reneu0/whats_your_favorite_bullet_hell_genre_game/
2026-02-25T21:47:45+00:00,1renjfm,Music,126.73,0,18,0.23,https://www.reddit.com/r/Music/comments/1renjfm/red_clay_highway_sparks_on_the_tailgate_country/
2026-02-25T21:47:45+00:00,1remnwg,Music,157.6,3,0,1.0,https://www.reddit.com/r/Music/comments/1remnwg/ingrown_to_tour_the_us_this_spring_with_mask/
2026-02-25T21:47:45+00:00,1rena65,aww,136.18,10,4,0.82,https://www.reddit.com/r/aww/comments/1rena65/he_is_so_done_with_today/
2026-02-25T21:47:45+00:00,1remofk,aww,157.08,6,0,0.88,https://www.reddit.com/r/aww/comments/1remofk/gelada_baboons/
2026-02-25T21:47:45+00:00,1remcak,aww,168.68,11,1,0.93,https://www.reddit.com/r/aww/comments/1remcak/bert_my_tripod_kitty/
2026-02-25T21:47:45+00:00,1rem7us,memes,173.17,208,12,0.98,https://www.reddit.com/r/memes/comments/1rem7us/alchemy_is_truly_alive_and_well/
2026-02-25T21:47:45+00:00,1rem3db,memes,177.25,32,1,0.97,https://www.reddit.com/r/memes/comments/1rem3db/you_have_her_eyes/
2026-02-25T21:47:45+00:00,1rejv0f,funny,253.27,704,28,0.96,https://www.reddit.com/r/funny/comments/1rejv0f/press_x_to_dispense_treats/
2026-02-25T21:47:45+00:00,1reha3v,funny,343.23,159,52,0.74,https://www.reddit.com/r/funny/comments/1reha3v/getting_the_finger_or_the_tube/
2026-02-25T21:47:45+00:00,1rep5cj,AskReddit,68.37,0,1,0.33,https://www.reddit.com/r/AskReddit/comments/1rep5cj/now_that_millions_of_documents_related_to_the/
2026-02-25T21:47:45+00:00,1rep57u,AskReddit,68.48,2,17,0.63,https://www.reddit.com/r/AskReddit/comments/1rep57u/whats_yalls_favorite_video_game/
2026-02-25T21:47:45+00:00,1rekibd,worldnews,231.33,57,21,0.71,https://www.reddit.com/r/worldnews/comments/1rekibd/speaker_of_the_knesset_medal_pm_modi_conferred/
2026-02-25T21:47:45+00:00,1rejwjp,worldnews,251.8,0,18,0.42,https://www.reddit.com/r/worldnews/comments/1rejwjp/donald_trump_on_indiapak_prez_says_pakistan_pm/
2026-02-25T21:47:45+00:00,1rem5dx,Music,175.43,0,0,0.5,https://www.reddit.com/r/Music/comments/1rem5dx/pedro_guitarra_3_rock/
2026-02-25T21:47:45+00:00,1rejaio,movies,272.65,0,30,0.39,https://www.reddit.com/r/movies/comments/1rejaio/what_are_the_best_javier_bardem_movies/
2026-02-25T21:47:45+00:00,1rehvbj,funny,322.48,193,6,0.91,https://www.reddit.com/r/funny/comments/1rehvbj/ugh/
2026-02-25T21:47:45+00:00,1regsfd,funny,360.57,5018,207,0.95,https://www.reddit.com/r/funny/comments/1regsfd/reddit_every_few_months/
2026-02-25T21:47:45+00:00,1rep5n4,AskReddit,68.05,1,2,1.0,https://www.reddit.com/r/AskReddit/comments/1rep5n4/how_was_the_andrew_leaving_the_police_station_pic/
2026-02-25T21:47:45+00:00,1rejs9s,worldnews,255.78,578,57,0.96,https://www.reddit.com/r/worldnews/comments/1rejs9s/ukraine_to_cover_4000_km_of_roads_with_antidrone/
2026-02-25T21:47:45+00:00,1relsve,aww,187.27,88,5,0.98,https://www.reddit.com/r/aww/comments/1relsve/its_her_birthday/
2026-02-25T21:47:45+00:00,1ren8r6,memes,137.53,0,19,0.48,https://www.reddit.com/r/memes/comments/1ren8r6/pov_breaking_a_bone/
2026-02-25T21:47:45+00:00,1reldd4,memes,202.25,0,0,0.2,https://www.reddit.com/r/memes/comments/1reldd4/rather_sad/
2026-02-25T21:47:45+00:00,1reimyn,science,295.2,872,81,0.98,https://www.reddit.com/r/science/comments/1reimyn/a_new_projection_study_estimates_that_nearly_a/
2026-02-25T21:47:45+00:00,1reilak,science,296.88,7,3,0.71,https://www.reddit.com/r/science/comments/1reilak/mystery_of_snowmanshaped_space_objects_cracked/
2026-02-25T21:47:45+00:00,1rephjf,AskReddit,55.78,0,3,0.5,https://www.reddit.com/r/AskReddit/comments/1rephjf/whats_something_your_partner_did_in_bed_that/
2026-02-25T21:47:45+00:00,1reph52,AskReddit,56.23,0,8,0.5,https://www.reddit.com/r/AskReddit/comments/1reph52/you_are_given_1_million_but_you_have_to_spend_it/
2026-02-25T21:47:45+00:00,1relx18,funny,183.17,1042,31,0.94,https://www.reddit.com/r/funny/comments/1relx18/interrupting_cow/
2026-02-25T21:47:45+00:00,1remtpy,worldnews,152.1,795,185,0.97,https://www.reddit.com/r/worldnews/comments/1remtpy/armed_confrontation_in_cuban_waters_leaves_four/
2026-02-25T21:47:45+00:00,1regfcp,todayilearned,373.9,12022,262,0.98,https://www.reddit.com/r/todayilearned/comments/1regfcp/til_about_the_thrasis_region_of_mars_due_to_mars/
2026-02-25T21:47:45+00:00,1remucu,Music,151.5,1,0,0.67,https://www.reddit.com/r/Music/comments/1remucu/tell_me_about_your_fav_music_artist_and_fav_song/
2026-02-25T21:47:45+00:00,1remm9k,aww,159.13,9,0,0.81,https://www.reddit.com/r/aww/comments/1remm9k/shifu_loves_this_kinda_sunny_days/
2026-02-25T21:47:45+00:00,1remb4e,aww,169.83,18,1,0.88,https://www.reddit.com/r/aww/comments/1remb4e/charlie/
2026-02-25T21:47:45+00:00,1ren01a,memes,146.15,0,13,0.44,https://www.reddit.com/r/memes/comments/1ren01a/i_think_humanity_might_have_already_lost_any/
2026-02-25T21:47:45+00:00,1reldb2,memes,202.32,0,10,0.38,https://www.reddit.com/r/memes/comments/1reldb2/they_were_deported/
2026-02-25T21:47:45+00:00,1requmq,AskReddit,5.68,1,5,1.0,https://www.reddit.com/r/AskReddit/comments/1requmq/what_is_legal_but_still_messed_up_to_do/
2026-02-25T21:47:45+00:00,1requf5,AskReddit,5.95,4,8,1.0,https://www.reddit.com/r/AskReddit/comments/1requf5/what_do_you_think_happens_after_we_die/
2026-02-25T21:47:45+00:00,1requ68,AskReddit,6.17,2,2,1.0,https://www.reddit.com/r/AskReddit/comments/1requ68/ladies_and_gentlemen_how_are_you_feeling_on_this/
2026-02-25T21:47:45+00:00,1requos,gaming,5.63,17,2,0.87,https://www.reddit.com/r/gaming/comments/1requos/resident_evil_requiem_is_the_highest_rated_new/
2026-02-25T21:47:45+00:00,1rep803,AskReddit,65.63,2,4,0.75,https://www.reddit.com/r/AskReddit/comments/1rep803/how_do_you_handle_a_breakup/
2026-02-25T21:47:45+00:00,1reiv5g,worldnews,287.12,37,10,0.74,https://www.reddit.com/r/worldnews/comments/1reiv5g/carney_to_travel_to_india_with_very_good_image/
2026-02-25T21:47:45+00:00,1reirms,todayilearned,290.6,30,0,0.94,https://www.reddit.com/r/todayilearned/comments/1reirms/til_that_in_ww2_canada_trained_a_group_of_covert/
2026-02-25T21:47:45+00:00,1ren7st,Music,138.42,0,12,0.36,https://www.reddit.com/r/Music/comments/1ren7st/your_top_10_songs_off_all_time/
2026-02-25T21:47:45+00:00,1relbc5,Music,204.15,1,1,1.0,https://www.reddit.com/r/Music/comments/1relbc5/tina_turner_when_the_heartache_is_over_dancerock/
2026-02-25T21:47:45+00:00,1reodl7,aww,96.78,27,0,0.97,https://www.reddit.com/r/aww/comments/1reodl7/sleepy_kitties_in_the_window_of_the_local_thai/
2026-02-25T21:47:45+00:00,1ren12l,aww,145.08,496,12,1.0,https://www.reddit.com/r/aww/comments/1ren12l/my_cats_keeping_me_company_today/
2026-02-25T21:47:45+00:00,1remmor,aww,158.7,158,5,0.99,https://www.reddit.com/r/aww/comments/1remmor/cats_are_now_tolerant_roommates_yay_thank_you/
2026-02-25T21:47:45+00:00,1rel9g4,aww,205.93,333,5,1.0,https://www.reddit.com/r/aww/comments/1rel9g4/my_majestic_battlescarred_old_boy/
2026-02-25T21:47:45+00:00,1rel6ka,aww,208.53,46,3,0.98,https://www.reddit.com/r/aww/comments/1rel6ka/cute_baby/
2026-02-25T21:47:45+00:00,1rem6zf,memes,173.98,8,5,0.85,https://www.reddit.com/r/memes/comments/1rem6zf/who_knew_as_an_adult_that_my_biggest_op_would_be/
2026-02-25T21:47:45+00:00,1repr93,AskReddit,46.12,0,1,0.5,https://www.reddit.com/r/AskReddit/comments/1repr93/what_is_a_point_of_no_return_that_youve_crossed/
2026-02-25T21:47:45+00:00,1repqtv,AskReddit,46.52,0,13,0.25,https://www.reddit.com/r/AskReddit/comments/1repqtv/whats_the_likelihood_of_mexican_cartels_actually/
2026-02-25T21:47:58+00:00,1rekem0,funny,235.08,2092,11,0.97,https://www.reddit.com/r/funny/comments/1rekem0/oc_must_be/
2026-02-25T21:47:58+00:00,1rep6ke,AskReddit,67.33,2,4,1.0,https://www.reddit.com/r/AskReddit/comments/1rep6ke/how_can_you_tell_the_difference_between_loving_a/
2026-02-25T21:47:58+00:00,1renj4s,movies,127.25,0,4,0.43,https://www.reddit.com/r/movies/comments/1renj4s/marc_platt_produced_movies/
2026-02-25T21:47:58+00:00,1rekxx7,movies,216.93,21,51,0.77,https://www.reddit.com/r/movies/comments/1rekxx7/the_one/
2026-02-25T21:47:58+00:00,1rem98q,memes,171.93,240,30,0.89,https://www.reddit.com/r/memes/comments/1rem98q/universal_guide_for_buying_anything_in_todays/
2026-02-25T21:47:58+00:00,1rem3c7,memes,177.5,4,4,0.67,https://www.reddit.com/r/memes/comments/1rem3c7/damn_bro/
2026-02-25T21:47:58+00:00,1rep6a5,AskReddit,67.62,1,3,1.0,https://www.reddit.com/r/AskReddit/comments/1rep6a5/which_scifi_movietv_show_clothes_better_fit_your/
2026-02-25T21:47:58+00:00,1reiovl,worldnews,293.52,23,3,0.7,https://www.reddit.com/r/worldnews/comments/1reiovl/rubio_begins_talks_with_caribbean_leaders_amid/
2026-02-25T21:47:58+00:00,1reniih,Music,127.87,0,6,0.06,https://www.reddit.com/r/Music/comments/1reniih/kanye_wests_spokesperson_milo_yiannopolous_ye/
2026-02-25T21:47:58+00:00,1rel39a,aww,211.85,72,9,0.99,https://www.reddit.com/r/aww/comments/1rel39a/pov_you_are_about_to_touch_the_belly/
2026-02-25T21:47:58+00:00,1rekwjp,aww,218.18,12,1,0.84,https://www.reddit.com/r/aww/comments/1rekwjp/her_thoughts_as_i_climbed_onto_thus_sofa/
2026-02-25T21:47:58+00:00,1reku2y,aww,220.5,10,2,0.78,https://www.reddit.com/r/aww/comments/1reku2y/i_very_love_small_dog/
2026-02-25T21:47:58+00:00,1rem0rb,movies,179.85,2,1,0.55,https://www.reddit.com/r/movies/comments/1rem0rb/bluff_and_extraction_2_cinematographer_is_annoying/
2026-02-25T21:47:58+00:00,1rekgig,science,233.27,88,37,0.76,https://www.reddit.com/r/science/comments/1rekgig/higher_intakes_of_total_processed_and_unprocessed/
2026-02-25T21:47:58+00:00,1reimnd,science,295.7,292,16,0.96,https://www.reddit.com/r/science/comments/1reimnd/chinese_scientists_successfully_built_an_aqueous/
2026-02-25T21:47:58+00:00,1reoh7g,Music,93.33,0,0,0.2,https://www.reddit.com/r/Music/comments/1reoh7g/has_anyone_heard_of_underground_starz_curious/
2026-02-25T21:47:58+00:00,1reoe52,movies,96.42,3,1,0.67,https://www.reddit.com/r/movies/comments/1reoe52/before_the_godfather_the_real_meeting_at_castello/
2026-02-25T21:47:58+00:00,1reibze,science,306.37,0,2,0.5,https://www.reddit.com/r/science/comments/1reibze/the_surprising_complexity_behind_the_squeak_of/
2026-02-25T21:47:58+00:00,1rempt4,memes,156.05,68,15,0.79,https://www.reddit.com/r/memes/comments/1rempt4/omelet_du_frommage/
2026-02-25T21:47:58+00:00,1reoftw,gaming,94.7,272,144,0.9,https://www.reddit.com/r/gaming/comments/1reoftw/loot_box_litigation_new_york_attorney_general/
2026-02-25T21:47:58+00:00,1reofzh,aww,94.53,40,20,0.96,https://www.reddit.com/r/aww/comments/1reofzh/he_loves_the_water_and_never_misses_a_walk/
2026-02-25T21:47:58+00:00,1regpq8,funny,363.38,38453,182,0.97,https://www.reddit.com/r/funny/comments/1regpq8/class_participation/
2026-02-25T21:47:58+00:00,1remrsu,Music,154.12,0,6,0.33,https://www.reddit.com/r/Music/comments/1remrsu/spice_girls_night_on_the_masked_singer/
2026-02-25T21:47:58+00:00,1rejvh4,movies,253.03,0,22,0.48,https://www.reddit.com/r/movies/comments/1rejvh4/1_give_me_your_favorite_actiondrama_film_of_all/
2026-02-25T21:47:58+00:00,1remcg7,funny,168.73,0,5,0.31,https://www.reddit.com/r/funny/comments/1remcg7/explosive/
2026-02-25T21:47:58+00:00,1rep5su,AskReddit,68.12,1,5,1.0,https://www.reddit.com/r/AskReddit/comments/1rep5su/if_you_could_be_completely_invisible_for_one_hour/
2026-02-25T21:47:58+00:00,1reig7v,worldnews,302.18,963,241,0.9,https://www.reddit.com/r/worldnews/comments/1reig7v/canada_pledges_8_million_in_food_aid_for_cuba_as/
2026-02-25T21:47:58+00:00,1relo65,gaming,192.1,0,28,0.38,https://www.reddit.com/r/gaming/comments/1relo65/resident_evil_requiem_often_uses_8gb_of_vram_at/
2026-02-25T21:47:58+00:00,1renmyl,memes,123.4,30,6,0.87,https://www.reddit.com/r/memes/comments/1renmyl/now_were_free_fallin/
2026-02-25T21:47:58+00:00,1reph7t,AskReddit,56.35,1,5,1.0,https://www.reddit.com/r/AskReddit/comments/1reph7t/what_is_the_worst_state/
2026-02-25T21:47:58+00:00,1rep7qs,AskReddit,66.12,1,5,0.67,https://www.reddit.com/r/AskReddit/comments/1rep7qs/how_do_you_feel_about_the_government_having_your/
2026-02-25T21:47:58+00:00,1reohna,Music,92.9,0,0,0.2,https://www.reddit.com/r/Music/comments/1reohna/has_anyone_heard_of_underground_starz_curious/
2026-02-25T21:47:58+00:00,1renniq,Music,122.85,2,0,1.0,https://www.reddit.com/r/Music/comments/1renniq/night_tapes_swordsman_audiotree_live_performance/
2026-02-25T21:47:58+00:00,1rekr0e,aww,223.42,11,3,1.0,https://www.reddit.com/r/aww/comments/1rekr0e/he_is_living_his_best_life/
2026-02-25T21:47:58+00:00,1renkzo,science,125.4,545,9,0.98,https://www.reddit.com/r/science/comments/1renkzo/neurosurgeons_are_really_good_at_removing_brain/
2026-02-25T21:47:58+00:00,1rep44n,AskReddit,69.87,1,2,1.0,https://www.reddit.com/r/AskReddit/comments/1rep44n/what_was_the_single_greatest_moment_of_sheer/
2026-02-25T21:47:58+00:00,1reoalh,aww,99.97,15,1,0.95,https://www.reddit.com/r/aww/comments/1reoalh/eevee_used_rest_its_super_effective/
2026-02-25T21:47:58+00:00,1rep7h8,AskReddit,66.42,35,14,0.65,https://www.reddit.com/r/AskReddit/comments/1rep7h8/if_you_have_only_fans_how_do_you_deal_with_the/
2026-02-25T21:47:58+00:00,1reog03,science,94.53,189,12,0.98,https://www.reddit.com/r/science/comments/1reog03/a_recent_article_that_reviewed_evidence_from_29/
2026-02-25T21:47:58+00:00,1rephtz,AskReddit,55.68,1,2,0.67,https://www.reddit.com/r/AskReddit/comments/1rephtz/what_youtubercelebrity_fell_off_for_no_reason/
2026-02-25T21:48:03+00:00,1rep64c,memes,67.88,7,1,1.0,https://www.reddit.com/r/memes/comments/1rep64c/time_to_hit_the_road/
2026-02-25T21:48:03+00:00,1reprto,AskReddit,45.87,2,4,1.0,https://www.reddit.com/r/AskReddit/comments/1reprto/what_made_you_realise_your_parents_werent_as/
2026-02-25T21:48:09+00:00,1req2aw,memes,35.22,0,3,0.33,https://www.reddit.com/r/memes/comments/1req2aw/bro_shouldve_just_focused_in_his_goals_instead_of/
2026-02-25T21:48:09+00:00,1req1st,memes,35.72,1,0,1.0,https://www.reddit.com/r/memes/comments/1req1st/hes_not_just_in_the_files_hes_everywhere/
2026-02-25T21:48:14+00:00,1reprmr,AskReddit,46.23,1,0,1.0,https://www.reddit.com/r/AskReddit/comments/1reprmr/what_constitutes_saggy_jowls/
2026-02-25T21:48:14+00:00,1reps7r,AskReddit,45.63,2,11,1.0,https://www.reddit.com/r/AskReddit/comments/1reps7r/whats_the_strangest_craving_youve_had/
2026-02-25T21:48:14+00:00,1req262,AskReddit,35.45,0,11,0.33,https://www.reddit.com/r/AskReddit/comments/1req262/pn_first_dates_how_do_you_all_split_the_bill_and/
2026-02-25T21:48:19+00:00,1req235,AskReddit,35.62,1,2,1.0,https://www.reddit.com/r/AskReddit/comments/1req235/whats_something_people_think_is_a_small_decision/
2026-02-25T21:48:24+00:00,1repryj,aww,46.07,136,6,0.99,https://www.reddit.com/r/aww/comments/1repryj/he_wants_to_say_hi/
2026-02-25T21:48:24+00:00,1req238,AskReddit,35.7,4,16,1.0,https://www.reddit.com/r/AskReddit/comments/1req238/whats_something_everyone_pretends_to_understand/
2026-02-25T21:48:24+00:00,1req1c1,AskReddit,36.42,1,14,0.67,https://www.reddit.com/r/AskReddit/comments/1req1c1/if_animals_could_talk_which_one_would_be_the/
2026-02-25T21:48:24+00:00,1reprz2,gaming,46.05,0,28,0.22,https://www.reddit.com/r/gaming/comments/1reprz2/horizon_hunters_gathering/
2026-02-25T21:48:29+00:00,1reqc7t,Music,25.57,1,0,1.0,https://www.reddit.com/r/Music/comments/1reqc7t/suede_everything_will_flow_rock/
2026-02-25T21:48:29+00:00,1reqlmp,AskReddit,15.7,4,7,1.0,https://www.reddit.com/r/AskReddit/comments/1reqlmp/whats_a_moment_that_made_you_rethink_a_friendship/
2026-02-25T21:48:29+00:00,1reqlwb,memes,15.43,2,1,1.0,https://www.reddit.com/r/memes/comments/1reqlwb/i_hope_its_a_ps5/
2026-02-25T21:48:34+00:00,1reprly,AskReddit,46.58,0,1,0.2,https://www.reddit.com/r/AskReddit/comments/1reprly/why_did_robert_carradine_kill_himself/
2026-02-25T21:48:34+00:00,1reqleb,gaming,16.02,14,19,0.79,https://www.reddit.com/r/gaming/comments/1reqleb/whats_your_travel_game/
2026-02-25T21:48:39+00:00,1reqm5v,memes,15.33,6,7,1.0,https://www.reddit.com/r/memes/comments/1reqm5v/tough_decisions_ahead/
2026-02-25T21:48:39+00:00,1reqlb0,movies,16.2,2,35,0.75,https://www.reddit.com/r/movies/comments/1reqlb0/adams_perfect_films/
2026-02-25T21:48:45+00:00,1rep8hr,AskReddit,66.13,2,2,0.75,https://www.reddit.com/r/AskReddit/comments/1rep8hr/whats_your_favourite_pokemon/
2026-02-25T21:48:45+00:00,1rep96e,memes,65.4,39,9,0.78,https://www.reddit.com/r/memes/comments/1rep96e/yall_rate_my_meme_potential/
2026-02-25T21:48:45+00:00,1reqv9t,AskReddit,6.03,1,10,1.0,https://www.reddit.com/r/AskReddit/comments/1reqv9t/whats_something_porn_taught_people_thats/
2026-02-25T21:48:45+00:00,1reqv90,AskReddit,6.07,2,1,1.0,https://www.reddit.com/r/AskReddit/comments/1reqv90/what_is_the_weirdest_belief_about_the_world_that/
2026-02-25T21:48:45+00:00,1reqvov,todayilearned,5.58,6,2,1.0,https://www.reddit.com/r/todayilearned/comments/1reqvov/til_in_the_1950s_and_60s_vernon_florida_had_a/
2026-02-25T21:48:45+00:00,1reqw33,Music,5.17,1,0,0.67,https://www.reddit.com/r/Music/comments/1reqw33/miguel_leads_ice_out_chant_at_nyc_show_in/
2026-02-25T21:48:45+00:00,1reqvhw,aww,5.8,9,0,1.0,https://www.reddit.com/r/aww/comments/1reqvhw/someone_was_happy_to_see_potatoes_at_the_weekly/
2026-02-25T21:48:50+00:00,1rep8pa,AskReddit,66.0,2,81,0.56,https://www.reddit.com/r/AskReddit/comments/1rep8pa/you_are_given_1000000_but_you_have_to_live_inside/
2026-02-25T21:48:50+00:00,1rep8s7,memes,65.9,1890,43,0.99,https://www.reddit.com/r/memes/comments/1rep8s7/weve_all_been_there/
2026-02-25T21:48:50+00:00,1rep8t9,aww,65.88,5,0,0.86,https://www.reddit.com/r/aww/comments/1rep8t9/i_accidentally_opened_the_front_camera_and_this/
2026-02-25T21:49:00+00:00,1rep8bn,AskReddit,66.55,0,4,0.5,https://www.reddit.com/r/AskReddit/comments/1rep8bn/whats_your_favourite_song/
2026-02-25T21:49:00+00:00,1repj0v,AskReddit,55.58,6,17,1.0,https://www.reddit.com/r/AskReddit/comments/1repj0v/which_hack_managed_to_boost_your_confidence_and/
2026-02-25T21:49:05+00:00,1repj78,AskReddit,55.48,0,19,0.5,https://www.reddit.com/r/AskReddit/comments/1repj78/how_do_you_think_trump_will_react_when_everything/
2026-02-25T21:49:05+00:00,1repsmm,AskReddit,46.08,0,8,0.33,https://www.reddit.com/r/AskReddit/comments/1repsmm/is_it_possible_to_make_a_catapult_or_trebuchet/
2026-02-25T21:49:10+00:00,1req2ol,funny,35.87,0,3,0.36,https://www.reddit.com/r/funny/comments/1req2ol/they_wouldnt_do_openings_like_this_anymore_today/
2026-02-25T21:49:10+00:00,1req2jk,AskReddit,36.0,3,3,0.8,https://www.reddit.com/r/AskReddit/comments/1req2jk/who_is_the_one_person_that_matters_the_most_in/
2026-02-25T21:49:15+00:00,1req337,AskReddit,35.52,1,2,0.67,https://www.reddit.com/r/AskReddit/comments/1req337/what_is_the_most_creative_way_someone_has_told/
2026-02-25T21:49:20+00:00,1req2oh,AskReddit,36.03,2,5,0.75,https://www.reddit.com/r/AskReddit/comments/1req2oh/whats_one_piece_of_advice_youd_take_to_the_grave/
2026-02-25T21:49:30+00:00,1rept8c,memes,45.87,7,1,1.0,https://www.reddit.com/r/memes/comments/1rept8c/just_got_it_done/
2026-02-25T21:49:30+00:00,1reqm95,AskReddit,16.08,0,5,0.5,https://www.reddit.com/r/AskReddit/comments/1reqm95/whats_an_average_skill_that_can_turn_into_serious/
2026-02-25T21:49:36+00:00,1reqd0p,AskReddit,25.77,4,5,1.0,https://www.reddit.com/r/AskReddit/comments/1reqd0p/what_is_the_most_tactless_question_youve_heard/
2026-02-25T21:49:36+00:00,1reqcwt,AskReddit,25.9,0,8,0.4,https://www.reddit.com/r/AskReddit/comments/1reqcwt/what_food_combinations_are_surprisingly_really/
2026-02-25T21:49:41+00:00,1reqmic,AskReddit,16.03,1,12,0.67,https://www.reddit.com/r/AskReddit/comments/1reqmic/what_is_a_job_youd_do_for_free_even_if_you_were/
2026-02-25T21:49:41+00:00,1reqmdh,AskReddit,16.15,5,17,1.0,https://www.reddit.com/r/AskReddit/comments/1reqmdh/how_do_you_think_the_internet_is_different_today/
2026-02-25T21:49:46+00:00,1rep989,AskReddit,66.35,15,114,0.94,https://www.reddit.com/r/AskReddit/comments/1rep989/whats_a_single_sentence_someone_said_that_youve/
2026-02-25T21:49:51+00:00,1reqwxi,AskReddit,5.37,1,2,1.0,https://www.reddit.com/r/AskReddit/comments/1reqwxi/whats_the_creepiest_thing_a_child_has_ever_said/
2026-02-25T21:49:51+00:00,1reqw7w,AskReddit,6.13,1,0,0.99,https://www.reddit.com/r/AskReddit/comments/1reqw7w/people_who_dated_the_most_popular_person_in_their/
2026-02-25T21:49:51+00:00,1reqwsq,movies,5.5,1,3,1.0,https://www.reddit.com/r/movies/comments/1reqwsq/the_best_notamerican_movies_you_would_always/
2026-02-25T21:49:51+00:00,1reqws9,movies,5.52,0,0,0.33,https://www.reddit.com/r/movies/comments/1reqws9/rewatched_spielbergs_west_side_story_at_school/
2026-02-25T21:49:51+00:00,1reqwev,movies,5.92,1,0,1.0,https://www.reddit.com/r/movies/comments/1reqwev/which_of_these_movies_shot_in_the_southwest_would/
2026-02-25T21:49:51+00:00,1reqwyk,memes,5.33,1,0,1.0,https://www.reddit.com/r/memes/comments/1reqwyk/why_the_rage_bait_reddit_why/
2026-02-25T21:49:51+00:00,1repa2w,AskReddit,65.57,3,6,1.0,https://www.reddit.com/r/AskReddit/comments/1repa2w/what_are_some_random_facts_not_many_people_know_of/
2026-02-25T21:49:51+00:00,1repa1r,AskReddit,65.6,0,23,0.2,https://www.reddit.com/r/AskReddit/comments/1repa1r/with_how_unpopular_lgbtq_policies_are_should/
2026-02-25T21:50:00+00:00,1rep9yo,aww,65.83,71,2,1.0,https://www.reddit.com/r/aww/comments/1rep9yo/emma_the_bear/
2026-02-25T21:50:00+00:00,1repjcw,AskReddit,56.23,2,1,1.0,https://www.reddit.com/r/AskReddit/comments/1repjcw/how_would_you_give_this_owner_a_1_star_review/
2026-02-25T21:50:00+00:00,1rep9z2,AskReddit,65.82,3,9,1.0,https://www.reddit.com/r/AskReddit/comments/1rep9z2/what_is_the_craziest_thing_youve_overheard/
2026-02-25T21:50:00+00:00,1rep9nt,memes,66.13,10,1,1.0,https://www.reddit.com/r/memes/comments/1rep9nt/decisions_decisions/
2026-02-25T21:50:00+00:00,1repjcf,AskReddit,56.25,1,8,0.67,https://www.reddit.com/r/AskReddit/comments/1repjcf/what_make_a_marriage_last/
2026-02-25T21:50:06+00:00,1repjth,aww,55.87,7,1,0.82,https://www.reddit.com/r/aww/comments/1repjth/balloon/
2026-02-25T21:50:11+00:00,1repk4o,AskReddit,55.63,1,4,0.67,https://www.reddit.com/r/AskReddit/comments/1repk4o/how_would_you_feel_if_your_family_member/
2026-02-25T21:50:11+00:00,1repjtj,memes,55.95,2,0,1.0,https://www.reddit.com/r/memes/comments/1repjtj/they_probably_should_lol/
2026-02-25T21:50:16+00:00,1req3e2,AskReddit,36.23,2,18,0.75,https://www.reddit.com/r/AskReddit/comments/1req3e2/what_do_you_think_of_marriage/
2026-02-25T21:50:16+00:00,1repu10,AskReddit,45.82,0,0,0.5,https://www.reddit.com/r/AskReddit/comments/1repu10/if_you_had_the_chance_what_is_one_thing_you_would/
2026-02-25T21:50:16+00:00,1req45b,funny,35.4,18,5,0.75,https://www.reddit.com/r/funny/comments/1req45b/grandma_sets_an_alarm/
2026-02-25T21:50:21+00:00,1reptma,aww,46.33,2,0,1.0,https://www.reddit.com/r/aww/comments/1reptma/she_truly_is_a_sweetheart_with_a_very_noble_heart/
2026-02-25T21:50:21+00:00,1req3zn,AskReddit,35.65,1,18,0.6,https://www.reddit.com/r/AskReddit/comments/1req3zn/people_who_have_tasted_venison_whats_it_like_is/
2026-02-25T21:50:21+00:00,1req3yb,AskReddit,35.68,5,3,0.86,https://www.reddit.com/r/AskReddit/comments/1req3yb/should_professional_referees_have_to_do_postgame/
2026-02-25T21:50:21+00:00,1reptox,AskReddit,46.25,0,5,0.33,https://www.reddit.com/r/AskReddit/comments/1reptox/if_you_could_live_in_any_time_period_which_one/
2026-02-25T21:50:21+00:00,1req468,AskReddit,35.47,1,6,0.67,https://www.reddit.com/r/AskReddit/comments/1req468/where_did_the_point_of_no_return_post_trend_on/
2026-02-25T21:50:21+00:00,1repu68,aww,45.77,11,1,1.0,https://www.reddit.com/r/aww/comments/1repu68/buddy/
2026-02-25T21:50:26+00:00,1reqdiq,AskReddit,26.0,0,5,0.5,https://www.reddit.com/r/AskReddit/comments/1reqdiq/what_do_you_understand_easily_that_others_usually/
2026-02-25T21:50:26+00:00,1req428,AskReddit,35.65,5,30,0.86,https://www.reddit.com/r/AskReddit/comments/1req428/do_you_have_a_person_in_your_life_who_sneezes_or/
2026-02-25T21:50:26+00:00,1reqdur,AskReddit,25.67,20,108,1.0,https://www.reddit.com/r/AskReddit/comments/1reqdur/what_was_something_that_ended_your_crush_on/
2026-02-25T21:50:36+00:00,1reqnl4,AskReddit,15.87,1,5,0.67,https://www.reddit.com/r/AskReddit/comments/1reqnl4/which_youtubers_do_you_watch/
2026-02-25T21:50:36+00:00,1reqnwy,AskReddit,15.55,0,3,0.5,https://www.reddit.com/r/AskReddit/comments/1reqnwy/how_do_you_handle_tripsoutings_when_your_parent/
2026-02-25T21:50:36+00:00,1reqnn4,AskReddit,15.82,1,0,0.67,https://www.reddit.com/r/AskReddit/comments/1reqnn4/whats_the_most_effective_way_to_find_paying/
2026-02-25T21:50:47+00:00,1repar4,AskReddit,65.75,2,16,1.0,https://www.reddit.com/r/AskReddit/comments/1repar4/what_is_the_name_of_your_cat/
2026-02-25T21:50:52+00:00,1reqy0w,AskReddit,5.27,2,5,1.0,https://www.reddit.com/r/AskReddit/comments/1reqy0w/whats_your_definition_of_a_cool_person_do_you/
2026-02-25T21:50:52+00:00,1reqxc4,AskReddit,5.98,3,8,0.8,https://www.reddit.com/r/AskReddit/comments/1reqxc4/how_would_you_feel_about_voting_in_an_election/
2026-02-25T21:50:52+00:00,1reqx4c,AskReddit,6.2,2,3,1.0,https://www.reddit.com/r/AskReddit/comments/1reqx4c/what_was_that_junk_food_you_liked_the_most_but/
2026-02-25T21:50:52+00:00,1reqxlx,Music,5.7,1,0,1.0,https://www.reddit.com/r/Music/comments/1reqxlx/social_distortions_mike_ness_on_kicking_cancer/
2026-02-25T21:50:52+00:00,1reqx85,movies,6.1,1,1,0.67,https://www.reddit.com/r/movies/comments/1reqx85/dvds_are_the_new_vinyl_records_why_gen_z_is/
2026-02-25T21:50:52+00:00,1reqy2p,memes,5.22,2,0,1.0,https://www.reddit.com/r/memes/comments/1reqy2p/me_when_i_am_headbanging_in_my_room_to_metal_and/
2026-02-25T21:51:02+00:00,1repkxi,todayilearned,55.7,3793,54,0.99,https://www.reddit.com/r/todayilearned/comments/1repkxi/til_while_recording_samples_for_the_mellotron_an/
2026-02-25T21:51:02+00:00,1repaps,AskReddit,66.05,2,4,1.0,https://www.reddit.com/r/AskReddit/comments/1repaps/what_scifitv_show_has_the_most_alienlike/
2026-02-25T21:51:07+00:00,1repl88,AskReddit,55.5,1,7,0.66,https://www.reddit.com/r/AskReddit/comments/1repl88/whats_the_creepiest_thing_youve_ever_experienced/
2026-02-25T21:51:12+00:00,1req4ry,AskReddit,35.7,2,3,1.0,https://www.reddit.com/r/AskReddit/comments/1req4ry/imagine_you_woke_up_in_a_different_body_like_in/
2026-02-25T21:51:12+00:00,1repkei,AskReddit,56.37,0,5,0.33,https://www.reddit.com/r/AskReddit/comments/1repkei/why_do_you_think_everything_is_tied_back_to_israel/
2026-02-25T21:51:12+00:00,1req4vt,Music,35.6,6,1,1.0,https://www.reddit.com/r/Music/comments/1req4vt/they_might_be_giants_the_guitar_alt_rock/
2026-02-25T21:51:17+00:00,1req4lf,AskReddit,35.97,3,2,1.0,https://www.reddit.com/r/AskReddit/comments/1req4lf/whats_the_best_example_of_steak_too_juicy_lobster/
2026-02-25T21:51:17+00:00,1repkiw,movies,56.33,1,1,1.0,https://www.reddit.com/r/movies/comments/1repkiw/mortal_kombat_ii_official_trailer_ii/
2026-02-25T21:51:17+00:00,1repv7c,AskReddit,45.65,0,1,0.2,https://www.reddit.com/r/AskReddit/comments/1repv7c/is_there_any_victim_of_epstien_island_here_in/
2026-02-25T21:51:22+00:00,1repv23,AskReddit,45.9,3,2,1.0,https://www.reddit.com/r/AskReddit/comments/1repv23/hey_redditors_what_is_your_strangest_childhood/
2026-02-25T21:51:22+00:00,1req59c,AskReddit,35.38,2,6,1.0,https://www.reddit.com/r/AskReddit/comments/1req59c/serious_what_is_the_best_dating_app_for_longterm/
2026-02-25T21:51:22+00:00,1req4x0,memes,35.73,6,3,1.0,https://www.reddit.com/r/memes/comments/1req4x0/the_only_ice_i_like_is_either_in_a_cooler_or/
2026-02-25T21:51:22+00:00,1repv08,memes,45.95,107,7,0.99,https://www.reddit.com/r/memes/comments/1repv08/cant_be_the_only_one/
2026-02-25T21:51:27+00:00,1reqehu,AskReddit,26.05,3,30,0.8,https://www.reddit.com/r/AskReddit/comments/1reqehu/what_is_a_1010_non_alcoholic_drink/
2026-02-25T21:51:27+00:00,1req4ds,aww,36.35,14,0,1.0,https://www.reddit.com/r/aww/comments/1req4ds/from_pup_to_pooch_happy_4th_birthday_charlie_angel/
2026-02-25T21:51:33+00:00,1repuwn,AskReddit,46.23,2,0,1.0,https://www.reddit.com/r/AskReddit/comments/1repuwn/type_one_diabetics_of_reddit_what_are_some_things/
2026-02-25T21:51:38+00:00,1reqowh,AskReddit,15.57,2,1,0.75,https://www.reddit.com/r/AskReddit/comments/1reqowh/if_all_you_had_was_timehow_would_you_spend_it/
2026-02-25T21:51:38+00:00,1repuys,AskReddit,46.25,0,2,0.5,https://www.reddit.com/r/AskReddit/comments/1repuys/if_it_were_the_end_of_the_world_what_would_be_the/
2026-02-25T21:51:48+00:00,1replme,funny,55.78,1073,40,0.98,https://www.reddit.com/r/funny/comments/1replme/comments/
2026-02-25T21:51:53+00:00,1reqyxd,AskReddit,5.37,2,9,1.0,https://www.reddit.com/r/AskReddit/comments/1reqyxd/whats_a_fair_amount_per_package_to_charge_for/
2026-02-25T21:51:53+00:00,1reqyr1,AskReddit,5.55,1,0,1.0,https://www.reddit.com/r/AskReddit/comments/1reqyr1/what_happened_to_that_megaman_x_explainer_guy/
2026-02-25T21:51:53+00:00,1reqy73,Music,6.13,1,0,1.0,https://www.reddit.com/r/Music/comments/1reqy73/billy_idol_talks_rock_hall_nomination_new/
2026-02-25T21:51:53+00:00,1repc07,AskReddit,65.57,0,4,0.33,https://www.reddit.com/r/AskReddit/comments/1repc07/what_is_the_most_annoying_thing/
2026-02-25T21:52:03+00:00,1repbim,AskReddit,66.23,0,3,0.25,https://www.reddit.com/r/AskReddit/comments/1repbim/men_if_your_gf_wanted_you_to_not_masturbate/
2026-02-25T21:52:03+00:00,1repm0k,AskReddit,55.67,2,1,1.0,https://www.reddit.com/r/AskReddit/comments/1repm0k/how_do_you_deal_with_terrible_inlaws/
2026-02-25T21:52:03+00:00,1repbu9,AskReddit,65.9,2,3,1.0,https://www.reddit.com/r/AskReddit/comments/1repbu9/26_yo_leaving_corporate_what_are_some_tipsadvice/
2026-02-25T21:52:03+00:00,1replot,AskReddit,55.97,0,1,0.5,https://www.reddit.com/r/AskReddit/comments/1replot/how_did_you_get_forced_to_incarnate_on_prison/
2026-02-25T21:52:03+00:00,1repm6m,AskReddit,55.5,2,22,0.75,https://www.reddit.com/r/AskReddit/comments/1repm6m/what_is_the_best_compliment_you_have_ever_received/
2026-02-25T21:52:08+00:00,1req5l1,AskReddit,35.83,4,6,1.0,https://www.reddit.com/r/AskReddit/comments/1req5l1/what_is_a_ridiculously_insignificant_reason_you/
2026-02-25T21:52:08+00:00,1req61t,Music,35.42,2,0,0.75,https://www.reddit.com/r/Music/comments/1req61t/chris_aschman_neon_jazz_jazz_fusion_2026/
2026-02-25T21:52:13+00:00,1repvuc,memes,45.92,55,9,0.89,https://www.reddit.com/r/memes/comments/1repvuc/well_the_look_on_his_face_says_it_all/
2026-02-25T21:52:18+00:00,1repw9v,AskReddit,45.53,2,13,1.0,https://www.reddit.com/r/AskReddit/comments/1repw9v/whats_a_better_feeling_than_getting_home_from/
2026-02-25T21:52:18+00:00,1repvgh,AskReddit,46.38,0,0,0.33,https://www.reddit.com/r/AskReddit/comments/1repvgh/what_do_you_think_is_the_biggest_challenge_facing/
2026-02-25T21:52:18+00:00,1repvr3,AskReddit,46.08,0,4,0.5,https://www.reddit.com/r/AskReddit/comments/1repvr3/what_are_some_stupid_laws_in_your_country/
2026-02-25T21:52:18+00:00,1reqfwm,aww,25.38,6,0,1.0,https://www.reddit.com/r/aww/comments/1reqfwm/my_dog_is_so_strange/
2026-02-25T21:52:18+00:00,1repvph,AskReddit,46.12,0,3,0.33,https://www.reddit.com/r/AskReddit/comments/1repvph/what_movies_live_rentfree_in_your_mind/
2026-02-25T21:52:18+00:00,1req5uz,AskReddit,35.75,0,37,0.5,https://www.reddit.com/r/AskReddit/comments/1req5uz/if_crime_is_legal_without_any_consequences_for/
2026-02-25T21:52:18+00:00,1reqg1e,AskReddit,25.25,1,11,1.0,https://www.reddit.com/r/AskReddit/comments/1reqg1e/what_current_series_are_you_watching_that_youd/
2026-02-25T21:52:23+00:00,1reqfcs,AskReddit,26.05,0,1,0.33,https://www.reddit.com/r/AskReddit/comments/1reqfcs/what_do_you_think_guys_in_this_new_genz_world_are/
2026-02-25T21:52:23+00:00,1req62c,funny,35.65,90,5,0.96,https://www.reddit.com/r/funny/comments/1req62c/inflation_sushi/
2026-02-25T21:52:23+00:00,1reqfc7,AskReddit,26.07,1,2,1.0,https://www.reddit.com/r/AskReddit/comments/1reqfc7/whats_a_small_boundary_that_improved_your_life/
2026-02-25T21:52:28+00:00,1repviz,AskReddit,46.48,1,5,0.67,https://www.reddit.com/r/AskReddit/comments/1repviz/whats_the_one_thing_that_youre_really_good_at/
2026-02-25T21:52:28+00:00,1reqfu4,gaming,25.63,0,8,0.33,https://www.reddit.com/r/gaming/comments/1reqfu4/not_a_fan_of_horror_games_playing_re2_remake_only/
2026-02-25T21:52:28+00:00,1req5ds,AskReddit,36.37,4,18,1.0,https://www.reddit.com/r/AskReddit/comments/1req5ds/what_is_a_small_everyday_thing_that_irrationally/
2026-02-25T21:52:34+00:00,1reqfjg,AskReddit,26.03,0,3,0.5,https://www.reddit.com/r/AskReddit/comments/1reqfjg/what_are_the_main_things_people_should_learn/
2026-02-25T21:52:34+00:00,1reqfm1,AskReddit,25.97,3,24,0.71,https://www.reddit.com/r/AskReddit/comments/1reqfm1/whats_the_wildest_place_youve_ever_hooked_up/
2026-02-25T21:52:34+00:00,1req688,movies,35.67,0,15,0.2,https://www.reddit.com/r/movies/comments/1req688/bourne_again/
2026-02-25T21:52:34+00:00,1reqfvs,AskReddit,25.68,0,7,0.5,https://www.reddit.com/r/AskReddit/comments/1reqfvs/whats_the_most_unexpected_side_effect_of_turning/
2026-02-25T21:52:34+00:00,1reqq22,AskReddit,15.3,1,1,1.0,https://www.reddit.com/r/AskReddit/comments/1reqq22/how_do_you_make_that_edit_thats_like_someone/
2026-02-25T21:52:39+00:00,1reizy9,movies,287.57,11,6,0.64,https://www.reddit.com/r/movies/comments/1reizy9/pretty_lethal_official_trailer_prime_video/
2026-02-25T21:52:39+00:00,1repcpj,AskReddit,65.63,3,5,1.0,https://www.reddit.com/r/AskReddit/comments/1repcpj/what_are_the_small_signs_that_make_you_realize_a/
2026-02-25T21:52:39+00:00,1reqpjr,AskReddit,15.92,1,6,0.67,https://www.reddit.com/r/AskReddit/comments/1reqpjr/what_is_the_largest_amount_of_money_you_ever/
2026-02-25T21:52:44+00:00,1repcz3,AskReddit,65.43,3,22,0.8,https://www.reddit.com/r/AskReddit/comments/1repcz3/how_do_u_deal_with_overthinking_about_some_one/
2026-02-25T21:52:44+00:00,1repccn,AskReddit,66.07,1,12,0.57,https://www.reddit.com/r/AskReddit/comments/1repccn/whats_the_secret_to_lasting_long_during_sex/
2026-02-25T21:52:44+00:00,1repn1v,AskReddit,55.3,0,5,0.2,https://www.reddit.com/r/AskReddit/comments/1repn1v/what_according_to_you_is_the_right_age_for/
2026-02-25T21:52:54+00:00,1repcfx,AskReddit,66.15,2,4,0.57,https://www.reddit.com/r/AskReddit/comments/1repcfx/how_can_one_increase_the_karma/
2026-02-25T21:52:54+00:00,1repmzw,todayilearned,55.52,217,35,0.94,https://www.reddit.com/r/todayilearned/comments/1repmzw/til_jim_hanks_tom_hanks_brother_voices_woody_for/
2026-02-25T21:52:54+00:00,1repn90,AskReddit,55.27,0,8,0.5,https://www.reddit.com/r/AskReddit/comments/1repn90/what_jobs_require_little_work_allow_for/
2026-02-25T21:52:54+00:00,1repw07,memes,46.42,15,3,0.79,https://www.reddit.com/r/memes/comments/1repw07/why_not_i_mean_a_tires_a_tire/
2026-02-25T21:52:54+00:00,1rer014,AskReddit,5.25,1,1,0.67,https://www.reddit.com/r/AskReddit/comments/1rer014/what_is_the_small_thing_that_happens_every_day/
2026-02-25T21:52:54+00:00,1reqzm1,AskReddit,5.72,2,0,1.0,https://www.reddit.com/r/AskReddit/comments/1reqzm1/ladies_do_you_ever_get_random_hair_shedding_days/
2026-02-25T21:52:54+00:00,1reqzhp,AskReddit,5.82,2,0,1.0,https://www.reddit.com/r/AskReddit/comments/1reqzhp/what_do_you_wish_more_people_understood_about/
2026-02-25T21:52:54+00:00,1reqzgf,AskReddit,5.87,2,1,1.0,https://www.reddit.com/r/AskReddit/comments/1reqzgf/whats_a_career_that_is_more_lucrative_and/
2026-02-25T21:52:54+00:00,1reqzey,AskReddit,5.9,2,1,1.0,https://www.reddit.com/r/AskReddit/comments/1reqzey/when_will_james_talarico_and_jasmine_crockett/
2026-02-25T21:52:54+00:00,1reqz5v,Music,6.15,2,0,1.0,https://www.reddit.com/r/Music/comments/1reqz5v/gene_vincent_cat_man_rock_1957/
2026-02-25T21:53:05+00:00,1repd1j,worldnews,65.73,247,68,0.91,https://www.reddit.com/r/worldnews/comments/1repd1j/us_to_allow_resale_of_venezuelan_oil_to_cuba/
2026-02-25T21:53:05+00:00,1repn37,AskReddit,55.62,1,6,0.67,https://www.reddit.com/r/AskReddit/comments/1repn37/if_you_could_change_your_name_what_would_you_want/
2026-02-25T21:53:10+00:00,1req71k,AskReddit,35.4,0,13,0.5,https://www.reddit.com/r/AskReddit/comments/1req71k/what_is_the_craziest_thing_that_you_have_read_in/
2026-02-25T21:53:20+00:00,1req77g,AskReddit,35.42,0,7,0.5,https://www.reddit.com/r/AskReddit/comments/1req77g/how_can_a_man_keep_a_woman_sexually_satisfied/
2026-02-25T21:53:20+00:00,1repxe4,AskReddit,45.43,1,0,1.0,https://www.reddit.com/r/AskReddit/comments/1repxe4/whats_a_reddit_comment_that_actually_changed_the/
2026-02-25T21:53:20+00:00,1reqgiv,aww,25.8,7,0,0.89,https://www.reddit.com/r/aww/comments/1reqgiv/didnt_realize_she_was_actually_stuck_in_this/
2026-02-25T21:53:20+00:00,1req6sv,AskReddit,35.82,1,9,0.67,https://www.reddit.com/r/AskReddit/comments/1req6sv/what_are_some_bad_male_names/
2026-02-25T21:53:20+00:00,1reqgzn,AskReddit,25.35,2,1,1.0,https://www.reddit.com/r/AskReddit/comments/1reqgzn/what_is_the_most_funniest_incident_which_happened/
2026-02-25T21:53:20+00:00,1reqgx7,AskReddit,25.42,0,5,0.5,https://www.reddit.com/r/AskReddit/comments/1reqgx7/if_humans_suddenly_lost_the_ability_to_feel/
2026-02-25T21:53:25+00:00,1repx4a,AskReddit,45.8,2,5,1.0,https://www.reddit.com/r/AskReddit/comments/1repx4a/whats_something_people_think_is_sexy_but_actually/
2026-02-25T21:53:25+00:00,1req6e3,funny,36.35,40,8,0.78,https://www.reddit.com/r/funny/comments/1req6e3/agghh_lemme_just_put_it_back_again/
2026-02-25T21:53:25+00:00,1reqgga,todayilearned,25.97,19,7,0.73,https://www.reddit.com/r/todayilearned/comments/1reqgga/til_when_jerry_seinfeld_was_38_he_openly_dated_a/
2026-02-25T21:53:25+00:00,1req6te,AskReddit,35.88,0,5,0.33,https://www.reddit.com/r/AskReddit/comments/1req6te/what_are_your_thoughts_on_men_that_pull_their/
2026-02-25T21:53:31+00:00,1reqgh1,AskReddit,26.03,16,19,1.0,https://www.reddit.com/r/AskReddit/comments/1reqgh1/what_is_the_dumbest_thing_youve_done_for_a_girl/
2026-02-25T21:53:31+00:00,1reqh3z,aww,25.43,5,2,0.86,https://www.reddit.com/r/aww/comments/1reqh3z/my_friends_cat_looks_adorable/
2026-02-25T21:53:31+00:00,1reqgw9,AskReddit,25.62,2,4,1.0,https://www.reddit.com/r/AskReddit/comments/1reqgw9/what_are_some_lesser_known_undisclosed_realities/
2026-02-25T21:53:31+00:00,1repwj1,Music,46.52,1,0,0.67,https://www.reddit.com/r/Music/comments/1repwj1/tlc_musical_finds_its_tboz_left_eye_and_chilli/
2026-02-25T21:53:31+00:00,1req76z,science,35.62,16,2,0.84,https://www.reddit.com/r/science/comments/1req76z/animals_perception_of_time_is_linked_to_the_pace/
2026-02-25T21:53:36+00:00,1repxbs,AskReddit,45.77,1,1,1.0,https://www.reddit.com/r/AskReddit/comments/1repxbs/whats_something_you_used_to_judge_people_for_that/
2026-02-25T21:53:36+00:00,1repwwl,AskReddit,46.2,2,3,1.0,https://www.reddit.com/r/AskReddit/comments/1repwwl/how_do_you_manage_your_time_throughout_the_day/
2026-02-25T21:53:36+00:00,1reqq99,AskReddit,16.13,0,10,0.5,https://www.reddit.com/r/AskReddit/comments/1reqq99/what_makes_you_happy/
2026-02-25T21:53:36+00:00,1reqqig,AskReddit,15.88,4,6,1.0,https://www.reddit.com/r/AskReddit/comments/1reqqig/whats_a_thing_that_shouldnt_but_made_you_feel/
2026-02-25T21:53:41+00:00,1reqqyv,AskReddit,15.48,1,10,0.67,https://www.reddit.com/r/AskReddit/comments/1reqqyv/what_is_a_poor_person_meal_that_you_still_eat/
2026-02-25T21:53:41+00:00,1reqqho,AskReddit,15.98,1,3,0.6,https://www.reddit.com/r/AskReddit/comments/1reqqho/whats_was_something_you_thought_was_normal_until/
2026-02-25T21:53:41+00:00,1reqqdo,AskReddit,16.1,0,0,0.5,https://www.reddit.com/r/AskReddit/comments/1reqqdo/women_in_long_term_relationships_how_did_you_know/
2026-02-25T21:53:56+00:00,1rer0vu,AskReddit,5.43,1,2,0.67,https://www.reddit.com/r/AskReddit/comments/1rer0vu/given_they_only_know_the_basics_what_would_be_a/
2026-02-25T21:53:56+00:00,1rer0b0,AskReddit,6.0,3,6,1.0,https://www.reddit.com/r/AskReddit/comments/1rer0b0/what_is_some_situation_that_always_happen_to_you/
2026-02-25T21:53:56+00:00,1repdqt,AskReddit,65.82,2,5,1.0,https://www.reddit.com/r/AskReddit/comments/1repdqt/what_changed_your_personality_forever/
2026-02-25T21:54:06+00:00,1repo1r,AskReddit,55.65,1,2,0.67,https://www.reddit.com/r/AskReddit/comments/1repo1r/what_happened_when_you_involved_the_union_in_your/
2026-02-25T21:54:06+00:00,1repy7i,AskReddit,45.37,0,6,0.33,https://www.reddit.com/r/AskReddit/comments/1repy7i/solicitor_why_do_you_go_door_to_door_bothering/
2026-02-25T21:54:11+00:00,1repxte,worldnews,45.83,11,3,0.93,https://www.reddit.com/r/worldnews/comments/1repxte/venezuela_attorney_general_saab_has_tendered/
2026-02-25T21:54:11+00:00,1repxun,AskReddit,45.8,1,5,1.0,https://www.reddit.com/r/AskReddit/comments/1repxun/whats_a_moment_in_your_life_that_still_gives_you/
2026-02-25T21:54:11+00:00,1repxs0,AskReddit,45.88,0,7,0.4,https://www.reddit.com/r/AskReddit/comments/1repxs0/people_under_he_age_of_30_is_sex_sacred_to_you/
2026-02-25T21:54:16+00:00,1repxgu,AskReddit,46.28,2,6,1.0,https://www.reddit.com/r/AskReddit/comments/1repxgu/what_albums_do_you_think_are_perfect_in_every_way/
2026-02-25T21:54:26+00:00,1req8cn,AskReddit,35.4,1,3,0.67,https://www.reddit.com/r/AskReddit/comments/1req8cn/what_is_your_favorite_type_of_medical_appointment/
2026-02-25T21:54:26+00:00,1repxys,AskReddit,45.95,1,0,1.0,https://www.reddit.com/r/AskReddit/comments/1repxys/type_one_diabetics_of_reddit_what_people_do_for/
2026-02-25T21:54:26+00:00,1reqhng,AskReddit,25.8,3,12,1.0,https://www.reddit.com/r/AskReddit/comments/1reqhng/fellow_depressed_and_people_with_harsh_anxiety/
2026-02-25T21:54:31+00:00,1req7og,AskReddit,36.15,3,11,0.8,https://www.reddit.com/r/AskReddit/comments/1req7og/have_you_ever_had_a_near_death_experience_and_if/
2026-02-25T21:54:31+00:00,1reqhzq,AskReddit,25.52,0,10,0.33,https://www.reddit.com/r/AskReddit/comments/1reqhzq/popular_girls_whats_the_best_sprayperfume/
2026-02-25T21:54:31+00:00,1req80h,Music,35.83,0,0,0.33,https://www.reddit.com/r/Music/comments/1req80h/escuchase_alexs_song/
2026-02-25T21:54:36+00:00,1reqhca,AskReddit,26.27,3,1,0.8,https://www.reddit.com/r/AskReddit/comments/1reqhca/have_you_ever_said_no_to_a_proposal_and_if_you/
2026-02-25T21:54:41+00:00,1reqs41,AskReddit,15.28,2,13,1.0,https://www.reddit.com/r/AskReddit/comments/1reqs41/whats_a_clear_sign_that_someone_is_not_a_good/
2026-02-25T21:54:41+00:00,1reqryw,memes,15.43,4,0,1.0,https://www.reddit.com/r/memes/comments/1reqryw/quite_the_damp_patch/
2026-02-25T21:54:47+00:00,1repeol,AskReddit,65.77,0,4,0.5,https://www.reddit.com/r/AskReddit/comments/1repeol/whats_the_strangest_or_most_embarrassing_thing/
2026-02-25T21:54:47+00:00,1reqrub,Music,15.67,1,0,1.0,https://www.reddit.com/r/Music/comments/1reqrub/help_i_need_help/
2026-02-25T21:54:47+00:00,1req7o6,memes,36.42,3,1,0.8,https://www.reddit.com/r/memes/comments/1req7o6/hes_not_just_in_the_files_hes_everyehere/
2026-02-25T21:54:47+00:00,1reqrr4,AskReddit,15.77,1,1,0.67,https://www.reddit.com/r/AskReddit/comments/1reqrr4/whats_the_biggest_moneymaker_youve_ever_resold/
2026-02-25T21:54:47+00:00,1reqrkr,AskReddit,15.95,0,2,0.5,https://www.reddit.com/r/AskReddit/comments/1reqrkr/whats_the_most_dangerous_thing_youve_ever_done/
2026-02-25T21:54:47+00:00,1reqr8a,AskReddit,16.3,3,12,0.8,https://www.reddit.com/r/AskReddit/comments/1reqr8a/how_would_you_get_one_million_people_to_give_you/
2026-02-25T21:54:57+00:00,1rer21d,AskReddit,5.27,0,1,0.33,https://www.reddit.com/r/AskReddit/comments/1rer21d/whats_one_thing_you_know_society_pressures_you/
2026-02-25T21:54:57+00:00,1rer1iv,AskReddit,5.78,0,3,0.5,https://www.reddit.com/r/AskReddit/comments/1rer1iv/what_makes_certain_scandals_stay_in_public/
2026-02-25T21:55:07+00:00,1repp2o,AskReddit,55.62,0,3,0.4,https://www.reddit.com/r/AskReddit/comments/1repp2o/what_youtuber_do_you_think_will_be_cancelled_next/
2026-02-25T21:55:12+00:00,1repp0b,AskReddit,55.75,1,7,0.67,https://www.reddit.com/r/AskReddit/comments/1repp0b/what_is_a_small_decision_you_made_years_ago_that/
2026-02-25T21:55:12+00:00,1repox0,AskReddit,55.85,0,2,0.5,https://www.reddit.com/r/AskReddit/comments/1repox0/how_would_the_world_look_like_if_humans_never_had/
2026-02-25T21:55:17+00:00,1repp0c,Music,55.83,5,1,0.86,https://www.reddit.com/r/Music/comments/1repp0c/lambrini_girls_feat_peaches_cuntology_101_peaches/
2026-02-25T21:55:17+00:00,1repp8f,AskReddit,55.63,0,7,0.33,https://www.reddit.com/r/AskReddit/comments/1repp8f/the_gambias_africas_smallest_mainland_country/
2026-02-25T21:55:22+00:00,1reqis6,AskReddit,25.53,3,17,0.8,https://www.reddit.com/r/AskReddit/comments/1reqis6/serious_what_is_astroturfing/
2026-02-25T21:55:22+00:00,1repzc7,AskReddit,45.47,0,2,0.5,https://www.reddit.com/r/AskReddit/comments/1repzc7/face_vs_body_what_truly_catches_your_eye_first/
2026-02-25T21:55:37+00:00,1req8n7,aww,36.32,51,3,1.0,https://www.reddit.com/r/aww/comments/1req8n7/the_reason_my_phone_storage_is_full/
2026-02-25T21:55:37+00:00,1reqj36,AskReddit,25.47,2,5,0.75,https://www.reddit.com/r/AskReddit/comments/1reqj36/what_was_suspiciously_easy/
2026-02-25T21:55:37+00:00,1repypp,AskReddit,46.35,9,26,0.92,https://www.reddit.com/r/AskReddit/comments/1repypp/what_is_the_most_unusual_country_you_have_visited/
2026-02-25T21:55:37+00:00,1reqj4q,AskReddit,25.42,2,12,0.75,https://www.reddit.com/r/AskReddit/comments/1reqj4q/your_favorite_celebrity_in_right_in_front_of_you/
2026-02-25T21:55:37+00:00,1req91m,AskReddit,35.97,0,17,0.33,https://www.reddit.com/r/AskReddit/comments/1req91m/what_does_it_mean_if_exes_keep_making_eye_contact/
2026-02-25T21:55:37+00:00,1repfjq,AskReddit,65.73,6,11,1.0,https://www.reddit.com/r/AskReddit/comments/1repfjq/what_your_worstbest_experience_with_online_friends/
2026-02-25T21:55:43+00:00,1req9az,AskReddit,35.78,0,2,0.33,https://www.reddit.com/r/AskReddit/comments/1req9az/what_are_your_craziest_drinking_stories/
2026-02-25T21:55:43+00:00,1reqsg1,AskReddit,15.97,1,2,1.0,https://www.reddit.com/r/AskReddit/comments/1reqsg1/travelers_of_reddit_whats_the_most_unexpected_or/
2026-02-25T21:55:43+00:00,1reqsqr,Music,15.63,1,0,1.0,https://www.reddit.com/r/Music/comments/1reqsqr/the_cure_a_chain_of_flowers_rock/
2026-02-25T21:55:43+00:00,1reqs8f,AskReddit,16.18,2,5,1.0,https://www.reddit.com/r/AskReddit/comments/1reqs8f/how_do_you_feel_about_the_current_state_of_ticket/
2026-02-25T21:55:43+00:00,1reqsno,movies,15.72,214,36,0.96,https://www.reddit.com/r/movies/comments/1reqsno/paramount_posts_q4_loss_of_573_million/
2026-02-25T21:55:58+00:00,1repfh5,AskReddit,66.17,4,15,1.0,https://www.reddit.com/r/AskReddit/comments/1repfh5/whats_a_trend_that_needs_to_disappear_already/
2026-02-25T21:55:58+00:00,1rer31n,AskReddit,5.27,0,5,0.4,https://www.reddit.com/r/AskReddit/comments/1rer31n/can_something_be_aesthetically_gay_how/
2026-02-25T21:55:58+00:00,1rer2xi,AskReddit,5.38,1,3,0.6,https://www.reddit.com/r/AskReddit/comments/1rer2xi/whats_your_craziest_drunk_story/
2026-02-25T21:55:58+00:00,1rer2nf,AskReddit,5.68,0,7,0.5,https://www.reddit.com/r/AskReddit/comments/1rer2nf/what_is_your_favorite_thing_to_do/
2026-02-25T21:56:07+00:00,1repf6e,memes,66.6,22,3,0.96,https://www.reddit.com/r/memes/comments/1repf6e/where_dreams_go_to_die/
2026-02-25T21:56:07+00:00,1repfps,AskReddit,66.07,1,5,1.0,https://www.reddit.com/r/AskReddit/comments/1repfps/if_your_thoughts_made_sound_effects_what_noises/
2026-02-25T21:56:23+00:00,1repzx6,AskReddit,45.9,1,5,1.0,https://www.reddit.com/r/AskReddit/comments/1repzx6/what_is_the_craziest_thing_youve_ever_seen_at_a/
2026-02-25T21:56:23+00:00,1req03p,AskReddit,45.72,3,27,1.0,https://www.reddit.com/r/AskReddit/comments/1req03p/what_would_a_stranger_say_if_they_saw_your/
2026-02-25T21:56:23+00:00,1reppkz,AskReddit,56.38,0,2,0.33,https://www.reddit.com/r/AskReddit/comments/1reppkz/what_do_you_use_your_uggel_pics_for/
2026-02-25T21:56:23+00:00,1repq4f,memes,55.85,12,2,1.0,https://www.reddit.com/r/memes/comments/1repq4f/its_happen_to_us_all/
2026-02-25T21:56:28+00:00,1req00j,AskReddit,45.88,0,0,0.33,https://www.reddit.com/r/AskReddit/comments/1req00j/whats_something_everyone_lies_about_but_pretends/
2026-02-25T21:56:28+00:00,1reqac0,AskReddit,35.5,0,2,0.5,https://www.reddit.com/r/AskReddit/comments/1reqac0/what_will_the_consequences_be_for_muskpacs/
2026-02-25T21:56:28+00:00,1reqahx,worldnews,35.33,58,7,0.95,https://www.reddit.com/r/worldnews/comments/1reqahx/iceland_to_hold_eu_referendum_in_the_coming/
2026-02-25T21:56:33+00:00,1req9lo,AskReddit,36.33,0,0,0.5,https://www.reddit.com/r/AskReddit/comments/1req9lo/whats_your_irl_version_of_they_popped_their_ult/
2026-02-25T21:56:33+00:00,1reppo5,movies,56.47,2,3,0.75,https://www.reddit.com/r/movies/comments/1reppo5/random_coincidences_in_a_double_bill/
2026-02-25T21:56:33+00:00,1reqk47,AskReddit,25.33,0,4,0.5,https://www.reddit.com/r/AskReddit/comments/1reqk47/whats_your_oddest_experience/
2026-02-25T21:56:33+00:00,1reqjdq,AskReddit,26.1,0,4,0.4,https://www.reddit.com/r/AskReddit/comments/1reqjdq/with_the_scale_being_010_0_being_a_verbal_insult/
2026-02-25T21:56:38+00:00,1req9rc,AskReddit,36.25,1,9,0.67,https://www.reddit.com/r/AskReddit/comments/1req9rc/whats_a_movie_thats_truly_made_you_cry/
2026-02-25T21:56:38+00:00,1reqjwe,AskReddit,25.63,2,7,1.0,https://www.reddit.com/r/AskReddit/comments/1reqjwe/how_seriously_do_you_take_someones_musical_tastes/
2026-02-25T21:56:38+00:00,1req00a,AskReddit,46.07,0,4,0.5,https://www.reddit.com/r/AskReddit/comments/1req00a/what_is_the_weirdest_american_idiom_you_have_ever/
2026-02-25T21:56:38+00:00,1reqk3v,AskReddit,25.43,0,6,0.5,https://www.reddit.com/r/AskReddit/comments/1reqk3v/whats_one_move_in_bed_that_makes_anyone_go_crazy/
2026-02-25T21:56:43+00:00,1req9qi,Music,36.35,0,0,0.5,https://www.reddit.com/r/Music/comments/1req9qi/slumbering_sun_liminal_bridges_stoner_rock_sludge/
2026-02-25T21:56:43+00:00,1reqtqo,AskReddit,15.58,1,3,1.0,https://www.reddit.com/r/AskReddit/comments/1reqtqo/what_was_your_gut_feeling_that_saved_you/
2026-02-25T21:56:43+00:00,1reqk7z,memes,25.4,0,4,0.33,https://www.reddit.com/r/memes/comments/1reqk7z/oh_no_ai_anyway/
2026-02-25T21:56:43+00:00,1reqtem,AskReddit,15.92,0,4,0.5,https://www.reddit.com/r/AskReddit/comments/1reqtem/what_makes_you_the_most_horny/
2026-02-25T21:56:48+00:00,1reqtjx,AskReddit,15.87,0,1,0.5,https://www.reddit.com/r/AskReddit/comments/1reqtjx/what_are_the_best_sites_etc_to_sign_someones/
2026-02-25T21:56:48+00:00,1reqtid,Music,15.9,2,0,0.67,https://www.reddit.com/r/Music/comments/1reqtid/singer_d4vd_is_target_of_los_angeles_grand_jury/
2026-02-25T21:56:48+00:00,1repg3i,AskReddit,66.35,3,8,1.0,https://www.reddit.com/r/AskReddit/comments/1repg3i/what_social_norm_actually_harms_people_more_than/
2026-02-25T21:56:48+00:00,1reqtsx,AskReddit,15.62,1,26,0.56,https://www.reddit.com/r/AskReddit/comments/1reqtsx/what_is_the_meaning_of_having_a_womans_body_if_we/
2026-02-25T21:56:48+00:00,1reqtnz,AskReddit,15.75,2,4,1.0,https://www.reddit.com/r/AskReddit/comments/1reqtnz/30_minutes_on_twitter_x_and_its_soul_destroying/
2026-02-25T21:56:48+00:00,1reqtub,AskReddit,15.57,33,9,1.0,https://www.reddit.com/r/AskReddit/comments/1reqtub/whats_something_harmless_that_gets_people_weirdly/
2026-02-25T21:56:53+00:00,1repg5z,AskReddit,66.38,3,18,0.71,https://www.reddit.com/r/AskReddit/comments/1repg5z/what_was_the_last_emoji_you_used/
2026-02-25T21:56:53+00:00,1repghl,Music,66.03,73,37,0.77,https://www.reddit.com/r/Music/comments/1repghl/sum_41_fatlip_punk/
2026-02-25T21:56:59+00:00,1repgrq,AskReddit,65.83,1,7,0.67,https://www.reddit.com/r/AskReddit/comments/1repgrq/has_your_partner_ever_emotionally_cheated_on_you/
2026-02-25T21:56:59+00:00,1rer3yk,AskReddit,5.32,0,3,0.5,https://www.reddit.com/r/AskReddit/comments/1rer3yk/what_songs_got_better_with_age/
2026-02-25T21:56:59+00:00,1rer3jt,AskReddit,5.72,0,2,0.5,https://www.reddit.com/r/AskReddit/comments/1rer3jt/how_do_you_think_we_will_pay_for_things_when_we/
2026-02-25T21:56:59+00:00,1rer43m,worldnews,5.2,4,1,1.0,https://www.reddit.com/r/worldnews/comments/1rer43m/rubio_boosts_dictator_orbáns_bid_for_another_term/
2026-02-25T21:57:08+00:00,1repgpo,science,66.03,50,3,0.95,https://www.reddit.com/r/science/comments/1repgpo/toxic_waste_from_screens_ends_up_in_endangered/
2026-02-25T21:57:08+00:00,1reprdz,science,55.37,734,120,0.94,https://www.reddit.com/r/science/comments/1reprdz/donald_trump_gained_2024_votes_in_areas_where/
2026-02-25T21:57:14+00:00,1req0dz,AskReddit,46.25,1,4,1.0,https://www.reddit.com/r/AskReddit/comments/1req0dz/be_honest_if_youve_ever_filled_out_a_feedback/
2026-02-25T21:57:14+00:00,1reprdo,AskReddit,55.47,2,8,1.0,https://www.reddit.com/r/AskReddit/comments/1reprdo/what_happened_at_work_that_made_you_realize_that/
2026-02-25T21:57:19+00:00,1req0tb,AskReddit,45.88,2,1,1.0,https://www.reddit.com/r/AskReddit/comments/1req0tb/whats_something_that_gets_worse_the_more/
2026-02-25T21:57:24+00:00,1req0wz,AskReddit,45.87,0,1,0.33,https://www.reddit.com/r/AskReddit/comments/1req0wz/women_of_reddit_what_sexual_acts_could_a_man/
2026-02-25T21:57:24+00:00,1repqq1,AskReddit,56.28,0,1,0.5,https://www.reddit.com/r/AskReddit/comments/1repqq1/what_do_you_do_for_a_living_and_whats_your_pay_x/
2026-02-25T21:57:29+00:00,1reqald,movies,36.25,0,20,0.35,https://www.reddit.com/r/movies/comments/1reqald/i_find_the_description_of_promising_young_woman/
2026-02-25T21:57:29+00:00,1repqqi,AskReddit,56.35,0,8,0.33,https://www.reddit.com/r/AskReddit/comments/1repqqi/if_you_had_to_finish_100_big_macs_and_you_can/
2026-02-25T21:57:29+00:00,1reoraf,funny,92.75,75,12,0.84,https://www.reddit.com/r/funny/comments/1reoraf/these_are_notoriously_difficult_to_figure_out/
2026-02-25T21:57:34+00:00,1reoqkf,Music,93.62,0,6,0.5,https://www.reddit.com/r/Music/comments/1reoqkf/how_do_i_find_d_a_song_that_seems_to_be_wiped/
2026-02-25T21:57:34+00:00,1reqb43,AskReddit,35.8,0,9,0.5,https://www.reddit.com/r/AskReddit/comments/1reqb43/whats_your_favorite_pizza_topping/
2026-02-25T21:57:34+00:00,1reqar7,AskReddit,36.17,0,17,0.33,https://www.reddit.com/r/AskReddit/comments/1reqar7/how_do_you_feel_about_people_who_dont_wanna_have/
2026-02-25T21:57:34+00:00,1reql3x,AskReddit,25.3,2,6,0.75,https://www.reddit.com/r/AskReddit/comments/1reql3x/how_do_you_sort_your_feed_best_top_hot_new_rising/
2026-02-25T21:57:34+00:00,1reprcv,AskReddit,55.83,0,7,0.22,https://www.reddit.com/r/AskReddit/comments/1reprcv/who_hates_asian_men_more_than_asian_women/
2026-02-25T21:57:34+00:00,1req12z,AskReddit,45.85,1,2,1.0,https://www.reddit.com/r/AskReddit/comments/1req12z/whats_your_1_gripe_today/
2026-02-25T21:57:34+00:00,1reqkab,AskReddit,26.18,1,1,1.0,https://www.reddit.com/r/AskReddit/comments/1reqkab/how_many_group_chats_are_you_part_of_and_what_are/
2026-02-25T21:57:34+00:00,1reqk9m,AskReddit,26.2,1,7,0.67,https://www.reddit.com/r/AskReddit/comments/1reqk9m/what_are_you_most_scary_about_the_future/
2026-02-25T21:57:34+00:00,1reqbez,AskReddit,35.5,0,14,0.25,https://www.reddit.com/r/AskReddit/comments/1reqbez/whats_underrated_in_bed/
2026-02-25T21:57:34+00:00,1reqbda,AskReddit,35.55,0,2,0.5,https://www.reddit.com/r/AskReddit/comments/1reqbda/how_would_you_feel_for_a_house_cat_to_become/
2026-02-25T21:57:34+00:00,1reqato,AskReddit,36.1,1,3,0.66,https://www.reddit.com/r/AskReddit/comments/1reqato/whats_your_guilty_pleasure/
2026-02-25T21:57:39+00:00,1reqkd5,AskReddit,26.18,1,10,1.0,https://www.reddit.com/r/AskReddit/comments/1reqkd5/what_can_you_buy_in_america_with_25_cents/
2026-02-25T21:57:39+00:00,1renz6m,science,120.9,105,17,0.97,https://www.reddit.com/r/science/comments/1renz6m/urine_tests_confirm_alcohol_consumption_in_wild/
2026-02-25T21:57:39+00:00,1reqbcn,AskReddit,35.65,0,3,0.5,https://www.reddit.com/r/AskReddit/comments/1reqbcn/if_you_found_out_something_you_really_liked_like/
2026-02-25T21:57:39+00:00,1rens4g,Music,127.88,1,0,1.0,https://www.reddit.com/r/Music/comments/1rens4g/audio_gather_me_luz_ysabelle_cuevas_pop/
2026-02-25T21:57:39+00:00,1renw1l,movies,124.08,97,44,0.87,https://www.reddit.com/r/movies/comments/1renw1l/unleashed_2005_danny_fight_1_vs_4_in_the_pool/
2026-02-25T21:57:39+00:00,1rephww,AskReddit,65.3,1,9,0.6,https://www.reddit.com/r/AskReddit/comments/1rephww/what_is_the_kindest_thing_a_stranger_has_ever/
2026-02-25T21:57:39+00:00,1reqbh7,memes,35.5,0,1,0.25,https://www.reddit.com/r/memes/comments/1reqbh7/beat_it_chick_lezcel_edition/
2026-02-25T21:57:39+00:00,1reop1t,funny,95.15,23,19,0.68,https://www.reddit.com/r/funny/comments/1reop1t/21st_century_declarations_of_love/
2026-02-25T21:57:39+00:00,1reon8p,funny,96.95,0,3,0.42,https://www.reddit.com/r/funny/comments/1reon8p/fan_toilet_oc/
2026-02-25T21:57:44+00:00,1repr93,AskReddit,56.1,0,1,0.5,https://www.reddit.com/r/AskReddit/comments/1repr93/what_is_a_point_of_no_return_that_youve_crossed/
2026-02-25T21:57:44+00:00,1repqtv,AskReddit,56.5,0,13,0.25,https://www.reddit.com/r/AskReddit/comments/1repqtv/whats_the_likelihood_of_mexican_cartels_actually/
2026-02-25T21:57:44+00:00,1reph52,AskReddit,66.22,0,8,0.5,https://www.reddit.com/r/AskReddit/comments/1reph52/you_are_given_1_million_but_you_have_to_spend_it/
2026-02-25T21:57:50+00:00,1requos,gaming,15.72,87,16,0.94,https://www.reddit.com/r/gaming/comments/1requos/resident_evil_requiem_is_the_highest_rated_new/
2026-02-25T21:57:50+00:00,1renwnl,aww,123.7,17,3,1.0,https://www.reddit.com/r/aww/comments/1renwnl/thanks_for_flowers_papa_i_will_eat_them_later/
2026-02-25T21:57:50+00:00,1requ68,AskReddit,16.25,3,9,0.8,https://www.reddit.com/r/AskReddit/comments/1requ68/ladies_and_gentlemen_how_are_you_feeling_on_this/
2026-02-25T21:57:50+00:00,1requf5,AskReddit,16.03,4,14,0.83,https://www.reddit.com/r/AskReddit/comments/1requf5/what_do_you_think_happens_after_we_die/
2026-02-25T21:57:50+00:00,1rens2z,science,128.1,5,1,0.78,https://www.reddit.com/r/science/comments/1rens2z/programmable_integrated_quantum_photonics_nature/
2026-02-25T21:57:50+00:00,1requmq,AskReddit,15.77,2,10,1.0,https://www.reddit.com/r/AskReddit/comments/1requmq/what_is_legal_but_still_messed_up_to_do/
2026-02-25T21:57:56+00:00,1renret,Music,128.9,1,0,1.0,https://www.reddit.com/r/Music/comments/1renret/music_history_events_jazz_albums_recorded_feb_25/
2026-02-25T21:57:56+00:00,1rentrq,movies,126.57,0,5,0.38,https://www.reddit.com/r/movies/comments/1rentrq/subtle_little_morbid_detail_in_frankenstein_2025/
2026-02-25T21:57:56+00:00,1reph7t,AskReddit,66.32,1,5,1.0,https://www.reddit.com/r/AskReddit/comments/1reph7t/what_is_the_worst_state/
2026-02-25T21:58:01+00:00,1reonfc,aww,97.13,1948,186,0.97,https://www.reddit.com/r/aww/comments/1reonfc/he_may_look_serious_but_hes_a_total_sweetheart/
2026-02-25T21:58:01+00:00,1rer51j,AskReddit,5.22,0,0,0.5,https://www.reddit.com/r/AskReddit/comments/1rer51j/what_is_great_advice_youve_gotten_from_someone/
2026-02-25T21:58:01+00:00,1rer4wg,AskReddit,5.37,0,4,0.25,https://www.reddit.com/r/AskReddit/comments/1rer4wg/hi_hows_your_day/
2026-02-25T21:58:01+00:00,1rer4ps,AskReddit,5.57,0,6,0.33,https://www.reddit.com/r/AskReddit/comments/1rer4ps/how_do_you_guys_make_money_asking_as_a_15_year_old/
2026-02-25T21:58:01+00:00,1rer4e9,AskReddit,5.92,0,1,0.33,https://www.reddit.com/r/AskReddit/comments/1rer4e9/what_are_your_favorite_movies_and_why/
2026-02-25T21:58:01+00:00,1rer4ew,worldnews,5.9,3,1,0.8,https://www.reddit.com/r/worldnews/comments/1rer4ew/cuba_says_its_forces_have_killed_four_on/
2026-02-25T21:58:01+00:00,1rephtz,AskReddit,65.73,1,2,0.67,https://www.reddit.com/r/AskReddit/comments/1rephtz/what_youtubercelebrity_fell_off_for_no_reason/
2026-02-25T21:58:11+00:00,1reprto,AskReddit,56.0,2,4,1.0,https://www.reddit.com/r/AskReddit/comments/1reprto/what_made_you_realise_your_parents_werent_as/
2026-02-25T21:58:16+00:00,1req2aw,memes,45.33,0,4,0.33,https://www.reddit.com/r/memes/comments/1req2aw/bro_shouldve_just_focused_in_his_goals_instead_of/
2026-02-25T21:58:16+00:00,1req1st,memes,45.83,1,0,1.0,https://www.reddit.com/r/memes/comments/1req1st/hes_not_just_in_the_files_hes_everywhere/
2026-02-25T21:58:16+00:00,1reprmr,AskReddit,56.27,1,0,1.0,https://www.reddit.com/r/AskReddit/comments/1reprmr/what_constitutes_saggy_jowls/
2026-02-25T21:58:16+00:00,1reps7r,AskReddit,55.67,2,12,1.0,https://www.reddit.com/r/AskReddit/comments/1reps7r/whats_the_strangest_craving_youve_had/
2026-02-25T21:58:21+00:00,1req262,AskReddit,45.57,0,11,0.33,https://www.reddit.com/r/AskReddit/comments/1req262/pn_first_dates_how_do_you_all_split_the_bill_and/
2026-02-25T21:58:21+00:00,1repryj,aww,56.02,186,6,0.99,https://www.reddit.com/r/aww/comments/1repryj/he_wants_to_say_hi/
2026-02-25T21:58:21+00:00,1req235,AskReddit,45.65,1,2,1.0,https://www.reddit.com/r/AskReddit/comments/1req235/whats_something_people_think_is_a_small_decision/
2026-02-25T21:58:26+00:00,1reqlmp,AskReddit,25.65,4,8,1.0,https://www.reddit.com/r/AskReddit/comments/1reqlmp/whats_a_moment_that_made_you_rethink_a_friendship/
2026-02-25T21:58:32+00:00,1reprz2,gaming,56.18,0,27,0.22,https://www.reddit.com/r/gaming/comments/1reprz2/horizon_hunters_gathering/
2026-02-25T21:58:32+00:00,1req1c1,AskReddit,46.55,1,14,0.67,https://www.reddit.com/r/AskReddit/comments/1req1c1/if_animals_could_talk_which_one_would_be_the/
2026-02-25T21:58:32+00:00,1reqc7t,Music,35.62,2,0,1.0,https://www.reddit.com/r/Music/comments/1reqc7t/suede_everything_will_flow_rock/
2026-02-25T21:58:32+00:00,1req238,AskReddit,45.83,4,17,1.0,https://www.reddit.com/r/AskReddit/comments/1req238/whats_something_everyone_pretends_to_understand/
2026-02-25T21:58:32+00:00,1reprly,AskReddit,56.55,0,1,0.2,https://www.reddit.com/r/AskReddit/comments/1reprly/why_did_robert_carradine_kill_himself/
2026-02-25T21:58:32+00:00,1reqleb,gaming,25.98,21,25,0.78,https://www.reddit.com/r/gaming/comments/1reqleb/whats_your_travel_game/
2026-02-25T21:58:32+00:00,1reqlwb,memes,25.48,3,1,1.0,https://www.reddit.com/r/memes/comments/1reqlwb/i_hope_its_a_ps5/
2026-02-25T21:58:37+00:00,1reqlb0,movies,26.17,1,52,0.6,https://www.reddit.com/r/movies/comments/1reqlb0/adams_perfect_films/
2026-02-25T21:58:42+00:00,1reqv9t,AskReddit,15.98,1,10,1.0,https://www.reddit.com/r/AskReddit/comments/1reqv9t/whats_something_porn_taught_people_thats/
2026-02-25T21:58:47+00:00,1reqm5v,memes,25.47,11,11,0.87,https://www.reddit.com/r/memes/comments/1reqm5v/tough_decisions_ahead/
2026-02-25T21:58:47+00:00,1reqw33,Music,15.2,31,0,0.97,https://www.reddit.com/r/Music/comments/1reqw33/miguel_leads_ice_out_chant_at_nyc_show_in/
2026-02-25T21:58:47+00:00,1reqv90,AskReddit,16.1,3,4,1.0,https://www.reddit.com/r/AskReddit/comments/1reqv90/what_is_the_weirdest_belief_about_the_world_that/
2026-02-25T21:58:47+00:00,1reqvhw,aww,15.83,11,1,0.92,https://www.reddit.com/r/aww/comments/1reqvhw/someone_was_happy_to_see_potatoes_at_the_weekly/
2026-02-25T21:58:52+00:00,1reqvov,todayilearned,15.7,29,12,0.97,https://www.reddit.com/r/todayilearned/comments/1reqvov/til_in_the_1950s_and_60s_vernon_florida_had_a/
2026-02-25T21:58:57+00:00,1repj0v,AskReddit,65.53,6,17,1.0,https://www.reddit.com/r/AskReddit/comments/1repj0v/which_hack_managed_to_boost_your_confidence_and/
2026-02-25T21:59:02+00:00,1repsmm,AskReddit,56.03,0,8,0.33,https://www.reddit.com/r/AskReddit/comments/1repsmm/is_it_possible_to_make_a_catapult_or_trebuchet/
2026-02-25T21:59:02+00:00,1rer4vc,funny,6.42,4,1,0.83,https://www.reddit.com/r/funny/comments/1rer4vc/hot_cakes/
2026-02-25T21:59:02+00:00,1rer5wy,AskReddit,5.35,0,4,0.5,https://www.reddit.com/r/AskReddit/comments/1rer5wy/what_should_be_free_but_isnt/
2026-02-25T21:59:02+00:00,1rer5k4,AskReddit,5.7,2,5,0.75,https://www.reddit.com/r/AskReddit/comments/1rer5k4/does_someone_saying_they_love_you_mean_more_than/
2026-02-25T21:59:02+00:00,1rer56m,AskReddit,6.07,0,0,0.5,https://www.reddit.com/r/AskReddit/comments/1rer56m/teachers_of_reddit_what_was_some_extremely_wrong/
2026-02-25T21:59:02+00:00,1rer5r3,todayilearned,5.52,7,0,1.0,https://www.reddit.com/r/todayilearned/comments/1rer5r3/til_that_an_indian_man_traveling_to_vienna_in/
2026-02-25T21:59:12+00:00,1repj78,AskReddit,65.6,0,19,0.5,https://www.reddit.com/r/AskReddit/comments/1repj78/how_do_you_think_trump_will_react_when_everything/
2026-02-25T21:59:17+00:00,1req337,AskReddit,45.55,1,2,0.67,https://www.reddit.com/r/AskReddit/comments/1req337/what_is_the_most_creative_way_someone_has_told/
2026-02-25T21:59:17+00:00,1req2ol,funny,45.98,0,4,0.28,https://www.reddit.com/r/funny/comments/1req2ol/they_wouldnt_do_openings_like_this_anymore_today/
2026-02-25T21:59:17+00:00,1req2jk,AskReddit,46.12,3,4,0.8,https://www.reddit.com/r/AskReddit/comments/1req2jk/who_is_the_one_person_that_matters_the_most_in/
2026-02-25T21:59:27+00:00,1req2oh,AskReddit,46.15,2,6,0.75,https://www.reddit.com/r/AskReddit/comments/1req2oh/whats_one_piece_of_advice_youd_take_to_the_grave/
2026-02-25T21:59:27+00:00,1rept8c,memes,55.82,7,1,1.0,https://www.reddit.com/r/memes/comments/1rept8c/just_got_it_done/
2026-02-25T21:59:27+00:00,1reqm95,AskReddit,26.03,0,6,0.33,https://www.reddit.com/r/AskReddit/comments/1reqm95/whats_an_average_skill_that_can_turn_into_serious/
2026-02-25T21:59:33+00:00,1reqcwt,AskReddit,35.85,0,8,0.4,https://www.reddit.com/r/AskReddit/comments/1reqcwt/what_food_combinations_are_surprisingly_really/
2026-02-25T21:59:43+00:00,1reqd0p,AskReddit,35.88,4,7,1.0,https://www.reddit.com/r/AskReddit/comments/1reqd0p/what_is_the_most_tactless_question_youve_heard/
2026-02-25T21:59:48+00:00,1reqmic,AskReddit,26.15,0,12,0.5,https://www.reddit.com/r/AskReddit/comments/1reqmic/what_is_a_job_youd_do_for_free_even_if_you_were/
2026-02-25T21:59:48+00:00,1reqmdh,AskReddit,26.27,3,20,0.71,https://www.reddit.com/r/AskReddit/comments/1reqmdh/how_do_you_think_the_internet_is_different_today/
2026-02-25T21:59:48+00:00,1reqws9,movies,15.47,0,0,0.4,https://www.reddit.com/r/movies/comments/1reqws9/rewatched_spielbergs_west_side_story_at_school/
2026-02-25T21:59:48+00:00,1reqwyk,memes,15.28,3,0,1.0,https://www.reddit.com/r/memes/comments/1reqwyk/why_the_rage_bait_reddit_why/
2026-02-25T21:59:53+00:00,1reqw7w,AskReddit,16.17,2,1,1.0,https://www.reddit.com/r/AskReddit/comments/1reqw7w/people_who_dated_the_most_popular_person_in_their/
2026-02-25T21:59:53+00:00,1reqwsq,movies,15.53,2,12,0.75,https://www.reddit.com/r/movies/comments/1reqwsq/the_best_notamerican_movies_you_would_always/
2026-02-25T21:59:53+00:00,1reqwev,movies,15.95,1,0,1.0,https://www.reddit.com/r/movies/comments/1reqwev/which_of_these_movies_shot_in_the_southwest_would/
2026-02-25T21:59:58+00:00,1reqwxi,AskReddit,15.48,2,3,1.0,https://www.reddit.com/r/AskReddit/comments/1reqwxi/whats_the_creepiest_thing_a_child_has_ever_said/
2026-02-25T22:00:03+00:00,1rer6yv,AskReddit,5.22,1,5,1.0,https://www.reddit.com/r/AskReddit/comments/1rer6yv/would_you_still_marry_this_person_if_you_can_go/
2026-02-25T22:00:03+00:00,1rer6lf,AskReddit,5.63,2,8,0.75,https://www.reddit.com/r/AskReddit/comments/1rer6lf/what_would_you_do_if_you_were_a_super_sayian/
2026-02-25T22:00:03+00:00,1rer6de,AskReddit,5.88,2,13,0.75,https://www.reddit.com/r/AskReddit/comments/1rer6de/what_to_do_before_turning_30/
2026-02-25T22:00:03+00:00,1rer68e,AskReddit,6.03,0,7,0.5,https://www.reddit.com/r/AskReddit/comments/1rer68e/whats_something_that_gets_harder_instead_of/
2026-02-25T22:00:03+00:00,1rer65t,AskReddit,6.1,1,0,1.0,https://www.reddit.com/r/AskReddit/comments/1rer65t/what_was_your_best_make_em_eat_their_words/
2026-02-25T22:00:03+00:00,1rer6sj,Music,5.4,1,0,1.0,https://www.reddit.com/r/Music/comments/1rer6sj/blur_holding_on_for_tomorrow_britpop/
2026-02-25T22:00:03+00:00,1rer642,movies,6.15,0,0,0.4,https://www.reddit.com/r/movies/comments/1rer642/is_there_an_high_quality_image_of_this_poster_of/
2026-02-25T22:00:14+00:00,1repjcw,AskReddit,66.47,2,1,1.0,https://www.reddit.com/r/AskReddit/comments/1repjcw/how_would_you_give_this_owner_a_1_star_review/
2026-02-25T22:00:14+00:00,1repjcf,AskReddit,66.48,1,8,0.67,https://www.reddit.com/r/AskReddit/comments/1repjcf/what_make_a_marriage_last/
2026-02-25T22:00:14+00:00,1repjth,aww,66.0,8,1,0.9,https://www.reddit.com/r/aww/comments/1repjth/balloon/
2026-02-25T22:00:14+00:00,1repk4o,AskReddit,65.68,1,4,0.67,https://www.reddit.com/r/AskReddit/comments/1repk4o/how_would_you_feel_if_your_family_member/
2026-02-25T22:00:19+00:00,1req45b,funny,45.45,19,5,0.76,https://www.reddit.com/r/funny/comments/1req45b/grandma_sets_an_alarm/
2026-02-25T22:00:19+00:00,1repu68,aww,55.73,12,1,1.0,https://www.reddit.com/r/aww/comments/1repu68/buddy/
2026-02-25T22:00:19+00:00,1req3zn,AskReddit,45.62,1,20,0.6,https://www.reddit.com/r/AskReddit/comments/1req3zn/people_who_have_tasted_venison_whats_it_like_is/
2026-02-25T22:00:19+00:00,1req3yb,AskReddit,45.65,5,3,0.86,https://www.reddit.com/r/AskReddit/comments/1req3yb/should_professional_referees_have_to_do_postgame/
2026-02-25T22:00:24+00:00,1req3e2,AskReddit,46.37,2,19,0.75,https://www.reddit.com/r/AskReddit/comments/1req3e2/what_do_you_think_of_marriage/
2026-02-25T22:00:24+00:00,1req468,AskReddit,45.52,1,6,0.67,https://www.reddit.com/r/AskReddit/comments/1req468/where_did_the_point_of_no_return_post_trend_on/
2026-02-25T22:00:24+00:00,1reqdiq,AskReddit,35.97,1,7,0.67,https://www.reddit.com/r/AskReddit/comments/1reqdiq/what_do_you_understand_easily_that_others_usually/
2026-02-25T22:00:29+00:00,1reptma,aww,56.47,2,0,1.0,https://www.reddit.com/r/aww/comments/1reptma/she_truly_is_a_sweetheart_with_a_very_noble_heart/
2026-02-25T22:00:29+00:00,1reptox,AskReddit,56.38,0,5,0.33,https://www.reddit.com/r/AskReddit/comments/1reptox/if_you_could_live_in_any_time_period_which_one/
2026-02-25T22:00:29+00:00,1reqdur,AskReddit,35.72,22,137,0.93,https://www.reddit.com/r/AskReddit/comments/1reqdur/what_was_something_that_ended_your_crush_on/
2026-02-25T22:00:34+00:00,1req428,AskReddit,45.78,6,32,0.88,https://www.reddit.com/r/AskReddit/comments/1req428/do_you_have_a_person_in_your_life_who_sneezes_or/
2026-02-25T22:00:34+00:00,1reqnl4,AskReddit,25.83,1,5,0.67,https://www.reddit.com/r/AskReddit/comments/1reqnl4/which_youtubers_do_you_watch/
2026-02-25T22:00:39+00:00,1reqnwy,AskReddit,25.6,0,3,0.5,https://www.reddit.com/r/AskReddit/comments/1reqnwy/how_do_you_handle_tripsoutings_when_your_parent/
2026-02-25T22:00:44+00:00,1reqnn4,AskReddit,25.95,1,0,0.67,https://www.reddit.com/r/AskReddit/comments/1reqnn4/whats_the_most_effective_way_to_find_paying/
2026-02-25T22:00:50+00:00,1reqxlx,Music,15.67,3,0,1.0,https://www.reddit.com/r/Music/comments/1reqxlx/social_distortions_mike_ness_on_kicking_cancer/
2026-02-25T22:00:50+00:00,1reqy2p,memes,15.18,3,1,0.8,https://www.reddit.com/r/memes/comments/1reqy2p/me_when_i_am_headbanging_in_my_room_to_metal_and/
2026-02-25T22:00:55+00:00,1reqy0w,AskReddit,15.32,2,8,1.0,https://www.reddit.com/r/AskReddit/comments/1reqy0w/whats_your_definition_of_a_cool_person_do_you/
2026-02-25T22:00:55+00:00,1reqx4c,AskReddit,16.25,2,8,0.75,https://www.reddit.com/r/AskReddit/comments/1reqx4c/what_was_that_junk_food_you_liked_the_most_but/
2026-02-25T22:00:55+00:00,1reqxc4,AskReddit,16.03,4,13,0.75,https://www.reddit.com/r/AskReddit/comments/1reqxc4/how_would_you_feel_about_voting_in_an_election/
2026-02-25T22:00:55+00:00,1reqx85,movies,16.15,1,1,0.67,https://www.reddit.com/r/movies/comments/1reqx85/dvds_are_the_new_vinyl_records_why_gen_z_is/
2026-02-25T22:01:05+00:00,1rer7ki,gaming,5.63,2,5,1.0,https://www.reddit.com/r/gaming/comments/1rer7ki/what_video_game_weapon_or_armor_looks_cool_but/
2026-02-25T22:01:05+00:00,1repl88,AskReddit,65.47,1,7,0.66,https://www.reddit.com/r/AskReddit/comments/1repl88/whats_the_creepiest_thing_youve_ever_experienced/
2026-02-25T22:01:15+00:00,1repkxi,todayilearned,65.92,4689,61,0.99,https://www.reddit.com/r/todayilearned/comments/1repkxi/til_while_recording_samples_for_the_mellotron_an/
2026-02-25T22:01:15+00:00,1repkei,AskReddit,66.42,0,5,0.33,https://www.reddit.com/r/AskReddit/comments/1repkei/why_do_you_think_everything_is_tied_back_to_israel/
2026-02-25T22:01:15+00:00,1req4vt,Music,45.65,6,1,1.0,https://www.reddit.com/r/Music/comments/1req4vt/they_might_be_giants_the_guitar_alt_rock/
2026-02-25T22:01:20+00:00,1req4ry,AskReddit,45.83,2,3,1.0,https://www.reddit.com/r/AskReddit/comments/1req4ry/imagine_you_woke_up_in_a_different_body_like_in/
2026-02-25T22:01:20+00:00,1repv7c,AskReddit,55.7,0,1,0.2,https://www.reddit.com/r/AskReddit/comments/1repv7c/is_there_any_victim_of_epstien_island_here_in/
2026-02-25T22:01:20+00:00,1req4x0,memes,45.7,5,3,0.86,https://www.reddit.com/r/memes/comments/1req4x0/the_only_ice_i_like_is_either_in_a_cooler_or/
2026-02-25T22:01:20+00:00,1req4lf,AskReddit,46.02,3,2,1.0,https://www.reddit.com/r/AskReddit/comments/1req4lf/whats_the_best_example_of_steak_too_juicy_lobster/
2026-02-25T22:01:25+00:00,1repv08,memes,56.0,134,7,0.98,https://www.reddit.com/r/memes/comments/1repv08/cant_be_the_only_one/
2026-02-25T22:01:30+00:00,1repv23,AskReddit,56.03,3,3,1.0,https://www.reddit.com/r/AskReddit/comments/1repv23/hey_redditors_what_is_your_strangest_childhood/
2026-02-25T22:01:30+00:00,1req59c,AskReddit,45.52,2,6,1.0,https://www.reddit.com/r/AskReddit/comments/1req59c/serious_what_is_the_best_dating_app_for_longterm/
2026-02-25T22:01:36+00:00,1req4ds,aww,46.5,16,0,1.0,https://www.reddit.com/r/aww/comments/1req4ds/from_pup_to_pooch_happy_4th_birthday_charlie_angel/
2026-02-25T22:01:36+00:00,1reqehu,AskReddit,36.2,4,33,0.83,https://www.reddit.com/r/AskReddit/comments/1reqehu/what_is_a_1010_non_alcoholic_drink/
2026-02-25T22:01:36+00:00,1reqowh,AskReddit,25.53,2,1,0.75,https://www.reddit.com/r/AskReddit/comments/1reqowh/if_all_you_had_was_timehow_would_you_spend_it/
2026-02-25T22:01:41+00:00,1repuys,AskReddit,56.3,0,2,0.5,https://www.reddit.com/r/AskReddit/comments/1repuys/if_it_were_the_end_of_the_world_what_would_be_the/
2026-02-25T22:01:51+00:00,1reqyr1,AskReddit,15.52,1,0,1.0,https://www.reddit.com/r/AskReddit/comments/1reqyr1/what_happened_to_that_megaman_x_explainer_guy/
2026-02-25T22:01:56+00:00,1replme,funny,65.92,1352,44,0.97,https://www.reddit.com/r/funny/comments/1replme/comments/
2026-02-25T22:01:56+00:00,1reqyxd,AskReddit,15.42,3,15,1.0,https://www.reddit.com/r/AskReddit/comments/1reqyxd/whats_a_fair_amount_per_package_to_charge_for/
2026-02-25T22:02:01+00:00,1reqy73,Music,16.27,1,0,1.0,https://www.reddit.com/r/Music/comments/1reqy73/billy_idol_talks_rock_hall_nomination_new/
2026-02-25T22:02:06+00:00,1req5l1,AskReddit,45.8,4,6,1.0,https://www.reddit.com/r/AskReddit/comments/1req5l1/what_is_a_ridiculously_insignificant_reason_you/
2026-02-25T22:02:06+00:00,1rer8vb,AskReddit,5.3,4,8,0.83,https://www.reddit.com/r/AskReddit/comments/1rer8vb/who_feels_tired_of_all_the_bots_on_this_subreddit/
2026-02-25T22:02:06+00:00,1rer8j0,gaming,5.65,0,0,0.5,https://www.reddit.com/r/gaming/comments/1rer8j0/i_wanted_to_leave_the_game_but_kept_fighting/
2026-02-25T22:02:06+00:00,1repm0k,AskReddit,65.72,2,1,1.0,https://www.reddit.com/r/AskReddit/comments/1repm0k/how_do_you_deal_with_terrible_inlaws/
2026-02-25T22:02:16+00:00,1repm6m,AskReddit,65.72,2,22,0.75,https://www.reddit.com/r/AskReddit/comments/1repm6m/what_is_the_best_compliment_you_have_ever_received/
2026-02-25T22:02:16+00:00,1req61t,Music,45.55,2,0,0.75,https://www.reddit.com/r/Music/comments/1req61t/chris_aschman_neon_jazz_jazz_fusion_2026/
2026-02-25T22:02:16+00:00,1repw9v,AskReddit,55.5,2,13,1.0,https://www.reddit.com/r/AskReddit/comments/1repw9v/whats_a_better_feeling_than_getting_home_from/
2026-02-25T22:02:16+00:00,1reqfwm,aww,35.35,10,0,1.0,https://www.reddit.com/r/aww/comments/1reqfwm/my_dog_is_so_strange/
2026-02-25T22:02:21+00:00,1repvr3,AskReddit,56.13,0,4,0.5,https://www.reddit.com/r/AskReddit/comments/1repvr3/what_are_some_stupid_laws_in_your_country/
2026-02-25T22:02:21+00:00,1repvph,AskReddit,56.17,0,3,0.33,https://www.reddit.com/r/AskReddit/comments/1repvph/what_movies_live_rentfree_in_your_mind/
2026-02-25T22:02:21+00:00,1repvuc,memes,56.05,71,11,0.91,https://www.reddit.com/r/memes/comments/1repvuc/well_the_look_on_his_face_says_it_all/
2026-02-25T22:02:21+00:00,1req5uz,AskReddit,45.8,0,39,0.47,https://www.reddit.com/r/AskReddit/comments/1req5uz/if_crime_is_legal_without_any_consequences_for/
2026-02-25T22:02:21+00:00,1reqg1e,AskReddit,35.3,1,11,1.0,https://www.reddit.com/r/AskReddit/comments/1reqg1e/what_current_series_are_you_watching_that_youd/
2026-02-25T22:02:26+00:00,1req5ds,AskReddit,46.33,4,21,1.0,https://www.reddit.com/r/AskReddit/comments/1req5ds/what_is_a_small_everyday_thing_that_irrationally/
2026-02-25T22:02:26+00:00,1reqfc7,AskReddit,36.12,2,2,1.0,https://www.reddit.com/r/AskReddit/comments/1reqfc7/whats_a_small_boundary_that_improved_your_life/
2026-02-25T22:02:26+00:00,1req62c,funny,45.7,92,5,0.96,https://www.reddit.com/r/funny/comments/1req62c/inflation_sushi/
2026-02-25T22:02:26+00:00,1reqfcs,AskReddit,36.1,0,1,0.33,https://www.reddit.com/r/AskReddit/comments/1reqfcs/what_do_you_think_guys_in_this_new_genz_world_are/
2026-02-25T22:02:32+00:00,1repviz,AskReddit,56.55,1,5,0.67,https://www.reddit.com/r/AskReddit/comments/1repviz/whats_the_one_thing_that_youre_really_good_at/
2026-02-25T22:02:32+00:00,1reqfu4,gaming,35.7,0,8,0.33,https://www.reddit.com/r/gaming/comments/1reqfu4/not_a_fan_of_horror_games_playing_re2_remake_only/
2026-02-25T22:02:32+00:00,1reqfjg,AskReddit,36.0,0,3,0.5,https://www.reddit.com/r/AskReddit/comments/1reqfjg/what_are_the_main_things_people_should_learn/
2026-02-25T22:02:32+00:00,1reqfvs,AskReddit,35.65,0,7,0.5,https://www.reddit.com/r/AskReddit/comments/1reqfvs/whats_the_most_unexpected_side_effect_of_turning/
2026-02-25T22:02:37+00:00,1reqq22,AskReddit,25.35,1,1,1.0,https://www.reddit.com/r/AskReddit/comments/1reqq22/how_do_you_make_that_edit_thats_like_someone/
2026-02-25T22:02:37+00:00,1req688,movies,45.72,0,15,0.18,https://www.reddit.com/r/movies/comments/1req688/bourne_again/
2026-02-25T22:02:37+00:00,1reqfm1,AskReddit,36.02,3,27,0.71,https://www.reddit.com/r/AskReddit/comments/1reqfm1/whats_the_wildest_place_youve_ever_hooked_up/
2026-02-25T22:02:47+00:00,1reqpjr,AskReddit,26.05,1,6,0.67,https://www.reddit.com/r/AskReddit/comments/1reqpjr/what_is_the_largest_amount_of_money_you_ever/
2026-02-25T22:02:52+00:00,1repn1v,AskReddit,65.43,0,5,0.2,https://www.reddit.com/r/AskReddit/comments/1repn1v/what_according_to_you_is_the_right_age_for/
2026-02-25T22:02:52+00:00,1repn90,AskReddit,65.23,0,8,0.5,https://www.reddit.com/r/AskReddit/comments/1repn90/what_jobs_require_little_work_allow_for/
2026-02-25T22:02:52+00:00,1repmzw,todayilearned,65.48,218,36,0.94,https://www.reddit.com/r/todayilearned/comments/1repmzw/til_jim_hanks_tom_hanks_brother_voices_woody_for/
2026-02-25T22:02:57+00:00,1repw07,memes,56.47,29,3,0.83,https://www.reddit.com/r/memes/comments/1repw07/why_not_i_mean_a_tires_a_tire/
2026-02-25T22:02:57+00:00,1reqzm1,AskReddit,15.77,1,0,0.67,https://www.reddit.com/r/AskReddit/comments/1reqzm1/ladies_do_you_ever_get_random_hair_shedding_days/
2026-02-25T22:02:57+00:00,1rer014,AskReddit,15.3,0,2,0.5,https://www.reddit.com/r/AskReddit/comments/1rer014/what_is_the_small_thing_that_happens_every_day/
2026-02-25T22:02:57+00:00,1reqz5v,Music,16.2,2,0,1.0,https://www.reddit.com/r/Music/comments/1reqz5v/gene_vincent_cat_man_rock_1957/
2026-02-25T22:02:57+00:00,1reqzhp,AskReddit,15.87,1,0,0.67,https://www.reddit.com/r/AskReddit/comments/1reqzhp/what_do_you_wish_more_people_understood_about/
2026-02-25T22:02:57+00:00,1reqzgf,AskReddit,15.92,1,3,0.67,https://www.reddit.com/r/AskReddit/comments/1reqzgf/whats_a_career_that_is_more_lucrative_and/
2026-02-25T22:02:57+00:00,1reqzey,AskReddit,15.95,1,3,0.67,https://www.reddit.com/r/AskReddit/comments/1reqzey/when_will_james_talarico_and_jasmine_crockett/
2026-02-25T22:03:07+00:00,1repn37,AskReddit,65.65,1,6,0.67,https://www.reddit.com/r/AskReddit/comments/1repn37/if_you_could_change_your_name_what_would_you_want/
2026-02-25T22:03:07+00:00,1rer9ov,aww,5.42,4,0,1.0,https://www.reddit.com/r/aww/comments/1rer9ov/batman_knows_all_your_dirty_sins/
2026-02-25T22:03:18+00:00,1req71k,AskReddit,45.53,0,12,0.5,https://www.reddit.com/r/AskReddit/comments/1req71k/what_is_the_craziest_thing_that_you_have_read_in/
2026-02-25T22:03:18+00:00,1reqgiv,aww,35.77,10,0,0.92,https://www.reddit.com/r/aww/comments/1reqgiv/didnt_realize_she_was_actually_stuck_in_this/
2026-02-25T22:03:23+00:00,1reqgzn,AskReddit,35.4,2,1,1.0,https://www.reddit.com/r/AskReddit/comments/1reqgzn/what_is_the_most_funniest_incident_which_happened/
2026-02-25T22:03:23+00:00,1repx4a,AskReddit,55.77,2,5,1.0,https://www.reddit.com/r/AskReddit/comments/1repx4a/whats_something_people_think_is_sexy_but_actually/
2026-02-25T22:03:23+00:00,1reqgx7,AskReddit,35.47,0,6,0.5,https://www.reddit.com/r/AskReddit/comments/1reqgx7/if_humans_suddenly_lost_the_ability_to_feel/
2026-02-25T22:03:28+00:00,1req77g,AskReddit,45.55,0,7,0.5,https://www.reddit.com/r/AskReddit/comments/1req77g/how_can_a_man_keep_a_woman_sexually_satisfied/
2026-02-25T22:03:28+00:00,1req6sv,AskReddit,45.95,1,9,0.67,https://www.reddit.com/r/AskReddit/comments/1req6sv/what_are_some_bad_male_names/
2026-02-25T22:03:28+00:00,1req6te,AskReddit,45.93,0,5,0.33,https://www.reddit.com/r/AskReddit/comments/1req6te/what_are_your_thoughts_on_men_that_pull_their/
2026-02-25T22:03:28+00:00,1reqh3z,aww,35.38,7,2,0.89,https://www.reddit.com/r/aww/comments/1reqh3z/my_friends_cat_looks_adorable/
2026-02-25T22:03:28+00:00,1req6e3,funny,46.4,39,8,0.77,https://www.reddit.com/r/funny/comments/1req6e3/agghh_lemme_just_put_it_back_again/
2026-02-25T22:03:28+00:00,1req76z,science,45.57,22,2,0.85,https://www.reddit.com/r/science/comments/1req76z/animals_perception_of_time_is_linked_to_the_pace/
2026-02-25T22:03:28+00:00,1reqgga,todayilearned,36.02,19,7,0.73,https://www.reddit.com/r/todayilearned/comments/1reqgga/til_when_jerry_seinfeld_was_38_he_openly_dated_a/
2026-02-25T22:03:33+00:00,1reqgw9,AskReddit,35.65,2,4,1.0,https://www.reddit.com/r/AskReddit/comments/1reqgw9/what_are_some_lesser_known_undisclosed_realities/
2026-02-25T22:03:33+00:00,1repwwl,AskReddit,56.15,2,3,1.0,https://www.reddit.com/r/AskReddit/comments/1repwwl/how_do_you_manage_your_time_throughout_the_day/
2026-02-25T22:03:33+00:00,1reqgh1,AskReddit,36.07,19,24,1.0,https://www.reddit.com/r/AskReddit/comments/1reqgh1/what_is_the_dumbest_thing_youve_done_for_a_girl/
2026-02-25T22:03:33+00:00,1reqqig,AskReddit,25.83,6,9,1.0,https://www.reddit.com/r/AskReddit/comments/1reqqig/whats_a_thing_that_shouldnt_but_made_you_feel/
2026-02-25T22:03:38+00:00,1reqq99,AskReddit,26.17,0,11,0.5,https://www.reddit.com/r/AskReddit/comments/1reqq99/what_makes_you_happy/
2026-02-25T22:03:38+00:00,1repxbs,AskReddit,55.8,1,2,1.0,https://www.reddit.com/r/AskReddit/comments/1repxbs/whats_something_you_used_to_judge_people_for_that/
2026-02-25T22:03:38+00:00,1reqqdo,AskReddit,26.05,0,0,0.5,https://www.reddit.com/r/AskReddit/comments/1reqqdo/women_in_long_term_relationships_how_did_you_know/
2026-02-25T22:03:38+00:00,1reqqho,AskReddit,25.93,1,3,0.6,https://www.reddit.com/r/AskReddit/comments/1reqqho/whats_was_something_you_thought_was_normal_until/
2026-02-25T22:03:43+00:00,1reqqyv,AskReddit,25.52,1,11,0.67,https://www.reddit.com/r/AskReddit/comments/1reqqyv/what_is_a_poor_person_meal_that_you_still_eat/
2026-02-25T22:03:59+00:00,1rer0b0,AskReddit,16.05,3,11,0.71,https://www.reddit.com/r/AskReddit/comments/1rer0b0/what_is_some_situation_that_always_happen_to_you/
2026-02-25T22:03:59+00:00,1rer0vu,AskReddit,15.48,0,4,0.4,https://www.reddit.com/r/AskReddit/comments/1rer0vu/given_they_only_know_the_basics_what_would_be_a/
2026-02-25T22:04:04+00:00,1repy7i,AskReddit,55.33,0,6,0.33,https://www.reddit.com/r/AskReddit/comments/1repy7i/solicitor_why_do_you_go_door_to_door_bothering/
2026-02-25T22:04:09+00:00,1repxte,worldnews,55.8,15,3,0.95,https://www.reddit.com/r/worldnews/comments/1repxte/venezuela_attorney_general_saab_has_tendered/
2026-02-25T22:04:09+00:00,1reralf,AskReddit,5.52,0,4,0.5,https://www.reddit.com/r/AskReddit/comments/1reralf/how_did_you_find_your_first_paying_clients_and/
2026-02-25T22:04:19+00:00,1repxgu,AskReddit,56.33,2,7,1.0,https://www.reddit.com/r/AskReddit/comments/1repxgu/what_albums_do_you_think_are_perfect_in_every_way/
2026-02-25T22:04:19+00:00,1repxun,AskReddit,55.93,1,5,1.0,https://www.reddit.com/r/AskReddit/comments/1repxun/whats_a_moment_in_your_life_that_still_gives_you/
2026-02-25T22:04:19+00:00,1repxs0,AskReddit,56.02,0,7,0.4,https://www.reddit.com/r/AskReddit/comments/1repxs0/people_under_he_age_of_30_is_sex_sacred_to_you/
2026-02-25T22:04:24+00:00,1req8cn,AskReddit,45.37,1,3,0.67,https://www.reddit.com/r/AskReddit/comments/1req8cn/what_is_your_favorite_type_of_medical_appointment/
2026-02-25T22:04:34+00:00,1req80h,Music,45.88,0,0,0.33,https://www.reddit.com/r/Music/comments/1req80h/escuchase_alexs_song/
2026-02-25T22:04:34+00:00,1reqhng,AskReddit,35.93,3,16,1.0,https://www.reddit.com/r/AskReddit/comments/1reqhng/fellow_depressed_and_people_with_harsh_anxiety/
2026-02-25T22:04:34+00:00,1req7og,AskReddit,46.2,3,13,0.8,https://www.reddit.com/r/AskReddit/comments/1req7og/have_you_ever_had_a_near_death_experience_and_if/
2026-02-25T22:04:34+00:00,1reqhca,AskReddit,36.23,3,1,0.8,https://www.reddit.com/r/AskReddit/comments/1reqhca/have_you_ever_said_no_to_a_proposal_and_if_you/
2026-02-25T22:04:39+00:00,1reqhzq,AskReddit,35.65,0,10,0.33,https://www.reddit.com/r/AskReddit/comments/1reqhzq/popular_girls_whats_the_best_sprayperfume/
2026-02-25T22:04:39+00:00,1reqs41,AskReddit,25.25,1,17,0.67,https://www.reddit.com/r/AskReddit/comments/1reqs41/whats_a_clear_sign_that_someone_is_not_a_good/
2026-02-25T22:04:44+00:00,1reqryw,memes,25.48,5,1,1.0,https://www.reddit.com/r/memes/comments/1reqryw/quite_the_damp_patch/
2026-02-25T22:04:49+00:00,1reqrkr,AskReddit,25.98,0,4,0.5,https://www.reddit.com/r/AskReddit/comments/1reqrkr/whats_the_most_dangerous_thing_youve_ever_done/
2026-02-25T22:04:49+00:00,1reqr8a,AskReddit,26.33,3,14,0.8,https://www.reddit.com/r/AskReddit/comments/1reqr8a/how_would_you_get_one_million_people_to_give_you/
2026-02-25T22:04:49+00:00,1reqrr4,AskReddit,25.8,1,1,0.67,https://www.reddit.com/r/AskReddit/comments/1reqrr4/whats_the_biggest_moneymaker_youve_ever_resold/
2026-02-25T22:04:54+00:00,1req7o6,memes,46.53,3,1,0.71,https://www.reddit.com/r/memes/comments/1req7o6/hes_not_just_in_the_files_hes_everyehere/
2026-02-25T22:04:54+00:00,1reqrub,Music,25.78,1,0,1.0,https://www.reddit.com/r/Music/comments/1reqrub/help_i_need_help/
2026-02-25T22:04:59+00:00,1rer1iv,AskReddit,15.82,0,4,0.5,https://www.reddit.com/r/AskReddit/comments/1rer1iv/what_makes_certain_scandals_stay_in_public/
2026-02-25T22:05:05+00:00,1rer21d,AskReddit,15.4,0,1,0.33,https://www.reddit.com/r/AskReddit/comments/1rer21d/whats_one_thing_you_know_society_pressures_you/
2026-02-25T22:05:10+00:00,1rerblm,AskReddit,5.43,1,9,0.67,https://www.reddit.com/r/AskReddit/comments/1rerblm/whats_a_skill_thats_becoming_rare_because/
2026-02-25T22:05:10+00:00,1rerbd9,AskReddit,5.67,0,0,0.5,https://www.reddit.com/r/AskReddit/comments/1rerbd9/what_was_this_movie_called_girl_moves_in_with/
2026-02-25T22:05:10+00:00,1rerbnm,todayilearned,5.38,6,0,0.75,https://www.reddit.com/r/todayilearned/comments/1rerbnm/til_ben_shapiro_and_mara_wilson_matilda_mrs/
2026-02-25T22:05:10+00:00,1rerbop,Music,5.35,1,0,1.0,https://www.reddit.com/r/Music/comments/1rerbop/goldie_lookin_chain_the_middle_of_lidl_rap/
2026-02-25T22:05:10+00:00,1rerb1k,memes,6.05,3,0,1.0,https://www.reddit.com/r/memes/comments/1rerb1k/reddit_girlfriend/
2026-02-25T22:05:10+00:00,1repp0b,AskReddit,65.72,1,7,0.67,https://www.reddit.com/r/AskReddit/comments/1repp0b/what_is_a_small_decision_you_made_years_ago_that/
2026-02-25T22:05:19+00:00,1repp2o,AskReddit,65.82,0,3,0.4,https://www.reddit.com/r/AskReddit/comments/1repp2o/what_youtuber_do_you_think_will_be_cancelled_next/
2026-02-25T22:05:19+00:00,1repox0,AskReddit,65.97,0,2,0.5,https://www.reddit.com/r/AskReddit/comments/1repox0/how_would_the_world_look_like_if_humans_never_had/
2026-02-25T22:05:19+00:00,1repp8f,AskReddit,65.67,0,7,0.33,https://www.reddit.com/r/AskReddit/comments/1repp8f/the_gambias_africas_smallest_mainland_country/
2026-02-25T22:05:19+00:00,1repp0c,Music,65.87,6,1,0.88,https://www.reddit.com/r/Music/comments/1repp0c/lambrini_girls_feat_peaches_cuntology_101_peaches/
2026-02-25T22:05:29+00:00,1repzc7,AskReddit,55.58,0,2,0.5,https://www.reddit.com/r/AskReddit/comments/1repzc7/face_vs_body_what_truly_catches_your_eye_first/
2026-02-25T22:05:29+00:00,1reqis6,AskReddit,35.65,3,18,0.8,https://www.reddit.com/r/AskReddit/comments/1reqis6/serious_what_is_astroturfing/
2026-02-25T22:05:35+00:00,1req8n7,aww,46.28,72,3,1.0,https://www.reddit.com/r/aww/comments/1req8n7/the_reason_my_phone_storage_is_full/
2026-02-25T22:05:35+00:00,1reqj36,AskReddit,35.43,2,5,0.75,https://www.reddit.com/r/AskReddit/comments/1reqj36/what_was_suspiciously_easy/
2026-02-25T22:05:35+00:00,1repypp,AskReddit,56.32,9,26,0.92,https://www.reddit.com/r/AskReddit/comments/1repypp/what_is_the_most_unusual_country_you_have_visited/
2026-02-25T22:05:40+00:00,1reqj4q,AskReddit,35.47,2,12,0.75,https://www.reddit.com/r/AskReddit/comments/1reqj4q/your_favorite_celebrity_in_right_in_front_of_you/
2026-02-25T22:05:45+00:00,1reqsqr,Music,25.67,3,0,1.0,https://www.reddit.com/r/Music/comments/1reqsqr/the_cure_a_chain_of_flowers_rock/
2026-02-25T22:05:45+00:00,1req91m,AskReddit,46.1,0,17,0.33,https://www.reddit.com/r/AskReddit/comments/1req91m/what_does_it_mean_if_exes_keep_making_eye_contact/
2026-02-25T22:05:45+00:00,1reqsno,movies,25.75,477,78,0.98,https://www.reddit.com/r/movies/comments/1reqsno/paramount_posts_q4_loss_of_573_million/
2026-02-25T22:05:50+00:00,1req9az,AskReddit,45.9,0,2,0.33,https://www.reddit.com/r/AskReddit/comments/1req9az/what_are_your_craziest_drinking_stories/
2026-02-25T22:05:50+00:00,1reqsg1,AskReddit,26.08,1,2,1.0,https://www.reddit.com/r/AskReddit/comments/1reqsg1/travelers_of_reddit_whats_the_most_unexpected_or/
2026-02-25T22:05:50+00:00,1reqs8f,AskReddit,26.3,2,5,1.0,https://www.reddit.com/r/AskReddit/comments/1reqs8f/how_do_you_feel_about_the_current_state_of_ticket/
2026-02-25T22:05:55+00:00,1rer31n,AskReddit,15.22,0,7,0.33,https://www.reddit.com/r/AskReddit/comments/1rer31n/can_something_be_aesthetically_gay_how/
2026-02-25T22:05:55+00:00,1rer2xi,AskReddit,15.33,1,3,0.6,https://www.reddit.com/r/AskReddit/comments/1rer2xi/whats_your_craziest_drunk_story/
2026-02-25T22:06:00+00:00,1rer2nf,AskReddit,15.72,0,9,0.4,https://www.reddit.com/r/AskReddit/comments/1rer2nf/what_is_your_favorite_thing_to_do/
2026-02-25T22:06:10+00:00,1rerbwg,todayilearned,6.12,4,1,1.0,https://www.reddit.com/r/todayilearned/comments/1rerbwg/til_that_over_a_period_of_several_years_starting/
2026-02-25T22:06:10+00:00,1rercqf,Music,5.33,1,0,1.0,https://www.reddit.com/r/Music/comments/1rercqf/i_cant_find_this_song_i_want/
2026-02-25T22:06:25+00:00,1reppkz,AskReddit,66.42,0,2,0.33,https://www.reddit.com/r/AskReddit/comments/1reppkz/what_do_you_use_your_uggel_pics_for/
2026-02-25T22:06:25+00:00,1repq4f,memes,65.88,15,2,1.0,https://www.reddit.com/r/memes/comments/1repq4f/its_happen_to_us_all/
2026-02-25T22:06:25+00:00,1reqac0,AskReddit,45.45,0,2,0.5,https://www.reddit.com/r/AskReddit/comments/1reqac0/what_will_the_consequences_be_for_muskpacs/
2026-02-25T22:06:25+00:00,1req03p,AskReddit,55.75,3,28,1.0,https://www.reddit.com/r/AskReddit/comments/1req03p/what_would_a_stranger_say_if_they_saw_your/
2026-02-25T22:06:31+00:00,1repzx6,AskReddit,56.03,1,5,1.0,https://www.reddit.com/r/AskReddit/comments/1repzx6/what_is_the_craziest_thing_youve_ever_seen_at_a/
2026-02-25T22:06:31+00:00,1reqjdq,AskReddit,36.07,0,4,0.4,https://www.reddit.com/r/AskReddit/comments/1reqjdq/with_the_scale_being_010_0_being_a_verbal_insult/
2026-02-25T22:06:31+00:00,1reqk47,AskReddit,35.3,0,4,0.5,https://www.reddit.com/r/AskReddit/comments/1reqk47/whats_your_oddest_experience/
2026-02-25T22:06:36+00:00,1reqahx,worldnews,45.47,75,9,0.96,https://www.reddit.com/r/worldnews/comments/1reqahx/iceland_to_hold_eu_referendum_in_the_coming/
2026-02-25T22:06:36+00:00,1req9lo,AskReddit,46.38,0,0,0.5,https://www.reddit.com/r/AskReddit/comments/1req9lo/whats_your_irl_version_of_they_popped_their_ult/
2026-02-25T22:06:36+00:00,1reppo5,movies,66.52,2,3,0.75,https://www.reddit.com/r/movies/comments/1reppo5/random_coincidences_in_a_double_bill/
2026-02-25T22:06:41+00:00,1reqjwe,AskReddit,35.68,2,8,1.0,https://www.reddit.com/r/AskReddit/comments/1reqjwe/how_seriously_do_you_take_someones_musical_tastes/
2026-02-25T22:06:41+00:00,1req9qi,Music,46.32,0,0,0.5,https://www.reddit.com/r/Music/comments/1req9qi/slumbering_sun_liminal_bridges_stoner_rock_sludge/
2026-02-25T22:06:41+00:00,1reqk3v,AskReddit,35.48,0,6,0.5,https://www.reddit.com/r/AskReddit/comments/1reqk3v/whats_one_move_in_bed_that_makes_anyone_go_crazy/
2026-02-25T22:06:41+00:00,1req9rc,AskReddit,46.3,1,11,0.67,https://www.reddit.com/r/AskReddit/comments/1req9rc/whats_a_movie_thats_truly_made_you_cry/
2026-02-25T22:06:46+00:00,1req00a,AskReddit,56.2,0,4,0.5,https://www.reddit.com/r/AskReddit/comments/1req00a/what_is_the_weirdest_american_idiom_you_have_ever/
2026-02-25T22:06:46+00:00,1reqk7z,memes,35.45,0,7,0.31,https://www.reddit.com/r/memes/comments/1reqk7z/oh_no_ai_anyway/
2026-02-25T22:06:46+00:00,1reqtnz,AskReddit,25.72,2,4,1.0,https://www.reddit.com/r/AskReddit/comments/1reqtnz/30_minutes_on_twitter_x_and_its_soul_destroying/
2026-02-25T22:06:46+00:00,1reqtsx,AskReddit,25.58,0,32,0.5,https://www.reddit.com/r/AskReddit/comments/1reqtsx/what_is_the_meaning_of_having_a_womans_body_if_we/
2026-02-25T22:06:46+00:00,1reqtqo,AskReddit,25.63,1,3,1.0,https://www.reddit.com/r/AskReddit/comments/1reqtqo/what_was_your_gut_feeling_that_saved_you/
2026-02-25T22:06:51+00:00,1reqtid,Music,25.95,2,0,0.67,https://www.reddit.com/r/Music/comments/1reqtid/singer_d4vd_is_target_of_los_angeles_grand_jury/
2026-02-25T22:06:51+00:00,1reqtem,AskReddit,26.05,0,4,0.5,https://www.reddit.com/r/AskReddit/comments/1reqtem/what_makes_you_the_most_horny/
2026-02-25T22:06:56+00:00,1reqtub,AskReddit,25.7,63,88,1.0,https://www.reddit.com/r/AskReddit/comments/1reqtub/whats_something_harmless_that_gets_people_weirdly/
2026-02-25T22:06:56+00:00,1reqtjx,AskReddit,26.0,0,2,0.5,https://www.reddit.com/r/AskReddit/comments/1reqtjx/what_are_the_best_sites_etc_to_sign_someones/
2026-02-25T22:07:01+00:00,1rer3yk,AskReddit,15.35,0,5,0.5,https://www.reddit.com/r/AskReddit/comments/1rer3yk/what_songs_got_better_with_age/
2026-02-25T22:07:01+00:00,1rer3jt,AskReddit,15.75,0,3,0.5,https://www.reddit.com/r/AskReddit/comments/1rer3jt/how_do_you_think_we_will_pay_for_things_when_we/
2026-02-25T22:07:01+00:00,1rer43m,worldnews,15.23,16,9,0.79,https://www.reddit.com/r/worldnews/comments/1rer43m/rubio_boosts_dictator_orbáns_bid_for_another_term/
2026-02-25T22:07:07+00:00,1reprdz,science,65.35,858,136,0.94,https://www.reddit.com/r/science/comments/1reprdz/donald_trump_gained_2024_votes_in_areas_where/
2026-02-25T22:07:12+00:00,1reprdo,AskReddit,65.43,2,8,1.0,https://www.reddit.com/r/AskReddit/comments/1reprdo/what_happened_at_work_that_made_you_realize_that/
2026-02-25T22:07:12+00:00,1rerdsh,AskReddit,5.3,1,0,1.0,https://www.reddit.com/r/AskReddit/comments/1rerdsh/what_do_you_think_would_be_more_devastating/
2026-02-25T22:07:12+00:00,1rerdd1,AskReddit,5.73,0,6,0.4,https://www.reddit.com/r/AskReddit/comments/1rerdd1/how_do_you_tell_a_woman_to_calm_down_and_that_she/
2026-02-25T22:07:12+00:00,1rerdar,AskReddit,5.78,0,1,0.5,https://www.reddit.com/r/AskReddit/comments/1rerdar/do_you_think_kissing_in_public_is_normal_or_weird/
2026-02-25T22:07:12+00:00,1rerd38,AskReddit,6.02,2,2,0.75,https://www.reddit.com/r/AskReddit/comments/1rerd38/what_is_the_most_ignorant_opinion_you_truly/
2026-02-25T22:07:12+00:00,1rerd10,AskReddit,6.08,0,2,0.5,https://www.reddit.com/r/AskReddit/comments/1rerd10/what_app_do_you_highly_recommend/
2026-02-25T22:07:12+00:00,1rerdrl,Music,5.33,0,1,0.43,https://www.reddit.com/r/Music/comments/1rerdrl/kurt_cobains_1994_death_alleged_homicide_by/
2026-02-25T22:07:12+00:00,1rerdn2,Music,5.45,1,0,1.0,https://www.reddit.com/r/Music/comments/1rerdn2/lol_self_promotion_ethical_ai_contains_link_to/
2026-02-25T22:07:12+00:00,1rerdhd,memes,5.62,5,1,1.0,https://www.reddit.com/r/memes/comments/1rerdhd/i_forgorrr/
2026-02-25T22:07:21+00:00,1req0dz,AskReddit,56.37,1,4,1.0,https://www.reddit.com/r/AskReddit/comments/1req0dz/be_honest_if_youve_ever_filled_out_a_feedback/
2026-02-25T22:07:21+00:00,1repqq1,AskReddit,66.23,0,1,0.5,https://www.reddit.com/r/AskReddit/comments/1repqq1/what_do_you_do_for_a_living_and_whats_your_pay_x/
2026-02-25T22:07:21+00:00,1req0wz,AskReddit,55.82,0,1,0.33,https://www.reddit.com/r/AskReddit/comments/1req0wz/women_of_reddit_what_sexual_acts_could_a_man/
2026-02-25T22:07:26+00:00,1req0tb,AskReddit,56.0,2,1,1.0,https://www.reddit.com/r/AskReddit/comments/1req0tb/whats_something_that_gets_worse_the_more/
2026-02-25T22:07:26+00:00,1rep2aa,AskReddit,91.33,3,7,1.0,https://www.reddit.com/r/AskReddit/comments/1rep2aa/hows_it_feel_being_in_love_with_someone_that_is/
2026-02-25T22:07:26+00:00,1reqald,movies,46.2,0,20,0.35,https://www.reddit.com/r/movies/comments/1reqald/i_find_the_description_of_promising_young_woman/
2026-02-25T22:07:32+00:00,1rep1ar,AskReddit,92.45,5,5,1.0,https://www.reddit.com/r/AskReddit/comments/1rep1ar/why_did_reddit_just_release_the_worst_app_update/
2026-02-25T22:07:32+00:00,1reqk9m,AskReddit,36.17,1,8,0.67,https://www.reddit.com/r/AskReddit/comments/1reqk9m/what_are_you_most_scary_about_the_future/
2026-02-25T22:07:32+00:00,1reqbez,AskReddit,45.47,0,14,0.25,https://www.reddit.com/r/AskReddit/comments/1reqbez/whats_underrated_in_bed/
2026-02-25T22:07:32+00:00,1reql3x,AskReddit,35.27,2,6,0.75,https://www.reddit.com/r/AskReddit/comments/1reql3x/how_do_you_sort_your_feed_best_top_hot_new_rising/
2026-02-25T22:07:32+00:00,1rep23z,AskReddit,91.62,1,7,1.0,https://www.reddit.com/r/AskReddit/comments/1rep23z/how_would_you_feel_finding_out_that_you_are_your/
2026-02-25T22:07:32+00:00,1reprcv,AskReddit,65.8,0,7,0.22,https://www.reddit.com/r/AskReddit/comments/1reprcv/who_hates_asian_men_more_than_asian_women/
2026-02-25T22:07:32+00:00,1repqqi,AskReddit,66.4,0,8,0.33,https://www.reddit.com/r/AskReddit/comments/1repqqi/if_you_had_to_finish_100_big_macs_and_you_can/
2026-02-25T22:07:32+00:00,1reqb43,AskReddit,45.77,0,9,0.5,https://www.reddit.com/r/AskReddit/comments/1reqb43/whats_your_favorite_pizza_topping/
2026-02-25T22:07:37+00:00,1req12z,AskReddit,55.9,1,2,1.0,https://www.reddit.com/r/AskReddit/comments/1req12z/whats_your_1_gripe_today/
2026-02-25T22:07:37+00:00,1reqar7,AskReddit,46.22,0,22,0.33,https://www.reddit.com/r/AskReddit/comments/1reqar7/how_do_you_feel_about_people_who_dont_wanna_have/
2026-02-25T22:07:37+00:00,1reqkab,AskReddit,36.23,1,1,1.0,https://www.reddit.com/r/AskReddit/comments/1reqkab/how_many_group_chats_are_you_part_of_and_what_are/
2026-02-25T22:07:37+00:00,1reqbh7,memes,45.47,0,1,0.29,https://www.reddit.com/r/memes/comments/1reqbh7/beat_it_chick_lezcel_edition/
2026-02-25T22:07:42+00:00,1reo7be,Music,122.98,76,1,0.98,https://www.reddit.com/r/Music/comments/1reo7be/oliver_power_grant_a_founding_member_of_wutang/
2026-02-25T22:07:42+00:00,1reo9bb,memes,121.05,996,293,0.9,https://www.reddit.com/r/memes/comments/1reo9bb/can_you_name/
2026-02-25T22:07:42+00:00,1reqbda,AskReddit,45.68,0,2,0.5,https://www.reddit.com/r/AskReddit/comments/1reqbda/how_would_you_feel_for_a_house_cat_to_become/
2026-02-25T22:07:42+00:00,1reqbcn,AskReddit,45.7,0,4,0.5,https://www.reddit.com/r/AskReddit/comments/1reqbcn/if_you_found_out_something_you_really_liked_like/
2026-02-25T22:07:42+00:00,1reqato,AskReddit,46.23,1,3,0.66,https://www.reddit.com/r/AskReddit/comments/1reqato/whats_your_guilty_pleasure/
2026-02-25T22:07:42+00:00,1rep2sm,gaming,91.03,0,23,0.22,https://www.reddit.com/r/gaming/comments/1rep2sm/anyone_knows_any_simple_and_free_aim_trainers/
2026-02-25T22:07:42+00:00,1reo2ua,memes,127.23,42,5,0.88,https://www.reddit.com/r/memes/comments/1reo2ua/it_really_do_be_like_that/
2026-02-25T22:07:42+00:00,1rep1rd,AskReddit,92.13,1,11,0.67,https://www.reddit.com/r/AskReddit/comments/1rep1rd/what_would_you_do_if_you_had_a_time_machine/
2026-02-25T22:07:42+00:00,1reo3e1,aww,126.78,9,0,0.92,https://www.reddit.com/r/aww/comments/1reo3e1/wanted_to_share_her/
2026-02-25T22:07:47+00:00,1rep1yc,AskReddit,92.02,1,2,1.0,https://www.reddit.com/r/AskReddit/comments/1rep1yc/how_did_you_know_or_realize_a_friend_was_going_to/
2026-02-25T22:07:47+00:00,1repr93,AskReddit,66.15,0,1,0.5,https://www.reddit.com/r/AskReddit/comments/1repr93/what_is_a_point_of_no_return_that_youve_crossed/
2026-02-25T22:07:47+00:00,1reqkd5,AskReddit,36.32,1,11,1.0,https://www.reddit.com/r/AskReddit/comments/1reqkd5/what_can_you_buy_in_america_with_25_cents/
2026-02-25T22:07:47+00:00,1rep20b,AskReddit,91.97,1,6,0.67,https://www.reddit.com/r/AskReddit/comments/1rep20b/whos_a_cringy_content_creator/
2026-02-25T22:07:47+00:00,1reo201,movies,128.13,1,0,0.56,https://www.reddit.com/r/movies/comments/1reo201/jonathan_levine_to_direct_grady_hendrix/
2026-02-25T22:07:47+00:00,1repqtv,AskReddit,66.55,0,13,0.25,https://www.reddit.com/r/AskReddit/comments/1repqtv/whats_the_likelihood_of_mexican_cartels_actually/
2026-02-25T22:07:47+00:00,1requos,gaming,25.67,146,34,0.96,https://www.reddit.com/r/gaming/comments/1requos/resident_evil_requiem_is_the_highest_rated_new/
2026-02-25T22:07:47+00:00,1rep3w0,AskReddit,89.97,1,6,1.0,https://www.reddit.com/r/AskReddit/comments/1rep3w0/what_is_a_successful_life_that_actually_sounds/
2026-02-25T22:07:47+00:00,1rep1bf,AskReddit,92.68,1,8,0.67,https://www.reddit.com/r/AskReddit/comments/1rep1bf/at_the_height_of_their_fame_who_got_more_action/
2026-02-25T22:07:47+00:00,1reoz1j,aww,94.98,92,2,0.99,https://www.reddit.com/r/aww/comments/1reoz1j/we_found_this_little_baby_about_a_month_and_a/
2026-02-25T22:07:52+00:00,1requmq,AskReddit,25.8,2,16,1.0,https://www.reddit.com/r/AskReddit/comments/1requmq/what_is_legal_but_still_messed_up_to_do/
2026-02-25T22:07:52+00:00,1reo8yx,movies,121.57,0,17,0.29,https://www.reddit.com/r/movies/comments/1reo8yx/baz_luhrmann_wants_an_elvis_presley_cinematic/
2026-02-25T22:07:57+00:00,1reoy09,Music,96.18,0,22,0.23,https://www.reddit.com/r/Music/comments/1reoy09/i_know_this_was_prolly_posted_several_times_but/
2026-02-25T22:07:57+00:00,1requf5,AskReddit,26.15,10,33,0.91,https://www.reddit.com/r/AskReddit/comments/1requf5/what_do_you_think_happens_after_we_die/
2026-02-25T22:07:57+00:00,1rep3ns,AskReddit,90.37,1,5,0.67,https://www.reddit.com/r/AskReddit/comments/1rep3ns/whats_something_people_think_is_illegal_that/
2026-02-25T22:07:57+00:00,1rep2cj,AskReddit,91.78,0,14,0.25,https://www.reddit.com/r/AskReddit/comments/1rep2cj/how_do_you_guys_feel_about_cash_patel/
2026-02-25T22:07:57+00:00,1requ68,AskReddit,26.37,4,12,0.83,https://www.reddit.com/r/AskReddit/comments/1requ68/ladies_and_gentlemen_how_are_you_feeling_on_this/
2026-02-25T22:07:57+00:00,1rer4wg,AskReddit,15.3,0,4,0.2,https://www.reddit.com/r/AskReddit/comments/1rer4wg/hi_hows_your_day/
2026-02-25T22:07:57+00:00,1rer4ew,worldnews,15.83,16,5,0.94,https://www.reddit.com/r/worldnews/comments/1rer4ew/cuba_says_its_forces_have_killed_four_on/
2026-02-25T22:08:03+00:00,1rer4ps,AskReddit,15.6,0,11,0.33,https://www.reddit.com/r/AskReddit/comments/1rer4ps/how_do_you_guys_make_money_asking_as_a_15_year_old/
2026-02-25T22:08:03+00:00,1reo57i,movies,125.38,1388,504,0.81,https://www.reddit.com/r/movies/comments/1reo57i/teens_are_over_superheroes_want_to_see_more/
2026-02-25T22:08:03+00:00,1rer51j,AskReddit,15.25,0,0,0.5,https://www.reddit.com/r/AskReddit/comments/1rer51j/what_is_great_advice_youve_gotten_from_someone/
2026-02-25T22:08:03+00:00,1rer4e9,AskReddit,15.95,0,2,0.25,https://www.reddit.com/r/AskReddit/comments/1rer4e9/what_are_your_favorite_movies_and_why/
2026-02-25T22:08:13+00:00,1reprto,AskReddit,66.03,2,4,1.0,https://www.reddit.com/r/AskReddit/comments/1reprto/what_made_you_realise_your_parents_werent_as/
2026-02-25T22:08:13+00:00,1rerexl,AskReddit,5.18,1,1,1.0,https://www.reddit.com/r/AskReddit/comments/1rerexl/what_is_a_point_of_no_return_that_youve_crossed/
2026-02-25T22:08:13+00:00,1rerepq,AskReddit,5.4,1,5,1.0,https://www.reddit.com/r/AskReddit/comments/1rerepq/what_subject_do_you_know_the_most_about/
2026-02-25T22:08:13+00:00,1rere5r,AskReddit,5.97,2,2,1.0,https://www.reddit.com/r/AskReddit/comments/1rere5r/whats_the_most_cringe_thing_youve_ever_done_to/
2026-02-25T22:08:13+00:00,1rere2w,AskReddit,6.05,1,0,1.0,https://www.reddit.com/r/AskReddit/comments/1rere2w/whats_the_worst_hr_incident_at_your_workplace/
2026-02-25T22:08:23+00:00,1reps7r,AskReddit,65.78,2,12,1.0,https://www.reddit.com/r/AskReddit/comments/1reps7r/whats_the_strangest_craving_youve_had/
2026-02-25T22:08:23+00:00,1reprmr,AskReddit,66.38,1,0,1.0,https://www.reddit.com/r/AskReddit/comments/1reprmr/what_constitutes_saggy_jowls/
2026-02-25T22:08:23+00:00,1req2aw,memes,55.45,0,4,0.33,https://www.reddit.com/r/memes/comments/1req2aw/bro_shouldve_just_focused_in_his_goals_instead_of/
2026-02-25T22:08:23+00:00,1req235,AskReddit,55.68,1,2,1.0,https://www.reddit.com/r/AskReddit/comments/1req235/whats_something_people_think_is_a_small_decision/
2026-02-25T22:08:28+00:00,1req262,AskReddit,55.68,0,11,0.33,https://www.reddit.com/r/AskReddit/comments/1req262/pn_first_dates_how_do_you_all_split_the_bill_and/
2026-02-25T22:08:28+00:00,1repryj,aww,66.13,233,5,1.0,https://www.reddit.com/r/aww/comments/1repryj/he_wants_to_say_hi/
2026-02-25T22:08:28+00:00,1reqlmp,AskReddit,35.68,4,9,1.0,https://www.reddit.com/r/AskReddit/comments/1reqlmp/whats_a_moment_that_made_you_rethink_a_friendship/
2026-02-25T22:08:33+00:00,1req1c1,AskReddit,56.57,1,14,0.67,https://www.reddit.com/r/AskReddit/comments/1req1c1/if_animals_could_talk_which_one_would_be_the/
2026-02-25T22:08:33+00:00,1reqlwb,memes,35.5,3,1,1.0,https://www.reddit.com/r/memes/comments/1reqlwb/i_hope_its_a_ps5/
2026-02-25T22:08:33+00:00,1reqc7t,Music,45.63,2,0,1.0,https://www.reddit.com/r/Music/comments/1reqc7t/suede_everything_will_flow_rock/
2026-02-25T22:08:38+00:00,1req238,AskReddit,55.93,4,18,1.0,https://www.reddit.com/r/AskReddit/comments/1req238/whats_something_everyone_pretends_to_understand/
2026-02-25T22:08:38+00:00,1reqlb0,movies,36.18,1,54,0.6,https://www.reddit.com/r/movies/comments/1reqlb0/adams_perfect_films/
2026-02-25T22:08:38+00:00,1reprz2,gaming,66.28,0,27,0.23,https://www.reddit.com/r/gaming/comments/1reprz2/horizon_hunters_gathering/
2026-02-25T22:08:38+00:00,1reqleb,gaming,36.08,26,29,0.78,https://www.reddit.com/r/gaming/comments/1reqleb/whats_your_travel_game/
2026-02-25T22:08:43+00:00,1reqv9t,AskReddit,26.0,1,10,1.0,https://www.reddit.com/r/AskReddit/comments/1reqv9t/whats_something_porn_taught_people_thats/
2026-02-25T22:08:43+00:00,1reqm5v,memes,35.4,23,17,0.93,https://www.reddit.com/r/memes/comments/1reqm5v/tough_decisions_ahead/
2026-02-25T22:08:48+00:00,1reqv90,AskReddit,26.12,3,4,1.0,https://www.reddit.com/r/AskReddit/comments/1reqv90/what_is_the_weirdest_belief_about_the_world_that/
2026-02-25T22:08:48+00:00,1reqvhw,aww,25.85,15,3,0.83,https://www.reddit.com/r/aww/comments/1reqvhw/someone_was_happy_to_see_potatoes_at_the_weekly/
2026-02-25T22:08:48+00:00,1reqw33,Music,25.22,78,0,0.99,https://www.reddit.com/r/Music/comments/1reqw33/miguel_leads_ice_out_chant_at_nyc_show_in/
2026-02-25T22:08:53+00:00,1reqvov,todayilearned,25.72,57,17,0.97,https://www.reddit.com/r/todayilearned/comments/1reqvov/til_in_the_1950s_and_60s_vernon_florida_had_a/
2026-02-25T22:08:59+00:00,1rer5k4,AskReddit,15.65,2,10,0.75,https://www.reddit.com/r/AskReddit/comments/1rer5k4/does_someone_saying_they_love_you_mean_more_than/
2026-02-25T22:09:04+00:00,1rer5wy,AskReddit,15.38,0,10,0.33,https://www.reddit.com/r/AskReddit/comments/1rer5wy/what_should_be_free_but_isnt/
2026-02-25T22:09:09+00:00,1rer56m,AskReddit,16.18,0,1,0.5,https://www.reddit.com/r/AskReddit/comments/1rer56m/teachers_of_reddit_what_was_some_extremely_wrong/
2026-02-25T22:09:09+00:00,1rer5r3,todayilearned,15.63,55,0,0.98,https://www.reddit.com/r/todayilearned/comments/1rer5r3/til_that_an_indian_man_traveling_to_vienna_in/
2026-02-25T22:09:09+00:00,1repsmm,AskReddit,66.15,0,8,0.33,https://www.reddit.com/r/AskReddit/comments/1repsmm/is_it_possible_to_make_a_catapult_or_trebuchet/
2026-02-25T22:09:09+00:00,1rer4vc,funny,16.53,7,2,0.73,https://www.reddit.com/r/funny/comments/1rer4vc/hot_cakes/
2026-02-25T22:09:14+00:00,1req2ol,funny,55.93,0,4,0.29,https://www.reddit.com/r/funny/comments/1req2ol/they_wouldnt_do_openings_like_this_anymore_today/
2026-02-25T22:09:14+00:00,1rerfwa,AskReddit,5.25,1,3,0.99,https://www.reddit.com/r/AskReddit/comments/1rerfwa/people_who_are_not_scared_of_confrontations_or/
2026-02-25T22:09:14+00:00,1rerftk,AskReddit,5.32,1,5,1.0,https://www.reddit.com/r/AskReddit/comments/1rerftk/what_superpower_would_be_the_most_practical_in/
2026-02-25T22:09:14+00:00,1rerfsd,todayilearned,5.35,4,0,0.83,https://www.reddit.com/r/todayilearned/comments/1rerfsd/til_that_around_a_spinning_black_hole_theres_a/
2026-02-25T22:09:14+00:00,1rerf55,Music,5.98,1,0,1.0,https://www.reddit.com/r/Music/comments/1rerf55/ponder_endless_official_video/
2026-02-25T22:09:14+00:00,1rerfcq,science,5.77,4,1,1.0,https://www.reddit.com/r/science/comments/1rerfcq/could_a_vaccine_prevent_dementia_shingles_shot/
2026-02-25T22:09:24+00:00,1req337,AskReddit,55.67,1,2,0.67,https://www.reddit.com/r/AskReddit/comments/1req337/what_is_the_most_creative_way_someone_has_told/
2026-02-25T22:09:24+00:00,1req2jk,AskReddit,56.23,3,5,0.8,https://www.reddit.com/r/AskReddit/comments/1req2jk/who_is_the_one_person_that_matters_the_most_in/
2026-02-25T22:09:29+00:00,1rept8c,memes,65.85,7,1,1.0,https://www.reddit.com/r/memes/comments/1rept8c/just_got_it_done/
2026-02-25T22:09:29+00:00,1reqcwt,AskReddit,45.78,0,8,0.4,https://www.reddit.com/r/AskReddit/comments/1reqcwt/what_food_combinations_are_surprisingly_really/
2026-02-25T22:09:34+00:00,1reqm95,AskReddit,36.15,0,6,0.33,https://www.reddit.com/r/AskReddit/comments/1reqm95/whats_an_average_skill_that_can_turn_into_serious/
2026-02-25T22:09:34+00:00,1req2oh,AskReddit,56.27,2,6,0.75,https://www.reddit.com/r/AskReddit/comments/1req2oh/whats_one_piece_of_advice_youd_take_to_the_grave/
2026-02-25T22:09:39+00:00,1reqd0p,AskReddit,45.82,6,11,1.0,https://www.reddit.com/r/AskReddit/comments/1reqd0p/what_is_the_most_tactless_question_youve_heard/
2026-02-25T22:09:49+00:00,1reqmdh,AskReddit,36.28,3,21,0.71,https://www.reddit.com/r/AskReddit/comments/1reqmdh/how_do_you_think_the_internet_is_different_today/
2026-02-25T22:09:49+00:00,1reqwyk,memes,25.3,5,0,1.0,https://www.reddit.com/r/memes/comments/1reqwyk/why_the_rage_bait_reddit_why/
2026-02-25T22:09:49+00:00,1reqwsq,movies,25.47,1,26,0.57,https://www.reddit.com/r/movies/comments/1reqwsq/the_best_notamerican_movies_you_would_always/
2026-02-25T22:09:54+00:00,1reqw7w,AskReddit,26.18,2,1,1.0,https://www.reddit.com/r/AskReddit/comments/1reqw7w/people_who_dated_the_most_popular_person_in_their/
2026-02-25T22:09:54+00:00,1reqws9,movies,25.57,0,0,0.43,https://www.reddit.com/r/movies/comments/1reqws9/rewatched_spielbergs_west_side_story_at_school/
2026-02-25T22:09:54+00:00,1reqwev,movies,25.97,1,0,1.0,https://www.reddit.com/r/movies/comments/1reqwev/which_of_these_movies_shot_in_the_southwest_would/
2026-02-25T22:09:54+00:00,1reqmic,AskReddit,36.25,0,12,0.5,https://www.reddit.com/r/AskReddit/comments/1reqmic/what_is_a_job_youd_do_for_free_even_if_you_were/
2026-02-25T22:09:54+00:00,1reqwxi,AskReddit,25.42,2,4,1.0,https://www.reddit.com/r/AskReddit/comments/1reqwxi/whats_the_creepiest_thing_a_child_has_ever_said/
2026-02-25T22:09:59+00:00,1rer65t,AskReddit,16.03,0,0,0.5,https://www.reddit.com/r/AskReddit/comments/1rer65t/what_was_your_best_make_em_eat_their_words/
2026-02-25T22:10:05+00:00,1rer68e,AskReddit,16.07,32,37,0.94,https://www.reddit.com/r/AskReddit/comments/1rer68e/whats_something_that_gets_harder_instead_of/
2026-02-25T22:10:05+00:00,1rer6lf,AskReddit,15.67,1,9,0.6,https://www.reddit.com/r/AskReddit/comments/1rer6lf/what_would_you_do_if_you_were_a_super_sayian/
2026-02-25T22:10:05+00:00,1rer6yv,AskReddit,15.25,0,6,0.5,https://www.reddit.com/r/AskReddit/comments/1rer6yv/would_you_still_marry_this_person_if_you_can_go/
2026-02-25T22:10:05+00:00,1rer642,movies,16.18,0,0,0.36,https://www.reddit.com/r/movies/comments/1rer642/is_there_an_high_quality_image_of_this_poster_of/
2026-02-25T22:10:10+00:00,1rer6de,AskReddit,16.0,1,18,0.6,https://www.reddit.com/r/AskReddit/comments/1rer6de/what_to_do_before_turning_30/
2026-02-25T22:10:10+00:00,1rer6sj,Music,15.52,1,0,1.0,https://www.reddit.com/r/Music/comments/1rer6sj/blur_holding_on_for_tomorrow_britpop/
2026-02-25T22:10:15+00:00,1repu68,aww,65.67,13,1,1.0,https://www.reddit.com/r/aww/comments/1repu68/buddy/
2026-02-25T22:10:15+00:00,1req45b,funny,55.38,18,5,0.75,https://www.reddit.com/r/funny/comments/1req45b/grandma_sets_an_alarm/
2026-02-25T22:10:15+00:00,1rergv6,AskReddit,5.37,3,5,1.0,https://www.reddit.com/r/AskReddit/comments/1rergv6/what_would_be_your_thoughtsactions_if_you_found/
2026-02-25T22:10:15+00:00,1rergfo,AskReddit,5.77,2,4,1.0,https://www.reddit.com/r/AskReddit/comments/1rergfo/what_is_the_most_successful_pick_up_line_you_have/
2026-02-25T22:10:15+00:00,1rerga5,AskReddit,5.9,2,1,1.0,https://www.reddit.com/r/AskReddit/comments/1rerga5/who_or_what_has_been_your_biggest_letdown_in_your/
2026-02-25T22:10:15+00:00,1rerg2y,AskReddit,6.08,2,2,1.0,https://www.reddit.com/r/AskReddit/comments/1rerg2y/whats_the_best_way_to_start_your_life_into/
2026-02-25T22:10:25+00:00,1req468,AskReddit,55.53,1,6,0.67,https://www.reddit.com/r/AskReddit/comments/1req468/where_did_the_point_of_no_return_post_trend_on/
2026-02-25T22:10:25+00:00,1req3e2,AskReddit,56.38,2,22,0.75,https://www.reddit.com/r/AskReddit/comments/1req3e2/what_do_you_think_of_marriage/
2026-02-25T22:10:25+00:00,1req3yb,AskReddit,55.75,5,4,0.86,https://www.reddit.com/r/AskReddit/comments/1req3yb/should_professional_referees_have_to_do_postgame/
2026-02-25T22:10:25+00:00,1req3zn,AskReddit,55.72,1,20,0.6,https://www.reddit.com/r/AskReddit/comments/1req3zn/people_who_have_tasted_venison_whats_it_like_is/
2026-02-25T22:10:25+00:00,1reqdiq,AskReddit,45.98,1,7,0.67,https://www.reddit.com/r/AskReddit/comments/1reqdiq/what_do_you_understand_easily_that_others_usually/
2026-02-25T22:10:30+00:00,1reptox,AskReddit,66.4,0,5,0.33,https://www.reddit.com/r/AskReddit/comments/1reptox/if_you_could_live_in_any_time_period_which_one/
2026-02-25T22:10:30+00:00,1reqdur,AskReddit,45.73,26,155,0.94,https://www.reddit.com/r/AskReddit/comments/1reqdur/what_was_something_that_ended_your_crush_on/
2026-02-25T22:10:35+00:00,1req428,AskReddit,55.8,6,33,0.88,https://www.reddit.com/r/AskReddit/comments/1req428/do_you_have_a_person_in_your_life_who_sneezes_or/
2026-02-25T22:10:35+00:00,1reqnl4,AskReddit,35.85,0,6,0.5,https://www.reddit.com/r/AskReddit/comments/1reqnl4/which_youtubers_do_you_watch/
2026-02-25T22:10:35+00:00,1reqnwy,AskReddit,35.53,0,3,0.5,https://www.reddit.com/r/AskReddit/comments/1reqnwy/how_do_you_handle_tripsoutings_when_your_parent/
2026-02-25T22:10:45+00:00,1reqnn4,AskReddit,35.97,0,0,0.5,https://www.reddit.com/r/AskReddit/comments/1reqnn4/whats_the_most_effective_way_to_find_paying/
2026-02-25T22:10:50+00:00,1reqx4c,AskReddit,26.17,2,9,0.75,https://www.reddit.com/r/AskReddit/comments/1reqx4c/what_was_that_junk_food_you_liked_the_most_but/
2026-02-25T22:10:50+00:00,1reqx85,movies,26.07,1,1,0.67,https://www.reddit.com/r/movies/comments/1reqx85/dvds_are_the_new_vinyl_records_why_gen_z_is/
2026-02-25T22:10:55+00:00,1reqxc4,AskReddit,26.03,9,16,0.76,https://www.reddit.com/r/AskReddit/comments/1reqxc4/how_would_you_feel_about_voting_in_an_election/
2026-02-25T22:10:55+00:00,1reqxlx,Music,25.75,3,0,1.0,https://www.reddit.com/r/Music/comments/1reqxlx/social_distortions_mike_ness_on_kicking_cancer/
2026-02-25T22:10:55+00:00,1reqy2p,memes,25.27,3,1,0.8,https://www.reddit.com/r/memes/comments/1reqy2p/me_when_i_am_headbanging_in_my_room_to_metal_and/
2026-02-25T22:11:00+00:00,1reqy0w,AskReddit,25.4,2,8,1.0,https://www.reddit.com/r/AskReddit/comments/1reqy0w/whats_your_definition_of_a_cool_person_do_you/
2026-02-25T22:11:10+00:00,1rer7ki,gaming,15.72,2,19,0.75,https://www.reddit.com/r/gaming/comments/1rer7ki/what_video_game_weapon_or_armor_looks_cool_but/
2026-02-25T22:11:10+00:00,1req4vt,Music,55.57,9,1,1.0,https://www.reddit.com/r/Music/comments/1req4vt/they_might_be_giants_the_guitar_alt_rock/
2026-02-25T22:11:16+00:00,1req4x0,memes,55.63,8,3,0.83,https://www.reddit.com/r/memes/comments/1req4x0/the_only_ice_i_like_is_either_in_a_cooler_or/
2026-02-25T22:11:16+00:00,1rerhy4,AskReddit,5.25,1,3,1.0,https://www.reddit.com/r/AskReddit/comments/1rerhy4/people_in_a_relationship_who_is_the_designated/
2026-02-25T22:11:16+00:00,1rerhsn,AskReddit,5.4,1,1,1.0,https://www.reddit.com/r/AskReddit/comments/1rerhsn/what_is_something_that_happened_to_you_growing_up/
2026-02-25T22:11:16+00:00,1rerhsj,AskReddit,5.4,2,3,1.0,https://www.reddit.com/r/AskReddit/comments/1rerhsj/what_do_you_crave_badly_right_now/
2026-02-25T22:11:16+00:00,1rerhqv,AskReddit,5.45,1,3,1.0,https://www.reddit.com/r/AskReddit/comments/1rerhqv/what_is_the_best_airline_you_have_been_on/
2026-02-25T22:11:16+00:00,1rerhe5,AskReddit,5.83,1,2,1.0,https://www.reddit.com/r/AskReddit/comments/1rerhe5/who_would_you_want_to_be_reincarnated_as_in_the/
2026-02-25T22:11:16+00:00,1rerh5f,AskReddit,6.08,1,0,1.0,https://www.reddit.com/r/AskReddit/comments/1rerh5f/how_often_do_you_use_the_asoh_defense_the_asoh/
2026-02-25T22:11:16+00:00,1rerhug,aww,5.33,2,1,1.0,https://www.reddit.com/r/aww/comments/1rerhug/gretel_from_our_shelter_no_more_pj/
2026-02-25T22:11:26+00:00,1req4lf,AskReddit,56.12,3,1,1.0,https://www.reddit.com/r/AskReddit/comments/1req4lf/whats_the_best_example_of_steak_too_juicy_lobster/
2026-02-25T22:11:26+00:00,1req4ry,AskReddit,55.93,2,3,1.0,https://www.reddit.com/r/AskReddit/comments/1req4ry/imagine_you_woke_up_in_a_different_body_like_in/
2026-02-25T22:11:26+00:00,1repv7c,AskReddit,65.8,0,1,0.2,https://www.reddit.com/r/AskReddit/comments/1repv7c/is_there_any_victim_of_epstien_island_here_in/
2026-02-25T22:11:26+00:00,1repv08,memes,66.02,156,7,0.98,https://www.reddit.com/r/memes/comments/1repv08/cant_be_the_only_one/
2026-02-25T22:11:26+00:00,1req59c,AskReddit,55.45,2,5,1.0,https://www.reddit.com/r/AskReddit/comments/1req59c/serious_what_is_the_best_dating_app_for_longterm/
2026-02-25T22:11:31+00:00,1repv23,AskReddit,66.05,3,3,1.0,https://www.reddit.com/r/AskReddit/comments/1repv23/hey_redditors_what_is_your_strangest_childhood/
2026-02-25T22:11:31+00:00,1reqowh,AskReddit,35.45,2,2,0.75,https://www.reddit.com/r/AskReddit/comments/1reqowh/if_all_you_had_was_timehow_would_you_spend_it/
2026-02-25T22:11:36+00:00,1req4ds,aww,56.5,18,0,1.0,https://www.reddit.com/r/aww/comments/1req4ds/from_pup_to_pooch_happy_4th_birthday_charlie_angel/
2026-02-25T22:11:36+00:00,1reqehu,AskReddit,46.2,3,39,0.71,https://www.reddit.com/r/AskReddit/comments/1reqehu/what_is_a_1010_non_alcoholic_drink/
2026-02-25T22:11:56+00:00,1reqyr1,AskReddit,25.6,1,0,1.0,https://www.reddit.com/r/AskReddit/comments/1reqyr1/what_happened_to_that_megaman_x_explainer_guy/
2026-02-25T22:11:56+00:00,1reqyxd,AskReddit,25.42,3,17,1.0,https://www.reddit.com/r/AskReddit/comments/1reqyxd/whats_a_fair_amount_per_package_to_charge_for/
2026-02-25T22:12:06+00:00,1req5l1,AskReddit,55.8,4,6,1.0,https://www.reddit.com/r/AskReddit/comments/1req5l1/what_is_a_ridiculously_insignificant_reason_you/
2026-02-25T22:12:06+00:00,1reqy73,Music,26.35,2,0,1.0,https://www.reddit.com/r/Music/comments/1reqy73/billy_idol_talks_rock_hall_nomination_new/
2026-02-25T22:12:06+00:00,1rer8vb,AskReddit,15.3,7,8,0.82,https://www.reddit.com/r/AskReddit/comments/1rer8vb/who_feels_tired_of_all_the_bots_on_this_subreddit/
2026-02-25T22:12:11+00:00,1rer8j0,gaming,15.73,0,0,0.2,https://www.reddit.com/r/gaming/comments/1rer8j0/i_wanted_to_leave_the_game_but_kept_fighting/
2026-02-25T22:12:16+00:00,1repw9v,AskReddit,65.5,2,13,1.0,https://www.reddit.com/r/AskReddit/comments/1repw9v/whats_a_better_feeling_than_getting_home_from/
2026-02-25T22:12:27+00:00,1reqfwm,aww,45.53,12,0,1.0,https://www.reddit.com/r/aww/comments/1reqfwm/my_dog_is_so_strange/
2026-02-25T22:12:27+00:00,1rerin1,AskReddit,5.75,1,4,1.0,https://www.reddit.com/r/AskReddit/comments/1rerin1/how_will_the_lack_of_accountability_surrounding/
2026-02-25T22:12:27+00:00,1rericw,AskReddit,6.03,2,7,1.0,https://www.reddit.com/r/AskReddit/comments/1rericw/whats_something_you_have_absolutely_no_patience/
2026-02-25T22:12:27+00:00,1reriws,aww,5.47,3,0,1.0,https://www.reddit.com/r/aww/comments/1reriws/empezando_la_posición_de_yoga_de_las_tardes/
2026-02-25T22:12:27+00:00,1rerikm,memes,5.82,1,1,1.0,https://www.reddit.com/r/memes/comments/1rerikm/punch/
2026-02-25T22:12:27+00:00,1repvr3,AskReddit,66.23,0,4,0.5,https://www.reddit.com/r/AskReddit/comments/1repvr3/what_are_some_stupid_laws_in_your_country/
2026-02-25T22:12:27+00:00,1req61t,Music,55.73,2,0,0.75,https://www.reddit.com/r/Music/comments/1req61t/chris_aschman_neon_jazz_jazz_fusion_2026/
2026-02-25T22:12:27+00:00,1repvph,AskReddit,66.27,0,2,0.33,https://www.reddit.com/r/AskReddit/comments/1repvph/what_movies_live_rentfree_in_your_mind/
2026-02-25T22:12:27+00:00,1req62c,funny,55.72,92,5,0.96,https://www.reddit.com/r/funny/comments/1req62c/inflation_sushi/
2026-02-25T22:12:27+00:00,1req5uz,AskReddit,55.9,0,41,0.47,https://www.reddit.com/r/AskReddit/comments/1req5uz/if_crime_is_legal_without_any_consequences_for/
2026-02-25T22:12:27+00:00,1req5ds,AskReddit,56.35,4,22,1.0,https://www.reddit.com/r/AskReddit/comments/1req5ds/what_is_a_small_everyday_thing_that_irrationally/
2026-02-25T22:12:27+00:00,1reqg1e,AskReddit,45.4,1,11,1.0,https://www.reddit.com/r/AskReddit/comments/1reqg1e/what_current_series_are_you_watching_that_youd/
2026-02-25T22:12:27+00:00,1repvuc,memes,66.15,87,11,0.92,https://www.reddit.com/r/memes/comments/1repvuc/well_the_look_on_his_face_says_it_all/
2026-02-25T22:12:27+00:00,1reqfc7,AskReddit,46.13,2,2,1.0,https://www.reddit.com/r/AskReddit/comments/1reqfc7/whats_a_small_boundary_that_improved_your_life/
2026-02-25T22:12:27+00:00,1reqfcs,AskReddit,46.12,0,1,0.33,https://www.reddit.com/r/AskReddit/comments/1reqfcs/what_do_you_think_guys_in_this_new_genz_world_are/
2026-02-25T22:12:27+00:00,1reqfu4,gaming,45.62,0,8,0.33,https://www.reddit.com/r/gaming/comments/1reqfu4/not_a_fan_of_horror_games_playing_re2_remake_only/
2026-02-25T22:12:32+00:00,1reqfjg,AskReddit,46.0,0,4,0.5,https://www.reddit.com/r/AskReddit/comments/1reqfjg/what_are_the_main_things_people_should_learn/
2026-02-25T22:12:37+00:00,1req688,movies,55.72,0,16,0.31,https://www.reddit.com/r/movies/comments/1req688/bourne_again/
2026-02-25T22:12:37+00:00,1repviz,AskReddit,66.63,1,5,0.67,https://www.reddit.com/r/AskReddit/comments/1repviz/whats_the_one_thing_that_youre_really_good_at/
2026-02-25T22:12:37+00:00,1reqfvs,AskReddit,45.73,0,7,0.5,https://www.reddit.com/r/AskReddit/comments/1reqfvs/whats_the_most_unexpected_side_effect_of_turning/
2026-02-25T22:12:37+00:00,1reqfm1,AskReddit,46.02,2,29,0.63,https://www.reddit.com/r/AskReddit/comments/1reqfm1/whats_the_wildest_place_youve_ever_hooked_up/
2026-02-25T22:12:42+00:00,1reqq22,AskReddit,35.43,1,3,1.0,https://www.reddit.com/r/AskReddit/comments/1reqq22/how_do_you_make_that_edit_thats_like_someone/
2026-02-25T22:12:52+00:00,1reqpjr,AskReddit,36.13,1,6,0.67,https://www.reddit.com/r/AskReddit/comments/1reqpjr/what_is_the_largest_amount_of_money_you_ever/
2026-02-25T22:12:52+00:00,1rer014,AskReddit,25.22,0,2,0.4,https://www.reddit.com/r/AskReddit/comments/1rer014/what_is_the_small_thing_that_happens_every_day/
2026-02-25T22:12:57+00:00,1reqzm1,AskReddit,25.77,1,1,0.67,https://www.reddit.com/r/AskReddit/comments/1reqzm1/ladies_do_you_ever_get_random_hair_shedding_days/
2026-02-25T22:12:57+00:00,1reqzey,AskReddit,25.95,1,4,0.67,https://www.reddit.com/r/AskReddit/comments/1reqzey/when_will_james_talarico_and_jasmine_crockett/
2026-02-25T22:12:57+00:00,1reqzgf,AskReddit,25.92,1,3,0.67,https://www.reddit.com/r/AskReddit/comments/1reqzgf/whats_a_career_that_is_more_lucrative_and/
2026-02-25T22:13:03+00:00,1reqzhp,AskReddit,25.97,1,0,0.67,https://www.reddit.com/r/AskReddit/comments/1reqzhp/what_do_you_wish_more_people_understood_about/
2026-02-25T22:13:03+00:00,1repw07,memes,66.57,35,4,0.83,https://www.reddit.com/r/memes/comments/1repw07/why_not_i_mean_a_tires_a_tire/
2026-02-25T22:13:03+00:00,1reqz5v,Music,26.3,2,0,1.0,https://www.reddit.com/r/Music/comments/1reqz5v/gene_vincent_cat_man_rock_1957/
2026-02-25T22:13:08+00:00,1rer9ov,aww,15.43,7,0,1.0,https://www.reddit.com/r/aww/comments/1rer9ov/batman_knows_all_your_dirty_sins/
2026-02-25T22:13:18+00:00,1reqgiv,aww,45.77,11,1,0.92,https://www.reddit.com/r/aww/comments/1reqgiv/didnt_realize_she_was_actually_stuck_in_this/
2026-02-25T22:13:18+00:00,1req71k,AskReddit,55.53,0,14,0.5,https://www.reddit.com/r/AskReddit/comments/1req71k/what_is_the_craziest_thing_that_you_have_read_in/
2026-02-25T22:13:18+00:00,1reqgx7,AskReddit,45.38,0,6,0.5,https://www.reddit.com/r/AskReddit/comments/1reqgx7/if_humans_suddenly_lost_the_ability_to_feel/
2026-02-25T22:13:18+00:00,1rerjck,AskReddit,5.88,2,9,1.0,https://www.reddit.com/r/AskReddit/comments/1rerjck/what_behaviour_instantly_makes_you_trust_someone/
2026-02-25T22:13:18+00:00,1rerjbr,AskReddit,5.9,2,0,1.0,https://www.reddit.com/r/AskReddit/comments/1rerjbr/what_is_your_most_embarrassing_story_about/
2026-02-25T22:13:18+00:00,1rerj8l,AskReddit,6.0,1,2,1.0,https://www.reddit.com/r/AskReddit/comments/1rerj8l/how_likely_is_a_united_states_war_with_iran_what/
2026-02-25T22:13:18+00:00,1rerj6i,AskReddit,6.07,1,1,1.0,https://www.reddit.com/r/AskReddit/comments/1rerj6i/what_difference_does_it_make_where_covid_came_from/
2026-02-25T22:13:18+00:00,1rerjow,movies,5.52,3,1,1.0,https://www.reddit.com/r/movies/comments/1rerjow/michelle_yeoh_stars_in_sandiwara_a_new_short_film/
2026-02-25T22:13:28+00:00,1repx4a,AskReddit,65.85,2,5,1.0,https://www.reddit.com/r/AskReddit/comments/1repx4a/whats_something_people_think_is_sexy_but_actually/
2026-02-25T22:13:28+00:00,1req6te,AskReddit,55.93,0,5,0.33,https://www.reddit.com/r/AskReddit/comments/1req6te/what_are_your_thoughts_on_men_that_pull_their/
2026-02-25T22:13:28+00:00,1reqgzn,AskReddit,45.48,2,1,1.0,https://www.reddit.com/r/AskReddit/comments/1reqgzn/what_is_the_most_funniest_incident_which_happened/
2026-02-25T22:13:28+00:00,1reqgga,todayilearned,46.02,19,7,0.73,https://www.reddit.com/r/todayilearned/comments/1reqgga/til_when_jerry_seinfeld_was_38_he_openly_dated_a/
2026-02-25T22:13:28+00:00,1req77g,AskReddit,55.55,0,7,0.5,https://www.reddit.com/r/AskReddit/comments/1req77g/how_can_a_man_keep_a_woman_sexually_satisfied/
2026-02-25T22:13:28+00:00,1req6sv,AskReddit,55.95,1,9,0.67,https://www.reddit.com/r/AskReddit/comments/1req6sv/what_are_some_bad_male_names/
2026-02-25T22:13:28+00:00,1req6e3,funny,56.4,40,8,0.77,https://www.reddit.com/r/funny/comments/1req6e3/agghh_lemme_just_put_it_back_again/
2026-02-25T22:13:33+00:00,1reqh3z,aww,45.47,10,2,0.92,https://www.reddit.com/r/aww/comments/1reqh3z/my_friends_cat_looks_adorable/
2026-02-25T22:13:33+00:00,1reqqig,AskReddit,35.83,6,10,1.0,https://www.reddit.com/r/AskReddit/comments/1reqqig/whats_a_thing_that_shouldnt_but_made_you_feel/
2026-02-25T22:13:33+00:00,1req76z,science,55.65,25,3,0.82,https://www.reddit.com/r/science/comments/1req76z/animals_perception_of_time_is_linked_to_the_pace/
2026-02-25T22:13:38+00:00,1reqgh1,AskReddit,46.15,19,24,1.0,https://www.reddit.com/r/AskReddit/comments/1reqgh1/what_is_the_dumbest_thing_youve_done_for_a_girl/
2026-02-25T22:13:38+00:00,1repxbs,AskReddit,65.8,1,2,1.0,https://www.reddit.com/r/AskReddit/comments/1repxbs/whats_something_you_used_to_judge_people_for_that/
2026-02-25T22:13:38+00:00,1reqgw9,AskReddit,45.73,2,5,1.0,https://www.reddit.com/r/AskReddit/comments/1reqgw9/what_are_some_lesser_known_undisclosed_realities/
2026-02-25T22:13:38+00:00,1reqqdo,AskReddit,36.05,0,0,0.5,https://www.reddit.com/r/AskReddit/comments/1reqqdo/women_in_long_term_relationships_how_did_you_know/
2026-02-25T22:13:43+00:00,1reqqyv,AskReddit,35.52,1,11,0.67,https://www.reddit.com/r/AskReddit/comments/1reqqyv/what_is_a_poor_person_meal_that_you_still_eat/
2026-02-25T22:13:43+00:00,1reqq99,AskReddit,36.25,0,11,0.5,https://www.reddit.com/r/AskReddit/comments/1reqq99/what_makes_you_happy/
2026-02-25T22:13:43+00:00,1reqqho,AskReddit,36.02,1,3,0.6,https://www.reddit.com/r/AskReddit/comments/1reqqho/whats_was_something_you_thought_was_normal_until/
2026-02-25T22:13:54+00:00,1rer0vu,AskReddit,25.4,0,4,0.4,https://www.reddit.com/r/AskReddit/comments/1rer0vu/given_they_only_know_the_basics_what_would_be_a/
2026-02-25T22:13:59+00:00,1rer0b0,AskReddit,26.05,3,12,0.71,https://www.reddit.com/r/AskReddit/comments/1rer0b0/what_is_some_situation_that_always_happen_to_you/
2026-02-25T22:14:04+00:00,1repy7i,AskReddit,65.33,0,6,0.33,https://www.reddit.com/r/AskReddit/comments/1repy7i/solicitor_why_do_you_go_door_to_door_bothering/
2026-02-25T22:14:14+00:00,1repxte,worldnews,65.88,18,3,1.0,https://www.reddit.com/r/worldnews/comments/1repxte/venezuela_attorney_general_saab_has_tendered/
2026-02-25T22:14:14+00:00,1reralf,AskReddit,15.6,0,4,0.5,https://www.reddit.com/r/AskReddit/comments/1reralf/how_did_you_find_your_first_paying_clients_and/
2026-02-25T22:14:14+00:00,1repxun,AskReddit,65.85,1,5,1.0,https://www.reddit.com/r/AskReddit/comments/1repxun/whats_a_moment_in_your_life_that_still_gives_you/
2026-02-25T22:14:19+00:00,1rerkif,AskReddit,5.7,2,5,1.0,https://www.reddit.com/r/AskReddit/comments/1rerkif/serious_men_of_reddit_what_is_something_a_lot_of/
2026-02-25T22:14:19+00:00,1rerki4,AskReddit,5.72,2,7,1.0,https://www.reddit.com/r/AskReddit/comments/1rerki4/how_should_a_man_with_a_very_below_average_penis/
2026-02-25T22:14:19+00:00,1rerk3z,AskReddit,6.1,2,3,1.0,https://www.reddit.com/r/AskReddit/comments/1rerk3z/high_school_and_college_students_what_percentage/
2026-02-25T22:14:19+00:00,1rerktw,movies,5.35,1,0,1.0,https://www.reddit.com/r/movies/comments/1rerktw/describe_your_performance_in_one_word/
2026-02-25T22:14:29+00:00,1repxs0,AskReddit,66.18,0,8,0.4,https://www.reddit.com/r/AskReddit/comments/1repxs0/people_under_he_age_of_30_is_sex_sacred_to_you/
2026-02-25T22:14:29+00:00,1repxgu,AskReddit,66.5,2,8,1.0,https://www.reddit.com/r/AskReddit/comments/1repxgu/what_albums_do_you_think_are_perfect_in_every_way/
2026-02-25T22:14:29+00:00,1req8cn,AskReddit,55.45,1,3,0.67,https://www.reddit.com/r/AskReddit/comments/1req8cn/what_is_your_favorite_type_of_medical_appointment/
2026-02-25T22:14:35+00:00,1reqhng,AskReddit,45.95,3,16,1.0,https://www.reddit.com/r/AskReddit/comments/1reqhng/fellow_depressed_and_people_with_harsh_anxiety/
2026-02-25T22:14:35+00:00,1req7og,AskReddit,56.22,3,13,0.8,https://www.reddit.com/r/AskReddit/comments/1req7og/have_you_ever_had_a_near_death_experience_and_if/
2026-02-25T22:14:35+00:00,1reqhca,AskReddit,46.25,3,1,0.8,https://www.reddit.com/r/AskReddit/comments/1reqhca/have_you_ever_said_no_to_a_proposal_and_if_you/
2026-02-25T22:14:40+00:00,1reqs41,AskReddit,35.27,1,16,0.67,https://www.reddit.com/r/AskReddit/comments/1reqs41/whats_a_clear_sign_that_someone_is_not_a_good/
2026-02-25T22:14:45+00:00,1reqhzq,AskReddit,45.75,0,10,0.33,https://www.reddit.com/r/AskReddit/comments/1reqhzq/popular_girls_whats_the_best_sprayperfume/
2026-02-25T22:14:45+00:00,1reqryw,memes,35.5,5,1,1.0,https://www.reddit.com/r/memes/comments/1reqryw/quite_the_damp_patch/
2026-02-25T22:14:50+00:00,1reqrr4,AskReddit,35.82,1,1,0.67,https://www.reddit.com/r/AskReddit/comments/1reqrr4/whats_the_biggest_moneymaker_youve_ever_resold/
2026-02-25T22:14:55+00:00,1req7o6,memes,56.55,3,1,0.71,https://www.reddit.com/r/memes/comments/1req7o6/hes_not_just_in_the_files_hes_everyehere/
2026-02-25T22:14:55+00:00,1reqr8a,AskReddit,36.43,3,14,0.8,https://www.reddit.com/r/AskReddit/comments/1reqr8a/how_would_you_get_one_million_people_to_give_you/
2026-02-25T22:14:55+00:00,1reqrkr,AskReddit,36.08,0,5,0.5,https://www.reddit.com/r/AskReddit/comments/1reqrkr/whats_the_most_dangerous_thing_youve_ever_done/
2026-02-25T22:15:00+00:00,1reqrub,Music,35.88,1,0,1.0,https://www.reddit.com/r/Music/comments/1reqrub/help_i_need_help/
2026-02-25T22:15:05+00:00,1rer1iv,AskReddit,25.92,0,4,0.5,https://www.reddit.com/r/AskReddit/comments/1rer1iv/what_makes_certain_scandals_stay_in_public/
2026-02-25T22:15:10+00:00,1rerbd9,AskReddit,15.67,0,0,0.5,https://www.reddit.com/r/AskReddit/comments/1rerbd9/what_was_this_movie_called_girl_moves_in_with/
2026-02-25T22:15:10+00:00,1rer21d,AskReddit,25.48,0,1,0.33,https://www.reddit.com/r/AskReddit/comments/1rer21d/whats_one_thing_you_know_society_pressures_you/
2026-02-25T22:15:10+00:00,1rerblm,AskReddit,15.43,1,11,0.67,https://www.reddit.com/r/AskReddit/comments/1rerblm/whats_a_skill_thats_becoming_rare_because/
2026-02-25T22:15:16+00:00,1rerbop,Music,15.45,1,0,1.0,https://www.reddit.com/r/Music/comments/1rerbop/goldie_lookin_chain_the_middle_of_lidl_rap/
2026-02-25T22:15:16+00:00,1rerb1k,memes,16.15,6,1,1.0,https://www.reddit.com/r/memes/comments/1rerb1k/reddit_girlfriend/
2026-02-25T22:15:16+00:00,1rerbnm,todayilearned,15.48,103,9,0.87,https://www.reddit.com/r/todayilearned/comments/1rerbnm/til_ben_shapiro_and_mara_wilson_matilda_mrs/
2026-02-25T22:15:21+00:00,1rerlu6,AskReddit,5.27,2,4,1.0,https://www.reddit.com/r/AskReddit/comments/1rerlu6/whats_a_good_reason_or_your_reason_to_keep_going/
2026-02-25T22:15:21+00:00,1rerlb7,AskReddit,5.82,2,5,1.0,https://www.reddit.com/r/AskReddit/comments/1rerlb7/how_did_harambes_code_written_nearly_4000_years/
2026-02-25T22:15:21+00:00,1rerlt0,movies,5.3,1,0,0.67,https://www.reddit.com/r/movies/comments/1rerlt0/baz_luhrmann_says_filming_australia_was_the_most/
2026-02-25T22:15:21+00:00,1rerlbt,memes,5.82,1,1,1.0,https://www.reddit.com/r/memes/comments/1rerlbt/im_with_the_cat/
2026-02-25T22:15:21+00:00,1rerlai,memes,5.85,1,0,1.0,https://www.reddit.com/r/memes/comments/1rerlai/kuchitamatchi_is_judging_you/
2026-02-25T22:15:30+00:00,1reqis6,AskReddit,45.67,3,18,0.8,https://www.reddit.com/r/AskReddit/comments/1reqis6/serious_what_is_astroturfing/
2026-02-25T22:15:35+00:00,1req8n7,aww,56.28,96,3,0.99,https://www.reddit.com/r/aww/comments/1req8n7/the_reason_my_phone_storage_is_full/
2026-02-25T22:15:41+00:00,1reqj4q,AskReddit,45.48,2,12,0.75,https://www.reddit.com/r/AskReddit/comments/1reqj4q/your_favorite_celebrity_in_right_in_front_of_you/
2026-02-25T22:15:41+00:00,1repypp,AskReddit,66.42,10,27,1.0,https://www.reddit.com/r/AskReddit/comments/1repypp/what_is_the_most_unusual_country_you_have_visited/
2026-02-25T22:15:41+00:00,1reqj36,AskReddit,45.53,2,5,0.75,https://www.reddit.com/r/AskReddit/comments/1reqj36/what_was_suspiciously_easy/
2026-02-25T22:15:46+00:00,1reqsqr,Music,35.68,3,0,1.0,https://www.reddit.com/r/Music/comments/1reqsqr/the_cure_a_chain_of_flowers_rock/
2026-02-25T22:15:51+00:00,1req9az,AskReddit,55.92,0,2,0.33,https://www.reddit.com/r/AskReddit/comments/1req9az/what_are_your_craziest_drinking_stories/
2026-02-25T22:15:51+00:00,1req91m,AskReddit,56.2,0,17,0.33,https://www.reddit.com/r/AskReddit/comments/1req91m/what_does_it_mean_if_exes_keep_making_eye_contact/
2026-02-25T22:15:51+00:00,1reqsno,movies,35.85,741,103,0.97,https://www.reddit.com/r/movies/comments/1reqsno/paramount_posts_q4_loss_of_573_million/
2026-02-25T22:15:56+00:00,1rer2xi,AskReddit,25.35,1,3,0.6,https://www.reddit.com/r/AskReddit/comments/1rer2xi/whats_your_craziest_drunk_story/
2026-02-25T22:15:56+00:00,1reqsg1,AskReddit,36.18,1,2,1.0,https://www.reddit.com/r/AskReddit/comments/1reqsg1/travelers_of_reddit_whats_the_most_unexpected_or/
2026-02-25T22:15:56+00:00,1reqs8f,AskReddit,36.4,2,5,1.0,https://www.reddit.com/r/AskReddit/comments/1reqs8f/how_do_you_feel_about_the_current_state_of_ticket/
2026-02-25T22:16:01+00:00,1rer31n,AskReddit,25.32,0,7,0.33,https://www.reddit.com/r/AskReddit/comments/1rer31n/can_something_be_aesthetically_gay_how/
2026-02-25T22:16:06+00:00,1rer2nf,AskReddit,25.82,0,11,0.4,https://www.reddit.com/r/AskReddit/comments/1rer2nf/what_is_your_favorite_thing_to_do/
2026-02-25T22:16:16+00:00,1rerbwg,todayilearned,16.22,4,3,0.7,https://www.reddit.com/r/todayilearned/comments/1rerbwg/til_that_over_a_period_of_several_years_starting/
2026-02-25T22:16:16+00:00,1rercqf,Music,15.43,1,0,1.0,https://www.reddit.com/r/Music/comments/1rercqf/i_cant_find_this_song_i_want/
2026-02-25T22:16:22+00:00,1reqac0,AskReddit,55.4,0,2,0.5,https://www.reddit.com/r/AskReddit/comments/1reqac0/what_will_the_consequences_be_for_muskpacs/
2026-02-25T22:16:22+00:00,1rermuu,AskReddit,5.25,2,4,1.0,https://www.reddit.com/r/AskReddit/comments/1rermuu/what_seemed_completely_normal_as_a_child_but_now/
2026-02-25T22:16:22+00:00,1rermpl,AskReddit,5.4,2,1,1.0,https://www.reddit.com/r/AskReddit/comments/1rermpl/whats_one_boring_career_thats_actually_a_goldmine/
2026-02-25T22:16:31+00:00,1reqk47,AskReddit,45.3,0,4,0.5,https://www.reddit.com/r/AskReddit/comments/1reqk47/whats_your_oddest_experience/
2026-02-25T22:16:31+00:00,1req03p,AskReddit,65.85,3,29,1.0,https://www.reddit.com/r/AskReddit/comments/1req03p/what_would_a_stranger_say_if_they_saw_your/
2026-02-25T22:16:31+00:00,1repzx6,AskReddit,66.03,1,5,1.0,https://www.reddit.com/r/AskReddit/comments/1repzx6/what_is_the_craziest_thing_youve_ever_seen_at_a/
2026-02-25T22:16:36+00:00,1reqjdq,AskReddit,46.15,0,4,0.4,https://www.reddit.com/r/AskReddit/comments/1reqjdq/with_the_scale_being_010_0_being_a_verbal_insult/
2026-02-25T22:16:36+00:00,1reqjwe,AskReddit,45.6,2,8,1.0,https://www.reddit.com/r/AskReddit/comments/1reqjwe/how_seriously_do_you_take_someones_musical_tastes/
2026-02-25T22:16:41+00:00,1reqahx,worldnews,55.55,95,11,0.96,https://www.reddit.com/r/worldnews/comments/1reqahx/iceland_to_hold_eu_referendum_in_the_coming/
2026-02-25T22:16:41+00:00,1reqk3v,AskReddit,45.48,0,5,0.5,https://www.reddit.com/r/AskReddit/comments/1reqk3v/whats_one_move_in_bed_that_makes_anyone_go_crazy/
2026-02-25T22:16:47+00:00,1req00a,AskReddit,66.22,0,4,0.5,https://www.reddit.com/r/AskReddit/comments/1req00a/what_is_the_weirdest_american_idiom_you_have_ever/
2026-02-25T22:16:47+00:00,1reqtsx,AskReddit,35.6,0,35,0.5,https://www.reddit.com/r/AskReddit/comments/1reqtsx/what_is_the_meaning_of_having_a_womans_body_if_we/
2026-02-25T22:16:47+00:00,1reqk7z,memes,45.47,0,7,0.31,https://www.reddit.com/r/memes/comments/1reqk7z/oh_no_ai_anyway/
2026-02-25T22:16:47+00:00,1req9rc,AskReddit,56.4,1,11,0.67,https://www.reddit.com/r/AskReddit/comments/1req9rc/whats_a_movie_thats_truly_made_you_cry/
2026-02-25T22:16:47+00:00,1reqtnz,AskReddit,35.73,2,4,1.0,https://www.reddit.com/r/AskReddit/comments/1reqtnz/30_minutes_on_twitter_x_and_its_soul_destroying/
2026-02-25T22:16:52+00:00,1reqtqo,AskReddit,35.73,1,3,1.0,https://www.reddit.com/r/AskReddit/comments/1reqtqo/what_was_your_gut_feeling_that_saved_you/
2026-02-25T22:16:57+00:00,1reqtub,AskReddit,35.72,76,149,1.0,https://www.reddit.com/r/AskReddit/comments/1reqtub/whats_something_harmless_that_gets_people_weirdly/
2026-02-25T22:16:57+00:00,1reqtem,AskReddit,36.15,0,4,0.5,https://www.reddit.com/r/AskReddit/comments/1reqtem/what_makes_you_the_most_horny/
2026-02-25T22:16:57+00:00,1reqtid,Music,36.05,3,0,0.71,https://www.reddit.com/r/Music/comments/1reqtid/singer_d4vd_is_target_of_los_angeles_grand_jury/
2026-02-25T22:16:57+00:00,1reqtjx,AskReddit,36.02,0,3,0.5,https://www.reddit.com/r/AskReddit/comments/1reqtjx/what_are_the_best_sites_etc_to_sign_someones/
2026-02-25T22:17:02+00:00,1rer3yk,AskReddit,25.37,0,4,0.5,https://www.reddit.com/r/AskReddit/comments/1rer3yk/what_songs_got_better_with_age/
2026-02-25T22:17:02+00:00,1rer3jt,AskReddit,25.77,0,2,0.5,https://www.reddit.com/r/AskReddit/comments/1rer3jt/how_do_you_think_we_will_pay_for_things_when_we/
2026-02-25T22:17:02+00:00,1rer43m,worldnews,25.25,38,20,0.8,https://www.reddit.com/r/worldnews/comments/1rer43m/rubio_boosts_dictator_orbáns_bid_for_another_term/
2026-02-25T22:17:07+00:00,1rerdrl,Music,15.25,0,1,0.4,https://www.reddit.com/r/Music/comments/1rerdrl/kurt_cobains_1994_death_alleged_homicide_by/
2026-02-25T22:17:12+00:00,1rerdar,AskReddit,15.78,0,3,0.5,https://www.reddit.com/r/AskReddit/comments/1rerdar/do_you_think_kissing_in_public_is_normal_or_weird/
2026-02-25T22:17:12+00:00,1rerd38,AskReddit,16.02,2,2,0.75,https://www.reddit.com/r/AskReddit/comments/1rerd38/what_is_the_most_ignorant_opinion_you_truly/
2026-02-25T22:17:12+00:00,1rerdsh,AskReddit,15.3,1,1,1.0,https://www.reddit.com/r/AskReddit/comments/1rerdsh/what_do_you_think_would_be_more_devastating/
2026-02-25T22:17:12+00:00,1rerdn2,Music,15.45,1,0,1.0,https://www.reddit.com/r/Music/comments/1rerdn2/lol_self_promotion_ethical_ai_contains_link_to/
2026-02-25T22:17:18+00:00,1rerdd1,AskReddit,15.83,0,5,0.4,https://www.reddit.com/r/AskReddit/comments/1rerdd1/how_do_you_tell_a_woman_to_calm_down_and_that_she/
2026-02-25T22:17:18+00:00,1rerd10,AskReddit,16.18,0,3,0.5,https://www.reddit.com/r/AskReddit/comments/1rerd10/what_app_do_you_highly_recommend/
2026-02-25T22:17:18+00:00,1rerdhd,memes,15.72,7,1,1.0,https://www.reddit.com/r/memes/comments/1rerdhd/i_forgorrr/
2026-02-25T22:17:23+00:00,1req0dz,AskReddit,66.4,1,4,1.0,https://www.reddit.com/r/AskReddit/comments/1req0dz/be_honest_if_youve_ever_filled_out_a_feedback/
2026-02-25T22:17:23+00:00,1rernml,AskReddit,5.48,1,1,1.0,https://www.reddit.com/r/AskReddit/comments/1rernml/serious_redditors_that_workuse_to_work_in_retail/
2026-02-25T22:17:23+00:00,1rerncr,AskReddit,5.78,0,4,0.33,https://www.reddit.com/r/AskReddit/comments/1rerncr/girl_to_girl_lets_not_gatekeep_whats_a_feminine/
2026-02-25T22:17:23+00:00,1rerna5,aww,5.85,3,0,1.0,https://www.reddit.com/r/aww/comments/1rerna5/these_girls_love_each_other_so_much/
2026-02-25T22:17:33+00:00,1reql3x,AskReddit,45.28,2,6,0.75,https://www.reddit.com/r/AskReddit/comments/1reql3x/how_do_you_sort_your_feed_best_top_hot_new_rising/
2026-02-25T22:17:33+00:00,1renpzq,todayilearned,149.95,1632,70,0.98,https://www.reddit.com/r/todayilearned/comments/1renpzq/til_roughly_100000_african_elephants_were_killed/
2026-02-25T22:17:33+00:00,1remsr5,memes,182.82,0,3,0.4,https://www.reddit.com/r/memes/comments/1remsr5/ok_boomers/
2026-02-25T22:17:33+00:00,1reqk9m,AskReddit,46.18,1,8,0.67,https://www.reddit.com/r/AskReddit/comments/1reqk9m/what_are_you_most_scary_about_the_future/
2026-02-25T22:17:33+00:00,1relf83,funny,230.25,238,9,0.9,https://www.reddit.com/r/funny/comments/1relf83/everything/
2026-02-25T22:17:33+00:00,1renjvt,worldnews,156.12,514,315,0.89,https://www.reddit.com/r/worldnews/comments/1renjvt/us_sends_deadliest_fighter_jets_to_israel_as_iran/
2026-02-25T22:17:33+00:00,1reqbez,AskReddit,55.48,0,14,0.25,https://www.reddit.com/r/AskReddit/comments/1reqbez/whats_underrated_in_bed/
2026-02-25T22:17:33+00:00,1reqald,movies,56.32,0,20,0.33,https://www.reddit.com/r/movies/comments/1reqald/i_find_the_description_of_promising_young_woman/
2026-02-25T22:17:33+00:00,1ren5dx,memes,170.6,10,3,0.92,https://www.reddit.com/r/memes/comments/1ren5dx/youtube_is_ran_by_morons/
2026-02-25T22:17:33+00:00,1reknmr,worldnews,256.08,22,1,0.7,https://www.reddit.com/r/worldnews/comments/1reknmr/us_embassy_to_offer_its_first_consular_services/
2026-02-25T22:17:33+00:00,1renen4,science,161.35,63,3,0.9,https://www.reddit.com/r/science/comments/1renen4/almost_1in3_american_adolescents_has_diabetes_or/
2026-02-25T22:17:33+00:00,1reqb43,AskReddit,55.78,0,8,0.5,https://www.reddit.com/r/AskReddit/comments/1reqb43/whats_your_favorite_pizza_topping/
2026-02-25T22:17:38+00:00,1ren9bm,gaming,166.92,1409,137,0.97,https://www.reddit.com/r/gaming/comments/1ren9bm/ubisoft_suffers_major_talent_drain_because_theyre/
2026-02-25T22:17:38+00:00,1relbgg,gaming,233.93,126,45,0.85,https://www.reddit.com/r/gaming/comments/1relbgg/mortal_kombat_ii_official_trailer_ii/
2026-02-25T22:17:38+00:00,1remn9c,Music,188.07,2,0,0.76,https://www.reddit.com/r/Music/comments/1remn9c/suicidal_tendencies_enter_shikari_counterparts/
2026-02-25T22:17:38+00:00,1reja5y,movies,302.9,0,14,0.38,https://www.reddit.com/r/movies/comments/1reja5y/favorite_animated_films_from_these_famous_studios/
2026-02-25T22:17:38+00:00,1ren5o4,funny,170.43,118,17,0.93,https://www.reddit.com/r/funny/comments/1ren5o4/i_said_dentist_appointment/
2026-02-25T22:17:38+00:00,1rep724,AskReddit,96.52,3,15,0.81,https://www.reddit.com/r/AskReddit/comments/1rep724/whats_the_most_unprofessional_thing_youve_seen_at/
2026-02-25T22:17:38+00:00,1ren1tm,worldnews,174.23,89,13,0.75,https://www.reddit.com/r/worldnews/comments/1ren1tm/human_rights_protections_for_transgender_kiwis/
2026-02-25T22:17:38+00:00,1reltj6,worldnews,216.53,43,1,0.83,https://www.reddit.com/r/worldnews/comments/1reltj6/sri_lanka_navy_and_coast_guard_seize_4_indian/
2026-02-25T22:17:38+00:00,1remx55,aww,178.75,60,1,0.99,https://www.reddit.com/r/aww/comments/1remx55/the_beautiful_margot_from_our_shelter/
2026-02-25T22:17:38+00:00,1rem646,movies,204.65,2,2,0.6,https://www.reddit.com/r/movies/comments/1rem646/emily_carey_martin_freeman_sam_spruell_to_star_in/
2026-02-25T22:17:38+00:00,1relwl0,memes,213.5,8,3,0.9,https://www.reddit.com/r/memes/comments/1relwl0/suffering_from_severe_intellectualitythey_say/
2026-02-25T22:17:38+00:00,1rehw57,science,351.58,222,55,0.88,https://www.reddit.com/r/science/comments/1rehw57/the_loud_squeaks_of_shoes_on_a_basketball_court/
2026-02-25T22:17:38+00:00,1reqkab,AskReddit,46.25,1,1,1.0,https://www.reddit.com/r/AskReddit/comments/1reqkab/how_many_group_chats_are_you_part_of_and_what_are/
2026-02-25T22:17:38+00:00,1rejnnh,gaming,290.05,3489,202,0.97,https://www.reddit.com/r/gaming/comments/1rejnnh/someone_at_xbox_testing_in_production_brave/
2026-02-25T22:17:38+00:00,1rek0u2,aww,277.7,15,0,1.0,https://www.reddit.com/r/aww/comments/1rek0u2/the_man_of_the_house_resting_from_hard_work/
2026-02-25T22:17:38+00:00,1rejn79,movies,290.47,18,4,0.78,https://www.reddit.com/r/movies/comments/1rejn79/new_luther_movie_casts_stephen_dillane_anya/
2026-02-25T22:17:38+00:00,1rej5kk,movies,307.35,937,283,0.89,https://www.reddit.com/r/movies/comments/1rej5kk/the_fall_and_rise_of_scream_7_a_fired_star_a_500k/
2026-02-25T22:17:38+00:00,1regz04,gaming,383.95,2,8,0.53,https://www.reddit.com/r/gaming/comments/1regz04/future_gpx_cyber_formula_was_masterpiece_game_who/
2026-02-25T22:17:38+00:00,1rem4vs,todayilearned,205.78,96,7,0.97,https://www.reddit.com/r/todayilearned/comments/1rem4vs/til_about_lodoicea_maldivica_a_palm_tree_with/
2026-02-25T22:17:38+00:00,1renovk,Music,151.13,1,0,0.67,https://www.reddit.com/r/Music/comments/1renovk/feeder_high_alternative_rock_1998/
2026-02-25T22:17:38+00:00,1reofrc,science,124.45,17,5,0.85,https://www.reddit.com/r/science/comments/1reofrc/ayahuasca_psychedelic_dmt_shows_promise_as/
2026-02-25T22:17:38+00:00,1regue3,science,388.5,22,2,0.82,https://www.reddit.com/r/science/comments/1regue3/bug_beats_caterpillars_use_complex_rhythms_to/
2026-02-25T22:17:38+00:00,1reodm9,funny,126.63,428,54,0.98,https://www.reddit.com/r/funny/comments/1reodm9/the_town_of_mexico_missouri_was_named_after/
2026-02-25T22:17:38+00:00,1rejmwo,worldnews,290.75,313,15,0.99,https://www.reddit.com/r/worldnews/comments/1rejmwo/spain_declassifies_files_on_1981_attempted_coup/
2026-02-25T22:17:38+00:00,1reiav6,gaming,337.15,411,749,0.92,https://www.reddit.com/r/gaming/comments/1reiav6/what_game_had_the_best_first_few_hours_that/
2026-02-25T22:17:38+00:00,1reok9f,Music,119.98,7,0,1.0,https://www.reddit.com/r/Music/comments/1reok9f/alan_parsons_project_sirius_eye_in_the_sky_rock/
2026-02-25T22:17:38+00:00,1ren2wf,movies,173.17,1,29,0.51,https://www.reddit.com/r/movies/comments/1ren2wf/why_the_prestige_2006_still_deserves_more/
2026-02-25T22:17:38+00:00,1remrzo,movies,183.6,1,0,0.55,https://www.reddit.com/r/movies/comments/1remrzo/new_york_international_childrens_film_festival/
2026-02-25T22:17:38+00:00,1rene4r,memes,161.97,11,5,0.74,https://www.reddit.com/r/memes/comments/1rene4r/man_i_am_so_sick_of_february/
2026-02-25T22:17:38+00:00,1reqbcn,AskReddit,55.63,0,4,0.5,https://www.reddit.com/r/AskReddit/comments/1reqbcn/if_you_found_out_something_you_really_liked_like/
2026-02-25T22:17:43+00:00,1reifr6,worldnews,332.38,133,27,0.9,https://www.reddit.com/r/worldnews/comments/1reifr6/hungarys_viktor_orbán_stakes_his_reelection_on/
2026-02-25T22:17:43+00:00,1regvjb,worldnews,387.45,216,50,0.94,https://www.reddit.com/r/worldnews/comments/1regvjb/ireland_eyes_closer_cooperation_with_nato/
2026-02-25T22:17:43+00:00,1rekmts,movies,256.95,1601,262,0.95,https://www.reddit.com/r/movies/comments/1rekmts/new_poster_for_mortal_kombat_ii/
2026-02-25T22:17:43+00:00,1renlyb,memes,154.18,0,0,0.4,https://www.reddit.com/r/memes/comments/1renlyb/tshirt_gets_amazed_by_womans_bread/
2026-02-25T22:17:43+00:00,1relhnk,memes,228.07,2,0,0.76,https://www.reddit.com/r/memes/comments/1relhnk/classic_faces/
2026-02-25T22:17:43+00:00,1renjmz,science,156.52,19,4,0.85,https://www.reddit.com/r/science/comments/1renjmz/climate_change_could_threaten_monarch_mass/
2026-02-25T22:17:43+00:00,1req12z,AskReddit,66.0,1,2,1.0,https://www.reddit.com/r/AskReddit/comments/1req12z/whats_your_1_gripe_today/
2026-02-25T22:17:43+00:00,1renp9d,gaming,150.87,0,28,0.26,https://www.reddit.com/r/gaming/comments/1renp9d/development_update_overwatch_rush/
2026-02-25T22:17:43+00:00,1reiiu5,todayilearned,329.28,20510,643,0.98,https://www.reddit.com/r/todayilearned/comments/1reiiu5/til_that_cancún_didnt_exist_until_1970_its/
2026-02-25T22:17:43+00:00,1rembk6,movies,199.37,0,0,0.4,https://www.reddit.com/r/movies/comments/1rembk6/crosspost_were_the_production_team_behind/
2026-02-25T22:17:43+00:00,1relx18,funny,213.13,1114,33,0.94,https://www.reddit.com/r/funny/comments/1relx18/interrupting_cow/
2026-02-25T22:17:43+00:00,1rem2tg,worldnews,207.7,47,7,0.76,https://www.reddit.com/r/worldnews/comments/1rem2tg/isis_teaching_recruits_how_to_use_ai_responsibly/
2026-02-25T22:17:43+00:00,1rek1tz,worldnews,276.88,53,1,0.82,https://www.reddit.com/r/worldnews/comments/1rek1tz/ecuador_withdraws_from_un_palestinian_rights/
2026-02-25T22:17:43+00:00,1rejc8a,worldnews,301.0,118,80,0.82,https://www.reddit.com/r/worldnews/comments/1rejc8a/propahlavi_chants_on_campus_mark_historic_shift/
2026-02-25T22:17:43+00:00,1reneu0,gaming,161.32,3,38,0.6,https://www.reddit.com/r/gaming/comments/1reneu0/whats_your_favorite_bullet_hell_genre_game/
2026-02-25T22:17:43+00:00,1reiiwc,gaming,329.22,0,43,0.35,https://www.reddit.com/r/gaming/comments/1reiiwc/your_take_on_good_video_game_movies/
2026-02-25T22:17:43+00:00,1remucu,Music,181.47,1,0,0.67,https://www.reddit.com/r/Music/comments/1remucu/tell_me_about_your_fav_music_artist_and_fav_song/
2026-02-25T22:17:43+00:00,1remcq7,Music,198.18,1341,46,0.99,https://www.reddit.com/r/Music/comments/1remcq7/driver_who_killed_dixie_chicks_founding_member/
2026-02-25T22:17:43+00:00,1relyaq,Music,211.92,0,2,0.17,https://www.reddit.com/r/Music/comments/1relyaq/blues_verses_soft_metal/
2026-02-25T22:17:43+00:00,1relh2m,Music,228.63,16,0,1.0,https://www.reddit.com/r/Music/comments/1relh2m/kraftwerk_tour_de_france_electronic_1983/
2026-02-25T22:17:43+00:00,1ren12l,aww,175.05,589,13,1.0,https://www.reddit.com/r/aww/comments/1ren12l/my_cats_keeping_me_company_today/
2026-02-25T22:17:43+00:00,1remo7e,aww,187.25,3,0,0.72,https://www.reddit.com/r/aww/comments/1remo7e/good_morning/
2026-02-25T22:17:43+00:00,1remmor,aww,188.67,167,5,0.99,https://www.reddit.com/r/aww/comments/1remmor/cats_are_now_tolerant_roommates_yay_thank_you/
2026-02-25T22:17:43+00:00,1remb4e,aww,199.8,21,1,0.86,https://www.reddit.com/r/aww/comments/1remb4e/charlie/
2026-02-25T22:17:43+00:00,1rempc5,movies,186.23,7,99,0.59,https://www.reddit.com/r/movies/comments/1rempc5/movies_that_are_way_better_on_the_big_screen/
2026-02-25T22:17:43+00:00,1reqar7,AskReddit,56.32,0,22,0.33,https://www.reddit.com/r/AskReddit/comments/1reqar7/how_do_you_feel_about_people_who_dont_wanna_have/
2026-02-25T22:17:43+00:00,1rekibd,worldnews,261.3,61,21,0.71,https://www.reddit.com/r/worldnews/comments/1rekibd/speaker_of_the_knesset_medal_pm_modi_conferred/
2026-02-25T22:17:43+00:00,1relmuj,Music,223.13,0,0,0.5,https://www.reddit.com/r/Music/comments/1relmuj/scars_on_broadway_enemy_alternative_metal_2008/
2026-02-25T22:17:43+00:00,1reodl7,aww,126.75,27,0,0.97,https://www.reddit.com/r/aww/comments/1reodl7/sleepy_kitties_in_the_window_of_the_local_thai/
2026-02-25T22:17:43+00:00,1rekknw,movies,258.88,0,14,0.24,https://www.reddit.com/r/movies/comments/1rekknw/which_films_in_your_opinion_are_excellent_but/
2026-02-25T22:17:43+00:00,1rem7us,memes,203.13,459,33,0.98,https://www.reddit.com/r/memes/comments/1rem7us/alchemy_is_truly_alive_and_well/
2026-02-25T22:17:43+00:00,1reqbh7,memes,55.57,0,1,0.26,https://www.reddit.com/r/memes/comments/1reqbh7/beat_it_chick_lezcel_edition/
2026-02-25T22:17:43+00:00,1rehvbj,funny,352.45,201,6,0.91,https://www.reddit.com/r/funny/comments/1rehvbj/ugh/
2026-02-25T22:17:43+00:00,1rep6r5,AskReddit,96.92,76,175,0.97,https://www.reddit.com/r/AskReddit/comments/1rep6r5/whats_something_society_treats_as_embarrassing/
2026-02-25T22:17:43+00:00,1remtpy,worldnews,182.07,790,188,0.97,https://www.reddit.com/r/worldnews/comments/1remtpy/armed_confrontation_in_cuban_waters_leaves_four/
2026-02-25T22:17:43+00:00,1rejfdg,worldnews,298.03,27,3,0.76,https://www.reddit.com/r/worldnews/comments/1rejfdg/germany_urges_iran_to_engage_constructively_in/
2026-02-25T22:17:43+00:00,1reiist,todayilearned,329.32,983,236,0.86,https://www.reddit.com/r/todayilearned/comments/1reiist/til_erotic_photography_started_in_1839_nsfw/
2026-02-25T22:17:43+00:00,1rencdi,Music,163.9,47,14,0.76,https://www.reddit.com/r/Music/comments/1rencdi/highly_suspect_my_name_is_human_indie_rock/
2026-02-25T22:17:43+00:00,1ren7st,Music,168.38,0,13,0.38,https://www.reddit.com/r/Music/comments/1ren7st/your_top_10_songs_off_all_time/
2026-02-25T22:17:43+00:00,1remcor,movies,198.23,18,5,0.71,https://www.reddit.com/r/movies/comments/1remcor/david_f_sandberg_to_direct_horror_film_a_little/
2026-02-25T22:17:43+00:00,1ren2qg,memes,173.4,1,3,0.57,https://www.reddit.com/r/memes/comments/1ren2qg/run_for_you_lives/
2026-02-25T22:17:49+00:00,1rep5n4,AskReddit,98.12,1,2,1.0,https://www.reddit.com/r/AskReddit/comments/1rep5n4/how_was_the_andrew_leaving_the_police_station_pic/
2026-02-25T22:17:49+00:00,1rep5cj,AskReddit,98.43,0,2,0.33,https://www.reddit.com/r/AskReddit/comments/1rep5cj/now_that_millions_of_documents_related_to_the/
2026-02-25T22:17:49+00:00,1rejwjp,worldnews,281.87,0,19,0.4,https://www.reddit.com/r/worldnews/comments/1rejwjp/donald_trump_on_indiapak_prez_says_pakistan_pm/
2026-02-25T22:17:49+00:00,1reikvr,todayilearned,327.38,163,16,0.93,https://www.reddit.com/r/todayilearned/comments/1reikvr/til_about_lionel_crabb_a_royal_navy_diver_who/
2026-02-25T22:17:49+00:00,1relsve,aww,217.33,103,8,0.97,https://www.reddit.com/r/aww/comments/1relsve/its_her_birthday/
2026-02-25T22:17:49+00:00,1rekx5q,aww,247.52,58,6,0.94,https://www.reddit.com/r/aww/comments/1rekx5q/my_cute_smiley_boy_pilot_is_nearly_2_and_would/
2026-02-25T22:17:49+00:00,1ren1hv,movies,174.73,590,199,0.9,https://www.reddit.com/r/movies/comments/1ren1hv/i_think_the_fifth_element_is_a_perfect_movie_and/
2026-02-25T22:17:49+00:00,1rekoip,movies,255.55,1631,470,0.95,https://www.reddit.com/r/movies/comments/1rekoip/mortal_kombat_ii_official_trailer_ii/
2026-02-25T22:17:49+00:00,1reldb2,memes,232.38,0,10,0.39,https://www.reddit.com/r/memes/comments/1reldb2/they_were_deported/
2026-02-25T22:17:49+00:00,1reqato,AskReddit,56.35,1,3,0.66,https://www.reddit.com/r/AskReddit/comments/1reqato/whats_your_guilty_pleasure/
2026-02-25T22:17:49+00:00,1requos,gaming,35.7,155,36,0.96,https://www.reddit.com/r/gaming/comments/1requos/resident_evil_requiem_is_the_highest_rated_new/
2026-02-25T22:17:49+00:00,1rejv0f,funny,283.33,885,35,0.97,https://www.reddit.com/r/funny/comments/1rejv0f/press_x_to_dispense_treats/
2026-02-25T22:17:49+00:00,1rem5dx,Music,205.5,0,0,0.5,https://www.reddit.com/r/Music/comments/1rem5dx/pedro_guitarra_3_rock/
2026-02-25T22:17:49+00:00,1rem3db,memes,207.32,38,1,0.93,https://www.reddit.com/r/memes/comments/1rem3db/you_have_her_eyes/
2026-02-25T22:17:49+00:00,1remnwg,Music,187.67,3,0,1.0,https://www.reddit.com/r/Music/comments/1remnwg/ingrown_to_tour_the_us_this_spring_with_mask/
2026-02-25T22:17:49+00:00,1ren01a,memes,176.22,0,13,0.45,https://www.reddit.com/r/memes/comments/1ren01a/i_think_humanity_might_have_already_lost_any/
2026-02-25T22:17:49+00:00,1reldd4,memes,232.32,0,0,0.33,https://www.reddit.com/r/memes/comments/1reldd4/rather_sad/
2026-02-25T22:17:49+00:00,1relr7t,science,218.93,84,22,0.87,https://www.reddit.com/r/science/comments/1relr7t/sperm_swim_more_quickly_in_summer_study_finds/
2026-02-25T22:17:49+00:00,1reqbda,AskReddit,55.8,0,2,0.5,https://www.reddit.com/r/AskReddit/comments/1reqbda/how_would_you_feel_for_a_house_cat_to_become/
2026-02-25T22:17:49+00:00,1rep57u,AskReddit,98.55,1,17,0.56,https://www.reddit.com/r/AskReddit/comments/1rep57u/whats_yalls_favorite_video_game/
2026-02-25T22:17:49+00:00,1renjfm,Music,156.8,0,18,0.23,https://www.reddit.com/r/Music/comments/1renjfm/red_clay_highway_sparks_on_the_tailgate_country/
2026-02-25T22:17:49+00:00,1relbc5,Music,234.22,1,1,1.0,https://www.reddit.com/r/Music/comments/1relbc5/tina_turner_when_the_heartache_is_over_dancerock/
2026-02-25T22:17:49+00:00,1rel9g4,aww,236.0,388,8,1.0,https://www.reddit.com/r/aww/comments/1rel9g4/my_majestic_battlescarred_old_boy/
2026-02-25T22:17:49+00:00,1ren8r6,memes,167.6,0,19,0.5,https://www.reddit.com/r/memes/comments/1ren8r6/pov_breaking_a_bone/
2026-02-25T22:17:49+00:00,1reha3v,funny,373.3,162,52,0.74,https://www.reddit.com/r/funny/comments/1reha3v/getting_the_finger_or_the_tube/
2026-02-25T22:17:49+00:00,1rep803,AskReddit,95.7,2,4,0.75,https://www.reddit.com/r/AskReddit/comments/1rep803/how_do_you_handle_a_breakup/
2026-02-25T22:17:49+00:00,1rejs9s,worldnews,285.85,649,60,0.96,https://www.reddit.com/r/worldnews/comments/1rejs9s/ukraine_to_cover_4000_km_of_roads_with_antidrone/
2026-02-25T22:17:49+00:00,1remofk,aww,187.15,6,0,0.81,https://www.reddit.com/r/aww/comments/1remofk/gelada_baboons/
2026-02-25T22:17:49+00:00,1remcak,aww,198.75,13,1,1.0,https://www.reddit.com/r/aww/comments/1remcak/bert_my_tripod_kitty/
2026-02-25T22:17:49+00:00,1rel6ka,aww,238.6,47,3,1.0,https://www.reddit.com/r/aww/comments/1rel6ka/cute_baby/
2026-02-25T22:17:49+00:00,1reimyn,science,325.27,971,96,0.98,https://www.reddit.com/r/science/comments/1reimyn/a_new_projection_study_estimates_that_nearly_a/
2026-02-25T22:17:49+00:00,1reid5d,science,335.03,72,5,0.97,https://www.reddit.com/r/science/comments/1reid5d/researchers_identified_the_key_proteins_that/
2026-02-25T22:17:49+00:00,1reoj3r,worldnews,121.3,20,1,0.72,https://www.reddit.com/r/worldnews/comments/1reoj3r/métis_leaders_unveil_1920s_model_dog_sled/
2026-02-25T22:17:49+00:00,1renfrv,worldnews,160.58,4786,459,0.97,https://www.reddit.com/r/worldnews/comments/1renfrv/cuba_says_four_shot_dead_on_usregistered_speedboat/
2026-02-25T22:17:49+00:00,1reiv5g,worldnews,317.18,38,12,0.74,https://www.reddit.com/r/worldnews/comments/1reiv5g/carney_to_travel_to_india_with_very_good_image/
2026-02-25T22:17:49+00:00,1reirms,todayilearned,320.67,44,0,0.93,https://www.reddit.com/r/todayilearned/comments/1reirms/til_that_in_ww2_canada_trained_a_group_of_covert/
2026-02-25T22:17:49+00:00,1remm9k,aww,189.2,9,0,0.81,https://www.reddit.com/r/aww/comments/1remm9k/shifu_loves_this_kinda_sunny_days/
2026-02-25T22:17:49+00:00,1rejaio,movies,302.72,0,30,0.39,https://www.reddit.com/r/movies/comments/1rejaio/what_are_the_best_javier_bardem_movies/
2026-02-25T22:17:49+00:00,1renitf,memes,157.43,11,2,0.87,https://www.reddit.com/r/memes/comments/1renitf/why_are_cats_like_this/
2026-02-25T22:17:49+00:00,1rem6zf,memes,204.05,10,5,0.92,https://www.reddit.com/r/memes/comments/1rem6zf/who_knew_as_an_adult_that_my_biggest_op_would_be/
2026-02-25T22:17:49+00:00,1requmq,AskReddit,35.75,2,16,1.0,https://www.reddit.com/r/AskReddit/comments/1requmq/what_is_legal_but_still_messed_up_to_do/
2026-02-25T22:17:55+00:00,1rei8r6,gaming,339.47,12,24,0.7,https://www.reddit.com/r/gaming/comments/1rei8r6/horror_game_night_one_setup/
2026-02-25T22:17:55+00:00,1rena65,aww,166.35,12,4,0.84,https://www.reddit.com/r/aww/comments/1rena65/he_is_so_done_with_today/
2026-02-25T22:17:55+00:00,1rels49,memes,218.17,1022,33,0.96,https://www.reddit.com/r/memes/comments/1rels49/this_design/
2026-02-25T22:17:55+00:00,1reilak,science,327.05,11,3,0.74,https://www.reddit.com/r/science/comments/1reilak/mystery_of_snowmanshaped_space_objects_cracked/
2026-02-25T22:17:55+00:00,1reqkd5,AskReddit,46.45,1,11,1.0,https://www.reddit.com/r/AskReddit/comments/1reqkd5/what_can_you_buy_in_america_with_25_cents/
2026-02-25T22:17:55+00:00,1rep6a5,AskReddit,97.57,1,3,1.0,https://www.reddit.com/r/AskReddit/comments/1rep6a5/which_scifi_movietv_show_clothes_better_fit_your/
2026-02-25T22:17:55+00:00,1renniq,Music,152.8,2,0,1.0,https://www.reddit.com/r/Music/comments/1renniq/night_tapes_swordsman_audiotree_live_performance/
2026-02-25T22:17:55+00:00,1rekwjp,aww,248.13,13,1,0.88,https://www.reddit.com/r/aww/comments/1rekwjp/her_thoughts_as_i_climbed_onto_thus_sofa/
2026-02-25T22:17:55+00:00,1reibze,science,336.32,0,2,0.5,https://www.reddit.com/r/science/comments/1reibze/the_surprising_complexity_behind_the_squeak_of/
2026-02-25T22:17:55+00:00,1reig7v,worldnews,332.13,1053,249,0.9,https://www.reddit.com/r/worldnews/comments/1reig7v/canada_pledges_8_million_in_food_aid_for_cuba_as/
2026-02-25T22:17:55+00:00,1relo65,gaming,222.05,0,28,0.36,https://www.reddit.com/r/gaming/comments/1relo65/resident_evil_requiem_often_uses_8gb_of_vram_at/
2026-02-25T22:17:55+00:00,1renmyl,memes,153.35,34,6,0.87,https://www.reddit.com/r/memes/comments/1renmyl/now_were_free_fallin/
2026-02-25T22:17:55+00:00,1rempt4,memes,186.0,70,17,0.79,https://www.reddit.com/r/memes/comments/1rempt4/omelet_du_frommage/
2026-02-25T22:17:55+00:00,1rem3c7,memes,207.45,4,5,0.64,https://www.reddit.com/r/memes/comments/1rem3c7/damn_bro/
2026-02-25T22:17:55+00:00,1rel39a,aww,241.8,74,9,0.99,https://www.reddit.com/r/aww/comments/1rel39a/pov_you_are_about_to_touch_the_belly/
2026-02-25T22:17:55+00:00,1renj4s,movies,157.2,0,4,0.29,https://www.reddit.com/r/movies/comments/1renj4s/marc_platt_produced_movies/
2026-02-25T22:17:55+00:00,1rem0rb,movies,209.8,0,1,0.45,https://www.reddit.com/r/movies/comments/1rem0rb/bluff_and_extraction_2_cinematographer_is_annoying/
2026-02-25T22:17:55+00:00,1rekxx7,movies,246.88,20,59,0.72,https://www.reddit.com/r/movies/comments/1rekxx7/the_one/
2026-02-25T22:18:01+00:00,1rekem0,funny,265.13,2241,12,0.97,https://www.reddit.com/r/funny/comments/1rekem0/oc_must_be/
2026-02-25T22:18:01+00:00,1rep7h8,AskReddit,96.47,25,14,0.6,https://www.reddit.com/r/AskReddit/comments/1rep7h8/if_you_have_only_fans_how_do_you_deal_with_the/
2026-02-25T22:18:01+00:00,1reiovl,worldnews,323.57,31,3,0.74,https://www.reddit.com/r/worldnews/comments/1reiovl/rubio_begins_talks_with_caribbean_leaders_amid/
2026-02-25T22:18:01+00:00,1remrsu,Music,184.17,0,6,0.29,https://www.reddit.com/r/Music/comments/1remrsu/spice_girls_night_on_the_masked_singer/
2026-02-25T22:18:01+00:00,1rem98q,memes,201.98,371,35,0.91,https://www.reddit.com/r/memes/comments/1rem98q/universal_guide_for_buying_anything_in_todays/
2026-02-25T22:18:01+00:00,1reniih,Music,157.92,0,6,0.06,https://www.reddit.com/r/Music/comments/1reniih/kanye_wests_spokesperson_milo_yiannopolous_ye/
2026-02-25T22:18:01+00:00,1reoalh,aww,130.02,18,1,0.96,https://www.reddit.com/r/aww/comments/1reoalh/eevee_used_rest_its_super_effective/
2026-02-25T22:18:01+00:00,1reoe52,movies,126.47,0,1,0.5,https://www.reddit.com/r/movies/comments/1reoe52/before_the_godfather_the_real_meeting_at_castello/
2026-02-25T22:18:01+00:00,1requf5,AskReddit,36.22,10,39,0.91,https://www.reddit.com/r/AskReddit/comments/1requf5/what_do_you_think_happens_after_we_die/
2026-02-25T22:18:01+00:00,1rer51j,AskReddit,25.22,0,0,0.5,https://www.reddit.com/r/AskReddit/comments/1rer51j/what_is_great_advice_youve_gotten_from_someone/
2026-02-25T22:18:01+00:00,1rep6ke,AskReddit,97.38,2,4,1.0,https://www.reddit.com/r/AskReddit/comments/1rep6ke/how_can_you_tell_the_difference_between_loving_a/
2026-02-25T22:18:01+00:00,1reoftw,gaming,124.75,323,170,0.9,https://www.reddit.com/r/gaming/comments/1reoftw/loot_box_litigation_new_york_attorney_general/
2026-02-25T22:18:01+00:00,1reku2y,aww,250.55,10,2,0.81,https://www.reddit.com/r/aww/comments/1reku2y/i_very_love_small_dog/
2026-02-25T22:18:01+00:00,1rekgig,science,263.32,100,40,0.77,https://www.reddit.com/r/science/comments/1rekgig/higher_intakes_of_total_processed_and_unprocessed/
2026-02-25T22:18:01+00:00,1requ68,AskReddit,36.43,4,12,0.83,https://www.reddit.com/r/AskReddit/comments/1requ68/ladies_and_gentlemen_how_are_you_feeling_on_this/
2026-02-25T22:18:01+00:00,1rer4wg,AskReddit,25.37,0,3,0.17,https://www.reddit.com/r/AskReddit/comments/1rer4wg/hi_hows_your_day/
2026-02-25T22:18:01+00:00,1rer4ew,worldnews,25.9,36,7,0.97,https://www.reddit.com/r/worldnews/comments/1rer4ew/cuba_says_its_forces_have_killed_four_on/
2026-02-25T22:18:01+00:00,1rekr0e,aww,253.47,11,3,1.0,https://www.reddit.com/r/aww/comments/1rekr0e/he_is_living_his_best_life/
2026-02-25T22:18:01+00:00,1rejvh4,movies,283.08,0,22,0.48,https://www.reddit.com/r/movies/comments/1rejvh4/1_give_me_your_favorite_actiondrama_film_of_all/
2026-02-25T22:18:01+00:00,1remcg7,funny,198.78,0,4,0.33,https://www.reddit.com/r/funny/comments/1remcg7/explosive/
2026-02-25T22:18:01+00:00,1rep7qs,AskReddit,96.17,1,5,0.67,https://www.reddit.com/r/AskReddit/comments/1rep7qs/how_do_you_feel_about_the_government_having_your/
2026-02-25T22:18:01+00:00,1rep5su,AskReddit,98.17,1,5,1.0,https://www.reddit.com/r/AskReddit/comments/1rep5su/if_you_could_be_completely_invisible_for_one_hour/
2026-02-25T22:18:01+00:00,1reofzh,aww,124.58,48,21,0.97,https://www.reddit.com/r/aww/comments/1reofzh/he_loves_the_water_and_never_misses_a_walk/
2026-02-25T22:18:01+00:00,1renkzo,science,155.45,624,11,0.98,https://www.reddit.com/r/science/comments/1renkzo/neurosurgeons_are_really_good_at_removing_brain/
2026-02-25T22:18:01+00:00,1rer4ps,AskReddit,25.57,0,13,0.33,https://www.reddit.com/r/AskReddit/comments/1rer4ps/how_do_you_guys_make_money_asking_as_a_15_year_old/
2026-02-25T22:18:06+00:00,1reimnd,science,325.83,312,16,0.96,https://www.reddit.com/r/science/comments/1reimnd/chinese_scientists_successfully_built_an_aqueous/
2026-02-25T22:18:06+00:00,1rep44n,AskReddit,100.0,1,2,1.0,https://www.reddit.com/r/AskReddit/comments/1rep44n/what_was_the_single_greatest_moment_of_sheer/
2026-02-25T22:18:06+00:00,1reog03,science,124.67,243,12,0.98,https://www.reddit.com/r/science/comments/1reog03/a_recent_article_that_reviewed_evidence_from_29/
2026-02-25T22:18:06+00:00,1rer4e9,AskReddit,26.0,0,2,0.25,https://www.reddit.com/r/AskReddit/comments/1rer4e9/what_are_your_favorite_movies_and_why/
2026-02-25T22:18:06+00:00,1rep64c,memes,97.93,7,1,1.0,https://www.reddit.com/r/memes/comments/1rep64c/time_to_hit_the_road/
2026-02-25T22:18:11+00:00,1rere5r,AskReddit,15.93,2,4,1.0,https://www.reddit.com/r/AskReddit/comments/1rere5r/whats_the_most_cringe_thing_youve_ever_done_to/
2026-02-25T22:18:11+00:00,1rerepq,AskReddit,15.37,1,7,1.0,https://www.reddit.com/r/AskReddit/comments/1rerepq/what_subject_do_you_know_the_most_about/
2026-02-25T22:18:16+00:00,1rerexl,AskReddit,15.23,1,3,1.0,https://www.reddit.com/r/AskReddit/comments/1rerexl/what_is_a_point_of_no_return_that_youve_crossed/
2026-02-25T22:18:16+00:00,1rere2w,AskReddit,16.1,1,2,1.0,https://www.reddit.com/r/AskReddit/comments/1rere2w/whats_the_worst_hr_incident_at_your_workplace/
2026-02-25T22:18:21+00:00,1req2aw,memes,65.42,0,4,0.33,https://www.reddit.com/r/memes/comments/1req2aw/bro_shouldve_just_focused_in_his_goals_instead_of/
2026-02-25T22:18:27+00:00,1reqlmp,AskReddit,45.67,4,9,1.0,https://www.reddit.com/r/AskReddit/comments/1reqlmp/whats_a_moment_that_made_you_rethink_a_friendship/
2026-02-25T22:18:27+00:00,1rerooh,AskReddit,5.52,1,5,0.99,https://www.reddit.com/r/AskReddit/comments/1rerooh/what_is_legal_but_feels_100_illegal/
2026-02-25T22:18:27+00:00,1rerofr,AskReddit,5.73,1,5,1.0,https://www.reddit.com/r/AskReddit/comments/1rerofr/how_did_youwould_you_react_to_a_close_friend/
2026-02-25T22:18:27+00:00,1rero47,AskReddit,6.08,1,6,1.0,https://www.reddit.com/r/AskReddit/comments/1rero47/whats_the_biggest_letdown_about_being_an_adult/
2026-02-25T22:18:27+00:00,1reroni,gaming,5.55,7,4,0.73,https://www.reddit.com/r/gaming/comments/1reroni/who_do_we_talk_to/
2026-02-25T22:18:27+00:00,1reroj1,memes,5.65,2,0,1.0,https://www.reddit.com/r/memes/comments/1reroj1/ts_so_real/
2026-02-25T22:18:27+00:00,1req262,AskReddit,65.67,0,11,0.33,https://www.reddit.com/r/AskReddit/comments/1req262/pn_first_dates_how_do_you_all_split_the_bill_and/
2026-02-25T22:18:27+00:00,1req235,AskReddit,65.75,1,2,1.0,https://www.reddit.com/r/AskReddit/comments/1req235/whats_something_people_think_is_a_small_decision/
2026-02-25T22:18:37+00:00,1req1c1,AskReddit,66.63,1,14,0.67,https://www.reddit.com/r/AskReddit/comments/1req1c1/if_animals_could_talk_which_one_would_be_the/
2026-02-25T22:18:37+00:00,1req238,AskReddit,65.92,4,18,1.0,https://www.reddit.com/r/AskReddit/comments/1req238/whats_something_everyone_pretends_to_understand/
2026-02-25T22:18:37+00:00,1reqlwb,memes,45.57,4,2,1.0,https://www.reddit.com/r/memes/comments/1reqlwb/i_hope_its_a_ps5/
2026-02-25T22:18:42+00:00,1reqm5v,memes,45.38,41,24,0.9,https://www.reddit.com/r/memes/comments/1reqm5v/tough_decisions_ahead/
2026-02-25T22:18:42+00:00,1reqlb0,movies,46.25,0,59,0.43,https://www.reddit.com/r/movies/comments/1reqlb0/adams_perfect_films/
2026-02-25T22:18:47+00:00,1rep96e,memes,95.43,53,12,0.8,https://www.reddit.com/r/memes/comments/1rep96e/yall_rate_my_meme_potential/
2026-02-25T22:18:47+00:00,1reqleb,gaming,46.23,26,32,0.75,https://www.reddit.com/r/gaming/comments/1reqleb/whats_your_travel_game/
2026-02-25T22:18:47+00:00,1reqv9t,AskReddit,36.07,1,10,1.0,https://www.reddit.com/r/AskReddit/comments/1reqv9t/whats_something_porn_taught_people_thats/
2026-02-25T22:18:47+00:00,1reqw33,Music,35.2,124,0,0.99,https://www.reddit.com/r/Music/comments/1reqw33/miguel_leads_ice_out_chant_at_nyc_show_in/
2026-02-25T22:18:52+00:00,1reqvhw,aww,35.92,16,3,0.77,https://www.reddit.com/r/aww/comments/1reqvhw/someone_was_happy_to_see_potatoes_at_the_weekly/
2026-02-25T22:18:52+00:00,1rep8pa,AskReddit,96.03,2,82,0.56,https://www.reddit.com/r/AskReddit/comments/1rep8pa/you_are_given_1000000_but_you_have_to_live_inside/
2026-02-25T22:18:52+00:00,1reqv90,AskReddit,36.18,3,4,1.0,https://www.reddit.com/r/AskReddit/comments/1reqv90/what_is_the_weirdest_belief_about_the_world_that/
2026-02-25T22:18:57+00:00,1rep8s7,memes,96.02,3963,63,0.99,https://www.reddit.com/r/memes/comments/1rep8s7/weve_all_been_there/
2026-02-25T22:18:57+00:00,1reqvov,todayilearned,35.78,87,24,0.96,https://www.reddit.com/r/todayilearned/comments/1reqvov/til_in_the_1950s_and_60s_vernon_florida_had_a/
2026-02-25T22:18:57+00:00,1rep8t9,aww,96.0,8,0,0.83,https://www.reddit.com/r/aww/comments/1rep8t9/i_accidentally_opened_the_front_camera_and_this/
2026-02-25T22:19:02+00:00,1rer5k4,AskReddit,25.7,2,17,0.75,https://www.reddit.com/r/AskReddit/comments/1rer5k4/does_someone_saying_they_love_you_mean_more_than/
2026-02-25T22:19:08+00:00,1rer5wy,AskReddit,25.45,0,11,0.33,https://www.reddit.com/r/AskReddit/comments/1rer5wy/what_should_be_free_but_isnt/
2026-02-25T22:19:08+00:00,1rer56m,AskReddit,26.17,0,2,0.5,https://www.reddit.com/r/AskReddit/comments/1rer56m/teachers_of_reddit_what_was_some_extremely_wrong/
2026-02-25T22:19:08+00:00,1rep8bn,AskReddit,96.68,0,4,0.5,https://www.reddit.com/r/AskReddit/comments/1rep8bn/whats_your_favourite_song/
2026-02-25T22:19:08+00:00,1rer5r3,todayilearned,25.62,116,0,0.98,https://www.reddit.com/r/todayilearned/comments/1rer5r3/til_that_an_indian_man_traveling_to_vienna_in/
2026-02-25T22:19:08+00:00,1rer4vc,funny,26.52,7,4,0.71,https://www.reddit.com/r/funny/comments/1rer4vc/hot_cakes/
2026-02-25T22:19:13+00:00,1req2ol,funny,65.92,0,4,0.29,https://www.reddit.com/r/funny/comments/1req2ol/they_wouldnt_do_openings_like_this_anymore_today/
2026-02-25T22:19:13+00:00,1rerfwa,AskReddit,15.23,0,5,0.5,https://www.reddit.com/r/AskReddit/comments/1rerfwa/people_who_are_not_scared_of_confrontations_or/
2026-02-25T22:19:13+00:00,1rerf55,Music,15.97,1,0,1.0,https://www.reddit.com/r/Music/comments/1rerf55/ponder_endless_official_video/
2026-02-25T22:19:13+00:00,1rerfcq,science,15.75,15,1,1.0,https://www.reddit.com/r/science/comments/1rerfcq/could_a_vaccine_prevent_dementia_shingles_shot/
2026-02-25T22:19:18+00:00,1rerftk,AskReddit,15.38,1,6,1.0,https://www.reddit.com/r/AskReddit/comments/1rerftk/what_superpower_would_be_the_most_practical_in/
2026-02-25T22:19:18+00:00,1rerfsd,todayilearned,15.42,3,1,0.71,https://www.reddit.com/r/todayilearned/comments/1rerfsd/til_that_around_a_spinning_black_hole_theres_a/
2026-02-25T22:19:23+00:00,1req2jk,AskReddit,66.22,3,5,0.8,https://www.reddit.com/r/AskReddit/comments/1req2jk/who_is_the_one_person_that_matters_the_most_in/
2026-02-25T22:19:28+00:00,1rerpvn,AskReddit,5.28,2,3,1.0,https://www.reddit.com/r/AskReddit/comments/1rerpvn/what_is_one_of_your_favourite_film_plots/
2026-02-25T22:19:28+00:00,1rerpij,AskReddit,5.7,1,1,1.0,https://www.reddit.com/r/AskReddit/comments/1rerpij/whats_the_most_unconventional_job_youve_worked_at/
2026-02-25T22:19:28+00:00,1rerp6u,AskReddit,6.05,1,2,1.0,https://www.reddit.com/r/AskReddit/comments/1rerp6u/which_specific_brand_or_product_that_you_have/
2026-02-25T22:19:28+00:00,1rerp3n,AskReddit,6.12,1,3,1.0,https://www.reddit.com/r/AskReddit/comments/1rerp3n/what_would_be_your_ideal_first_date/
2026-02-25T22:19:28+00:00,1rerpym,aww,5.2,1,0,0.67,https://www.reddit.com/r/aww/comments/1rerpym/hes_not_thrilled_about_the_new_hat_but_he_looks/
2026-02-25T22:19:28+00:00,1rerovo,movies,6.35,2,1,0.62,https://www.reddit.com/r/movies/comments/1rerovo/stranger_than_fiction_2006/
2026-02-25T22:19:28+00:00,1reqcwt,AskReddit,55.77,0,8,0.4,https://www.reddit.com/r/AskReddit/comments/1reqcwt/what_food_combinations_are_surprisingly_really/
2026-02-25T22:19:38+00:00,1req337,AskReddit,65.9,1,2,0.67,https://www.reddit.com/r/AskReddit/comments/1req337/what_is_the_most_creative_way_someone_has_told/
2026-02-25T22:19:38+00:00,1reqm95,AskReddit,46.22,0,6,0.33,https://www.reddit.com/r/AskReddit/comments/1reqm95/whats_an_average_skill_that_can_turn_into_serious/
2026-02-25T22:19:38+00:00,1req2oh,AskReddit,66.33,2,6,0.75,https://www.reddit.com/r/AskReddit/comments/1req2oh/whats_one_piece_of_advice_youd_take_to_the_grave/
2026-02-25T22:19:38+00:00,1reqd0p,AskReddit,55.8,7,13,1.0,https://www.reddit.com/r/AskReddit/comments/1reqd0p/what_is_the_most_tactless_question_youve_heard/
2026-02-25T22:19:48+00:00,1reqwsq,movies,35.45,0,32,0.44,https://www.reddit.com/r/movies/comments/1reqwsq/the_best_notamerican_movies_you_would_always/
2026-02-25T22:19:53+00:00,1rep989,AskReddit,96.47,20,153,0.88,https://www.reddit.com/r/AskReddit/comments/1rep989/whats_a_single_sentence_someone_said_that_youve/
2026-02-25T22:19:53+00:00,1reqw7w,AskReddit,36.17,2,1,1.0,https://www.reddit.com/r/AskReddit/comments/1reqw7w/people_who_dated_the_most_popular_person_in_their/
2026-02-25T22:19:53+00:00,1reqws9,movies,35.55,0,0,0.33,https://www.reddit.com/r/movies/comments/1reqws9/rewatched_spielbergs_west_side_story_at_school/
2026-02-25T22:19:53+00:00,1reqwyk,memes,35.37,6,0,1.0,https://www.reddit.com/r/memes/comments/1reqwyk/why_the_rage_bait_reddit_why/
2026-02-25T22:19:53+00:00,1reqwxi,AskReddit,35.4,2,4,1.0,https://www.reddit.com/r/AskReddit/comments/1reqwxi/whats_the_creepiest_thing_a_child_has_ever_said/
2026-02-25T22:19:53+00:00,1repa1r,AskReddit,95.63,0,23,0.2,https://www.reddit.com/r/AskReddit/comments/1repa1r/with_how_unpopular_lgbtq_policies_are_should/
2026-02-25T22:19:58+00:00,1reqmdh,AskReddit,46.43,3,22,0.71,https://www.reddit.com/r/AskReddit/comments/1reqmdh/how_do_you_think_the_internet_is_different_today/
2026-02-25T22:19:58+00:00,1rer65t,AskReddit,26.02,0,0,0.5,https://www.reddit.com/r/AskReddit/comments/1rer65t/what_was_your_best_make_em_eat_their_words/
2026-02-25T22:19:58+00:00,1repa2w,AskReddit,95.68,2,6,0.76,https://www.reddit.com/r/AskReddit/comments/1repa2w/what_are_some_random_facts_not_many_people_know_of/
2026-02-25T22:19:58+00:00,1rep9nt,memes,96.1,14,1,0.95,https://www.reddit.com/r/memes/comments/1rep9nt/decisions_decisions/
2026-02-25T22:19:58+00:00,1rep9z2,AskReddit,95.78,3,9,1.0,https://www.reddit.com/r/AskReddit/comments/1rep9z2/what_is_the_craziest_thing_youve_overheard/
2026-02-25T22:19:58+00:00,1rep9yo,aww,95.8,84,2,0.99,https://www.reddit.com/r/aww/comments/1rep9yo/emma_the_bear/
2026-02-25T22:19:58+00:00,1reqwev,movies,36.03,0,1,0.5,https://www.reddit.com/r/movies/comments/1reqwev/which_of_these_movies_shot_in_the_southwest_would/
2026-02-25T22:20:03+00:00,1reqmic,AskReddit,46.4,0,12,0.5,https://www.reddit.com/r/AskReddit/comments/1reqmic/what_is_a_job_youd_do_for_free_even_if_you_were/
2026-02-25T22:20:03+00:00,1rer68e,AskReddit,26.03,38,70,0.91,https://www.reddit.com/r/AskReddit/comments/1rer68e/whats_something_that_gets_harder_instead_of/
2026-02-25T22:20:09+00:00,1rer6yv,AskReddit,25.32,0,6,0.5,https://www.reddit.com/r/AskReddit/comments/1rer6yv/would_you_still_marry_this_person_if_you_can_go/
2026-02-25T22:20:09+00:00,1rer642,movies,26.25,0,1,0.33,https://www.reddit.com/r/movies/comments/1rer642/is_there_an_high_quality_image_of_this_poster_of/
2026-02-25T22:20:09+00:00,1rer6lf,AskReddit,25.73,1,9,0.6,https://www.reddit.com/r/AskReddit/comments/1rer6lf/what_would_you_do_if_you_were_a_super_sayian/
2026-02-25T22:20:14+00:00,1rer6de,AskReddit,26.07,1,18,0.6,https://www.reddit.com/r/AskReddit/comments/1rer6de/what_to_do_before_turning_30/
2026-02-25T22:20:14+00:00,1rer6sj,Music,25.58,1,0,1.0,https://www.reddit.com/r/Music/comments/1rer6sj/blur_holding_on_for_tomorrow_britpop/
2026-02-25T22:20:14+00:00,1rerga5,AskReddit,15.88,4,8,1.0,https://www.reddit.com/r/AskReddit/comments/1rerga5/who_or_what_has_been_your_biggest_letdown_in_your/
2026-02-25T22:20:14+00:00,1rergv6,AskReddit,15.35,4,12,1.0,https://www.reddit.com/r/AskReddit/comments/1rergv6/what_would_be_your_thoughtsactions_if_you_found/
2026-02-25T22:20:14+00:00,1rergfo,AskReddit,15.75,4,11,1.0,https://www.reddit.com/r/AskReddit/comments/1rergfo/what_is_the_most_successful_pick_up_line_you_have/
2026-02-25T22:20:19+00:00,1rerg2y,AskReddit,16.15,3,3,1.0,https://www.reddit.com/r/AskReddit/comments/1rerg2y/whats_the_best_way_to_start_your_life_into/
2026-02-25T22:20:19+00:00,1req45b,funny,65.45,18,5,0.75,https://www.reddit.com/r/funny/comments/1req45b/grandma_sets_an_alarm/
2026-02-25T22:20:24+00:00,1reqdiq,AskReddit,55.97,1,7,0.67,https://www.reddit.com/r/AskReddit/comments/1reqdiq/what_do_you_understand_easily_that_others_usually/
2026-02-25T22:20:24+00:00,1req3yb,AskReddit,65.73,5,4,0.86,https://www.reddit.com/r/AskReddit/comments/1req3yb/should_professional_referees_have_to_do_postgame/
2026-02-25T22:20:24+00:00,1req3e2,AskReddit,66.37,2,21,0.75,https://www.reddit.com/r/AskReddit/comments/1req3e2/what_do_you_think_of_marriage/
2026-02-25T22:20:29+00:00,1rerqor,AskReddit,5.45,2,3,1.0,https://www.reddit.com/r/AskReddit/comments/1rerqor/whats_the_worst_day_of_your_life_and_why/
2026-02-25T22:20:29+00:00,1rerqok,AskReddit,5.47,4,7,1.0,https://www.reddit.com/r/AskReddit/comments/1rerqok/people_who_are_terrified_of_spiders_what_is_it/
2026-02-25T22:20:29+00:00,1rerq5v,AskReddit,6.0,2,2,1.0,https://www.reddit.com/r/AskReddit/comments/1rerq5v/what_are_the_current_safest_best_countries_to/
2026-02-25T22:20:29+00:00,1req468,AskReddit,65.6,1,6,0.67,https://www.reddit.com/r/AskReddit/comments/1req468/where_did_the_point_of_no_return_post_trend_on/
2026-02-25T22:20:39+00:00,1req3zn,AskReddit,65.95,1,20,0.6,https://www.reddit.com/r/AskReddit/comments/1req3zn/people_who_have_tasted_venison_whats_it_like_is/
2026-02-25T22:20:39+00:00,1reqdur,AskReddit,55.88,27,173,0.94,https://www.reddit.com/r/AskReddit/comments/1reqdur/what_was_something_that_ended_your_crush_on/
2026-02-25T22:20:39+00:00,1reqnwy,AskReddit,45.6,0,3,0.5,https://www.reddit.com/r/AskReddit/comments/1reqnwy/how_do_you_handle_tripsoutings_when_your_parent/
2026-02-25T22:20:39+00:00,1reqnl4,AskReddit,45.92,0,7,0.5,https://www.reddit.com/r/AskReddit/comments/1reqnl4/which_youtubers_do_you_watch/
2026-02-25T22:20:39+00:00,1req428,AskReddit,65.87,7,35,0.89,https://www.reddit.com/r/AskReddit/comments/1req428/do_you_have_a_person_in_your_life_who_sneezes_or/
2026-02-25T22:20:45+00:00,1reqnn4,AskReddit,45.97,0,0,0.5,https://www.reddit.com/r/AskReddit/comments/1reqnn4/whats_the_most_effective_way_to_find_paying/
2026-02-25T22:20:50+00:00,1reqx85,movies,36.07,1,1,0.67,https://www.reddit.com/r/movies/comments/1reqx85/dvds_are_the_new_vinyl_records_why_gen_z_is/
2026-02-25T22:20:50+00:00,1repar4,AskReddit,95.8,2,16,1.0,https://www.reddit.com/r/AskReddit/comments/1repar4/what_is_the_name_of_your_cat/
2026-02-25T22:20:50+00:00,1reqx4c,AskReddit,36.17,2,10,0.75,https://www.reddit.com/r/AskReddit/comments/1reqx4c/what_was_that_junk_food_you_liked_the_most_but/
2026-02-25T22:20:55+00:00,1reqxc4,AskReddit,36.03,33,26,0.88,https://www.reddit.com/r/AskReddit/comments/1reqxc4/how_would_you_feel_about_voting_in_an_election/
2026-02-25T22:21:00+00:00,1reqy2p,memes,35.35,6,1,0.88,https://www.reddit.com/r/memes/comments/1reqy2p/me_when_i_am_headbanging_in_my_room_to_metal_and/
2026-02-25T22:21:00+00:00,1reqy0w,AskReddit,35.4,2,8,1.0,https://www.reddit.com/r/AskReddit/comments/1reqy0w/whats_your_definition_of_a_cool_person_do_you/
2026-02-25T22:21:00+00:00,1reqxlx,Music,35.83,3,0,1.0,https://www.reddit.com/r/Music/comments/1reqxlx/social_distortions_mike_ness_on_kicking_cancer/
2026-02-25T22:21:05+00:00,1repaps,AskReddit,96.1,2,4,1.0,https://www.reddit.com/r/AskReddit/comments/1repaps/what_scifitv_show_has_the_most_alienlike/
2026-02-25T22:21:15+00:00,1req4vt,Music,65.65,9,1,1.0,https://www.reddit.com/r/Music/comments/1req4vt/they_might_be_giants_the_guitar_alt_rock/
2026-02-25T22:21:15+00:00,1req4x0,memes,65.62,12,3,0.87,https://www.reddit.com/r/memes/comments/1req4x0/the_only_ice_i_like_is_either_in_a_cooler_or/
2026-02-25T22:21:15+00:00,1rer7ki,gaming,25.8,4,27,0.83,https://www.reddit.com/r/gaming/comments/1rer7ki/what_video_game_weapon_or_armor_looks_cool_but/
2026-02-25T22:21:15+00:00,1rerhsn,AskReddit,15.38,34,8,1.0,https://www.reddit.com/r/AskReddit/comments/1rerhsn/what_is_something_that_happened_to_you_growing_up/
2026-02-25T22:21:15+00:00,1rerhsj,AskReddit,15.38,3,9,1.0,https://www.reddit.com/r/AskReddit/comments/1rerhsj/what_do_you_crave_badly_right_now/
2026-02-25T22:21:15+00:00,1rerhqv,AskReddit,15.43,1,3,1.0,https://www.reddit.com/r/AskReddit/comments/1rerhqv/what_is_the_best_airline_you_have_been_on/
2026-02-25T22:21:20+00:00,1rerhy4,AskReddit,15.32,1,5,1.0,https://www.reddit.com/r/AskReddit/comments/1rerhy4/people_in_a_relationship_who_is_the_designated/
2026-02-25T22:21:20+00:00,1rerhe5,AskReddit,15.9,1,2,1.0,https://www.reddit.com/r/AskReddit/comments/1rerhe5/who_would_you_want_to_be_reincarnated_as_in_the/
2026-02-25T22:21:20+00:00,1rerhug,aww,15.4,6,1,1.0,https://www.reddit.com/r/aww/comments/1rerhug/gretel_from_our_shelter_no_more_pj/
2026-02-25T22:21:26+00:00,1rerh5f,AskReddit,16.25,1,0,1.0,https://www.reddit.com/r/AskReddit/comments/1rerh5f/how_often_do_you_use_the_asoh_defense_the_asoh/
2026-02-25T22:21:26+00:00,1req4lf,AskReddit,66.12,3,1,1.0,https://www.reddit.com/r/AskReddit/comments/1req4lf/whats_the_best_example_of_steak_too_juicy_lobster/
2026-02-25T22:21:31+00:00,1rerrpw,AskReddit,5.35,1,3,1.0,https://www.reddit.com/r/AskReddit/comments/1rerrpw/what_happened_to_hannahowo_has_she_retired_after/
2026-02-25T22:21:31+00:00,1rerrij,AskReddit,5.57,2,9,1.0,https://www.reddit.com/r/AskReddit/comments/1rerrij/what_place_instantly_changes_your_mood_the_moment/
2026-02-25T22:21:31+00:00,1rerrd6,Music,5.75,1,0,1.0,https://www.reddit.com/r/Music/comments/1rerrd6/whats_up_with_paprika_parade/
2026-02-25T22:21:31+00:00,1req59c,AskReddit,65.53,2,5,1.0,https://www.reddit.com/r/AskReddit/comments/1req59c/serious_what_is_the_best_dating_app_for_longterm/
2026-02-25T22:21:31+00:00,1reqowh,AskReddit,45.45,2,2,0.75,https://www.reddit.com/r/AskReddit/comments/1reqowh/if_all_you_had_was_timehow_would_you_spend_it/
2026-02-25T22:21:40+00:00,1reqehu,AskReddit,56.27,3,42,0.71,https://www.reddit.com/r/AskReddit/comments/1reqehu/what_is_a_1010_non_alcoholic_drink/
2026-02-25T22:21:40+00:00,1req4ds,aww,66.57,18,0,1.0,https://www.reddit.com/r/aww/comments/1req4ds/from_pup_to_pooch_happy_4th_birthday_charlie_angel/
2026-02-25T22:21:51+00:00,1repc07,AskReddit,95.53,0,4,0.33,https://www.reddit.com/r/AskReddit/comments/1repc07/what_is_the_most_annoying_thing/
2026-02-25T22:21:56+00:00,1reqyr1,AskReddit,35.6,1,2,1.0,https://www.reddit.com/r/AskReddit/comments/1reqyr1/what_happened_to_that_megaman_x_explainer_guy/
2026-02-25T22:22:01+00:00,1reqyxd,AskReddit,35.5,3,17,1.0,https://www.reddit.com/r/AskReddit/comments/1reqyxd/whats_a_fair_amount_per_package_to_charge_for/
2026-02-25T22:22:06+00:00,1repbu9,AskReddit,95.95,2,4,1.0,https://www.reddit.com/r/AskReddit/comments/1repbu9/26_yo_leaving_corporate_what_are_some_tipsadvice/
2026-02-25T22:22:06+00:00,1req5l1,AskReddit,65.8,4,6,1.0,https://www.reddit.com/r/AskReddit/comments/1req5l1/what_is_a_ridiculously_insignificant_reason_you/
2026-02-25T22:22:11+00:00,1rer8vb,AskReddit,25.38,15,11,0.86,https://www.reddit.com/r/AskReddit/comments/1rer8vb/who_feels_tired_of_all_the_bots_on_this_subreddit/
2026-02-25T22:22:11+00:00,1rer8j0,gaming,25.73,0,0,0.2,https://www.reddit.com/r/gaming/comments/1rer8j0/i_wanted_to_leave_the_game_but_kept_fighting/
2026-02-25T22:22:11+00:00,1reqy73,Music,36.43,2,0,1.0,https://www.reddit.com/r/Music/comments/1reqy73/billy_idol_talks_rock_hall_nomination_new/
2026-02-25T22:22:26+00:00,1req5ds,AskReddit,66.33,4,22,1.0,https://www.reddit.com/r/AskReddit/comments/1req5ds/what_is_a_small_everyday_thing_that_irrationally/
2026-02-25T22:22:26+00:00,1reqfwm,aww,55.52,13,0,1.0,https://www.reddit.com/r/aww/comments/1reqfwm/my_dog_is_so_strange/
2026-02-25T22:22:26+00:00,1req5uz,AskReddit,65.88,0,41,0.44,https://www.reddit.com/r/AskReddit/comments/1req5uz/if_crime_is_legal_without_any_consequences_for/
2026-02-25T22:22:26+00:00,1rerin1,AskReddit,15.73,1,5,1.0,https://www.reddit.com/r/AskReddit/comments/1rerin1/how_will_the_lack_of_accountability_surrounding/
2026-02-25T22:22:26+00:00,1reqg1e,AskReddit,55.38,1,11,1.0,https://www.reddit.com/r/AskReddit/comments/1reqg1e/what_current_series_are_you_watching_that_youd/
2026-02-25T22:22:26+00:00,1rerikm,memes,15.8,1,1,1.0,https://www.reddit.com/r/memes/comments/1rerikm/punch/
2026-02-25T22:22:26+00:00,1reqfu4,gaming,55.6,0,8,0.33,https://www.reddit.com/r/gaming/comments/1reqfu4/not_a_fan_of_horror_games_playing_re2_remake_only/
2026-02-25T22:22:32+00:00,1reqfcs,AskReddit,56.2,0,1,0.33,https://www.reddit.com/r/AskReddit/comments/1reqfcs/what_do_you_think_guys_in_this_new_genz_world_are/
2026-02-25T22:22:32+00:00,1rersny,AskReddit,5.33,4,16,1.0,https://www.reddit.com/r/AskReddit/comments/1rersny/whats_your_favourite_fruit/
2026-02-25T22:22:32+00:00,1rerscm,AskReddit,5.65,1,1,1.0,https://www.reddit.com/r/AskReddit/comments/1rerscm/to_masc_gay_men_what_were_your_experiences_like/
2026-02-25T22:22:32+00:00,1rers1m,AskReddit,6.02,0,7,0.5,https://www.reddit.com/r/AskReddit/comments/1rers1m/assuming_the_opposite_of_love_is_apathy_what/
2026-02-25T22:22:32+00:00,1rerrus,AskReddit,6.23,1,4,1.0,https://www.reddit.com/r/AskReddit/comments/1rerrus/who_did_you_lose_your_virginity_with_for_the/
2026-02-25T22:22:32+00:00,1rersaw,memes,5.7,0,1,0.5,https://www.reddit.com/r/memes/comments/1rersaw/ive_been_putting_everyone_whos_put_hate_comments/
2026-02-25T22:22:32+00:00,1req62c,funny,65.8,92,5,0.96,https://www.reddit.com/r/funny/comments/1req62c/inflation_sushi/
2026-02-25T22:22:32+00:00,1reqfc7,AskReddit,56.22,2,2,1.0,https://www.reddit.com/r/AskReddit/comments/1reqfc7/whats_a_small_boundary_that_improved_your_life/
2026-02-25T22:22:32+00:00,1rericw,AskReddit,16.12,2,17,1.0,https://www.reddit.com/r/AskReddit/comments/1rericw/whats_something_you_have_absolutely_no_patience/
2026-02-25T22:22:32+00:00,1reriws,aww,15.55,4,0,1.0,https://www.reddit.com/r/aww/comments/1reriws/empezando_la_posición_de_yoga_de_las_tardes/
2026-02-25T22:22:32+00:00,1reqfjg,AskReddit,56.0,0,4,0.5,https://www.reddit.com/r/AskReddit/comments/1reqfjg/what_are_the_main_things_people_should_learn/
2026-02-25T22:22:41+00:00,1req688,movies,65.78,0,16,0.29,https://www.reddit.com/r/movies/comments/1req688/bourne_again/
2026-02-25T22:22:41+00:00,1reizy9,movies,317.6,12,6,0.64,https://www.reddit.com/r/movies/comments/1reizy9/pretty_lethal_official_trailer_prime_video/
2026-02-25T22:22:41+00:00,1reqfvs,AskReddit,55.8,0,7,0.5,https://www.reddit.com/r/AskReddit/comments/1reqfvs/whats_the_most_unexpected_side_effect_of_turning/
2026-02-25T22:22:41+00:00,1reqfm1,AskReddit,56.08,2,30,0.63,https://www.reddit.com/r/AskReddit/comments/1reqfm1/whats_the_wildest_place_youve_ever_hooked_up/
2026-02-25T22:22:41+00:00,1reqq22,AskReddit,45.42,1,4,1.0,https://www.reddit.com/r/AskReddit/comments/1reqq22/how_do_you_make_that_edit_thats_like_someone/
2026-02-25T22:22:46+00:00,1repcpj,AskReddit,95.75,3,5,1.0,https://www.reddit.com/r/AskReddit/comments/1repcpj/what_are_the_small_signs_that_make_you_realize_a/
2026-02-25T22:22:46+00:00,1repcz3,AskReddit,95.47,4,23,0.83,https://www.reddit.com/r/AskReddit/comments/1repcz3/how_do_u_deal_with_overthinking_about_some_one/
2026-02-25T22:22:51+00:00,1repccn,AskReddit,96.18,1,12,0.57,https://www.reddit.com/r/AskReddit/comments/1repccn/whats_the_secret_to_lasting_long_during_sex/
2026-02-25T22:22:57+00:00,1rer014,AskReddit,35.3,0,2,0.4,https://www.reddit.com/r/AskReddit/comments/1rer014/what_is_the_small_thing_that_happens_every_day/
2026-02-25T22:22:57+00:00,1reqzm1,AskReddit,35.77,1,1,0.67,https://www.reddit.com/r/AskReddit/comments/1reqzm1/ladies_do_you_ever_get_random_hair_shedding_days/
2026-02-25T22:22:57+00:00,1repcfx,AskReddit,96.2,1,4,0.53,https://www.reddit.com/r/AskReddit/comments/1repcfx/how_can_one_increase_the_karma/
2026-02-25T22:22:57+00:00,1reqpjr,AskReddit,46.22,1,7,0.67,https://www.reddit.com/r/AskReddit/comments/1reqpjr/what_is_the_largest_amount_of_money_you_ever/
2026-02-25T22:23:02+00:00,1reqz5v,Music,36.28,2,0,1.0,https://www.reddit.com/r/Music/comments/1reqz5v/gene_vincent_cat_man_rock_1957/
2026-02-25T22:23:02+00:00,1reqzey,AskReddit,36.03,1,4,0.67,https://www.reddit.com/r/AskReddit/comments/1reqzey/when_will_james_talarico_and_jasmine_crockett/
2026-02-25T22:23:02+00:00,1reqzgf,AskReddit,36.0,1,3,0.67,https://www.reddit.com/r/AskReddit/comments/1reqzgf/whats_a_career_that_is_more_lucrative_and/
2026-02-25T22:23:02+00:00,1repd1j,worldnews,95.68,400,86,0.93,https://www.reddit.com/r/worldnews/comments/1repd1j/us_to_allow_resale_of_venezuelan_oil_to_cuba/
2026-02-25T22:23:12+00:00,1reqzhp,AskReddit,36.12,1,0,0.67,https://www.reddit.com/r/AskReddit/comments/1reqzhp/what_do_you_wish_more_people_understood_about/
2026-02-25T22:23:17+00:00,1rer9ov,aww,25.58,7,0,1.0,https://www.reddit.com/r/aww/comments/1rer9ov/batman_knows_all_your_dirty_sins/
2026-02-25T22:23:17+00:00,1rerj6i,AskReddit,16.05,1,4,1.0,https://www.reddit.com/r/AskReddit/comments/1rerj6i/what_difference_does_it_make_where_covid_came_from/
2026-02-25T22:23:17+00:00,1reqgiv,aww,55.75,12,1,0.93,https://www.reddit.com/r/aww/comments/1reqgiv/didnt_realize_she_was_actually_stuck_in_this/
2026-02-25T22:23:17+00:00,1reqgx7,AskReddit,55.37,0,6,0.5,https://www.reddit.com/r/AskReddit/comments/1reqgx7/if_humans_suddenly_lost_the_ability_to_feel/
2026-02-25T22:23:17+00:00,1rerjow,movies,15.5,2,2,0.67,https://www.reddit.com/r/movies/comments/1rerjow/michelle_yeoh_stars_in_sandiwara_a_new_short_film/
2026-02-25T22:23:22+00:00,1rerj8l,AskReddit,16.07,1,6,1.0,https://www.reddit.com/r/AskReddit/comments/1rerj8l/how_likely_is_a_united_states_war_with_iran_what/
2026-02-25T22:23:22+00:00,1rerjck,AskReddit,15.95,2,13,1.0,https://www.reddit.com/r/AskReddit/comments/1rerjck/what_behaviour_instantly_makes_you_trust_someone/
2026-02-25T22:23:22+00:00,1rerjbr,AskReddit,15.97,2,2,1.0,https://www.reddit.com/r/AskReddit/comments/1rerjbr/what_is_your_most_embarrassing_story_about/
2026-02-25T22:23:22+00:00,1req71k,AskReddit,65.6,0,14,0.5,https://www.reddit.com/r/AskReddit/comments/1req71k/what_is_the_craziest_thing_that_you_have_read_in/
2026-02-25T22:23:27+00:00,1reqgga,todayilearned,56.0,19,7,0.73,https://www.reddit.com/r/todayilearned/comments/1reqgga/til_when_jerry_seinfeld_was_38_he_openly_dated_a/
2026-02-25T22:23:27+00:00,1req6te,AskReddit,65.92,0,5,0.33,https://www.reddit.com/r/AskReddit/comments/1req6te/what_are_your_thoughts_on_men_that_pull_their/
2026-02-25T22:23:32+00:00,1req6e3,funny,66.47,38,8,0.77,https://www.reddit.com/r/funny/comments/1req6e3/agghh_lemme_just_put_it_back_again/
2026-02-25T22:23:32+00:00,1req6sv,AskReddit,66.02,1,9,0.67,https://www.reddit.com/r/AskReddit/comments/1req6sv/what_are_some_bad_male_names/
2026-02-25T22:23:32+00:00,1reqqig,AskReddit,45.82,6,13,1.0,https://www.reddit.com/r/AskReddit/comments/1reqqig/whats_a_thing_that_shouldnt_but_made_you_feel/
2026-02-25T22:23:32+00:00,1rertfc,AskReddit,5.52,2,2,1.0,https://www.reddit.com/r/AskReddit/comments/1rertfc/whats_something_society_considers_weird_but_is/
2026-02-25T22:23:32+00:00,1rertc7,AskReddit,5.62,1,4,1.0,https://www.reddit.com/r/AskReddit/comments/1rertc7/what_is_the_best_way_for_a_20_year_old_female_to/
2026-02-25T22:23:43+00:00,1reqgzn,AskReddit,55.73,2,1,1.0,https://www.reddit.com/r/AskReddit/comments/1reqgzn/what_is_the_most_funniest_incident_which_happened/
2026-02-25T22:23:43+00:00,1reqgw9,AskReddit,55.82,2,5,1.0,https://www.reddit.com/r/AskReddit/comments/1reqgw9/what_are_some_lesser_known_undisclosed_realities/
2026-02-25T22:23:43+00:00,1reqh3z,aww,55.63,13,2,0.93,https://www.reddit.com/r/aww/comments/1reqh3z/my_friends_cat_looks_adorable/
2026-02-25T22:23:43+00:00,1req76z,science,65.82,29,5,0.83,https://www.reddit.com/r/science/comments/1req76z/animals_perception_of_time_is_linked_to_the_pace/
2026-02-25T22:23:43+00:00,1reqqyv,AskReddit,45.52,1,13,0.67,https://www.reddit.com/r/AskReddit/comments/1reqqyv/what_is_a_poor_person_meal_that_you_still_eat/
2026-02-25T22:23:43+00:00,1reqqho,AskReddit,46.02,1,3,0.6,https://www.reddit.com/r/AskReddit/comments/1reqqho/whats_was_something_you_thought_was_normal_until/
2026-02-25T22:23:43+00:00,1reqgh1,AskReddit,56.23,20,27,1.0,https://www.reddit.com/r/AskReddit/comments/1reqgh1/what_is_the_dumbest_thing_youve_done_for_a_girl/
2026-02-25T22:23:43+00:00,1reqqdo,AskReddit,46.13,0,0,0.5,https://www.reddit.com/r/AskReddit/comments/1reqqdo/women_in_long_term_relationships_how_did_you_know/
2026-02-25T22:23:48+00:00,1reqq99,AskReddit,46.33,0,11,0.5,https://www.reddit.com/r/AskReddit/comments/1reqq99/what_makes_you_happy/
2026-02-25T22:23:58+00:00,1rer0vu,AskReddit,35.47,0,4,0.4,https://www.reddit.com/r/AskReddit/comments/1rer0vu/given_they_only_know_the_basics_what_would_be_a/
2026-02-25T22:24:03+00:00,1rer0b0,AskReddit,36.12,3,12,0.71,https://www.reddit.com/r/AskReddit/comments/1rer0b0/what_is_some_situation_that_always_happen_to_you/
2026-02-25T22:24:18+00:00,1reralf,AskReddit,25.67,0,5,0.5,https://www.reddit.com/r/AskReddit/comments/1reralf/how_did_you_find_your_first_paying_clients_and/
2026-02-25T22:24:18+00:00,1rerki4,AskReddit,15.7,0,20,0.5,https://www.reddit.com/r/AskReddit/comments/1rerki4/how_should_a_man_with_a_very_below_average_penis/
2026-02-25T22:24:18+00:00,1rerkif,AskReddit,15.68,2,6,1.0,https://www.reddit.com/r/AskReddit/comments/1rerkif/serious_men_of_reddit_what_is_something_a_lot_of/
2026-02-25T22:24:24+00:00,1rerk3z,AskReddit,16.18,2,5,1.0,https://www.reddit.com/r/AskReddit/comments/1rerk3z/high_school_and_college_students_what_percentage/
2026-02-25T22:24:24+00:00,1rerktw,movies,15.43,1,0,1.0,https://www.reddit.com/r/movies/comments/1rerktw/describe_your_performance_in_one_word/
2026-02-25T22:24:34+00:00,1req7og,AskReddit,66.2,3,13,0.8,https://www.reddit.com/r/AskReddit/comments/1req7og/have_you_ever_had_a_near_death_experience_and_if/
2026-02-25T22:24:34+00:00,1reqhng,AskReddit,55.93,3,16,1.0,https://www.reddit.com/r/AskReddit/comments/1reqhng/fellow_depressed_and_people_with_harsh_anxiety/
2026-02-25T22:24:34+00:00,1reqhca,AskReddit,56.23,3,1,0.8,https://www.reddit.com/r/AskReddit/comments/1reqhca/have_you_ever_said_no_to_a_proposal_and_if_you/
2026-02-25T22:24:34+00:00,1reruj9,AskReddit,5.43,1,3,1.0,https://www.reddit.com/r/AskReddit/comments/1reruj9/what_occupation_do_you_think_is_way_better_than/
2026-02-25T22:24:34+00:00,1reru78,AskReddit,5.78,2,7,1.0,https://www.reddit.com/r/AskReddit/comments/1reru78/whats_a_side_hustle_that_has_made_you_a_good/
2026-02-25T22:24:34+00:00,1rertzs,AskReddit,5.97,1,2,1.0,https://www.reddit.com/r/AskReddit/comments/1rertzs/whats_a_habit_you_never_questioned_until_someone/
2026-02-25T22:24:34+00:00,1rerty0,AskReddit,6.02,1,1,1.0,https://www.reddit.com/r/AskReddit/comments/1rerty0/last_night_in_the_sotu_trump_said_voting_is_a/
2026-02-25T22:24:34+00:00,1reru8r,Music,5.73,1,0,1.0,https://www.reddit.com/r/Music/comments/1reru8r/missing_persons_destination_unknown_synthpop/
2026-02-25T22:24:43+00:00,1reqhzq,AskReddit,55.72,0,10,0.33,https://www.reddit.com/r/AskReddit/comments/1reqhzq/popular_girls_whats_the_best_sprayperfume/
2026-02-25T22:24:43+00:00,1reqryw,memes,45.47,6,1,1.0,https://www.reddit.com/r/memes/comments/1reqryw/quite_the_damp_patch/
2026-02-25T22:24:48+00:00,1reqs41,AskReddit,45.4,1,20,0.67,https://www.reddit.com/r/AskReddit/comments/1reqs41/whats_a_clear_sign_that_someone_is_not_a_good/
2026-02-25T22:24:54+00:00,1repeol,AskReddit,95.88,0,5,0.5,https://www.reddit.com/r/AskReddit/comments/1repeol/whats_the_strangest_or_most_embarrassing_thing/
2026-02-25T22:24:54+00:00,1reqrr4,AskReddit,45.88,1,1,0.67,https://www.reddit.com/r/AskReddit/comments/1reqrr4/whats_the_biggest_moneymaker_youve_ever_resold/
2026-02-25T22:24:54+00:00,1reqr8a,AskReddit,46.42,3,13,0.8,https://www.reddit.com/r/AskReddit/comments/1reqr8a/how_would_you_get_one_million_people_to_give_you/
2026-02-25T22:24:54+00:00,1req7o6,memes,66.53,4,1,0.75,https://www.reddit.com/r/memes/comments/1req7o6/hes_not_just_in_the_files_hes_everyehere/
2026-02-25T22:24:59+00:00,1reqrkr,AskReddit,46.15,0,5,0.5,https://www.reddit.com/r/AskReddit/comments/1reqrkr/whats_the_most_dangerous_thing_youve_ever_done/
2026-02-25T22:24:59+00:00,1reqrub,Music,45.87,1,0,1.0,https://www.reddit.com/r/Music/comments/1reqrub/help_i_need_help/
2026-02-25T22:25:09+00:00,1rer1iv,AskReddit,35.98,0,4,0.5,https://www.reddit.com/r/AskReddit/comments/1rer1iv/what_makes_certain_scandals_stay_in_public/
2026-02-25T22:25:14+00:00,1rerblm,AskReddit,25.5,1,11,0.67,https://www.reddit.com/r/AskReddit/comments/1rerblm/whats_a_skill_thats_becoming_rare_because/
2026-02-25T22:25:14+00:00,1rerbd9,AskReddit,25.73,0,0,0.5,https://www.reddit.com/r/AskReddit/comments/1rerbd9/what_was_this_movie_called_girl_moves_in_with/
2026-02-25T22:25:14+00:00,1rerbop,Music,25.42,0,0,0.5,https://www.reddit.com/r/Music/comments/1rerbop/goldie_lookin_chain_the_middle_of_lidl_rap/
2026-02-25T22:25:14+00:00,1rer21d,AskReddit,35.55,0,1,0.33,https://www.reddit.com/r/AskReddit/comments/1rer21d/whats_one_thing_you_know_society_pressures_you/
2026-02-25T22:25:19+00:00,1rerlb7,AskReddit,15.78,0,6,0.5,https://www.reddit.com/r/AskReddit/comments/1rerlb7/how_did_harambes_code_written_nearly_4000_years/
2026-02-25T22:25:19+00:00,1rerlbt,memes,15.78,3,2,0.8,https://www.reddit.com/r/memes/comments/1rerlbt/im_with_the_cat/
2026-02-25T22:25:19+00:00,1rerb1k,memes,26.2,7,1,0.82,https://www.reddit.com/r/memes/comments/1rerb1k/reddit_girlfriend/
2026-02-25T22:25:19+00:00,1rerbnm,todayilearned,25.53,686,66,0.93,https://www.reddit.com/r/todayilearned/comments/1rerbnm/til_ben_shapiro_and_mara_wilson_matilda_mrs/
2026-02-25T22:25:24+00:00,1rerlai,memes,15.9,0,0,0.5,https://www.reddit.com/r/memes/comments/1rerlai/kuchitamatchi_is_judging_you/
2026-02-25T22:25:24+00:00,1rerlu6,AskReddit,15.32,2,7,1.0,https://www.reddit.com/r/AskReddit/comments/1rerlu6/whats_a_good_reason_or_your_reason_to_keep_going/
2026-02-25T22:25:29+00:00,1rerlt0,movies,15.43,3,0,0.67,https://www.reddit.com/r/movies/comments/1rerlt0/baz_luhrmann_says_filming_australia_was_the_most/
2026-02-25T22:25:35+00:00,1req8n7,aww,66.28,134,6,0.99,https://www.reddit.com/r/aww/comments/1req8n7/the_reason_my_phone_storage_is_full/
2026-02-25T22:25:35+00:00,1reqis6,AskReddit,55.75,4,19,0.83,https://www.reddit.com/r/AskReddit/comments/1reqis6/serious_what_is_astroturfing/
2026-02-25T22:25:35+00:00,1repfjq,AskReddit,95.7,8,17,0.91,https://www.reddit.com/r/AskReddit/comments/1repfjq/what_your_worstbest_experience_with_online_friends/
2026-02-25T22:25:35+00:00,1rervdu,AskReddit,5.57,2,6,1.0,https://www.reddit.com/r/AskReddit/comments/1rervdu/whats_the_one_thing_that_completely_changed_your/
2026-02-25T22:25:35+00:00,1rerv2f,AskReddit,5.88,1,2,1.0,https://www.reddit.com/r/AskReddit/comments/1rerv2f/what_is_your_opinion_of_the_usa_mens_hockey_team/
2026-02-25T22:25:35+00:00,1reruzt,AskReddit,5.97,1,10,1.0,https://www.reddit.com/r/AskReddit/comments/1reruzt/what_becomes_harder_once_you_grow_up/
2026-02-25T22:25:35+00:00,1rerut9,aww,6.17,2,0,1.0,https://www.reddit.com/r/aww/comments/1rerut9/someones_hungry_he_eats_like_he_hasnt_been_fed_in/
2026-02-25T22:25:35+00:00,1reruvb,memes,6.1,3,0,1.0,https://www.reddit.com/r/memes/comments/1reruvb/i_love_spicy_food_but_not_when_i_get_hiccups/
2026-02-25T22:25:44+00:00,1reqj4q,AskReddit,55.53,2,13,0.75,https://www.reddit.com/r/AskReddit/comments/1reqj4q/your_favorite_celebrity_in_right_in_front_of_you/
2026-02-25T22:25:44+00:00,1reqj36,AskReddit,55.58,2,5,0.75,https://www.reddit.com/r/AskReddit/comments/1reqj36/what_was_suspiciously_easy/
2026-02-25T22:25:49+00:00,1reqsno,movies,45.82,936,130,0.98,https://www.reddit.com/r/movies/comments/1reqsno/paramount_posts_q4_loss_of_573_million/
2026-02-25T22:25:49+00:00,1reqsqr,Music,45.73,3,1,1.0,https://www.reddit.com/r/Music/comments/1reqsqr/the_cure_a_chain_of_flowers_rock/
2026-02-25T22:25:59+00:00,1req91m,AskReddit,66.33,0,17,0.33,https://www.reddit.com/r/AskReddit/comments/1req91m/what_does_it_mean_if_exes_keep_making_eye_contact/
2026-02-25T22:25:59+00:00,1reqsg1,AskReddit,46.23,1,2,1.0,https://www.reddit.com/r/AskReddit/comments/1reqsg1/travelers_of_reddit_whats_the_most_unexpected_or/
2026-02-25T22:25:59+00:00,1reqs8f,AskReddit,46.45,2,5,1.0,https://www.reddit.com/r/AskReddit/comments/1reqs8f/how_do_you_feel_about_the_current_state_of_ticket/
2026-02-25T22:25:59+00:00,1rer31n,AskReddit,35.28,0,7,0.33,https://www.reddit.com/r/AskReddit/comments/1rer31n/can_something_be_aesthetically_gay_how/
2026-02-25T22:25:59+00:00,1rer2xi,AskReddit,35.4,1,3,0.6,https://www.reddit.com/r/AskReddit/comments/1rer2xi/whats_your_craziest_drunk_story/
2026-02-25T22:26:05+00:00,1repfh5,AskReddit,96.28,5,15,1.0,https://www.reddit.com/r/AskReddit/comments/1repfh5/whats_a_trend_that_needs_to_disappear_already/
2026-02-25T22:26:05+00:00,1rer2nf,AskReddit,35.8,0,10,0.4,https://www.reddit.com/r/AskReddit/comments/1rer2nf/what_is_your_favorite_thing_to_do/
2026-02-25T22:26:10+00:00,1repfps,AskReddit,96.12,1,5,1.0,https://www.reddit.com/r/AskReddit/comments/1repfps/if_your_thoughts_made_sound_effects_what_noises/
2026-02-25T22:26:10+00:00,1repf6e,memes,96.65,30,3,0.94,https://www.reddit.com/r/memes/comments/1repf6e/where_dreams_go_to_die/
2026-02-25T22:26:15+00:00,1rerbwg,todayilearned,26.2,5,3,0.73,https://www.reddit.com/r/todayilearned/comments/1rerbwg/til_that_over_a_period_of_several_years_starting/
2026-02-25T22:26:15+00:00,1rercqf,Music,25.42,1,0,1.0,https://www.reddit.com/r/Music/comments/1rercqf/i_cant_find_this_song_i_want/
2026-02-25T22:26:30+00:00,1reqac0,AskReddit,65.53,0,2,0.5,https://www.reddit.com/r/AskReddit/comments/1reqac0/what_will_the_consequences_be_for_muskpacs/
2026-02-25T22:26:30+00:00,1rermuu,AskReddit,15.38,2,5,1.0,https://www.reddit.com/r/AskReddit/comments/1rermuu/what_seemed_completely_normal_as_a_child_but_now/
2026-02-25T22:26:30+00:00,1rermpl,AskReddit,15.53,2,1,1.0,https://www.reddit.com/r/AskReddit/comments/1rermpl/whats_one_boring_career_thats_actually_a_goldmine/
2026-02-25T22:26:35+00:00,1reqjdq,AskReddit,56.13,0,4,0.4,https://www.reddit.com/r/AskReddit/comments/1reqjdq/with_the_scale_being_010_0_being_a_verbal_insult/
2026-02-25T22:26:35+00:00,1reqk47,AskReddit,55.37,0,4,0.5,https://www.reddit.com/r/AskReddit/comments/1reqk47/whats_your_oddest_experience/
2026-02-25T22:26:45+00:00,1reqk3v,AskReddit,55.55,0,5,0.5,https://www.reddit.com/r/AskReddit/comments/1reqk3v/whats_one_move_in_bed_that_makes_anyone_go_crazy/
2026-02-25T22:26:45+00:00,1rerw9w,worldnews,5.77,10,2,1.0,https://www.reddit.com/r/worldnews/comments/1rerw9w/trump_hits_iran_with_new_sanctions_ahead_of/
2026-02-25T22:26:45+00:00,1rerw6t,memes,5.88,2,0,1.0,https://www.reddit.com/r/memes/comments/1rerw6t/sssshhh_zip_it/
2026-02-25T22:26:45+00:00,1reqahx,worldnews,65.62,116,13,0.97,https://www.reddit.com/r/worldnews/comments/1reqahx/iceland_to_hold_eu_referendum_in_the_coming/
2026-02-25T22:26:45+00:00,1reqjwe,AskReddit,55.75,2,8,1.0,https://www.reddit.com/r/AskReddit/comments/1reqjwe/how_seriously_do_you_take_someones_musical_tastes/
2026-02-25T22:26:45+00:00,1reqtsx,AskReddit,45.57,0,46,0.45,https://www.reddit.com/r/AskReddit/comments/1reqtsx/what_is_the_meaning_of_having_a_womans_body_if_we/
2026-02-25T22:26:45+00:00,1reqk7z,memes,55.43,0,9,0.31,https://www.reddit.com/r/memes/comments/1reqk7z/oh_no_ai_anyway/
2026-02-25T22:26:45+00:00,1reqtnz,AskReddit,45.7,2,4,1.0,https://www.reddit.com/r/AskReddit/comments/1reqtnz/30_minutes_on_twitter_x_and_its_soul_destroying/
2026-02-25T22:26:50+00:00,1reqtqo,AskReddit,45.7,1,3,1.0,https://www.reddit.com/r/AskReddit/comments/1reqtqo/what_was_your_gut_feeling_that_saved_you/
2026-02-25T22:26:50+00:00,1repg3i,AskReddit,96.38,3,9,1.0,https://www.reddit.com/r/AskReddit/comments/1repg3i/what_social_norm_actually_harms_people_more_than/
2026-02-25T22:26:50+00:00,1repghl,Music,95.98,120,51,0.81,https://www.reddit.com/r/Music/comments/1repghl/sum_41_fatlip_punk/
2026-02-25T22:26:55+00:00,1req9rc,AskReddit,66.53,1,11,0.67,https://www.reddit.com/r/AskReddit/comments/1req9rc/whats_a_movie_thats_truly_made_you_cry/
2026-02-25T22:26:55+00:00,1reqtid,Music,46.02,10,2,0.81,https://www.reddit.com/r/Music/comments/1reqtid/singer_d4vd_is_target_of_los_angeles_grand_jury/
2026-02-25T22:26:55+00:00,1repg5z,AskReddit,96.42,2,18,0.63,https://www.reddit.com/r/AskReddit/comments/1repg5z/what_was_the_last_emoji_you_used/
2026-02-25T22:27:00+00:00,1reqtjx,AskReddit,46.07,0,3,0.5,https://www.reddit.com/r/AskReddit/comments/1reqtjx/what_are_the_best_sites_etc_to_sign_someones/
2026-02-25T22:27:00+00:00,1reqtub,AskReddit,45.77,103,219,0.99,https://www.reddit.com/r/AskReddit/comments/1reqtub/whats_something_harmless_that_gets_people_weirdly/
2026-02-25T22:27:00+00:00,1rer3jt,AskReddit,35.73,0,2,0.5,https://www.reddit.com/r/AskReddit/comments/1rer3jt/how_do_you_think_we_will_pay_for_things_when_we/
2026-02-25T22:27:00+00:00,1rer43m,worldnews,35.22,65,26,0.8,https://www.reddit.com/r/worldnews/comments/1rer43m/rubio_boosts_dictator_orbáns_bid_for_another_term/
2026-02-25T22:27:00+00:00,1reqtem,AskReddit,46.2,0,4,0.5,https://www.reddit.com/r/AskReddit/comments/1reqtem/what_makes_you_the_most_horny/
2026-02-25T22:27:05+00:00,1repgrq,AskReddit,95.93,1,7,0.67,https://www.reddit.com/r/AskReddit/comments/1repgrq/has_your_partner_ever_emotionally_cheated_on_you/
2026-02-25T22:27:05+00:00,1rer3yk,AskReddit,35.42,0,4,0.5,https://www.reddit.com/r/AskReddit/comments/1rer3yk/what_songs_got_better_with_age/
2026-02-25T22:27:11+00:00,1repgpo,science,96.08,52,3,0.95,https://www.reddit.com/r/science/comments/1repgpo/toxic_waste_from_screens_ends_up_in_endangered/
2026-02-25T22:27:11+00:00,1rerdrl,Music,25.32,0,4,0.34,https://www.reddit.com/r/Music/comments/1rerdrl/kurt_cobains_1994_death_alleged_homicide_by/
2026-02-25T22:27:16+00:00,1rerdn2,Music,25.52,1,0,1.0,https://www.reddit.com/r/Music/comments/1rerdn2/lol_self_promotion_ethical_ai_contains_link_to/
2026-02-25T22:27:16+00:00,1rerdsh,AskReddit,25.37,1,2,1.0,https://www.reddit.com/r/AskReddit/comments/1rerdsh/what_do_you_think_would_be_more_devastating/
2026-02-25T22:27:16+00:00,1rerd38,AskReddit,26.08,2,2,0.75,https://www.reddit.com/r/AskReddit/comments/1rerd38/what_is_the_most_ignorant_opinion_you_truly/
2026-02-25T22:27:16+00:00,1rerdhd,memes,25.68,12,1,1.0,https://www.reddit.com/r/memes/comments/1rerdhd/i_forgorrr/
2026-02-25T22:27:16+00:00,1rerdar,AskReddit,25.85,0,3,0.5,https://www.reddit.com/r/AskReddit/comments/1rerdar/do_you_think_kissing_in_public_is_normal_or_weird/
2026-02-25T22:27:16+00:00,1rerd10,AskReddit,26.15,0,3,0.5,https://www.reddit.com/r/AskReddit/comments/1rerd10/what_app_do_you_highly_recommend/
2026-02-25T22:27:21+00:00,1rerncr,AskReddit,15.75,0,7,0.25,https://www.reddit.com/r/AskReddit/comments/1rerncr/girl_to_girl_lets_not_gatekeep_whats_a_feminine/
2026-02-25T22:27:21+00:00,1rernml,AskReddit,15.45,1,1,1.0,https://www.reddit.com/r/AskReddit/comments/1rernml/serious_redditors_that_workuse_to_work_in_retail/
2026-02-25T22:27:26+00:00,1rerna5,aww,15.9,7,0,1.0,https://www.reddit.com/r/aww/comments/1rerna5/these_girls_love_each_other_so_much/
2026-02-25T22:27:26+00:00,1rerdd1,AskReddit,25.97,0,4,0.4,https://www.reddit.com/r/AskReddit/comments/1rerdd1/how_do_you_tell_a_woman_to_calm_down_and_that_she/
2026-02-25T22:27:26+00:00,1reoraf,funny,122.7,84,12,0.85,https://www.reddit.com/r/funny/comments/1reoraf/these_are_notoriously_difficult_to_figure_out/
2026-02-25T22:27:31+00:00,1reqbez,AskReddit,65.45,0,14,0.25,https://www.reddit.com/r/AskReddit/comments/1reqbez/whats_underrated_in_bed/
2026-02-25T22:27:36+00:00,1reql3x,AskReddit,55.33,2,6,0.75,https://www.reddit.com/r/AskReddit/comments/1reql3x/how_do_you_sort_your_feed_best_top_hot_new_rising/
2026-02-25T22:27:36+00:00,1reqkab,AskReddit,56.22,1,1,1.0,https://www.reddit.com/r/AskReddit/comments/1reqkab/how_many_group_chats_are_you_part_of_and_what_are/
2026-02-25T22:27:36+00:00,1reqbcn,AskReddit,65.6,0,4,0.5,https://www.reddit.com/r/AskReddit/comments/1reqbcn/if_you_found_out_something_you_really_liked_like/
2026-02-25T22:27:36+00:00,1reqk9m,AskReddit,56.23,1,8,0.67,https://www.reddit.com/r/AskReddit/comments/1reqk9m/what_are_you_most_scary_about_the_future/
2026-02-25T22:27:36+00:00,1reoqkf,Music,123.65,1,6,0.67,https://www.reddit.com/r/Music/comments/1reoqkf/how_do_i_find_d_a_song_that_seems_to_be_wiped/
2026-02-25T22:27:36+00:00,1rephww,AskReddit,95.25,0,9,0.5,https://www.reddit.com/r/AskReddit/comments/1rephww/what_is_the_kindest_thing_a_stranger_has_ever/
2026-02-25T22:27:36+00:00,1reqb43,AskReddit,65.83,0,8,0.5,https://www.reddit.com/r/AskReddit/comments/1reqb43/whats_your_favorite_pizza_topping/
2026-02-25T22:27:36+00:00,1reqald,movies,66.37,0,20,0.32,https://www.reddit.com/r/movies/comments/1reqald/i_find_the_description_of_promising_young_woman/
2026-02-25T22:27:46+00:00,1reop1t,funny,125.27,23,21,0.68,https://www.reddit.com/r/funny/comments/1reop1t/21st_century_declarations_of_love/
2026-02-25T22:27:46+00:00,1rerxkl,AskReddit,5.4,1,0,1.0,https://www.reddit.com/r/AskReddit/comments/1rerxkl/everyone_knows_them_what_new_scam_methods_are/
2026-02-25T22:27:46+00:00,1rerxjw,AskReddit,5.42,1,4,1.0,https://www.reddit.com/r/AskReddit/comments/1rerxjw/whats_the_last_gift_you_gave_yourself/
2026-02-25T22:27:46+00:00,1rerxfd,AskReddit,5.55,1,1,1.0,https://www.reddit.com/r/AskReddit/comments/1rerxfd/what_separates_average_sex_from_great_sex/
2026-02-25T22:27:46+00:00,1rerx2j,AskReddit,5.95,1,0,1.0,https://www.reddit.com/r/AskReddit/comments/1rerx2j/how_do_you_think_canadas_military_aid_will_impact/
2026-02-25T22:27:46+00:00,1rerx8w,todayilearned,5.77,2,0,0.67,https://www.reddit.com/r/todayilearned/comments/1rerx8w/til_peter_gabriel_rode_a_bicycle_around_the_stage/
2026-02-25T22:27:46+00:00,1rerxmg,aww,5.35,3,0,1.0,https://www.reddit.com/r/aww/comments/1rerxmg/my_love_bug/
2026-02-25T22:27:46+00:00,1rerx2w,aww,5.93,3,0,1.0,https://www.reddit.com/r/aww/comments/1rerx2w/sister_love_the_new_babies/
2026-02-25T22:27:46+00:00,1rens4g,Music,158.0,1,0,1.0,https://www.reddit.com/r/Music/comments/1rens4g/audio_gather_me_luz_ysabelle_cuevas_pop/
2026-02-25T22:27:46+00:00,1reph52,AskReddit,96.25,0,8,0.5,https://www.reddit.com/r/AskReddit/comments/1reph52/you_are_given_1_million_but_you_have_to_spend_it/
2026-02-25T22:27:46+00:00,1renz6m,science,151.02,158,24,0.97,https://www.reddit.com/r/science/comments/1renz6m/urine_tests_confirm_alcohol_consumption_in_wild/
2026-02-25T22:27:46+00:00,1renw1l,movies,154.2,112,48,0.84,https://www.reddit.com/r/movies/comments/1renw1l/unleashed_2005_danny_fight_1_vs_4_in_the_pool/
2026-02-25T22:27:51+00:00,1reqar7,AskReddit,66.45,0,23,0.33,https://www.reddit.com/r/AskReddit/comments/1reqar7/how_do_you_feel_about_people_who_dont_wanna_have/
2026-02-25T22:27:51+00:00,1reqbh7,memes,65.7,0,1,0.28,https://www.reddit.com/r/memes/comments/1reqbh7/beat_it_chick_lezcel_edition/
2026-02-25T22:27:51+00:00,1renwnl,aww,153.72,22,3,0.97,https://www.reddit.com/r/aww/comments/1renwnl/thanks_for_flowers_papa_i_will_eat_them_later/
2026-02-25T22:27:51+00:00,1rens2z,science,158.12,4,1,0.75,https://www.reddit.com/r/science/comments/1rens2z/programmable_integrated_quantum_photonics_nature/
2026-02-25T22:27:51+00:00,1requos,gaming,45.73,154,38,0.96,https://www.reddit.com/r/gaming/comments/1requos/resident_evil_requiem_is_the_highest_rated_new/
2026-02-25T22:27:56+00:00,1rentrq,movies,156.57,0,5,0.41,https://www.reddit.com/r/movies/comments/1rentrq/subtle_little_morbid_detail_in_frankenstein_2025/
2026-02-25T22:27:56+00:00,1reqkd5,AskReddit,56.47,1,11,1.0,https://www.reddit.com/r/AskReddit/comments/1reqkd5/what_can_you_buy_in_america_with_25_cents/
2026-02-25T22:27:56+00:00,1requmq,AskReddit,45.87,2,17,1.0,https://www.reddit.com/r/AskReddit/comments/1requmq/what_is_legal_but_still_messed_up_to_do/
2026-02-25T22:27:56+00:00,1reph7t,AskReddit,96.32,1,6,1.0,https://www.reddit.com/r/AskReddit/comments/1reph7t/what_is_the_worst_state/
2026-02-25T22:27:56+00:00,1reqato,AskReddit,66.47,1,3,0.66,https://www.reddit.com/r/AskReddit/comments/1reqato/whats_your_guilty_pleasure/
2026-02-25T22:28:01+00:00,1rer51j,AskReddit,35.22,0,0,0.5,https://www.reddit.com/r/AskReddit/comments/1rer51j/what_is_great_advice_youve_gotten_from_someone/
2026-02-25T22:28:01+00:00,1rer4ew,worldnews,35.9,53,13,0.94,https://www.reddit.com/r/worldnews/comments/1rer4ew/cuba_says_its_forces_have_killed_four_on/
2026-02-25T22:28:01+00:00,1requ68,AskReddit,46.43,4,12,0.83,https://www.reddit.com/r/AskReddit/comments/1requ68/ladies_and_gentlemen_how_are_you_feeling_on_this/
2026-02-25T22:28:01+00:00,1renret,Music,158.98,1,0,1.0,https://www.reddit.com/r/Music/comments/1renret/music_history_events_jazz_albums_recorded_feb_25/
2026-02-25T22:28:07+00:00,1requf5,AskReddit,46.32,11,43,0.92,https://www.reddit.com/r/AskReddit/comments/1requf5/what_do_you_think_happens_after_we_die/
2026-02-25T22:28:07+00:00,1rer4wg,AskReddit,35.47,0,3,0.17,https://www.reddit.com/r/AskReddit/comments/1rer4wg/hi_hows_your_day/
2026-02-25T22:28:07+00:00,1reonfc,aww,127.23,1965,187,0.97,https://www.reddit.com/r/aww/comments/1reonfc/he_may_look_serious_but_hes_a_total_sweetheart/
2026-02-25T22:28:07+00:00,1rer4ps,AskReddit,35.67,0,14,0.25,https://www.reddit.com/r/AskReddit/comments/1rer4ps/how_do_you_guys_make_money_asking_as_a_15_year_old/
2026-02-25T22:28:07+00:00,1rer4e9,AskReddit,36.02,0,2,0.25,https://www.reddit.com/r/AskReddit/comments/1rer4e9/what_are_your_favorite_movies_and_why/
2026-02-25T22:28:07+00:00,1rerepq,AskReddit,25.3,1,8,1.0,https://www.reddit.com/r/AskReddit/comments/1rerepq/what_subject_do_you_know_the_most_about/
2026-02-25T22:28:07+00:00,1rere5r,AskReddit,25.87,2,4,1.0,https://www.reddit.com/r/AskReddit/comments/1rere5r/whats_the_most_cringe_thing_youve_ever_done_to/
2026-02-25T22:28:17+00:00,1rere2w,AskReddit,26.12,1,2,1.0,https://www.reddit.com/r/AskReddit/comments/1rere2w/whats_the_worst_hr_incident_at_your_workplace/
2026-02-25T22:28:17+00:00,1rerexl,AskReddit,25.25,1,3,1.0,https://www.reddit.com/r/AskReddit/comments/1rerexl/what_is_a_point_of_no_return_that_youve_crossed/
2026-02-25T22:28:27+00:00,1rerooh,AskReddit,15.52,1,5,0.99,https://www.reddit.com/r/AskReddit/comments/1rerooh/what_is_legal_but_feels_100_illegal/
2026-02-25T22:28:27+00:00,1rero47,AskReddit,16.08,1,7,1.0,https://www.reddit.com/r/AskReddit/comments/1rero47/whats_the_biggest_letdown_about_being_an_adult/
2026-02-25T22:28:32+00:00,1reqlmp,AskReddit,55.75,4,10,1.0,https://www.reddit.com/r/AskReddit/comments/1reqlmp/whats_a_moment_that_made_you_rethink_a_friendship/
2026-02-25T22:28:32+00:00,1reroni,gaming,15.63,40,16,0.86,https://www.reddit.com/r/gaming/comments/1reroni/who_do_we_talk_to/
2026-02-25T22:28:32+00:00,1rerofr,AskReddit,15.82,0,7,0.5,https://www.reddit.com/r/AskReddit/comments/1rerofr/how_did_youwould_you_react_to_a_close_friend/
2026-02-25T22:28:32+00:00,1reroj1,memes,15.73,5,3,0.86,https://www.reddit.com/r/memes/comments/1reroj1/ts_so_real/
2026-02-25T22:28:47+00:00,1reryml,AskReddit,5.33,1,3,1.0,https://www.reddit.com/r/AskReddit/comments/1reryml/whats_your_favorite_chicken_marinade_and_whats/
2026-02-25T22:28:47+00:00,1rerykn,AskReddit,5.38,1,0,1.0,https://www.reddit.com/r/AskReddit/comments/1rerykn/what_makes_it_illegal_to_mention_the_word_covid/
2026-02-25T22:28:47+00:00,1rerxx3,AskReddit,6.07,1,2,1.0,https://www.reddit.com/r/AskReddit/comments/1rerxx3/how_have_people_dealt_with_a_lack_of_sex_in_their/
2026-02-25T22:28:47+00:00,1rery4o,Music,5.85,1,1,1.0,https://www.reddit.com/r/Music/comments/1rery4o/mitski_wheres_my_phone_indie/
2026-02-25T22:28:47+00:00,1reqlb0,movies,56.33,0,60,0.4,https://www.reddit.com/r/movies/comments/1reqlb0/adams_perfect_films/
2026-02-25T22:28:47+00:00,1reqm5v,memes,55.47,55,31,0.92,https://www.reddit.com/r/memes/comments/1reqm5v/tough_decisions_ahead/
2026-02-25T22:28:47+00:00,1reqlwb,memes,55.73,4,2,0.83,https://www.reddit.com/r/memes/comments/1reqlwb/i_hope_its_a_ps5/
2026-02-25T22:28:47+00:00,1reqv9t,AskReddit,46.07,1,10,1.0,https://www.reddit.com/r/AskReddit/comments/1reqv9t/whats_something_porn_taught_people_thats/
2026-02-25T22:28:47+00:00,1reqw33,Music,45.2,160,0,0.99,https://www.reddit.com/r/Music/comments/1reqw33/miguel_leads_ice_out_chant_at_nyc_show_in/
2026-02-25T22:28:47+00:00,1reqleb,gaming,56.23,30,38,0.76,https://www.reddit.com/r/gaming/comments/1reqleb/whats_your_travel_game/
2026-02-25T22:28:52+00:00,1reqvhw,aww,45.92,17,5,0.74,https://www.reddit.com/r/aww/comments/1reqvhw/someone_was_happy_to_see_potatoes_at_the_weekly/
2026-02-25T22:28:52+00:00,1reqv90,AskReddit,46.18,3,4,1.0,https://www.reddit.com/r/AskReddit/comments/1reqv90/what_is_the_weirdest_belief_about_the_world_that/
2026-02-25T22:29:02+00:00,1repj0v,AskReddit,95.62,7,17,1.0,https://www.reddit.com/r/AskReddit/comments/1repj0v/which_hack_managed_to_boost_your_confidence_and/
2026-02-25T22:29:02+00:00,1reqvov,todayilearned,45.87,118,32,0.96,https://www.reddit.com/r/todayilearned/comments/1reqvov/til_in_the_1950s_and_60s_vernon_florida_had_a/
2026-02-25T22:29:08+00:00,1rer56m,AskReddit,36.17,0,2,0.5,https://www.reddit.com/r/AskReddit/comments/1rer56m/teachers_of_reddit_what_was_some_extremely_wrong/
2026-02-25T22:29:08+00:00,1rer5k4,AskReddit,35.8,2,18,0.75,https://www.reddit.com/r/AskReddit/comments/1rer5k4/does_someone_saying_they_love_you_mean_more_than/
2026-02-25T22:29:08+00:00,1rer5wy,AskReddit,35.45,0,15,0.33,https://www.reddit.com/r/AskReddit/comments/1rer5wy/what_should_be_free_but_isnt/
2026-02-25T22:29:13+00:00,1rer4vc,funny,36.6,9,4,0.71,https://www.reddit.com/r/funny/comments/1rer4vc/hot_cakes/
2026-02-25T22:29:13+00:00,1rerf55,Music,25.97,1,0,1.0,https://www.reddit.com/r/Music/comments/1rerf55/ponder_endless_official_video/
2026-02-25T22:29:13+00:00,1rer5r3,todayilearned,35.7,194,0,0.99,https://www.reddit.com/r/todayilearned/comments/1rer5r3/til_that_an_indian_man_traveling_to_vienna_in/
2026-02-25T22:29:13+00:00,1rerfsd,todayilearned,25.33,4,1,0.75,https://www.reddit.com/r/todayilearned/comments/1rerfsd/til_that_around_a_spinning_black_hole_theres_a/
2026-02-25T22:29:18+00:00,1repj78,AskReddit,95.7,1,19,0.54,https://www.reddit.com/r/AskReddit/comments/1repj78/how_do_you_think_trump_will_react_when_everything/
2026-02-25T22:29:18+00:00,1rerfwa,AskReddit,25.32,0,5,0.5,https://www.reddit.com/r/AskReddit/comments/1rerfwa/people_who_are_not_scared_of_confrontations_or/
2026-02-25T22:29:18+00:00,1rerfcq,science,25.83,25,3,1.0,https://www.reddit.com/r/science/comments/1rerfcq/could_a_vaccine_prevent_dementia_shingles_shot/
2026-02-25T22:29:23+00:00,1rerftk,AskReddit,25.47,1,6,1.0,https://www.reddit.com/r/AskReddit/comments/1rerftk/what_superpower_would_be_the_most_practical_in/
2026-02-25T22:29:23+00:00,1rerpij,AskReddit,15.62,1,1,1.0,https://www.reddit.com/r/AskReddit/comments/1rerpij/whats_the_most_unconventional_job_youve_worked_at/
2026-02-25T22:29:28+00:00,1rerpvn,AskReddit,15.28,1,5,0.67,https://www.reddit.com/r/AskReddit/comments/1rerpvn/what_is_one_of_your_favourite_film_plots/
2026-02-25T22:29:28+00:00,1rerp6u,AskReddit,16.05,1,2,1.0,https://www.reddit.com/r/AskReddit/comments/1rerp6u/which_specific_brand_or_product_that_you_have/
2026-02-25T22:29:33+00:00,1rerovo,movies,16.43,12,5,0.75,https://www.reddit.com/r/movies/comments/1rerovo/stranger_than_fiction_2006/
2026-02-25T22:29:33+00:00,1rerp3n,AskReddit,16.2,1,4,1.0,https://www.reddit.com/r/AskReddit/comments/1rerp3n/what_would_be_your_ideal_first_date/
2026-02-25T22:29:33+00:00,1rerpym,aww,15.28,2,0,0.75,https://www.reddit.com/r/aww/comments/1rerpym/hes_not_thrilled_about_the_new_hat_but_he_looks/
2026-02-25T22:29:33+00:00,1reqm95,AskReddit,56.13,0,6,0.33,https://www.reddit.com/r/AskReddit/comments/1reqm95/whats_an_average_skill_that_can_turn_into_serious/
2026-02-25T22:29:48+00:00,1reqd0p,AskReddit,65.97,7,14,1.0,https://www.reddit.com/r/AskReddit/comments/1reqd0p/what_is_the_most_tactless_question_youve_heard/
2026-02-25T22:29:48+00:00,1rerzhp,AskReddit,5.48,1,3,1.0,https://www.reddit.com/r/AskReddit/comments/1rerzhp/what_happened_to_that_alien_spaceship_asteroid/
2026-02-25T22:29:48+00:00,1rerzft,AskReddit,5.53,1,1,1.0,https://www.reddit.com/r/AskReddit/comments/1rerzft/how_would_you_describe_a_healthymeasured_usage_of/
2026-02-25T22:29:48+00:00,1rerz1a,AskReddit,5.95,1,5,1.0,https://www.reddit.com/r/AskReddit/comments/1rerz1a/how_do_you_know_when_a_good_job_isnt_worth_it/
2026-02-25T22:29:48+00:00,1reryv0,AskReddit,6.12,1,3,1.0,https://www.reddit.com/r/AskReddit/comments/1reryv0/what_is_the_best_collecting_hobby_like_watches_or/
2026-02-25T22:29:48+00:00,1reryo8,AskReddit,6.3,1,5,1.0,https://www.reddit.com/r/AskReddit/comments/1reryo8/what_is_your_favorite_horror_icon/
2026-02-25T22:29:48+00:00,1reqwsq,movies,45.45,0,38,0.45,https://www.reddit.com/r/movies/comments/1reqwsq/the_best_notamerican_movies_you_would_always/
2026-02-25T22:29:53+00:00,1reqws9,movies,45.55,0,0,0.3,https://www.reddit.com/r/movies/comments/1reqws9/rewatched_spielbergs_west_side_story_at_school/
2026-02-25T22:29:53+00:00,1reqwxi,AskReddit,45.4,2,4,1.0,https://www.reddit.com/r/AskReddit/comments/1reqwxi/whats_the_creepiest_thing_a_child_has_ever_said/
2026-02-25T22:29:58+00:00,1rer65t,AskReddit,36.02,0,1,0.5,https://www.reddit.com/r/AskReddit/comments/1rer65t/what_was_your_best_make_em_eat_their_words/
2026-02-25T22:29:58+00:00,1reqwyk,memes,45.45,7,0,1.0,https://www.reddit.com/r/memes/comments/1reqwyk/why_the_rage_bait_reddit_why/
2026-02-25T22:29:58+00:00,1reqw7w,AskReddit,46.25,2,1,1.0,https://www.reddit.com/r/AskReddit/comments/1reqw7w/people_who_dated_the_most_popular_person_in_their/
2026-02-25T22:30:03+00:00,1rer68e,AskReddit,36.03,41,91,0.92,https://www.reddit.com/r/AskReddit/comments/1rer68e/whats_something_that_gets_harder_instead_of/
2026-02-25T22:30:03+00:00,1reqmdh,AskReddit,56.52,3,23,0.71,https://www.reddit.com/r/AskReddit/comments/1reqmdh/how_do_you_think_the_internet_is_different_today/
2026-02-25T22:30:03+00:00,1reqwev,movies,46.12,0,1,0.25,https://www.reddit.com/r/movies/comments/1reqwev/which_of_these_movies_shot_in_the_southwest_would/
2026-02-25T22:30:09+00:00,1reqmic,AskReddit,56.5,0,13,0.5,https://www.reddit.com/r/AskReddit/comments/1reqmic/what_is_a_job_youd_do_for_free_even_if_you_were/
2026-02-25T22:30:09+00:00,1rer6lf,AskReddit,35.73,1,9,0.6,https://www.reddit.com/r/AskReddit/comments/1rer6lf/what_would_you_do_if_you_were_a_super_sayian/
2026-02-25T22:30:09+00:00,1rer642,movies,36.25,0,1,0.33,https://www.reddit.com/r/movies/comments/1rer642/is_there_an_high_quality_image_of_this_poster_of/
2026-02-25T22:30:09+00:00,1rer6yv,AskReddit,35.32,0,6,0.5,https://www.reddit.com/r/AskReddit/comments/1rer6yv/would_you_still_marry_this_person_if_you_can_go/
2026-02-25T22:30:09+00:00,1rerga5,AskReddit,25.8,4,18,1.0,https://www.reddit.com/r/AskReddit/comments/1rerga5/who_or_what_has_been_your_biggest_letdown_in_your/
2026-02-25T22:30:14+00:00,1rerg2y,AskReddit,26.07,3,4,1.0,https://www.reddit.com/r/AskReddit/comments/1rerg2y/whats_the_best_way_to_start_your_life_into/
2026-02-25T22:30:19+00:00,1rergfo,AskReddit,25.83,5,18,1.0,https://www.reddit.com/r/AskReddit/comments/1rergfo/what_is_the_most_successful_pick_up_line_you_have/
2026-02-25T22:30:19+00:00,1repjcf,AskReddit,96.57,1,8,0.67,https://www.reddit.com/r/AskReddit/comments/1repjcf/what_make_a_marriage_last/
2026-02-25T22:30:19+00:00,1rer6de,AskReddit,36.15,1,18,0.6,https://www.reddit.com/r/AskReddit/comments/1rer6de/what_to_do_before_turning_30/
2026-02-25T22:30:19+00:00,1rer6sj,Music,35.67,1,0,1.0,https://www.reddit.com/r/Music/comments/1rer6sj/blur_holding_on_for_tomorrow_britpop/
2026-02-25T22:30:19+00:00,1rergv6,AskReddit,25.43,4,13,1.0,https://www.reddit.com/r/AskReddit/comments/1rergv6/what_would_be_your_thoughtsactions_if_you_found/
2026-02-25T22:30:19+00:00,1repjcw,AskReddit,96.55,2,1,1.0,https://www.reddit.com/r/AskReddit/comments/1repjcw/how_would_you_give_this_owner_a_1_star_review/
2026-02-25T22:30:24+00:00,1reqdiq,AskReddit,65.97,1,7,0.67,https://www.reddit.com/r/AskReddit/comments/1reqdiq/what_do_you_understand_easily_that_others_usually/
2026-02-25T22:30:29+00:00,1rerq5v,AskReddit,16.0,2,2,1.0,https://www.reddit.com/r/AskReddit/comments/1rerq5v/what_are_the_current_safest_best_countries_to/
2026-02-25T22:30:34+00:00,1rerqok,AskReddit,15.55,6,24,1.0,https://www.reddit.com/r/AskReddit/comments/1rerqok/people_who_are_terrified_of_spiders_what_is_it/
2026-02-25T22:30:34+00:00,1rerqor,AskReddit,15.53,2,5,1.0,https://www.reddit.com/r/AskReddit/comments/1rerqor/whats_the_worst_day_of_your_life_and_why/
2026-02-25T22:30:34+00:00,1reqnl4,AskReddit,55.83,0,7,0.5,https://www.reddit.com/r/AskReddit/comments/1reqnl4/which_youtubers_do_you_watch/
2026-02-25T22:30:39+00:00,1reqnwy,AskReddit,55.6,0,3,0.5,https://www.reddit.com/r/AskReddit/comments/1reqnwy/how_do_you_handle_tripsoutings_when_your_parent/
2026-02-25T22:30:49+00:00,1res0gt,funny,5.48,0,3,0.13,https://www.reddit.com/r/funny/comments/1res0gt/lasagna_anyone/
2026-02-25T22:30:49+00:00,1res0lq,AskReddit,5.33,2,6,1.0,https://www.reddit.com/r/AskReddit/comments/1res0lq/what_are_the_most_epic_scenes_in_movies_because/
2026-02-25T22:30:49+00:00,1res0ek,AskReddit,5.55,1,5,1.0,https://www.reddit.com/r/AskReddit/comments/1res0ek/whats_something_random_you_could_talk_about_for/
2026-02-25T22:30:49+00:00,1res0e8,AskReddit,5.57,1,3,1.0,https://www.reddit.com/r/AskReddit/comments/1res0e8/people_who_have_witnessed_somebody_die_what/
2026-02-25T22:30:49+00:00,1rerzum,AskReddit,6.15,1,4,1.0,https://www.reddit.com/r/AskReddit/comments/1rerzum/adult_sons_how_have_you_gotten_back_at_your_dad/
2026-02-25T22:30:49+00:00,1reqdur,AskReddit,66.05,31,192,0.93,https://www.reddit.com/r/AskReddit/comments/1reqdur/what_was_something_that_ended_your_crush_on/
2026-02-25T22:30:55+00:00,1reqx85,movies,46.15,1,1,0.67,https://www.reddit.com/r/movies/comments/1reqx85/dvds_are_the_new_vinyl_records_why_gen_z_is/
2026-02-25T22:30:55+00:00,1reqxc4,AskReddit,46.03,70,38,0.9,https://www.reddit.com/r/AskReddit/comments/1reqxc4/how_would_you_feel_about_voting_in_an_election/
2026-02-25T22:30:55+00:00,1reqx4c,AskReddit,46.25,2,11,0.75,https://www.reddit.com/r/AskReddit/comments/1reqx4c/what_was_that_junk_food_you_liked_the_most_but/
2026-02-25T22:31:00+00:00,1reqy0w,AskReddit,45.4,1,8,0.67,https://www.reddit.com/r/AskReddit/comments/1reqy0w/whats_your_definition_of_a_cool_person_do_you/
2026-02-25T22:31:00+00:00,1reqxlx,Music,45.83,5,0,1.0,https://www.reddit.com/r/Music/comments/1reqxlx/social_distortions_mike_ness_on_kicking_cancer/
2026-02-25T22:31:05+00:00,1reqy2p,memes,45.43,6,1,0.88,https://www.reddit.com/r/memes/comments/1reqy2p/me_when_i_am_headbanging_in_my_room_to_metal_and/
2026-02-25T22:31:15+00:00,1rer7ki,gaming,35.8,5,36,0.73,https://www.reddit.com/r/gaming/comments/1rer7ki/what_video_game_weapon_or_armor_looks_cool_but/
2026-02-25T22:31:15+00:00,1rerhsj,AskReddit,25.38,3,14,1.0,https://www.reddit.com/r/AskReddit/comments/1rerhsj/what_do_you_crave_badly_right_now/
2026-02-25T22:31:20+00:00,1rerhsn,AskReddit,25.47,41,41,0.98,https://www.reddit.com/r/AskReddit/comments/1rerhsn/what_is_something_that_happened_to_you_growing_up/
2026-02-25T22:31:20+00:00,1rerhe5,AskReddit,25.9,1,2,1.0,https://www.reddit.com/r/AskReddit/comments/1rerhe5/who_would_you_want_to_be_reincarnated_as_in_the/
2026-02-25T22:31:20+00:00,1rerhy4,AskReddit,25.32,1,5,1.0,https://www.reddit.com/r/AskReddit/comments/1rerhy4/people_in_a_relationship_who_is_the_designated/
2026-02-25T22:31:20+00:00,1repkxi,todayilearned,96.0,7035,101,0.99,https://www.reddit.com/r/todayilearned/comments/1repkxi/til_while_recording_samples_for_the_mellotron_an/
2026-02-25T22:31:20+00:00,1rerhqv,AskReddit,25.52,1,3,1.0,https://www.reddit.com/r/AskReddit/comments/1rerhqv/what_is_the_best_airline_you_have_been_on/
2026-02-25T22:31:25+00:00,1rerhug,aww,25.48,10,3,1.0,https://www.reddit.com/r/aww/comments/1rerhug/gretel_from_our_shelter_no_more_pj/
2026-02-25T22:31:30+00:00,1rerrpw,AskReddit,15.33,0,3,0.5,https://www.reddit.com/r/AskReddit/comments/1rerrpw/what_happened_to_hannahowo_has_she_retired_after/
2026-02-25T22:31:30+00:00,1reqowh,AskReddit,55.43,2,2,0.75,https://www.reddit.com/r/AskReddit/comments/1reqowh/if_all_you_had_was_timehow_would_you_spend_it/
2026-02-25T22:31:30+00:00,1rerh5f,AskReddit,26.32,1,0,1.0,https://www.reddit.com/r/AskReddit/comments/1rerh5f/how_often_do_you_use_the_asoh_defense_the_asoh/
2026-02-25T22:31:36+00:00,1rerrij,AskReddit,15.65,2,15,1.0,https://www.reddit.com/r/AskReddit/comments/1rerrij/what_place_instantly_changes_your_mood_the_moment/
2026-02-25T22:31:36+00:00,1rerrd6,Music,15.83,0,0,0.5,https://www.reddit.com/r/Music/comments/1rerrd6/whats_up_with_paprika_parade/
2026-02-25T22:31:41+00:00,1res1hq,AskReddit,5.25,1,0,1.0,https://www.reddit.com/r/AskReddit/comments/1res1hq/what_is_account_not_established/
2026-02-25T22:31:41+00:00,1res1gm,AskReddit,5.3,2,3,1.0,https://www.reddit.com/r/AskReddit/comments/1res1gm/what_food_changed_something_from_the_original/
2026-02-25T22:31:41+00:00,1res1fj,AskReddit,5.32,1,1,1.0,https://www.reddit.com/r/AskReddit/comments/1res1fj/what_do_you_think_is_the_most_overrepresented/
2026-02-25T22:31:41+00:00,1res14m,AskReddit,5.65,0,2,0.5,https://www.reddit.com/r/AskReddit/comments/1res14m/what_makes_the_boring_person_so_boring/
2026-02-25T22:31:41+00:00,1res0uw,AskReddit,5.92,1,2,0.67,https://www.reddit.com/r/AskReddit/comments/1res0uw/what_unanswered_questions_about_the_epstein_case/
2026-02-25T22:31:41+00:00,1res14z,aww,5.63,5,2,1.0,https://www.reddit.com/r/aww/comments/1res14z/baby_flower/
2026-02-25T22:31:50+00:00,1reqehu,AskReddit,66.43,3,43,0.71,https://www.reddit.com/r/AskReddit/comments/1reqehu/what_is_a_1010_non_alcoholic_drink/
2026-02-25T22:32:00+00:00,1replme,funny,95.98,2091,57,0.97,https://www.reddit.com/r/funny/comments/1replme/comments/
2026-02-25T22:32:06+00:00,1reqyxd,AskReddit,45.58,3,17,1.0,https://www.reddit.com/r/AskReddit/comments/1reqyxd/whats_a_fair_amount_per_package_to_charge_for/
2026-02-25T22:32:06+00:00,1reqyr1,AskReddit,45.77,1,2,1.0,https://www.reddit.com/r/AskReddit/comments/1reqyr1/what_happened_to_that_megaman_x_explainer_guy/
2026-02-25T22:32:11+00:00,1rer8j0,gaming,35.73,0,0,0.18,https://www.reddit.com/r/gaming/comments/1rer8j0/i_wanted_to_leave_the_game_but_kept_fighting/
2026-02-25T22:32:11+00:00,1repm6m,AskReddit,95.63,2,22,0.75,https://www.reddit.com/r/AskReddit/comments/1repm6m/what_is_the_best_compliment_you_have_ever_received/
2026-02-25T22:32:16+00:00,1reqy73,Music,46.52,2,1,1.0,https://www.reddit.com/r/Music/comments/1reqy73/billy_idol_talks_rock_hall_nomination_new/
2026-02-25T22:32:16+00:00,1rer8vb,AskReddit,35.47,19,15,0.88,https://www.reddit.com/r/AskReddit/comments/1rer8vb/who_feels_tired_of_all_the_bots_on_this_subreddit/
2026-02-25T22:32:26+00:00,1reqg1e,AskReddit,65.38,1,12,1.0,https://www.reddit.com/r/AskReddit/comments/1reqg1e/what_current_series_are_you_watching_that_youd/
2026-02-25T22:32:31+00:00,1rerikm,memes,25.88,1,1,1.0,https://www.reddit.com/r/memes/comments/1rerikm/punch/
2026-02-25T22:32:31+00:00,1rerin1,AskReddit,25.82,1,5,1.0,https://www.reddit.com/r/AskReddit/comments/1rerin1/how_will_the_lack_of_accountability_surrounding/
2026-02-25T22:32:31+00:00,1rericw,AskReddit,26.1,3,18,1.0,https://www.reddit.com/r/AskReddit/comments/1rericw/whats_something_you_have_absolutely_no_patience/
2026-02-25T22:32:31+00:00,1reqfwm,aww,65.6,14,0,1.0,https://www.reddit.com/r/aww/comments/1reqfwm/my_dog_is_so_strange/
2026-02-25T22:32:31+00:00,1rerrus,AskReddit,16.22,1,6,1.0,https://www.reddit.com/r/AskReddit/comments/1rerrus/who_did_you_lose_your_virginity_with_for_the/
2026-02-25T22:32:31+00:00,1reqfu4,gaming,65.68,0,8,0.33,https://www.reddit.com/r/gaming/comments/1reqfu4/not_a_fan_of_horror_games_playing_re2_remake_only/
2026-02-25T22:32:31+00:00,1rerscm,AskReddit,15.63,1,1,1.0,https://www.reddit.com/r/AskReddit/comments/1rerscm/to_masc_gay_men_what_were_your_experiences_like/
2026-02-25T22:32:31+00:00,1rers1m,AskReddit,16.0,0,8,0.5,https://www.reddit.com/r/AskReddit/comments/1rers1m/assuming_the_opposite_of_love_is_apathy_what/
2026-02-25T22:32:31+00:00,1rersaw,memes,15.68,0,4,0.25,https://www.reddit.com/r/memes/comments/1rersaw/ive_been_putting_everyone_whos_put_hate_comments/
2026-02-25T22:32:36+00:00,1reqfc7,AskReddit,66.28,2,2,1.0,https://www.reddit.com/r/AskReddit/comments/1reqfc7/whats_a_small_boundary_that_improved_your_life/
2026-02-25T22:32:36+00:00,1reqfcs,AskReddit,66.27,0,1,0.33,https://www.reddit.com/r/AskReddit/comments/1reqfcs/what_do_you_think_guys_in_this_new_genz_world_are/
2026-02-25T22:32:36+00:00,1reqfjg,AskReddit,66.07,0,4,0.5,https://www.reddit.com/r/AskReddit/comments/1reqfjg/what_are_the_main_things_people_should_learn/
2026-02-25T22:32:36+00:00,1reriws,aww,25.62,4,0,1.0,https://www.reddit.com/r/aww/comments/1reriws/empezando_la_posición_de_yoga_de_las_tardes/
2026-02-25T22:32:36+00:00,1rersny,AskReddit,15.4,6,29,1.0,https://www.reddit.com/r/AskReddit/comments/1rersny/whats_your_favourite_fruit/
2026-02-25T22:32:42+00:00,1reqfvs,AskReddit,65.82,0,7,0.5,https://www.reddit.com/r/AskReddit/comments/1reqfvs/whats_the_most_unexpected_side_effect_of_turning/
2026-02-25T22:32:42+00:00,1res27y,AskReddit,5.52,1,2,1.0,https://www.reddit.com/r/AskReddit/comments/1res27y/what_seems_very_difficult_until_you_try_it/
2026-02-25T22:32:42+00:00,1res23u,AskReddit,5.63,1,2,1.0,https://www.reddit.com/r/AskReddit/comments/1res23u/political_lines_aside_who_do_you_think_are_the/
2026-02-25T22:32:42+00:00,1res1vc,AskReddit,5.87,2,4,1.0,https://www.reddit.com/r/AskReddit/comments/1res1vc/how_does_a_kiss_work_and_how_do_you_initiate_it/
2026-02-25T22:32:42+00:00,1res1px,AskReddit,6.03,0,6,0.5,https://www.reddit.com/r/AskReddit/comments/1res1px/dear_men_and_anyone_who_can_answer_this_this_male/
2026-02-25T22:32:42+00:00,1res1q4,worldnews,6.02,4,0,0.83,https://www.reddit.com/r/worldnews/comments/1res1q4/iran_accuses_us_of_spreading_big_lies_after_trump/
2026-02-25T22:32:42+00:00,1res2i6,aww,5.23,5,1,1.0,https://www.reddit.com/r/aww/comments/1res2i6/happy_10th_adoption_anniversary_to_my_rocket/
2026-02-25T22:32:42+00:00,1res25j,aww,5.58,3,1,1.0,https://www.reddit.com/r/aww/comments/1res25j/little_missy/
2026-02-25T22:32:42+00:00,1res1v7,movies,5.87,1,1,0.67,https://www.reddit.com/r/movies/comments/1res1v7/lance_armstrong_movie_starring_austin_butler/
2026-02-25T22:32:51+00:00,1reqfm1,AskReddit,66.25,2,32,0.63,https://www.reddit.com/r/AskReddit/comments/1reqfm1/whats_the_wildest_place_youve_ever_hooked_up/
2026-02-25T22:32:51+00:00,1reqq22,AskReddit,55.58,1,4,1.0,https://www.reddit.com/r/AskReddit/comments/1reqq22/how_do_you_make_that_edit_thats_like_someone/
2026-02-25T22:32:56+00:00,1repn1v,AskReddit,95.5,0,5,0.33,https://www.reddit.com/r/AskReddit/comments/1repn1v/what_according_to_you_is_the_right_age_for/
2026-02-25T22:32:56+00:00,1repn90,AskReddit,95.3,0,8,0.5,https://www.reddit.com/r/AskReddit/comments/1repn90/what_jobs_require_little_work_allow_for/
2026-02-25T22:32:56+00:00,1repmzw,todayilearned,95.55,219,37,0.94,https://www.reddit.com/r/todayilearned/comments/1repmzw/til_jim_hanks_tom_hanks_brother_voices_woody_for/
2026-02-25T22:32:56+00:00,1rer014,AskReddit,45.28,0,2,0.4,https://www.reddit.com/r/AskReddit/comments/1rer014/what_is_the_small_thing_that_happens_every_day/
2026-02-25T22:32:56+00:00,1reqzm1,AskReddit,45.75,1,1,0.67,https://www.reddit.com/r/AskReddit/comments/1reqzm1/ladies_do_you_ever_get_random_hair_shedding_days/
2026-02-25T22:33:02+00:00,1reqpjr,AskReddit,56.3,1,7,0.67,https://www.reddit.com/r/AskReddit/comments/1reqpjr/what_is_the_largest_amount_of_money_you_ever/
2026-02-25T22:33:02+00:00,1reqzey,AskReddit,46.03,1,4,0.67,https://www.reddit.com/r/AskReddit/comments/1reqzey/when_will_james_talarico_and_jasmine_crockett/
2026-02-25T22:33:02+00:00,1reqz5v,Music,46.28,3,0,1.0,https://www.reddit.com/r/Music/comments/1reqz5v/gene_vincent_cat_man_rock_1957/
2026-02-25T22:33:07+00:00,1reqzgf,AskReddit,46.08,1,3,0.67,https://www.reddit.com/r/AskReddit/comments/1reqzgf/whats_a_career_that_is_more_lucrative_and/
2026-02-25T22:33:07+00:00,1repn37,AskReddit,95.65,1,6,0.67,https://www.reddit.com/r/AskReddit/comments/1repn37/if_you_could_change_your_name_what_would_you_want/
2026-02-25T22:33:12+00:00,1rerj6i,AskReddit,25.97,1,4,1.0,https://www.reddit.com/r/AskReddit/comments/1rerj6i/what_difference_does_it_make_where_covid_came_from/
2026-02-25T22:33:17+00:00,1reqzhp,AskReddit,46.2,1,0,0.67,https://www.reddit.com/r/AskReddit/comments/1reqzhp/what_do_you_wish_more_people_understood_about/
2026-02-25T22:33:17+00:00,1reqgx7,AskReddit,65.37,0,7,0.5,https://www.reddit.com/r/AskReddit/comments/1reqgx7/if_humans_suddenly_lost_the_ability_to_feel/
2026-02-25T22:33:17+00:00,1reqgiv,aww,65.75,13,2,0.93,https://www.reddit.com/r/aww/comments/1reqgiv/didnt_realize_she_was_actually_stuck_in_this/
2026-02-25T22:33:22+00:00,1rerjck,AskReddit,25.95,1,14,0.67,https://www.reddit.com/r/AskReddit/comments/1rerjck/what_behaviour_instantly_makes_you_trust_someone/
2026-02-25T22:33:22+00:00,1rer9ov,aww,35.67,9,0,1.0,https://www.reddit.com/r/aww/comments/1rer9ov/batman_knows_all_your_dirty_sins/
2026-02-25T22:33:22+00:00,1rerjbr,AskReddit,25.97,3,2,1.0,https://www.reddit.com/r/AskReddit/comments/1rerjbr/what_is_your_most_embarrassing_story_about/
2026-02-25T22:33:22+00:00,1rerjow,movies,25.58,3,2,0.71,https://www.reddit.com/r/movies/comments/1rerjow/michelle_yeoh_stars_in_sandiwara_a_new_short_film/
2026-02-25T22:33:27+00:00,1rerj8l,AskReddit,26.15,1,6,1.0,https://www.reddit.com/r/AskReddit/comments/1rerj8l/how_likely_is_a_united_states_war_with_iran_what/
2026-02-25T22:33:33+00:00,1rertfc,AskReddit,15.53,2,2,1.0,https://www.reddit.com/r/AskReddit/comments/1rertfc/whats_something_society_considers_weird_but_is/
2026-02-25T22:33:33+00:00,1reqqig,AskReddit,55.83,5,13,0.86,https://www.reddit.com/r/AskReddit/comments/1reqqig/whats_a_thing_that_shouldnt_but_made_you_feel/
2026-02-25T22:33:33+00:00,1rertc7,AskReddit,15.63,1,4,1.0,https://www.reddit.com/r/AskReddit/comments/1rertc7/what_is_the_best_way_for_a_20_year_old_female_to/
2026-02-25T22:33:33+00:00,1reqgga,todayilearned,66.1,19,7,0.73,https://www.reddit.com/r/todayilearned/comments/1reqgga/til_when_jerry_seinfeld_was_38_he_openly_dated_a/
2026-02-25T22:33:38+00:00,1reqh3z,aww,65.55,14,2,0.94,https://www.reddit.com/r/aww/comments/1reqh3z/my_friends_cat_looks_adorable/
2026-02-25T22:33:43+00:00,1reqgw9,AskReddit,65.82,2,5,1.0,https://www.reddit.com/r/AskReddit/comments/1reqgw9/what_are_some_lesser_known_undisclosed_realities/
2026-02-25T22:33:43+00:00,1reqqho,AskReddit,56.02,1,3,0.6,https://www.reddit.com/r/AskReddit/comments/1reqqho/whats_was_something_you_thought_was_normal_until/
2026-02-25T22:33:43+00:00,1res3ff,AskReddit,5.27,1,1,1.0,https://www.reddit.com/r/AskReddit/comments/1res3ff/fast_food_workers_what_is_the_most_disrespectful/
2026-02-25T22:33:43+00:00,1res38l,AskReddit,5.48,1,8,1.0,https://www.reddit.com/r/AskReddit/comments/1res38l/who_has_a_good_chance_at_becoming_the_next_us/
2026-02-25T22:33:43+00:00,1res2pw,AskReddit,6.03,3,15,1.0,https://www.reddit.com/r/AskReddit/comments/1res2pw/what_food_you_eat_daily/
2026-02-25T22:33:43+00:00,1res2nk,AskReddit,6.1,2,4,1.0,https://www.reddit.com/r/AskReddit/comments/1res2nk/serious_what_qualities_or_behaviors_make_the/
2026-02-25T22:33:43+00:00,1reqgh1,AskReddit,66.23,20,29,1.0,https://www.reddit.com/r/AskReddit/comments/1reqgh1/what_is_the_dumbest_thing_youve_done_for_a_girl/
2026-02-25T22:33:52+00:00,1reqq99,AskReddit,56.4,0,11,0.5,https://www.reddit.com/r/AskReddit/comments/1reqq99/what_makes_you_happy/
2026-02-25T22:33:52+00:00,1reqgzn,AskReddit,65.88,2,1,1.0,https://www.reddit.com/r/AskReddit/comments/1reqgzn/what_is_the_most_funniest_incident_which_happened/
2026-02-25T22:33:52+00:00,1reqqyv,AskReddit,55.67,1,14,0.67,https://www.reddit.com/r/AskReddit/comments/1reqqyv/what_is_a_poor_person_meal_that_you_still_eat/
2026-02-25T22:34:03+00:00,1rer0vu,AskReddit,45.55,0,4,0.4,https://www.reddit.com/r/AskReddit/comments/1rer0vu/given_they_only_know_the_basics_what_would_be_a/
2026-02-25T22:34:08+00:00,1rer0b0,AskReddit,46.2,3,12,0.71,https://www.reddit.com/r/AskReddit/comments/1rer0b0/what_is_some_situation_that_always_happen_to_you/
2026-02-25T22:34:18+00:00,1rerki4,AskReddit,25.7,0,20,0.44,https://www.reddit.com/r/AskReddit/comments/1rerki4/how_should_a_man_with_a_very_below_average_penis/
2026-02-25T22:34:18+00:00,1reralf,AskReddit,35.67,0,5,0.5,https://www.reddit.com/r/AskReddit/comments/1reralf/how_did_you_find_your_first_paying_clients_and/
2026-02-25T22:34:23+00:00,1rerkif,AskReddit,25.77,1,8,0.67,https://www.reddit.com/r/AskReddit/comments/1rerkif/serious_men_of_reddit_what_is_something_a_lot_of/
2026-02-25T22:34:28+00:00,1rerktw,movies,25.5,1,0,1.0,https://www.reddit.com/r/movies/comments/1rerktw/describe_your_performance_in_one_word/
2026-02-25T22:34:28+00:00,1rerk3z,AskReddit,26.25,2,6,1.0,https://www.reddit.com/r/AskReddit/comments/1rerk3z/high_school_and_college_students_what_percentage/
2026-02-25T22:34:33+00:00,1rertzs,AskReddit,15.95,1,2,1.0,https://www.reddit.com/r/AskReddit/comments/1rertzs/whats_a_habit_you_never_questioned_until_someone/
2026-02-25T22:34:33+00:00,1reqhng,AskReddit,65.92,3,16,1.0,https://www.reddit.com/r/AskReddit/comments/1reqhng/fellow_depressed_and_people_with_harsh_anxiety/
2026-02-25T22:34:33+00:00,1reqhca,AskReddit,66.22,3,1,0.8,https://www.reddit.com/r/AskReddit/comments/1reqhca/have_you_ever_said_no_to_a_proposal_and_if_you/
2026-02-25T22:34:33+00:00,1reru8r,Music,15.72,1,0,1.0,https://www.reddit.com/r/Music/comments/1reru8r/missing_persons_destination_unknown_synthpop/
2026-02-25T22:34:38+00:00,1rerty0,AskReddit,16.08,0,6,0.5,https://www.reddit.com/r/AskReddit/comments/1rerty0/last_night_in_the_sotu_trump_said_voting_is_a/
2026-02-25T22:34:38+00:00,1reru78,AskReddit,15.85,2,8,1.0,https://www.reddit.com/r/AskReddit/comments/1reru78/whats_a_side_hustle_that_has_made_you_a_good/
2026-02-25T22:34:38+00:00,1reruj9,AskReddit,15.5,1,3,1.0,https://www.reddit.com/r/AskReddit/comments/1reruj9/what_occupation_do_you_think_is_way_better_than/
2026-02-25T22:34:44+00:00,1reqhzq,AskReddit,65.73,0,10,0.33,https://www.reddit.com/r/AskReddit/comments/1reqhzq/popular_girls_whats_the_best_sprayperfume/
2026-02-25T22:34:44+00:00,1reqryw,memes,55.48,6,1,1.0,https://www.reddit.com/r/memes/comments/1reqryw/quite_the_damp_patch/
2026-02-25T22:34:44+00:00,1res4de,funny,5.22,1,2,0.6,https://www.reddit.com/r/funny/comments/1res4de/alright_imma_head_out/
2026-02-25T22:34:44+00:00,1res44y,AskReddit,5.47,0,0,0.5,https://www.reddit.com/r/AskReddit/comments/1res44y/trump_signed_a_79b_education_funding_bill_into/
2026-02-25T22:34:44+00:00,1res3oh,AskReddit,6.0,2,5,1.0,https://www.reddit.com/r/AskReddit/comments/1res3oh/what_job_looks_impressive_from_the_outside_but_is/
2026-02-25T22:34:44+00:00,1res3na,AskReddit,6.05,0,1,0.5,https://www.reddit.com/r/AskReddit/comments/1res3na/what_false_narrative_made_you_popular_in_high/
2026-02-25T22:34:44+00:00,1res3l3,AskReddit,6.1,2,4,1.0,https://www.reddit.com/r/AskReddit/comments/1res3l3/how_do_you_feel_about_british_royal_family_after/
2026-02-25T22:34:54+00:00,1reqr8a,AskReddit,56.42,2,13,0.67,https://www.reddit.com/r/AskReddit/comments/1reqr8a/how_would_you_get_one_million_people_to_give_you/
2026-02-25T22:34:54+00:00,1reqs41,AskReddit,55.5,1,22,0.67,https://www.reddit.com/r/AskReddit/comments/1reqs41/whats_a_clear_sign_that_someone_is_not_a_good/
2026-02-25T22:34:59+00:00,1reqrkr,AskReddit,56.15,0,5,0.5,https://www.reddit.com/r/AskReddit/comments/1reqrkr/whats_the_most_dangerous_thing_youve_ever_done/
2026-02-25T22:34:59+00:00,1reqrr4,AskReddit,55.97,1,1,0.67,https://www.reddit.com/r/AskReddit/comments/1reqrr4/whats_the_biggest_moneymaker_youve_ever_resold/
2026-02-25T22:35:09+00:00,1rer1iv,AskReddit,45.98,0,4,0.5,https://www.reddit.com/r/AskReddit/comments/1rer1iv/what_makes_certain_scandals_stay_in_public/
2026-02-25T22:35:09+00:00,1rerbd9,AskReddit,35.65,0,0,0.5,https://www.reddit.com/r/AskReddit/comments/1rerbd9/what_was_this_movie_called_girl_moves_in_with/
2026-02-25T22:35:14+00:00,1repp0b,AskReddit,95.78,1,7,0.67,https://www.reddit.com/r/AskReddit/comments/1repp0b/what_is_a_small_decision_you_made_years_ago_that/
2026-02-25T22:35:14+00:00,1rerbop,Music,35.42,0,0,0.5,https://www.reddit.com/r/Music/comments/1rerbop/goldie_lookin_chain_the_middle_of_lidl_rap/
2026-02-25T22:35:14+00:00,1rer21d,AskReddit,45.55,0,1,0.33,https://www.reddit.com/r/AskReddit/comments/1rer21d/whats_one_thing_you_know_society_pressures_you/
2026-02-25T22:35:19+00:00,1repp0c,Music,95.87,7,1,0.89,https://www.reddit.com/r/Music/comments/1repp0c/lambrini_girls_feat_peaches_cuntology_101_peaches/
2026-02-25T22:35:19+00:00,1rerbnm,todayilearned,35.53,1111,126,0.94,https://www.reddit.com/r/todayilearned/comments/1rerbnm/til_ben_shapiro_and_mara_wilson_matilda_mrs/
2026-02-25T22:35:19+00:00,1repp2o,AskReddit,95.82,0,3,0.4,https://www.reddit.com/r/AskReddit/comments/1repp2o/what_youtuber_do_you_think_will_be_cancelled_next/
2026-02-25T22:35:19+00:00,1rerblm,AskReddit,35.58,1,11,0.67,https://www.reddit.com/r/AskReddit/comments/1rerblm/whats_a_skill_thats_becoming_rare_because/
2026-02-25T22:35:19+00:00,1rerlb7,AskReddit,25.78,0,7,0.4,https://www.reddit.com/r/AskReddit/comments/1rerlb7/how_did_harambes_code_written_nearly_4000_years/
2026-02-25T22:35:24+00:00,1rerlbt,memes,25.87,3,2,0.8,https://www.reddit.com/r/memes/comments/1rerlbt/im_with_the_cat/
2026-02-25T22:35:24+00:00,1rerb1k,memes,36.28,8,1,0.83,https://www.reddit.com/r/memes/comments/1rerb1k/reddit_girlfriend/
2026-02-25T22:35:24+00:00,1repp8f,AskReddit,95.75,0,7,0.33,https://www.reddit.com/r/AskReddit/comments/1repp8f/the_gambias_africas_smallest_mainland_country/
2026-02-25T22:35:24+00:00,1rerlai,memes,25.9,0,0,0.5,https://www.reddit.com/r/memes/comments/1rerlai/kuchitamatchi_is_judging_you/
2026-02-25T22:35:30+00:00,1rerlt0,movies,25.45,3,0,0.64,https://www.reddit.com/r/movies/comments/1rerlt0/baz_luhrmann_says_filming_australia_was_the_most/
2026-02-25T22:35:30+00:00,1rerlu6,AskReddit,25.42,2,8,1.0,https://www.reddit.com/r/AskReddit/comments/1rerlu6/whats_a_good_reason_or_your_reason_to_keep_going/
2026-02-25T22:35:30+00:00,1rervdu,AskReddit,15.48,3,11,1.0,https://www.reddit.com/r/AskReddit/comments/1rervdu/whats_the_one_thing_that_completely_changed_your/
2026-02-25T22:35:35+00:00,1reqis6,AskReddit,65.75,5,19,0.86,https://www.reddit.com/r/AskReddit/comments/1reqis6/serious_what_is_astroturfing/
2026-02-25T22:35:35+00:00,1rerv2f,AskReddit,15.88,0,3,0.5,https://www.reddit.com/r/AskReddit/comments/1rerv2f/what_is_your_opinion_of_the_usa_mens_hockey_team/
2026-02-25T22:35:35+00:00,1reruzt,AskReddit,15.97,1,12,1.0,https://www.reddit.com/r/AskReddit/comments/1reruzt/what_becomes_harder_once_you_grow_up/
2026-02-25T22:35:35+00:00,1reruvb,memes,16.1,3,0,1.0,https://www.reddit.com/r/memes/comments/1reruvb/i_love_spicy_food_but_not_when_i_get_hiccups/
2026-02-25T22:35:40+00:00,1rerut9,aww,16.25,4,1,1.0,https://www.reddit.com/r/aww/comments/1rerut9/someones_hungry_he_eats_like_he_hasnt_been_fed_in/
2026-02-25T22:35:45+00:00,1reqj4q,AskReddit,65.55,2,20,0.75,https://www.reddit.com/r/AskReddit/comments/1reqj4q/your_favorite_celebrity_in_right_in_front_of_you/
2026-02-25T22:35:45+00:00,1res53g,AskReddit,5.48,0,2,0.25,https://www.reddit.com/r/AskReddit/comments/1res53g/usa_and_iran_negotiations_tomorrow_what_should_we/
2026-02-25T22:35:45+00:00,1res50b,AskReddit,5.58,0,3,0.5,https://www.reddit.com/r/AskReddit/comments/1res50b/at_what_age_gap_do_you_consider_it_creepy_for_an/
2026-02-25T22:35:55+00:00,1reqj36,AskReddit,65.77,2,5,0.75,https://www.reddit.com/r/AskReddit/comments/1reqj36/what_was_suspiciously_easy/
2026-02-25T22:35:55+00:00,1reqsqr,Music,55.83,3,1,1.0,https://www.reddit.com/r/Music/comments/1reqsqr/the_cure_a_chain_of_flowers_rock/
2026-02-25T22:35:55+00:00,1reqsno,movies,55.92,1159,149,0.98,https://www.reddit.com/r/movies/comments/1reqsno/paramount_posts_q4_loss_of_573_million/
2026-02-25T22:35:55+00:00,1rer31n,AskReddit,45.22,0,7,0.33,https://www.reddit.com/r/AskReddit/comments/1rer31n/can_something_be_aesthetically_gay_how/
2026-02-25T22:35:55+00:00,1reqsg1,AskReddit,56.17,1,2,1.0,https://www.reddit.com/r/AskReddit/comments/1reqsg1/travelers_of_reddit_whats_the_most_unexpected_or/
2026-02-25T22:36:00+00:00,1reqs8f,AskReddit,56.47,2,5,1.0,https://www.reddit.com/r/AskReddit/comments/1reqs8f/how_do_you_feel_about_the_current_state_of_ticket/
2026-02-25T22:36:00+00:00,1rer2xi,AskReddit,45.42,1,3,0.6,https://www.reddit.com/r/AskReddit/comments/1rer2xi/whats_your_craziest_drunk_story/
2026-02-25T22:36:10+00:00,1rer2nf,AskReddit,45.88,0,10,0.4,https://www.reddit.com/r/AskReddit/comments/1rer2nf/what_is_your_favorite_thing_to_do/
2026-02-25T22:36:10+00:00,1rercqf,Music,35.33,0,0,0.5,https://www.reddit.com/r/Music/comments/1rercqf/i_cant_find_this_song_i_want/
2026-02-25T22:36:15+00:00,1rerbwg,todayilearned,36.2,6,3,0.75,https://www.reddit.com/r/todayilearned/comments/1rerbwg/til_that_over_a_period_of_several_years_starting/
2026-02-25T22:36:20+00:00,1reppkz,AskReddit,96.33,0,2,0.33,https://www.reddit.com/r/AskReddit/comments/1reppkz/what_do_you_use_your_uggel_pics_for/
2026-02-25T22:36:31+00:00,1rermuu,AskReddit,25.4,2,5,1.0,https://www.reddit.com/r/AskReddit/comments/1rermuu/what_seemed_completely_normal_as_a_child_but_now/
2026-02-25T22:36:31+00:00,1repq4f,memes,95.98,23,3,0.97,https://www.reddit.com/r/memes/comments/1repq4f/its_happen_to_us_all/
2026-02-25T22:36:31+00:00,1rermpl,AskReddit,25.55,2,1,1.0,https://www.reddit.com/r/AskReddit/comments/1rermpl/whats_one_boring_career_thats_actually_a_goldmine/
2026-02-25T22:36:36+00:00,1reqjdq,AskReddit,66.15,0,4,0.4,https://www.reddit.com/r/AskReddit/comments/1reqjdq/with_the_scale_being_010_0_being_a_verbal_insult/
2026-02-25T22:36:36+00:00,1reqk47,AskReddit,65.38,0,4,0.5,https://www.reddit.com/r/AskReddit/comments/1reqk47/whats_your_oddest_experience/
2026-02-25T22:36:41+00:00,1reppo5,movies,96.6,0,4,0.5,https://www.reddit.com/r/movies/comments/1reppo5/random_coincidences_in_a_double_bill/
2026-02-25T22:36:41+00:00,1reqjwe,AskReddit,65.68,2,8,1.0,https://www.reddit.com/r/AskReddit/comments/1reqjwe/how_seriously_do_you_take_someones_musical_tastes/
2026-02-25T22:36:41+00:00,1rerw9w,worldnews,15.7,26,4,0.93,https://www.reddit.com/r/worldnews/comments/1rerw9w/trump_hits_iran_with_new_sanctions_ahead_of/
2026-02-25T22:36:46+00:00,1reqk7z,memes,65.45,0,10,0.31,https://www.reddit.com/r/memes/comments/1reqk7z/oh_no_ai_anyway/
2026-02-25T22:36:46+00:00,1reqtnz,AskReddit,55.72,2,4,1.0,https://www.reddit.com/r/AskReddit/comments/1reqtnz/30_minutes_on_twitter_x_and_its_soul_destroying/
2026-02-25T22:36:46+00:00,1rerw6t,memes,15.9,2,0,1.0,https://www.reddit.com/r/memes/comments/1rerw6t/sssshhh_zip_it/
2026-02-25T22:36:46+00:00,1res693,AskReddit,5.3,0,5,0.25,https://www.reddit.com/r/AskReddit/comments/1res693/whats_your_secret_to_have_a_great_scat_sex/
2026-02-25T22:36:46+00:00,1res665,AskReddit,5.38,0,3,0.5,https://www.reddit.com/r/AskReddit/comments/1res665/would_you_say_theres_a_severe_lack_of_empathy_in/
2026-02-25T22:36:46+00:00,1res5w8,AskReddit,5.68,1,4,0.67,https://www.reddit.com/r/AskReddit/comments/1res5w8/when_did_you_first_smoke_weed_and_who_were_you/
2026-02-25T22:36:46+00:00,1res5py,AskReddit,5.87,0,0,0.5,https://www.reddit.com/r/AskReddit/comments/1res5py/if_your_pet_animal_spoke_to_you_how_would_you/
2026-02-25T22:36:56+00:00,1reqtsx,AskReddit,55.75,0,52,0.45,https://www.reddit.com/r/AskReddit/comments/1reqtsx/what_is_the_meaning_of_having_a_womans_body_if_we/
2026-02-25T22:36:56+00:00,1reqtqo,AskReddit,55.8,1,3,1.0,https://www.reddit.com/r/AskReddit/comments/1reqtqo/what_was_your_gut_feeling_that_saved_you/
2026-02-25T22:36:56+00:00,1reqk3v,AskReddit,65.73,0,5,0.5,https://www.reddit.com/r/AskReddit/comments/1reqk3v/whats_one_move_in_bed_that_makes_anyone_go_crazy/
2026-02-25T22:36:56+00:00,1reqtid,Music,56.03,21,5,0.86,https://www.reddit.com/r/Music/comments/1reqtid/singer_d4vd_is_target_of_los_angeles_grand_jury/
2026-02-25T22:36:56+00:00,1rer43m,worldnews,45.15,88,32,0.82,https://www.reddit.com/r/worldnews/comments/1rer43m/rubio_boosts_dictator_orbáns_bid_for_another_term/
2026-02-25T22:36:56+00:00,1reqtjx,AskReddit,56.0,0,3,0.43,https://www.reddit.com/r/AskReddit/comments/1reqtjx/what_are_the_best_sites_etc_to_sign_someones/
2026-02-25T22:37:01+00:00,1rer3jt,AskReddit,45.75,0,2,0.5,https://www.reddit.com/r/AskReddit/comments/1rer3jt/how_do_you_think_we_will_pay_for_things_when_we/
2026-02-25T22:37:01+00:00,1reqtem,AskReddit,56.22,0,4,0.5,https://www.reddit.com/r/AskReddit/comments/1reqtem/what_makes_you_the_most_horny/
2026-02-25T22:37:06+00:00,1reqtub,AskReddit,55.87,128,265,0.99,https://www.reddit.com/r/AskReddit/comments/1reqtub/whats_something_harmless_that_gets_people_weirdly/
2026-02-25T22:37:11+00:00,1reprdz,science,95.42,1216,175,0.94,https://www.reddit.com/r/science/comments/1reprdz/donald_trump_gained_2024_votes_in_areas_where/
2026-02-25T22:37:11+00:00,1rer3yk,AskReddit,45.52,0,4,0.5,https://www.reddit.com/r/AskReddit/comments/1rer3yk/what_songs_got_better_with_age/
2026-02-25T22:37:11+00:00,1reprdo,AskReddit,95.42,2,10,1.0,https://www.reddit.com/r/AskReddit/comments/1reprdo/what_happened_at_work_that_made_you_realize_that/
2026-02-25T22:37:11+00:00,1rerdrl,Music,35.32,0,5,0.33,https://www.reddit.com/r/Music/comments/1rerdrl/kurt_cobains_1994_death_alleged_homicide_by/
2026-02-25T22:37:16+00:00,1rerdar,AskReddit,35.85,0,4,0.5,https://www.reddit.com/r/AskReddit/comments/1rerdar/do_you_think_kissing_in_public_is_normal_or_weird/
2026-02-25T22:37:16+00:00,1rerd38,AskReddit,36.08,2,3,0.75,https://www.reddit.com/r/AskReddit/comments/1rerd38/what_is_the_most_ignorant_opinion_you_truly/
2026-02-25T22:37:16+00:00,1rerdn2,Music,35.52,1,0,1.0,https://www.reddit.com/r/Music/comments/1rerdn2/lol_self_promotion_ethical_ai_contains_link_to/
2026-02-25T22:37:16+00:00,1rerd10,AskReddit,36.15,0,5,0.5,https://www.reddit.com/r/AskReddit/comments/1rerd10/what_app_do_you_highly_recommend/
2026-02-25T22:37:16+00:00,1repqq1,AskReddit,96.15,0,1,0.5,https://www.reddit.com/r/AskReddit/comments/1repqq1/what_do_you_do_for_a_living_and_whats_your_pay_x/
2026-02-25T22:37:16+00:00,1rerdhd,memes,35.68,16,1,0.94,https://www.reddit.com/r/memes/comments/1rerdhd/i_forgorrr/
2026-02-25T22:37:16+00:00,1rerncr,AskReddit,25.67,0,9,0.25,https://www.reddit.com/r/AskReddit/comments/1rerncr/girl_to_girl_lets_not_gatekeep_whats_a_feminine/
2026-02-25T22:37:22+00:00,1rerdsh,AskReddit,35.47,1,3,1.0,https://www.reddit.com/r/AskReddit/comments/1rerdsh/what_do_you_think_would_be_more_devastating/
2026-02-25T22:37:27+00:00,1rerna5,aww,25.92,10,0,1.0,https://www.reddit.com/r/aww/comments/1rerna5/these_girls_love_each_other_so_much/
2026-02-25T22:37:27+00:00,1rernml,AskReddit,25.55,1,1,1.0,https://www.reddit.com/r/AskReddit/comments/1rernml/serious_redditors_that_workuse_to_work_in_retail/
2026-02-25T22:37:27+00:00,1rerdd1,AskReddit,35.98,0,4,0.4,https://www.reddit.com/r/AskReddit/comments/1rerdd1/how_do_you_tell_a_woman_to_calm_down_and_that_she/
2026-02-25T22:37:27+00:00,1rep2aa,AskReddit,121.35,3,7,1.0,https://www.reddit.com/r/AskReddit/comments/1rep2aa/hows_it_feel_being_in_love_with_someone_that_is/
2026-02-25T22:37:32+00:00,1repqqi,AskReddit,96.4,0,8,0.33,https://www.reddit.com/r/AskReddit/comments/1repqqi/if_you_had_to_finish_100_big_macs_and_you_can/
2026-02-25T22:37:32+00:00,1reql3x,AskReddit,65.27,2,6,0.75,https://www.reddit.com/r/AskReddit/comments/1reql3x/how_do_you_sort_your_feed_best_top_hot_new_rising/
2026-02-25T22:37:37+00:00,1reqkab,AskReddit,66.23,1,1,1.0,https://www.reddit.com/r/AskReddit/comments/1reqkab/how_many_group_chats_are_you_part_of_and_what_are/
2026-02-25T22:37:37+00:00,1reqk9m,AskReddit,66.25,1,8,0.67,https://www.reddit.com/r/AskReddit/comments/1reqk9m/what_are_you_most_scary_about_the_future/
2026-02-25T22:37:37+00:00,1rep23z,AskReddit,121.7,1,7,1.0,https://www.reddit.com/r/AskReddit/comments/1rep23z/how_would_you_feel_finding_out_that_you_are_your/
2026-02-25T22:37:37+00:00,1rep1ar,AskReddit,122.53,11,6,1.0,https://www.reddit.com/r/AskReddit/comments/1rep1ar/why_did_reddit_just_release_the_worst_app_update/
2026-02-25T22:37:42+00:00,1reo9bb,memes,151.05,1226,338,0.91,https://www.reddit.com/r/memes/comments/1reo9bb/can_you_name/
2026-02-25T22:37:42+00:00,1reo2ua,memes,157.23,55,5,0.87,https://www.reddit.com/r/memes/comments/1reo2ua/it_really_do_be_like_that/
2026-02-25T22:37:42+00:00,1rep2sm,gaming,121.03,0,23,0.22,https://www.reddit.com/r/gaming/comments/1rep2sm/anyone_knows_any_simple_and_free_aim_trainers/
2026-02-25T22:37:42+00:00,1rerxmg,aww,15.28,6,1,1.0,https://www.reddit.com/r/aww/comments/1rerxmg/my_love_bug/
2026-02-25T22:37:42+00:00,1reo3e1,aww,156.78,10,0,0.92,https://www.reddit.com/r/aww/comments/1reo3e1/wanted_to_share_her/
2026-02-25T22:37:47+00:00,1rep3w0,AskReddit,119.97,1,6,1.0,https://www.reddit.com/r/AskReddit/comments/1rep3w0/what_is_a_successful_life_that_actually_sounds/
2026-02-25T22:37:47+00:00,1rerx8w,todayilearned,15.78,3,0,0.67,https://www.reddit.com/r/todayilearned/comments/1rerx8w/til_peter_gabriel_rode_a_bicycle_around_the_stage/
2026-02-25T22:37:47+00:00,1rerxfd,AskReddit,15.57,1,1,1.0,https://www.reddit.com/r/AskReddit/comments/1rerxfd/what_separates_average_sex_from_great_sex/
2026-02-25T22:37:47+00:00,1rep20b,AskReddit,121.97,1,6,0.67,https://www.reddit.com/r/AskReddit/comments/1rep20b/whos_a_cringy_content_creator/
2026-02-25T22:37:47+00:00,1rerxkl,AskReddit,15.42,1,0,1.0,https://www.reddit.com/r/AskReddit/comments/1rerxkl/everyone_knows_them_what_new_scam_methods_are/
2026-02-25T22:37:47+00:00,1rep1yc,AskReddit,122.02,1,2,1.0,https://www.reddit.com/r/AskReddit/comments/1rep1yc/how_did_you_know_or_realize_a_friend_was_going_to/
2026-02-25T22:37:47+00:00,1rep1rd,AskReddit,122.22,2,12,0.75,https://www.reddit.com/r/AskReddit/comments/1rep1rd/what_would_you_do_if_you_had_a_time_machine/
2026-02-25T22:37:47+00:00,1rep1bf,AskReddit,122.68,1,8,0.67,https://www.reddit.com/r/AskReddit/comments/1rep1bf/at_the_height_of_their_fame_who_got_more_action/
2026-02-25T22:37:47+00:00,1reo7be,Music,153.07,76,1,0.98,https://www.reddit.com/r/Music/comments/1reo7be/oliver_power_grant_a_founding_member_of_wutang/
2026-02-25T22:37:47+00:00,1reo201,movies,158.13,2,0,0.6,https://www.reddit.com/r/movies/comments/1reo201/jonathan_levine_to_direct_grady_hendrix/
2026-02-25T22:37:47+00:00,1rerxjw,AskReddit,15.43,2,6,1.0,https://www.reddit.com/r/AskReddit/comments/1rerxjw/whats_the_last_gift_you_gave_yourself/
2026-02-25T22:37:47+00:00,1res6gz,Music,6.12,1,0,1.0,https://www.reddit.com/r/Music/comments/1res6gz/album_updates_additions_feb_25_2026/
2026-02-25T22:37:57+00:00,1rerx2j,AskReddit,16.13,1,2,1.0,https://www.reddit.com/r/AskReddit/comments/1rerx2j/how_do_you_think_canadas_military_aid_will_impact/
2026-02-25T22:37:57+00:00,1rerx2w,aww,16.12,3,1,1.0,https://www.reddit.com/r/aww/comments/1rerx2w/sister_love_the_new_babies/
2026-02-25T22:37:57+00:00,1reoz1j,aww,125.15,122,2,0.99,https://www.reddit.com/r/aww/comments/1reoz1j/we_found_this_little_baby_about_a_month_and_a/
2026-02-25T22:37:57+00:00,1reo8yx,movies,151.65,0,17,0.32,https://www.reddit.com/r/movies/comments/1reo8yx/baz_luhrmann_wants_an_elvis_presley_cinematic/
2026-02-25T22:37:57+00:00,1reqkd5,AskReddit,66.48,1,11,1.0,https://www.reddit.com/r/AskReddit/comments/1reqkd5/what_can_you_buy_in_america_with_25_cents/
2026-02-25T22:37:57+00:00,1requos,gaming,55.83,156,37,0.96,https://www.reddit.com/r/gaming/comments/1requos/resident_evil_requiem_is_the_highest_rated_new/
2026-02-25T22:37:57+00:00,1reoy09,Music,126.18,0,23,0.31,https://www.reddit.com/r/Music/comments/1reoy09/i_know_this_was_prolly_posted_several_times_but/
2026-02-25T22:37:57+00:00,1rer4ew,worldnews,45.83,68,16,0.94,https://www.reddit.com/r/worldnews/comments/1rer4ew/cuba_says_its_forces_have_killed_four_on/
2026-02-25T22:37:57+00:00,1requ68,AskReddit,56.37,4,12,0.83,https://www.reddit.com/r/AskReddit/comments/1requ68/ladies_and_gentlemen_how_are_you_feeling_on_this/
2026-02-25T22:38:02+00:00,1requmq,AskReddit,55.97,1,17,0.67,https://www.reddit.com/r/AskReddit/comments/1requmq/what_is_legal_but_still_messed_up_to_do/
2026-02-25T22:38:02+00:00,1reo57i,movies,155.37,1934,597,0.82,https://www.reddit.com/r/movies/comments/1reo57i/teens_are_over_superheroes_want_to_see_more/
2026-02-25T22:38:02+00:00,1rer51j,AskReddit,45.23,0,0,0.5,https://www.reddit.com/r/AskReddit/comments/1rer51j/what_is_great_advice_youve_gotten_from_someone/
2026-02-25T22:38:02+00:00,1rerepq,AskReddit,35.22,1,8,1.0,https://www.reddit.com/r/AskReddit/comments/1rerepq/what_subject_do_you_know_the_most_about/
2026-02-25T22:38:07+00:00,1requf5,AskReddit,56.32,11,43,0.92,https://www.reddit.com/r/AskReddit/comments/1requf5/what_do_you_think_happens_after_we_die/
2026-02-25T22:38:07+00:00,1rer4ps,AskReddit,45.67,0,17,0.25,https://www.reddit.com/r/AskReddit/comments/1rer4ps/how_do_you_guys_make_money_asking_as_a_15_year_old/
2026-02-25T22:38:07+00:00,1rer4e9,AskReddit,46.02,0,2,0.25,https://www.reddit.com/r/AskReddit/comments/1rer4e9/what_are_your_favorite_movies_and_why/
2026-02-25T22:38:12+00:00,1rere5r,AskReddit,35.95,2,4,1.0,https://www.reddit.com/r/AskReddit/comments/1rere5r/whats_the_most_cringe_thing_youve_ever_done_to/
2026-02-25T22:38:12+00:00,1rer4wg,AskReddit,45.55,0,3,0.17,https://www.reddit.com/r/AskReddit/comments/1rer4wg/hi_hows_your_day/
2026-02-25T22:38:18+00:00,1rere2w,AskReddit,36.13,1,2,1.0,https://www.reddit.com/r/AskReddit/comments/1rere2w/whats_the_worst_hr_incident_at_your_workplace/
2026-02-25T22:38:18+00:00,1rerexl,AskReddit,35.27,1,4,1.0,https://www.reddit.com/r/AskReddit/comments/1rerexl/what_is_a_point_of_no_return_that_youve_crossed/
2026-02-25T22:38:28+00:00,1reps7r,AskReddit,95.87,2,12,1.0,https://www.reddit.com/r/AskReddit/comments/1reps7r/whats_the_strangest_craving_youve_had/
2026-02-25T22:38:28+00:00,1reroni,gaming,25.57,68,31,0.88,https://www.reddit.com/r/gaming/comments/1reroni/who_do_we_talk_to/
2026-02-25T22:38:28+00:00,1reqlmp,AskReddit,65.68,4,10,1.0,https://www.reddit.com/r/AskReddit/comments/1reqlmp/whats_a_moment_that_made_you_rethink_a_friendship/
2026-02-25T22:38:33+00:00,1repryj,aww,96.22,414,8,1.0,https://www.reddit.com/r/aww/comments/1repryj/he_wants_to_say_hi/
2026-02-25T22:38:33+00:00,1rero47,AskReddit,26.18,1,7,1.0,https://www.reddit.com/r/AskReddit/comments/1rero47/whats_the_biggest_letdown_about_being_an_adult/
2026-02-25T22:38:33+00:00,1rerooh,AskReddit,25.62,1,5,0.99,https://www.reddit.com/r/AskReddit/comments/1rerooh/what_is_legal_but_feels_100_illegal/
2026-02-25T22:38:33+00:00,1reroj1,memes,25.75,6,3,0.8,https://www.reddit.com/r/memes/comments/1reroj1/ts_so_real/
2026-02-25T22:38:33+00:00,1rerofr,AskReddit,25.83,0,7,0.5,https://www.reddit.com/r/AskReddit/comments/1rerofr/how_did_youwould_you_react_to_a_close_friend/
2026-02-25T22:38:43+00:00,1reprz2,gaming,96.37,0,28,0.23,https://www.reddit.com/r/gaming/comments/1reprz2/horizon_hunters_gathering/
2026-02-25T22:38:43+00:00,1reqw33,Music,55.13,184,0,0.99,https://www.reddit.com/r/Music/comments/1reqw33/miguel_leads_ice_out_chant_at_nyc_show_in/
2026-02-25T22:38:48+00:00,1rery4o,Music,15.87,1,1,1.0,https://www.reddit.com/r/Music/comments/1rery4o/mitski_wheres_my_phone_indie/
2026-02-25T22:38:48+00:00,1rerykn,AskReddit,15.4,1,0,1.0,https://www.reddit.com/r/AskReddit/comments/1rerykn/what_makes_it_illegal_to_mention_the_word_covid/
2026-02-25T22:38:48+00:00,1reqv9t,AskReddit,56.08,1,10,1.0,https://www.reddit.com/r/AskReddit/comments/1reqv9t/whats_something_porn_taught_people_thats/
2026-02-25T22:38:48+00:00,1reryml,AskReddit,15.35,1,3,1.0,https://www.reddit.com/r/AskReddit/comments/1reryml/whats_your_favorite_chicken_marinade_and_whats/
2026-02-25T22:38:48+00:00,1reqlwb,memes,65.75,4,2,0.83,https://www.reddit.com/r/memes/comments/1reqlwb/i_hope_its_a_ps5/
2026-02-25T22:38:48+00:00,1res87e,AskReddit,5.33,1,2,1.0,https://www.reddit.com/r/AskReddit/comments/1res87e/how_can_you_help_by_leaving_a_1_star_review_for/
2026-02-25T22:38:48+00:00,1res84l,AskReddit,5.42,1,2,1.0,https://www.reddit.com/r/AskReddit/comments/1res84l/whats_your_reason_for_not_protesting_at_least/
2026-02-25T22:38:48+00:00,1res7x4,AskReddit,5.65,1,1,1.0,https://www.reddit.com/r/AskReddit/comments/1res7x4/foster_teens_of_reddit_what_iswouldve_been_your/
2026-02-25T22:38:48+00:00,1res7w3,AskReddit,5.68,2,1,1.0,https://www.reddit.com/r/AskReddit/comments/1res7w3/what_did_you_do_on_autopilot_for_years_before/
2026-02-25T22:38:48+00:00,1res7rh,AskReddit,5.82,1,0,1.0,https://www.reddit.com/r/AskReddit/comments/1res7rh/what_made_you_give_up_onenight_stands/
2026-02-25T22:38:48+00:00,1res881,Music,5.32,1,0,1.0,https://www.reddit.com/r/Music/comments/1res881/no_savage_gizwop_box_instrumental/
2026-02-25T22:38:58+00:00,1reqlb0,movies,66.52,0,62,0.33,https://www.reddit.com/r/movies/comments/1reqlb0/adams_perfect_films/
2026-02-25T22:38:58+00:00,1reqm5v,memes,65.65,66,37,0.92,https://www.reddit.com/r/memes/comments/1reqm5v/tough_decisions_ahead/
2026-02-25T22:38:58+00:00,1rerxx3,AskReddit,16.25,1,2,1.0,https://www.reddit.com/r/AskReddit/comments/1rerxx3/how_have_people_dealt_with_a_lack_of_sex_in_their/
2026-02-25T22:38:58+00:00,1reqleb,gaming,66.42,34,45,0.77,https://www.reddit.com/r/gaming/comments/1reqleb/whats_your_travel_game/
2026-02-25T22:38:58+00:00,1reqv90,AskReddit,56.28,3,4,1.0,https://www.reddit.com/r/AskReddit/comments/1reqv90/what_is_the_weirdest_belief_about_the_world_that/
2026-02-25T22:38:58+00:00,1reqvhw,aww,56.02,22,5,0.75,https://www.reddit.com/r/aww/comments/1reqvhw/someone_was_happy_to_see_potatoes_at_the_weekly/
2026-02-25T22:39:03+00:00,1reqvov,todayilearned,55.88,188,39,0.96,https://www.reddit.com/r/todayilearned/comments/1reqvov/til_in_the_1950s_and_60s_vernon_florida_had_a/
2026-02-25T22:39:08+00:00,1rer5wy,AskReddit,45.45,0,16,0.33,https://www.reddit.com/r/AskReddit/comments/1rer5wy/what_should_be_free_but_isnt/
2026-02-25T22:39:08+00:00,1rer5k4,AskReddit,45.8,2,18,0.75,https://www.reddit.com/r/AskReddit/comments/1rer5k4/does_someone_saying_they_love_you_mean_more_than/
2026-02-25T22:39:13+00:00,1repsmm,AskReddit,96.22,0,9,0.33,https://www.reddit.com/r/AskReddit/comments/1repsmm/is_it_possible_to_make_a_catapult_or_trebuchet/
2026-02-25T22:39:13+00:00,1rer56m,AskReddit,46.25,0,2,0.5,https://www.reddit.com/r/AskReddit/comments/1rer56m/teachers_of_reddit_what_was_some_extremely_wrong/
2026-02-25T22:39:13+00:00,1rerfcq,science,35.75,37,5,0.96,https://www.reddit.com/r/science/comments/1rerfcq/could_a_vaccine_prevent_dementia_shingles_shot/
2026-02-25T22:39:18+00:00,1rerfsd,todayilearned,35.42,4,1,0.75,https://www.reddit.com/r/todayilearned/comments/1rerfsd/til_that_around_a_spinning_black_hole_theres_a/
2026-02-25T22:39:18+00:00,1rer4vc,funny,46.68,14,5,0.77,https://www.reddit.com/r/funny/comments/1rer4vc/hot_cakes/
2026-02-25T22:39:18+00:00,1rer5r3,todayilearned,45.78,211,0,0.99,https://www.reddit.com/r/todayilearned/comments/1rer5r3/til_that_an_indian_man_traveling_to_vienna_in/
2026-02-25T22:39:18+00:00,1rerfwa,AskReddit,35.32,0,5,0.5,https://www.reddit.com/r/AskReddit/comments/1rerfwa/people_who_are_not_scared_of_confrontations_or/
2026-02-25T22:39:18+00:00,1rerf55,Music,36.05,1,0,1.0,https://www.reddit.com/r/Music/comments/1rerf55/ponder_endless_official_video/
2026-02-25T22:39:18+00:00,1rerftk,AskReddit,35.38,1,7,1.0,https://www.reddit.com/r/AskReddit/comments/1rerftk/what_superpower_would_be_the_most_practical_in/
2026-02-25T22:39:23+00:00,1rerpij,AskReddit,25.62,1,1,1.0,https://www.reddit.com/r/AskReddit/comments/1rerpij/whats_the_most_unconventional_job_youve_worked_at/
2026-02-25T22:39:23+00:00,1rerp6u,AskReddit,25.97,1,2,1.0,https://www.reddit.com/r/AskReddit/comments/1rerp6u/which_specific_brand_or_product_that_you_have/
2026-02-25T22:39:34+00:00,1reqm95,AskReddit,66.15,0,6,0.33,https://www.reddit.com/r/AskReddit/comments/1reqm95/whats_an_average_skill_that_can_turn_into_serious/
2026-02-25T22:39:34+00:00,1rerpvn,AskReddit,25.38,1,5,0.67,https://www.reddit.com/r/AskReddit/comments/1rerpvn/what_is_one_of_your_favourite_film_plots/
2026-02-25T22:39:34+00:00,1rerp3n,AskReddit,26.22,1,4,1.0,https://www.reddit.com/r/AskReddit/comments/1rerp3n/what_would_be_your_ideal_first_date/
2026-02-25T22:39:34+00:00,1rerpym,aww,25.3,3,1,0.8,https://www.reddit.com/r/aww/comments/1rerpym/hes_not_thrilled_about_the_new_hat_but_he_looks/
2026-02-25T22:39:34+00:00,1rerovo,movies,26.45,27,10,0.83,https://www.reddit.com/r/movies/comments/1rerovo/stranger_than_fiction_2006/
2026-02-25T22:39:44+00:00,1rerzhp,AskReddit,15.42,1,6,1.0,https://www.reddit.com/r/AskReddit/comments/1rerzhp/what_happened_to_that_alien_spaceship_asteroid/
2026-02-25T22:39:44+00:00,1rerz1a,AskReddit,15.88,1,8,1.0,https://www.reddit.com/r/AskReddit/comments/1rerz1a/how_do_you_know_when_a_good_job_isnt_worth_it/
2026-02-25T22:39:49+00:00,1reryo8,AskReddit,16.32,1,6,1.0,https://www.reddit.com/r/AskReddit/comments/1reryo8/what_is_your_favorite_horror_icon/
2026-02-25T22:39:49+00:00,1reryv0,AskReddit,16.13,1,4,1.0,https://www.reddit.com/r/AskReddit/comments/1reryv0/what_is_the_best_collecting_hobby_like_watches_or/
2026-02-25T22:39:49+00:00,1reqwxi,AskReddit,55.33,2,4,1.0,https://www.reddit.com/r/AskReddit/comments/1reqwxi/whats_the_creepiest_thing_a_child_has_ever_said/
2026-02-25T22:39:49+00:00,1res8i4,funny,6.1,0,3,0.32,https://www.reddit.com/r/funny/comments/1res8i4/fuck_blue_hat_boy/
2026-02-25T22:39:49+00:00,1res8up,AskReddit,5.72,1,10,1.0,https://www.reddit.com/r/AskReddit/comments/1res8up/what_instantly_makes_you_lose_respect_for_someone/
2026-02-25T22:39:49+00:00,1res8m9,AskReddit,5.98,2,8,1.0,https://www.reddit.com/r/AskReddit/comments/1res8m9/anyone_have_some_advice_on_how_to_relate_to_high/
2026-02-25T22:39:49+00:00,1res8gf,AskReddit,6.13,1,3,1.0,https://www.reddit.com/r/AskReddit/comments/1res8gf/where_is_the_chat_button_because_reddit_changed/
2026-02-25T22:39:49+00:00,1res9cn,Music,5.18,1,1,1.0,https://www.reddit.com/r/Music/comments/1res9cn/the_bluez_brothaz_tpain_young_cash_tell_me/
2026-02-25T22:39:49+00:00,1res8r6,Music,5.82,1,2,1.0,https://www.reddit.com/r/Music/comments/1res8r6/communityvoted_greatest_rock_songs_list/
2026-02-25T22:39:59+00:00,1reqwsq,movies,55.63,0,41,0.5,https://www.reddit.com/r/movies/comments/1reqwsq/the_best_notamerican_movies_you_would_always/
2026-02-25T22:39:59+00:00,1rerzft,AskReddit,15.72,1,4,1.0,https://www.reddit.com/r/AskReddit/comments/1rerzft/how_would_you_describe_a_healthymeasured_usage_of/
2026-02-25T22:39:59+00:00,1reqwyk,memes,55.47,8,0,1.0,https://www.reddit.com/r/memes/comments/1reqwyk/why_the_rage_bait_reddit_why/
2026-02-25T22:39:59+00:00,1reqw7w,AskReddit,56.27,2,1,1.0,https://www.reddit.com/r/AskReddit/comments/1reqw7w/people_who_dated_the_most_popular_person_in_their/
2026-02-25T22:40:04+00:00,1reqwev,movies,56.13,0,1,0.25,https://www.reddit.com/r/movies/comments/1reqwev/which_of_these_movies_shot_in_the_southwest_would/
2026-02-25T22:40:04+00:00,1reqmdh,AskReddit,66.53,3,23,0.71,https://www.reddit.com/r/AskReddit/comments/1reqmdh/how_do_you_think_the_internet_is_different_today/
2026-02-25T22:40:04+00:00,1rer65t,AskReddit,46.12,0,1,0.5,https://www.reddit.com/r/AskReddit/comments/1rer65t/what_was_your_best_make_em_eat_their_words/
2026-02-25T22:40:04+00:00,1rer68e,AskReddit,46.05,40,103,0.91,https://www.reddit.com/r/AskReddit/comments/1rer68e/whats_something_that_gets_harder_instead_of/
2026-02-25T22:40:04+00:00,1rer642,movies,46.17,0,1,0.33,https://www.reddit.com/r/movies/comments/1rer642/is_there_an_high_quality_image_of_this_poster_of/
2026-02-25T22:40:09+00:00,1reqmic,AskReddit,66.5,0,13,0.5,https://www.reddit.com/r/AskReddit/comments/1reqmic/what_is_a_job_youd_do_for_free_even_if_you_were/
2026-02-25T22:40:09+00:00,1rer6lf,AskReddit,45.73,1,9,0.6,https://www.reddit.com/r/AskReddit/comments/1rer6lf/what_would_you_do_if_you_were_a_super_sayian/
2026-02-25T22:40:15+00:00,1rerg2y,AskReddit,36.08,3,5,1.0,https://www.reddit.com/r/AskReddit/comments/1rerg2y/whats_the_best_way_to_start_your_life_into/
2026-02-25T22:40:15+00:00,1repu68,aww,95.67,15,1,1.0,https://www.reddit.com/r/aww/comments/1repu68/buddy/
2026-02-25T22:40:15+00:00,1rerga5,AskReddit,35.9,4,19,1.0,https://www.reddit.com/r/AskReddit/comments/1rerga5/who_or_what_has_been_your_biggest_letdown_in_your/
2026-02-25T22:40:15+00:00,1rer6yv,AskReddit,45.42,0,7,0.5,https://www.reddit.com/r/AskReddit/comments/1rer6yv/would_you_still_marry_this_person_if_you_can_go/
2026-02-25T22:40:20+00:00,1rer6de,AskReddit,46.17,1,18,0.6,https://www.reddit.com/r/AskReddit/comments/1rer6de/what_to_do_before_turning_30/
2026-02-25T22:40:25+00:00,1rergv6,AskReddit,35.53,4,15,1.0,https://www.reddit.com/r/AskReddit/comments/1rergv6/what_would_be_your_thoughtsactions_if_you_found/
2026-02-25T22:40:25+00:00,1rer6sj,Music,45.77,1,0,1.0,https://www.reddit.com/r/Music/comments/1rer6sj/blur_holding_on_for_tomorrow_britpop/
2026-02-25T22:40:25+00:00,1rergfo,AskReddit,35.93,5,20,1.0,https://www.reddit.com/r/AskReddit/comments/1rergfo/what_is_the_most_successful_pick_up_line_you_have/
2026-02-25T22:40:35+00:00,1rerq5v,AskReddit,26.1,2,3,1.0,https://www.reddit.com/r/AskReddit/comments/1rerq5v/what_are_the_current_safest_best_countries_to/
2026-02-25T22:40:35+00:00,1rerqor,AskReddit,25.55,2,5,1.0,https://www.reddit.com/r/AskReddit/comments/1rerqor/whats_the_worst_day_of_your_life_and_why/
2026-02-25T22:40:40+00:00,1reqnl4,AskReddit,65.93,0,7,0.5,https://www.reddit.com/r/AskReddit/comments/1reqnl4/which_youtubers_do_you_watch/
2026-02-25T22:40:40+00:00,1rerqok,AskReddit,25.65,7,30,1.0,https://www.reddit.com/r/AskReddit/comments/1rerqok/people_who_are_terrified_of_spiders_what_is_it/
2026-02-25T22:40:45+00:00,1res0e8,AskReddit,15.5,0,5,0.5,https://www.reddit.com/r/AskReddit/comments/1res0e8/people_who_have_witnessed_somebody_die_what/
2026-02-25T22:40:50+00:00,1res0gt,funny,15.5,0,7,0.1,https://www.reddit.com/r/funny/comments/1res0gt/lasagna_anyone/
2026-02-25T22:40:50+00:00,1rerzum,AskReddit,16.17,1,4,1.0,https://www.reddit.com/r/AskReddit/comments/1rerzum/adult_sons_how_have_you_gotten_back_at_your_dad/
2026-02-25T22:40:50+00:00,1res0lq,AskReddit,15.35,2,10,1.0,https://www.reddit.com/r/AskReddit/comments/1res0lq/what_are_the_most_epic_scenes_in_movies_because/
2026-02-25T22:40:50+00:00,1res0ek,AskReddit,15.57,1,5,1.0,https://www.reddit.com/r/AskReddit/comments/1res0ek/whats_something_random_you_could_talk_about_for/
2026-02-25T22:40:50+00:00,1reqxc4,AskReddit,55.95,138,59,0.91,https://www.reddit.com/r/AskReddit/comments/1reqxc4/how_would_you_feel_about_voting_in_an_election/
2026-02-25T22:40:50+00:00,1res9y3,AskReddit,5.55,0,0,0.5,https://www.reddit.com/r/AskReddit/comments/1res9y3/for_those_who_were_told_to_return_to_the_office/
2026-02-25T22:40:50+00:00,1res9vy,AskReddit,5.63,1,2,1.0,https://www.reddit.com/r/AskReddit/comments/1res9vy/parents_of_daughters_your_daughter_reaches_out_to/
2026-02-25T22:40:50+00:00,1res9uf,AskReddit,5.67,1,5,1.0,https://www.reddit.com/r/AskReddit/comments/1res9uf/what_is_the_meaning_of_life/
2026-02-25T22:40:50+00:00,1res9j2,AskReddit,6.02,1,4,1.0,https://www.reddit.com/r/AskReddit/comments/1res9j2/how_do_you_explain_things_that_only_make_sense_in/
2026-02-25T22:40:50+00:00,1res9gr,AskReddit,6.08,1,1,1.0,https://www.reddit.com/r/AskReddit/comments/1res9gr/whats_the_most_absurd_hoa_rule_youve_ever_heard/
2026-02-25T22:40:50+00:00,1resa2m,worldnews,5.43,2,1,1.0,https://www.reddit.com/r/worldnews/comments/1resa2m/argentinian_government_broadens_rigi_benefits_for/
2026-02-25T22:40:50+00:00,1resa6o,Music,5.3,1,0,1.0,https://www.reddit.com/r/Music/comments/1resa6o/the_bluez_brothaz_tpain_young_cash_shot_check/
2026-02-25T22:40:50+00:00,1res9v1,movies,5.65,0,0,0.2,https://www.reddit.com/r/movies/comments/1res9v1/i_am_mother_seems_misunderstood/
2026-02-25T22:41:00+00:00,1reqx4c,AskReddit,56.33,2,11,0.75,https://www.reddit.com/r/AskReddit/comments/1reqx4c/what_was_that_junk_food_you_liked_the_most_but/
2026-02-25T22:41:00+00:00,1reqx85,movies,56.23,1,1,0.67,https://www.reddit.com/r/movies/comments/1reqx85/dvds_are_the_new_vinyl_records_why_gen_z_is/
2026-02-25T22:41:06+00:00,1reqy0w,AskReddit,55.5,1,8,0.67,https://www.reddit.com/r/AskReddit/comments/1reqy0w/whats_your_definition_of_a_cool_person_do_you/
2026-02-25T22:41:06+00:00,1reqxlx,Music,55.93,6,0,1.0,https://www.reddit.com/r/Music/comments/1reqxlx/social_distortions_mike_ness_on_kicking_cancer/
2026-02-25T22:41:11+00:00,1reqy2p,memes,55.53,6,1,0.88,https://www.reddit.com/r/memes/comments/1reqy2p/me_when_i_am_headbanging_in_my_room_to_metal_and/
2026-02-25T22:41:16+00:00,1rerhsj,AskReddit,35.4,3,18,1.0,https://www.reddit.com/r/AskReddit/comments/1rerhsj/what_do_you_crave_badly_right_now/
2026-02-25T22:41:16+00:00,1rerhy4,AskReddit,35.25,1,5,1.0,https://www.reddit.com/r/AskReddit/comments/1rerhy4/people_in_a_relationship_who_is_the_designated/
2026-02-25T22:41:16+00:00,1rerhqv,AskReddit,35.45,1,3,1.0,https://www.reddit.com/r/AskReddit/comments/1rerhqv/what_is_the_best_airline_you_have_been_on/
2026-02-25T22:41:21+00:00,1rer7ki,gaming,45.9,4,41,0.63,https://www.reddit.com/r/gaming/comments/1rer7ki/what_video_game_weapon_or_armor_looks_cool_but/
2026-02-25T22:41:21+00:00,1repv08,memes,95.93,206,8,0.98,https://www.reddit.com/r/memes/comments/1repv08/cant_be_the_only_one/
2026-02-25T22:41:26+00:00,1rerhug,aww,35.5,18,3,1.0,https://www.reddit.com/r/aww/comments/1rerhug/gretel_from_our_shelter_no_more_pj/
2026-02-25T22:41:26+00:00,1rerhsn,AskReddit,35.57,56,77,0.96,https://www.reddit.com/r/AskReddit/comments/1rerhsn/what_is_something_that_happened_to_you_growing_up/
2026-02-25T22:41:26+00:00,1rerhe5,AskReddit,36.0,1,2,1.0,https://www.reddit.com/r/AskReddit/comments/1rerhe5/who_would_you_want_to_be_reincarnated_as_in_the/
2026-02-25T22:41:31+00:00,1reqowh,AskReddit,65.45,2,2,0.75,https://www.reddit.com/r/AskReddit/comments/1reqowh/if_all_you_had_was_timehow_would_you_spend_it/
2026-02-25T22:41:31+00:00,1rerh5f,AskReddit,36.33,1,0,1.0,https://www.reddit.com/r/AskReddit/comments/1rerh5f/how_often_do_you_use_the_asoh_defense_the_asoh/
2026-02-25T22:41:37+00:00,1rerrij,AskReddit,25.67,2,15,1.0,https://www.reddit.com/r/AskReddit/comments/1rerrij/what_place_instantly_changes_your_mood_the_moment/
2026-02-25T22:41:37+00:00,1repv23,AskReddit,96.15,3,3,1.0,https://www.reddit.com/r/AskReddit/comments/1repv23/hey_redditors_what_is_your_strangest_childhood/
2026-02-25T22:41:37+00:00,1rerrpw,AskReddit,25.45,0,3,0.5,https://www.reddit.com/r/AskReddit/comments/1rerrpw/what_happened_to_hannahowo_has_she_retired_after/
2026-02-25T22:41:37+00:00,1rerrd6,Music,25.85,0,0,0.5,https://www.reddit.com/r/Music/comments/1rerrd6/whats_up_with_paprika_parade/
2026-02-25T22:41:37+00:00,1res1hq,AskReddit,15.18,0,0,0.5,https://www.reddit.com/r/AskReddit/comments/1res1hq/what_is_account_not_established/
2026-02-25T22:41:42+00:00,1res1fj,AskReddit,15.33,1,1,1.0,https://www.reddit.com/r/AskReddit/comments/1res1fj/what_do_you_think_is_the_most_overrepresented/
2026-02-25T22:41:42+00:00,1res14m,AskReddit,15.67,0,2,0.5,https://www.reddit.com/r/AskReddit/comments/1res14m/what_makes_the_boring_person_so_boring/
2026-02-25T22:41:42+00:00,1res0uw,AskReddit,15.93,1,3,0.67,https://www.reddit.com/r/AskReddit/comments/1res0uw/what_unanswered_questions_about_the_epstein_case/
2026-02-25T22:41:47+00:00,1res14z,aww,15.73,15,2,1.0,https://www.reddit.com/r/aww/comments/1res14z/baby_flower/
2026-02-25T22:41:47+00:00,1res1gm,AskReddit,15.4,2,4,1.0,https://www.reddit.com/r/AskReddit/comments/1res1gm/what_food_changed_something_from_the_original/
2026-02-25T22:41:52+00:00,1resaze,AskReddit,5.52,1,5,1.0,https://www.reddit.com/r/AskReddit/comments/1resaze/people_who_work_at_hr_whats_the_most_bizarre/
2026-02-25T22:41:52+00:00,1resauv,Music,5.63,2,0,1.0,https://www.reddit.com/r/Music/comments/1resauv/venus_hum_ft_bmg_i_feel_love_electronic_pop/
2026-02-25T22:42:07+00:00,1reqyxd,AskReddit,55.6,3,17,1.0,https://www.reddit.com/r/AskReddit/comments/1reqyxd/whats_a_fair_amount_per_package_to_charge_for/
2026-02-25T22:42:07+00:00,1reqyr1,AskReddit,55.78,1,2,1.0,https://www.reddit.com/r/AskReddit/comments/1reqyr1/what_happened_to_that_megaman_x_explainer_guy/
2026-02-25T22:42:12+00:00,1rer8j0,gaming,45.75,0,0,0.18,https://www.reddit.com/r/gaming/comments/1rer8j0/i_wanted_to_leave_the_game_but_kept_fighting/
2026-02-25T22:42:12+00:00,1reqy73,Music,56.45,2,1,1.0,https://www.reddit.com/r/Music/comments/1reqy73/billy_idol_talks_rock_hall_nomination_new/
2026-02-25T22:42:17+00:00,1repw9v,AskReddit,95.52,3,14,1.0,https://www.reddit.com/r/AskReddit/comments/1repw9v/whats_a_better_feeling_than_getting_home_from/
2026-02-25T22:42:22+00:00,1rer8vb,AskReddit,45.57,20,17,0.88,https://www.reddit.com/r/AskReddit/comments/1rer8vb/who_feels_tired_of_all_the_bots_on_this_subreddit/
2026-02-25T22:42:27+00:00,1rerrus,AskReddit,26.15,1,6,1.0,https://www.reddit.com/r/AskReddit/comments/1rerrus/who_did_you_lose_your_virginity_with_for_the/
2026-02-25T22:42:32+00:00,1repvuc,memes,96.23,121,13,0.92,https://www.reddit.com/r/memes/comments/1repvuc/well_the_look_on_his_face_says_it_all/
2026-02-25T22:42:32+00:00,1repvph,AskReddit,96.35,0,2,0.33,https://www.reddit.com/r/AskReddit/comments/1repvph/what_movies_live_rentfree_in_your_mind/
2026-02-25T22:42:32+00:00,1rerin1,AskReddit,35.83,1,5,1.0,https://www.reddit.com/r/AskReddit/comments/1rerin1/how_will_the_lack_of_accountability_surrounding/
2026-02-25T22:42:32+00:00,1rerikm,memes,35.9,1,1,1.0,https://www.reddit.com/r/memes/comments/1rerikm/punch/
2026-02-25T22:42:32+00:00,1rerscm,AskReddit,25.65,2,1,1.0,https://www.reddit.com/r/AskReddit/comments/1rerscm/to_masc_gay_men_what_were_your_experiences_like/
2026-02-25T22:42:32+00:00,1rersny,AskReddit,25.33,10,38,1.0,https://www.reddit.com/r/AskReddit/comments/1rersny/whats_your_favourite_fruit/
2026-02-25T22:42:37+00:00,1rers1m,AskReddit,26.1,0,9,0.5,https://www.reddit.com/r/AskReddit/comments/1rers1m/assuming_the_opposite_of_love_is_apathy_what/
2026-02-25T22:42:37+00:00,1rericw,AskReddit,36.2,3,20,1.0,https://www.reddit.com/r/AskReddit/comments/1rericw/whats_something_you_have_absolutely_no_patience/
2026-02-25T22:42:37+00:00,1reriws,aww,35.63,6,0,1.0,https://www.reddit.com/r/aww/comments/1reriws/empezando_la_posición_de_yoga_de_las_tardes/
2026-02-25T22:42:37+00:00,1rersaw,memes,25.78,0,7,0.23,https://www.reddit.com/r/memes/comments/1rersaw/ive_been_putting_everyone_whos_put_hate_comments/
2026-02-25T22:42:43+00:00,1res1vc,AskReddit,15.88,2,5,1.0,https://www.reddit.com/r/AskReddit/comments/1res1vc/how_does_a_kiss_work_and_how_do_you_initiate_it/
2026-02-25T22:42:43+00:00,1res1q4,worldnews,16.03,9,3,0.85,https://www.reddit.com/r/worldnews/comments/1res1q4/iran_accuses_us_of_spreading_big_lies_after_trump/
2026-02-25T22:42:43+00:00,1res23u,AskReddit,15.65,1,2,1.0,https://www.reddit.com/r/AskReddit/comments/1res23u/political_lines_aside_who_do_you_think_are_the/
2026-02-25T22:42:43+00:00,1res2i6,aww,15.25,20,3,1.0,https://www.reddit.com/r/aww/comments/1res2i6/happy_10th_adoption_anniversary_to_my_rocket/
2026-02-25T22:42:43+00:00,1res27y,AskReddit,15.53,1,4,1.0,https://www.reddit.com/r/AskReddit/comments/1res27y/what_seems_very_difficult_until_you_try_it/
2026-02-25T22:42:43+00:00,1res1px,AskReddit,16.05,0,8,0.33,https://www.reddit.com/r/AskReddit/comments/1res1px/dear_men_and_anyone_who_can_answer_this_this_male/
2026-02-25T22:42:48+00:00,1res25j,aww,15.68,11,1,1.0,https://www.reddit.com/r/aww/comments/1res25j/little_missy/
2026-02-25T22:42:48+00:00,1reqq22,AskReddit,65.53,1,4,1.0,https://www.reddit.com/r/AskReddit/comments/1reqq22/how_do_you_make_that_edit_thats_like_someone/
2026-02-25T22:42:48+00:00,1res1v7,movies,15.97,0,3,0.5,https://www.reddit.com/r/movies/comments/1res1v7/lance_armstrong_movie_starring_austin_butler/
2026-02-25T22:42:53+00:00,1rer014,AskReddit,55.23,0,2,0.4,https://www.reddit.com/r/AskReddit/comments/1rer014/what_is_the_small_thing_that_happens_every_day/
2026-02-25T22:42:53+00:00,1resc9w,AskReddit,5.2,2,4,1.0,https://www.reddit.com/r/AskReddit/comments/1resc9w/whats_a_very_nontypical_fooddrink_you_really_enjoy/
2026-02-25T22:42:53+00:00,1resbvj,AskReddit,5.6,1,5,1.0,https://www.reddit.com/r/AskReddit/comments/1resbvj/whats_a_subtle_sign_someone_is_emotionally_mature/
2026-02-25T22:42:53+00:00,1resbdu,AskReddit,6.12,1,1,1.0,https://www.reddit.com/r/AskReddit/comments/1resbdu/what_movie_would_you_recommend_for_tonight/
2026-02-25T22:42:53+00:00,1resbxg,memes,5.55,1,0,1.0,https://www.reddit.com/r/memes/comments/1resbxg/ahh_good_ol_captcha_tests/
2026-02-25T22:43:03+00:00,1reqzey,AskReddit,56.05,2,4,0.75,https://www.reddit.com/r/AskReddit/comments/1reqzey/when_will_james_talarico_and_jasmine_crockett/
2026-02-25T22:43:03+00:00,1reqz5v,Music,56.3,3,0,1.0,https://www.reddit.com/r/Music/comments/1reqz5v/gene_vincent_cat_man_rock_1957/
2026-02-25T22:43:03+00:00,1reqzm1,AskReddit,55.87,1,1,0.67,https://www.reddit.com/r/AskReddit/comments/1reqzm1/ladies_do_you_ever_get_random_hair_shedding_days/
2026-02-25T22:43:03+00:00,1reqzgf,AskReddit,56.02,1,3,0.67,https://www.reddit.com/r/AskReddit/comments/1reqzgf/whats_a_career_that_is_more_lucrative_and/
2026-02-25T22:43:08+00:00,1repw07,memes,96.65,50,7,0.83,https://www.reddit.com/r/memes/comments/1repw07/why_not_i_mean_a_tires_a_tire/
2026-02-25T22:43:08+00:00,1reqpjr,AskReddit,66.4,1,7,0.67,https://www.reddit.com/r/AskReddit/comments/1reqpjr/what_is_the_largest_amount_of_money_you_ever/
2026-02-25T22:43:18+00:00,1rerj6i,AskReddit,36.07,2,4,1.0,https://www.reddit.com/r/AskReddit/comments/1rerj6i/what_difference_does_it_make_where_covid_came_from/
2026-02-25T22:43:18+00:00,1rerjbr,AskReddit,35.9,3,3,1.0,https://www.reddit.com/r/AskReddit/comments/1rerjbr/what_is_your_most_embarrassing_story_about/
2026-02-25T22:43:18+00:00,1reqzhp,AskReddit,56.22,1,0,0.67,https://www.reddit.com/r/AskReddit/comments/1reqzhp/what_do_you_wish_more_people_understood_about/
2026-02-25T22:43:24+00:00,1rer9ov,aww,45.7,10,0,1.0,https://www.reddit.com/r/aww/comments/1rer9ov/batman_knows_all_your_dirty_sins/
2026-02-25T22:43:24+00:00,1rerjck,AskReddit,35.98,1,14,0.67,https://www.reddit.com/r/AskReddit/comments/1rerjck/what_behaviour_instantly_makes_you_trust_someone/
2026-02-25T22:43:24+00:00,1repx4a,AskReddit,95.78,2,5,1.0,https://www.reddit.com/r/AskReddit/comments/1repx4a/whats_something_people_think_is_sexy_but_actually/
2026-02-25T22:43:24+00:00,1rerj8l,AskReddit,36.1,1,8,1.0,https://www.reddit.com/r/AskReddit/comments/1rerj8l/how_likely_is_a_united_states_war_with_iran_what/
2026-02-25T22:43:24+00:00,1rerjow,movies,35.62,4,2,0.75,https://www.reddit.com/r/movies/comments/1rerjow/michelle_yeoh_stars_in_sandiwara_a_new_short_film/
2026-02-25T22:43:29+00:00,1rertc7,AskReddit,25.57,1,4,1.0,https://www.reddit.com/r/AskReddit/comments/1rertc7/what_is_the_best_way_for_a_20_year_old_female_to/
2026-02-25T22:43:39+00:00,1repxbs,AskReddit,95.82,1,2,1.0,https://www.reddit.com/r/AskReddit/comments/1repxbs/whats_something_you_used_to_judge_people_for_that/
2026-02-25T22:43:39+00:00,1reqqig,AskReddit,65.93,5,13,0.86,https://www.reddit.com/r/AskReddit/comments/1reqqig/whats_a_thing_that_shouldnt_but_made_you_feel/
2026-02-25T22:43:39+00:00,1rertfc,AskReddit,25.63,2,2,1.0,https://www.reddit.com/r/AskReddit/comments/1rertfc/whats_something_society_considers_weird_but_is/
2026-02-25T22:43:44+00:00,1res2pw,AskReddit,16.05,4,22,1.0,https://www.reddit.com/r/AskReddit/comments/1res2pw/what_food_you_eat_daily/
2026-02-25T22:43:44+00:00,1res38l,AskReddit,15.5,0,10,0.25,https://www.reddit.com/r/AskReddit/comments/1res38l/who_has_a_good_chance_at_becoming_the_next_us/
2026-02-25T22:43:44+00:00,1res2nk,AskReddit,16.12,2,6,1.0,https://www.reddit.com/r/AskReddit/comments/1res2nk/serious_what_qualities_or_behaviors_make_the/
2026-02-25T22:43:44+00:00,1res3ff,AskReddit,15.28,1,0,1.0,https://www.reddit.com/r/AskReddit/comments/1res3ff/fast_food_workers_what_is_the_most_disrespectful/
2026-02-25T22:43:44+00:00,1reqqho,AskReddit,66.03,1,3,0.6,https://www.reddit.com/r/AskReddit/comments/1reqqho/whats_was_something_you_thought_was_normal_until/
2026-02-25T22:43:49+00:00,1reqq99,AskReddit,66.35,0,11,0.5,https://www.reddit.com/r/AskReddit/comments/1reqq99/what_makes_you_happy/
2026-02-25T22:43:54+00:00,1resd6r,AskReddit,5.3,1,0,1.0,https://www.reddit.com/r/AskReddit/comments/1resd6r/what_political_change_in_the_us_over_the_past_5/
2026-02-25T22:43:54+00:00,1rescit,AskReddit,5.97,1,8,1.0,https://www.reddit.com/r/AskReddit/comments/1rescit/whats_a_skill_everyone_should_learn_before_they/
2026-02-25T22:43:54+00:00,1resd3t,Music,5.38,2,1,1.0,https://www.reddit.com/r/Music/comments/1resd3t/question_about_lady_madonna_by_the_beatles/
2026-02-25T22:43:54+00:00,1resd7w,aww,5.27,2,0,1.0,https://www.reddit.com/r/aww/comments/1resd7w/my_cat_didnt_bite_but_she_judge/
2026-02-25T22:43:54+00:00,1reqqyv,AskReddit,65.7,1,14,0.67,https://www.reddit.com/r/AskReddit/comments/1reqqyv/what_is_a_poor_person_meal_that_you_still_eat/
2026-02-25T22:44:04+00:00,1rer0vu,AskReddit,55.57,0,4,0.4,https://www.reddit.com/r/AskReddit/comments/1rer0vu/given_they_only_know_the_basics_what_would_be_a/
2026-02-25T22:44:04+00:00,1rer0b0,AskReddit,56.13,3,12,0.71,https://www.reddit.com/r/AskReddit/comments/1rer0b0/what_is_some_situation_that_always_happen_to_you/
2026-02-25T22:44:19+00:00,1repxte,worldnews,95.97,23,3,0.93,https://www.reddit.com/r/worldnews/comments/1repxte/venezuela_attorney_general_saab_has_tendered/
2026-02-25T22:44:19+00:00,1reralf,AskReddit,45.68,0,5,0.5,https://www.reddit.com/r/AskReddit/comments/1reralf/how_did_you_find_your_first_paying_clients_and/
2026-02-25T22:44:24+00:00,1rerki4,AskReddit,35.8,0,20,0.44,https://www.reddit.com/r/AskReddit/comments/1rerki4/how_should_a_man_with_a_very_below_average_penis/
2026-02-25T22:44:24+00:00,1rerkif,AskReddit,35.78,1,9,0.67,https://www.reddit.com/r/AskReddit/comments/1rerkif/serious_men_of_reddit_what_is_something_a_lot_of/
2026-02-25T22:44:29+00:00,1repxs0,AskReddit,96.18,0,8,0.4,https://www.reddit.com/r/AskReddit/comments/1repxs0/people_under_he_age_of_30_is_sex_sacred_to_you/
2026-02-25T22:44:29+00:00,1rerk3z,AskReddit,36.27,2,6,1.0,https://www.reddit.com/r/AskReddit/comments/1rerk3z/high_school_and_college_students_what_percentage/
2026-02-25T22:44:34+00:00,1rerktw,movies,35.6,1,0,1.0,https://www.reddit.com/r/movies/comments/1rerktw/describe_your_performance_in_one_word/
2026-02-25T22:44:34+00:00,1repxgu,AskReddit,96.58,2,8,1.0,https://www.reddit.com/r/AskReddit/comments/1repxgu/what_albums_do_you_think_are_perfect_in_every_way/
2026-02-25T22:44:34+00:00,1reru78,AskReddit,25.78,2,9,1.0,https://www.reddit.com/r/AskReddit/comments/1reru78/whats_a_side_hustle_that_has_made_you_a_good/
2026-02-25T22:44:39+00:00,1reru8r,Music,25.82,2,0,1.0,https://www.reddit.com/r/Music/comments/1reru8r/missing_persons_destination_unknown_synthpop/
2026-02-25T22:44:39+00:00,1rertzs,AskReddit,26.05,1,2,1.0,https://www.reddit.com/r/AskReddit/comments/1rertzs/whats_a_habit_you_never_questioned_until_someone/
2026-02-25T22:44:39+00:00,1reruj9,AskReddit,25.52,1,3,1.0,https://www.reddit.com/r/AskReddit/comments/1reruj9/what_occupation_do_you_think_is_way_better_than/
2026-02-25T22:44:45+00:00,1rerty0,AskReddit,26.2,0,8,0.5,https://www.reddit.com/r/AskReddit/comments/1rerty0/last_night_in_the_sotu_trump_said_voting_is_a/
2026-02-25T22:44:45+00:00,1res3oh,AskReddit,16.02,2,7,1.0,https://www.reddit.com/r/AskReddit/comments/1res3oh/what_job_looks_impressive_from_the_outside_but_is/
2026-02-25T22:44:45+00:00,1res4de,funny,15.23,1,2,0.6,https://www.reddit.com/r/funny/comments/1res4de/alright_imma_head_out/
2026-02-25T22:44:45+00:00,1res3na,AskReddit,16.07,0,2,0.33,https://www.reddit.com/r/AskReddit/comments/1res3na/what_false_narrative_made_you_popular_in_high/
2026-02-25T22:44:50+00:00,1reqryw,memes,65.58,6,1,1.0,https://www.reddit.com/r/memes/comments/1reqryw/quite_the_damp_patch/
2026-02-25T22:44:50+00:00,1res44y,AskReddit,15.57,0,3,0.33,https://www.reddit.com/r/AskReddit/comments/1res44y/trump_signed_a_79b_education_funding_bill_into/
2026-02-25T22:44:50+00:00,1res3l3,AskReddit,16.2,2,7,1.0,https://www.reddit.com/r/AskReddit/comments/1res3l3/how_do_you_feel_about_british_royal_family_after/
2026-02-25T22:44:50+00:00,1reqr8a,AskReddit,66.35,2,15,0.67,https://www.reddit.com/r/AskReddit/comments/1reqr8a/how_would_you_get_one_million_people_to_give_you/
2026-02-25T22:44:55+00:00,1reqrkr,AskReddit,66.08,0,5,0.5,https://www.reddit.com/r/AskReddit/comments/1reqrkr/whats_the_most_dangerous_thing_youve_ever_done/
2026-02-25T22:44:55+00:00,1resdyh,AskReddit,5.5,1,6,1.0,https://www.reddit.com/r/AskReddit/comments/1resdyh/whats_your_favourite_dog_breed/
2026-02-25T22:44:55+00:00,1resdq8,AskReddit,5.73,1,4,1.0,https://www.reddit.com/r/AskReddit/comments/1resdq8/whats_the_best_relationship_advice_you_could_give/
2026-02-25T22:45:05+00:00,1reqs41,AskReddit,65.68,1,22,0.67,https://www.reddit.com/r/AskReddit/comments/1reqs41/whats_a_clear_sign_that_someone_is_not_a_good/
2026-02-25T22:45:05+00:00,1reqrr4,AskReddit,66.07,1,1,0.67,https://www.reddit.com/r/AskReddit/comments/1reqrr4/whats_the_biggest_moneymaker_youve_ever_resold/
2026-02-25T22:45:11+00:00,1rer1iv,AskReddit,56.02,0,4,0.5,https://www.reddit.com/r/AskReddit/comments/1rer1iv/what_makes_certain_scandals_stay_in_public/
2026-02-25T22:45:16+00:00,1rerbd9,AskReddit,45.77,0,0,0.5,https://www.reddit.com/r/AskReddit/comments/1rerbd9/what_was_this_movie_called_girl_moves_in_with/
2026-02-25T22:45:16+00:00,1rerbop,Music,45.45,0,0,0.5,https://www.reddit.com/r/Music/comments/1rerbop/goldie_lookin_chain_the_middle_of_lidl_rap/
2026-02-25T22:45:21+00:00,1rer21d,AskReddit,55.67,0,1,0.33,https://www.reddit.com/r/AskReddit/comments/1rer21d/whats_one_thing_you_know_society_pressures_you/
2026-02-25T22:45:21+00:00,1rerb1k,memes,46.23,7,1,0.77,https://www.reddit.com/r/memes/comments/1rerb1k/reddit_girlfriend/
2026-02-25T22:45:21+00:00,1rerlb7,AskReddit,35.82,0,7,0.5,https://www.reddit.com/r/AskReddit/comments/1rerlb7/how_did_harambes_code_written_nearly_4000_years/
2026-02-25T22:45:21+00:00,1rerblm,AskReddit,45.62,1,11,0.67,https://www.reddit.com/r/AskReddit/comments/1rerblm/whats_a_skill_thats_becoming_rare_because/
2026-02-25T22:45:26+00:00,1rerbnm,todayilearned,45.65,1162,134,0.94,https://www.reddit.com/r/todayilearned/comments/1rerbnm/til_ben_shapiro_and_mara_wilson_matilda_mrs/
2026-02-25T22:45:26+00:00,1rervdu,AskReddit,25.42,3,16,1.0,https://www.reddit.com/r/AskReddit/comments/1rervdu/whats_the_one_thing_that_completely_changed_your/
2026-02-25T22:45:31+00:00,1rerlai,memes,36.02,0,0,0.5,https://www.reddit.com/r/memes/comments/1rerlai/kuchitamatchi_is_judging_you/
2026-02-25T22:45:31+00:00,1rerlbt,memes,35.98,4,2,0.83,https://www.reddit.com/r/memes/comments/1rerlbt/im_with_the_cat/
2026-02-25T22:45:36+00:00,1rerlt0,movies,35.55,4,0,0.64,https://www.reddit.com/r/movies/comments/1rerlt0/baz_luhrmann_says_filming_australia_was_the_most/
2026-02-25T22:45:36+00:00,1rerlu6,AskReddit,35.52,2,9,1.0,https://www.reddit.com/r/AskReddit/comments/1rerlu6/whats_a_good_reason_or_your_reason_to_keep_going/
2026-02-25T22:45:36+00:00,1rerv2f,AskReddit,25.9,0,3,0.5,https://www.reddit.com/r/AskReddit/comments/1rerv2f/what_is_your_opinion_of_the_usa_mens_hockey_team/
2026-02-25T22:45:41+00:00,1repypp,AskReddit,96.42,10,27,0.92,https://www.reddit.com/r/AskReddit/comments/1repypp/what_is_the_most_unusual_country_you_have_visited/
2026-02-25T22:45:41+00:00,1reruzt,AskReddit,26.07,1,12,1.0,https://www.reddit.com/r/AskReddit/comments/1reruzt/what_becomes_harder_once_you_grow_up/
2026-02-25T22:45:41+00:00,1reruvb,memes,26.2,3,0,1.0,https://www.reddit.com/r/memes/comments/1reruvb/i_love_spicy_food_but_not_when_i_get_hiccups/
2026-02-25T22:45:47+00:00,1rerut9,aww,26.37,5,2,1.0,https://www.reddit.com/r/aww/comments/1rerut9/someones_hungry_he_eats_like_he_hasnt_been_fed_in/
2026-02-25T22:45:47+00:00,1res50b,AskReddit,15.62,1,6,0.67,https://www.reddit.com/r/AskReddit/comments/1res50b/at_what_age_gap_do_you_consider_it_creepy_for_an/
2026-02-25T22:45:47+00:00,1res53g,AskReddit,15.52,0,3,0.25,https://www.reddit.com/r/AskReddit/comments/1res53g/usa_and_iran_negotiations_tomorrow_what_should_we/
2026-02-25T22:45:57+00:00,1reqsno,movies,65.95,1394,171,0.98,https://www.reddit.com/r/movies/comments/1reqsno/paramount_posts_q4_loss_of_573_million/
2026-02-25T22:45:57+00:00,1rer2xi,AskReddit,55.37,1,3,0.6,https://www.reddit.com/r/AskReddit/comments/1rer2xi/whats_your_craziest_drunk_story/
2026-02-25T22:45:57+00:00,1resew8,AskReddit,5.55,1,1,1.0,https://www.reddit.com/r/AskReddit/comments/1resew8/whats_the_most_useful_thing_you_learned_from_a/
2026-02-25T22:45:57+00:00,1resevv,AskReddit,5.55,2,7,1.0,https://www.reddit.com/r/AskReddit/comments/1resevv/what_do_you_miss_most_about_the_early_internet/
2026-02-25T22:45:57+00:00,1resenr,worldnews,5.78,2,1,0.75,https://www.reddit.com/r/worldnews/comments/1resenr/cuban_border_guards_attacked_by_speedboat/
2026-02-25T22:45:57+00:00,1resecd,Music,6.1,1,0,1.0,https://www.reddit.com/r/Music/comments/1resecd/globebased_radio_explorer_that_autoskips_talk/
2026-02-25T22:45:57+00:00,1rer31n,AskReddit,55.25,0,7,0.33,https://www.reddit.com/r/AskReddit/comments/1rer31n/can_something_be_aesthetically_gay_how/
2026-02-25T22:46:06+00:00,1reqs8f,AskReddit,66.57,2,5,1.0,https://www.reddit.com/r/AskReddit/comments/1reqs8f/how_do_you_feel_about_the_current_state_of_ticket/
2026-02-25T22:46:06+00:00,1reqsqr,Music,66.02,3,1,1.0,https://www.reddit.com/r/Music/comments/1reqsqr/the_cure_a_chain_of_flowers_rock/
2026-02-25T22:46:11+00:00,1rercqf,Music,45.35,0,0,0.5,https://www.reddit.com/r/Music/comments/1rercqf/i_cant_find_this_song_i_want/
2026-02-25T22:46:11+00:00,1rer2nf,AskReddit,55.9,0,10,0.4,https://www.reddit.com/r/AskReddit/comments/1rer2nf/what_is_your_favorite_thing_to_do/
2026-02-25T22:46:16+00:00,1rerbwg,todayilearned,46.22,6,3,0.75,https://www.reddit.com/r/todayilearned/comments/1rerbwg/til_that_over_a_period_of_several_years_starting/
2026-02-25T22:46:32+00:00,1req03p,AskReddit,95.87,3,36,1.0,https://www.reddit.com/r/AskReddit/comments/1req03p/what_would_a_stranger_say_if_they_saw_your/
2026-02-25T22:46:32+00:00,1repzx6,AskReddit,96.05,1,5,1.0,https://www.reddit.com/r/AskReddit/comments/1repzx6/what_is_the_craziest_thing_youve_ever_seen_at_a/
2026-02-25T22:46:32+00:00,1rermuu,AskReddit,35.42,2,5,1.0,https://www.reddit.com/r/AskReddit/comments/1rermuu/what_seemed_completely_normal_as_a_child_but_now/
2026-02-25T22:46:32+00:00,1rermpl,AskReddit,35.57,2,1,1.0,https://www.reddit.com/r/AskReddit/comments/1rermpl/whats_one_boring_career_thats_actually_a_goldmine/
2026-02-25T22:46:42+00:00,1rerw9w,worldnews,25.72,35,6,0.95,https://www.reddit.com/r/worldnews/comments/1rerw9w/trump_hits_iran_with_new_sanctions_ahead_of/
2026-02-25T22:46:47+00:00,1reqtnz,AskReddit,65.73,2,4,1.0,https://www.reddit.com/r/AskReddit/comments/1reqtnz/30_minutes_on_twitter_x_and_its_soul_destroying/
2026-02-25T22:46:47+00:00,1res5py,AskReddit,15.88,0,8,0.5,https://www.reddit.com/r/AskReddit/comments/1res5py/if_your_pet_animal_spoke_to_you_how_would_you/
2026-02-25T22:46:52+00:00,1rerw6t,memes,26.0,2,1,1.0,https://www.reddit.com/r/memes/comments/1rerw6t/sssshhh_zip_it/
2026-02-25T22:46:52+00:00,1res693,AskReddit,15.4,0,7,0.22,https://www.reddit.com/r/AskReddit/comments/1res693/whats_your_secret_to_have_a_great_scat_sex/
2026-02-25T22:46:52+00:00,1res665,AskReddit,15.48,0,5,0.5,https://www.reddit.com/r/AskReddit/comments/1res665/would_you_say_theres_a_severe_lack_of_empathy_in/
2026-02-25T22:46:52+00:00,1res5w8,AskReddit,15.78,1,12,0.67,https://www.reddit.com/r/AskReddit/comments/1res5w8/when_did_you_first_smoke_weed_and_who_were_you/
2026-02-25T22:46:57+00:00,1reqtsx,AskReddit,65.77,0,54,0.45,https://www.reddit.com/r/AskReddit/comments/1reqtsx/what_is_the_meaning_of_having_a_womans_body_if_we/
2026-02-25T22:46:57+00:00,1reqtjx,AskReddit,66.02,0,4,0.43,https://www.reddit.com/r/AskReddit/comments/1reqtjx/what_are_the_best_sites_etc_to_sign_someones/
2026-02-25T22:46:57+00:00,1reqtid,Music,66.05,44,12,0.92,https://www.reddit.com/r/Music/comments/1reqtid/singer_d4vd_is_target_of_los_angeles_grand_jury/
2026-02-25T22:46:57+00:00,1resg7g,AskReddit,5.17,1,0,1.0,https://www.reddit.com/r/AskReddit/comments/1resg7g/what_have_you_always_wanted_to_try/
2026-02-25T22:46:57+00:00,1resfnv,AskReddit,5.73,3,2,1.0,https://www.reddit.com/r/AskReddit/comments/1resfnv/whats_the_lowest_point_youve_ever_been_in_your/
2026-02-25T22:47:07+00:00,1reqtem,AskReddit,66.32,0,4,0.5,https://www.reddit.com/r/AskReddit/comments/1reqtem/what_makes_you_the_most_horny/
2026-02-25T22:47:07+00:00,1rer43m,worldnews,55.33,127,39,0.85,https://www.reddit.com/r/worldnews/comments/1rer43m/rubio_boosts_dictator_orbáns_bid_for_another_term/
2026-02-25T22:47:07+00:00,1reqtqo,AskReddit,65.98,1,3,1.0,https://www.reddit.com/r/AskReddit/comments/1reqtqo/what_was_your_gut_feeling_that_saved_you/
2026-02-25T22:47:07+00:00,1reqtub,AskReddit,65.88,143,324,0.98,https://www.reddit.com/r/AskReddit/comments/1reqtub/whats_something_harmless_that_gets_people_weirdly/
2026-02-25T22:47:07+00:00,1rer3jt,AskReddit,55.85,0,2,0.5,https://www.reddit.com/r/AskReddit/comments/1rer3jt/how_do_you_think_we_will_pay_for_things_when_we/
2026-02-25T22:47:17+00:00,1rer3yk,AskReddit,55.62,0,4,0.5,https://www.reddit.com/r/AskReddit/comments/1rer3yk/what_songs_got_better_with_age/
2026-02-25T22:47:17+00:00,1rerdn2,Music,45.53,1,0,1.0,https://www.reddit.com/r/Music/comments/1rerdn2/lol_self_promotion_ethical_ai_contains_link_to/
2026-02-25T22:47:17+00:00,1rerd38,AskReddit,46.1,2,9,0.75,https://www.reddit.com/r/AskReddit/comments/1rerd38/what_is_the_most_ignorant_opinion_you_truly/
2026-02-25T22:47:17+00:00,1rerdrl,Music,45.42,0,6,0.37,https://www.reddit.com/r/Music/comments/1rerdrl/kurt_cobains_1994_death_alleged_homicide_by/
2026-02-25T22:47:17+00:00,1rerdhd,memes,45.7,18,1,0.91,https://www.reddit.com/r/memes/comments/1rerdhd/i_forgorrr/
2026-02-25T22:47:22+00:00,1rerncr,AskReddit,35.77,0,9,0.25,https://www.reddit.com/r/AskReddit/comments/1rerncr/girl_to_girl_lets_not_gatekeep_whats_a_feminine/
2026-02-25T22:47:22+00:00,1rerdsh,AskReddit,45.47,1,3,1.0,https://www.reddit.com/r/AskReddit/comments/1rerdsh/what_do_you_think_would_be_more_devastating/
2026-02-25T22:47:22+00:00,1rerdar,AskReddit,45.95,0,4,0.5,https://www.reddit.com/r/AskReddit/comments/1rerdar/do_you_think_kissing_in_public_is_normal_or_weird/
2026-02-25T22:47:22+00:00,1rerd10,AskReddit,46.25,0,5,0.5,https://www.reddit.com/r/AskReddit/comments/1rerd10/what_app_do_you_highly_recommend/
2026-02-25T22:47:28+00:00,1reknmr,worldnews,286.0,21,1,0.69,https://www.reddit.com/r/worldnews/comments/1reknmr/us_embassy_to_offer_its_first_consular_services/
2026-02-25T22:47:33+00:00,1renen4,science,191.35,68,3,0.89,https://www.reddit.com/r/science/comments/1renen4/almost_1in3_american_adolescents_has_diabetes_or/
2026-02-25T22:47:33+00:00,1rerdd1,AskReddit,46.08,0,4,0.4,https://www.reddit.com/r/AskReddit/comments/1rerdd1/how_do_you_tell_a_woman_to_calm_down_and_that_she/
2026-02-25T22:47:33+00:00,1rernml,AskReddit,35.65,1,1,1.0,https://www.reddit.com/r/AskReddit/comments/1rernml/serious_redditors_that_workuse_to_work_in_retail/
2026-02-25T22:47:33+00:00,1renjvt,worldnews,186.12,513,317,0.89,https://www.reddit.com/r/worldnews/comments/1renjvt/us_sends_deadliest_fighter_jets_to_israel_as_iran/
2026-02-25T22:47:33+00:00,1ren5dx,memes,200.6,8,3,0.8,https://www.reddit.com/r/memes/comments/1ren5dx/youtube_is_ran_by_morons/
2026-02-25T22:47:33+00:00,1remsr5,memes,212.82,0,4,0.4,https://www.reddit.com/r/memes/comments/1remsr5/ok_boomers/
2026-02-25T22:47:33+00:00,1rerna5,aww,36.02,17,0,1.0,https://www.reddit.com/r/aww/comments/1rerna5/these_girls_love_each_other_so_much/
2026-02-25T22:47:33+00:00,1reltj6,worldnews,246.45,46,1,0.83,https://www.reddit.com/r/worldnews/comments/1reltj6/sri_lanka_navy_and_coast_guard_seize_4_indian/
2026-02-25T22:47:33+00:00,1reok9f,Music,149.9,5,0,0.86,https://www.reddit.com/r/Music/comments/1reok9f/alan_parsons_project_sirius_eye_in_the_sky_rock/
2026-02-25T22:47:33+00:00,1rek0u2,aww,307.62,16,0,0.95,https://www.reddit.com/r/aww/comments/1rek0u2/the_man_of_the_house_resting_from_hard_work/
2026-02-25T22:47:33+00:00,1ren2wf,movies,203.08,4,33,0.53,https://www.reddit.com/r/movies/comments/1ren2wf/why_the_prestige_2006_still_deserves_more/
2026-02-25T22:47:33+00:00,1rene4r,memes,191.88,12,5,0.73,https://www.reddit.com/r/memes/comments/1rene4r/man_i_am_so_sick_of_february/
2026-02-25T22:47:33+00:00,1relwl0,memes,243.42,7,3,0.89,https://www.reddit.com/r/memes/comments/1relwl0/suffering_from_severe_intellectualitythey_say/
2026-02-25T22:47:38+00:00,1ren5o4,funny,200.43,137,17,0.93,https://www.reddit.com/r/funny/comments/1ren5o4/i_said_dentist_appointment/
2026-02-25T22:47:38+00:00,1rep724,AskReddit,126.52,4,16,0.84,https://www.reddit.com/r/AskReddit/comments/1rep724/whats_the_most_unprofessional_thing_youve_seen_at/
2026-02-25T22:47:38+00:00,1realjb,gaming,686.53,845,46,0.96,https://www.reddit.com/r/gaming/comments/1realjb/no_contraband/
2026-02-25T22:47:38+00:00,1re4fmq,gaming,1045.27,0,2,0.07,https://www.reddit.com/r/gaming/comments/1re4fmq/unexpected_space_travel/
2026-02-25T22:47:38+00:00,1rdytd9,todayilearned,1305.48,686,15,0.97,https://www.reddit.com/r/todayilearned/comments/1rdytd9/til_toshiro_mifune_accidentally_became_an_actor/
2026-02-25T22:47:38+00:00,1rdx3yk,todayilearned,1375.68,12519,288,0.96,https://www.reddit.com/r/todayilearned/comments/1rdx3yk/til_that_notorious_mobsters_lucky_luciano_and/
2026-02-25T22:47:38+00:00,1rem646,movies,234.65,2,2,0.6,https://www.reddit.com/r/movies/comments/1rem646/emily_carey_martin_freeman_sam_spruell_to_star_in/
2026-02-25T22:47:38+00:00,1re72o2,science,898.27,1152,38,0.97,https://www.reddit.com/r/science/comments/1re72o2/a_nutritional_analysis_of_over_600_us_infant_and/
2026-02-25T22:47:38+00:00,1re9g60,funny,752.72,1542,66,0.96,https://www.reddit.com/r/funny/comments/1re9g60/hes_a_bit_too_eager/
2026-02-25T22:47:38+00:00,1ren9bm,gaming,196.92,1588,157,0.97,https://www.reddit.com/r/gaming/comments/1ren9bm/ubisoft_suffers_major_talent_drain_because_theyre/
2026-02-25T22:47:38+00:00,1remx55,aww,208.75,63,2,0.97,https://www.reddit.com/r/aww/comments/1remx55/the_beautiful_margot_from_our_shelter/
2026-02-25T22:47:38+00:00,1reodm9,funny,156.63,521,63,0.98,https://www.reddit.com/r/funny/comments/1reodm9/the_town_of_mexico_missouri_was_named_after/
2026-02-25T22:47:38+00:00,1redu18,funny,533.08,294,8,0.92,https://www.reddit.com/r/funny/comments/1redu18/tomorrow_oc/
2026-02-25T22:47:38+00:00,1re4csk,gaming,1049.27,6361,227,0.98,https://www.reddit.com/r/gaming/comments/1re4csk/tried_to_label_all_the_devs_from_that_new_years/
2026-02-25T22:47:38+00:00,1renpzq,todayilearned,180.03,1785,75,0.98,https://www.reddit.com/r/todayilearned/comments/1renpzq/til_roughly_100000_african_elephants_were_killed/
2026-02-25T22:47:38+00:00,1reaqbk,todayilearned,678.82,304,59,0.9,https://www.reddit.com/r/todayilearned/comments/1reaqbk/til_that_when_the_year_2022_began_many_systems/
2026-02-25T22:47:38+00:00,1re6ccn,todayilearned,941.63,2132,49,0.98,https://www.reddit.com/r/todayilearned/comments/1re6ccn/til_that_in_2023_the_new_zealand_mens_curling/
2026-02-25T22:47:38+00:00,1rej5kk,movies,337.35,961,288,0.88,https://www.reddit.com/r/movies/comments/1rej5kk/the_fall_and_rise_of_scream_7_a_fired_star_a_500k/
2026-02-25T22:47:38+00:00,1rejmwo,worldnews,320.75,335,16,0.99,https://www.reddit.com/r/worldnews/comments/1rejmwo/spain_declassifies_files_on_1981_attempted_coup/
2026-02-25T22:47:38+00:00,1ref5qb,gaming,480.85,596,111,0.93,https://www.reddit.com/r/gaming/comments/1ref5qb/14_years_later_and_i_am_not_over_this_and_what_it/
2026-02-25T22:47:38+00:00,1reat4g,gaming,674.4,0,15,0.19,https://www.reddit.com/r/gaming/comments/1reat4g/am_l_the_only_gamer_to_have_ever_played_valley/
2026-02-25T22:47:38+00:00,1re9el5,gaming,755.33,174,60,0.84,https://www.reddit.com/r/gaming/comments/1re9el5/living_human_brain_cells_in_a_dish_can_play_doom/
2026-02-25T22:47:38+00:00,1re6juf,gaming,930.0,0,158,0.33,https://www.reddit.com/r/gaming/comments/1re6juf/im_in_a_burnt_out_phase_and_need_help_climbing/
2026-02-25T22:47:38+00:00,1re0jlq,todayilearned,1229.0,518,54,0.96,https://www.reddit.com/r/todayilearned/comments/1re0jlq/til_the_oldest_person_ever_recorded_on_video_was/
2026-02-25T22:47:38+00:00,1rdz48f,todayilearned,1292.57,1742,58,0.97,https://www.reddit.com/r/todayilearned/comments/1rdz48f/til_that_two_of_the_three_stars_in_orions_belt/
2026-02-25T22:47:38+00:00,1remrzo,movies,213.6,1,0,0.55,https://www.reddit.com/r/movies/comments/1remrzo/new_york_international_childrens_film_festival/
2026-02-25T22:47:38+00:00,1re6kxa,science,928.27,92,9,0.95,https://www.reddit.com/r/science/comments/1re6kxa/a_new_study_reveals_that_positive_intergroup/
2026-02-25T22:47:38+00:00,1re0pf2,science,1221.9,4715,214,0.98,https://www.reddit.com/r/science/comments/1re0pf2/bilingual_brains_use_one_shared_meaning_system/
2026-02-25T22:47:38+00:00,1relf83,funny,260.33,268,10,0.9,https://www.reddit.com/r/funny/comments/1relf83/everything/
2026-02-25T22:47:38+00:00,1rep6r5,AskReddit,126.83,88,203,0.98,https://www.reddit.com/r/AskReddit/comments/1rep6r5/whats_something_society_treats_as_embarrassing/
2026-02-25T22:47:38+00:00,1redavy,worldnews,555.32,2914,321,0.93,https://www.reddit.com/r/worldnews/comments/1redavy/us_warns_ukraine_over_novorossiysk_oil_hub_strike/
2026-02-25T22:47:38+00:00,1recj8z,worldnews,588.22,115,5,0.93,https://www.reddit.com/r/worldnews/comments/1recj8z/uk_police_conclude_search_at_former_home_of_king/
2026-02-25T22:47:38+00:00,1re6hfg,gaming,933.75,0,30,0.28,https://www.reddit.com/r/gaming/comments/1re6hfg/its_2026_and_were_in_the_aipocalypse_whats_your/
2026-02-25T22:47:38+00:00,1remo7e,aww,217.17,4,0,0.83,https://www.reddit.com/r/aww/comments/1remo7e/good_morning/
2026-02-25T22:47:38+00:00,1reja5y,movies,332.9,0,15,0.38,https://www.reddit.com/r/movies/comments/1reja5y/favorite_animated_films_from_these_famous_studios/
2026-02-25T22:47:43+00:00,1reeci8,funny,512.62,800,33,0.96,https://www.reddit.com/r/funny/comments/1reeci8/squirrel/
2026-02-25T22:47:43+00:00,1ree6tt,funny,518.87,24,9,0.75,https://www.reddit.com/r/funny/comments/1ree6tt/thanks_for_the_heads_up/
2026-02-25T22:47:43+00:00,1rekibd,worldnews,291.3,66,22,0.72,https://www.reddit.com/r/worldnews/comments/1rekibd/speaker_of_the_knesset_medal_pm_modi_conferred/
2026-02-25T22:47:43+00:00,1rem4vs,todayilearned,235.87,99,7,0.97,https://www.reddit.com/r/todayilearned/comments/1rem4vs/til_about_lodoicea_maldivica_a_palm_tree_with/
2026-02-25T22:47:43+00:00,1re5782,todayilearned,1005.52,10609,655,0.97,https://www.reddit.com/r/todayilearned/comments/1re5782/til_that_the_butt_plug_was_patented_in_1892_by_dr/
2026-02-25T22:47:43+00:00,1ren7st,Music,198.38,0,13,0.38,https://www.reddit.com/r/Music/comments/1ren7st/your_top_10_songs_off_all_time/
2026-02-25T22:47:43+00:00,1relyaq,Music,241.92,0,2,0.33,https://www.reddit.com/r/Music/comments/1relyaq/blues_verses_soft_metal/
2026-02-25T22:47:43+00:00,1relmuj,Music,253.13,0,0,0.5,https://www.reddit.com/r/Music/comments/1relmuj/scars_on_broadway_enemy_alternative_metal_2008/
2026-02-25T22:47:43+00:00,1ren12l,aww,205.05,671,13,1.0,https://www.reddit.com/r/aww/comments/1ren12l/my_cats_keeping_me_company_today/
2026-02-25T22:47:43+00:00,1remmor,aww,218.67,186,5,0.99,https://www.reddit.com/r/aww/comments/1remmor/cats_are_now_tolerant_roommates_yay_thank_you/
2026-02-25T22:47:43+00:00,1remb4e,aww,229.8,19,1,0.83,https://www.reddit.com/r/aww/comments/1remb4e/charlie/
2026-02-25T22:47:43+00:00,1remcor,movies,228.23,17,5,0.69,https://www.reddit.com/r/movies/comments/1remcor/david_f_sandberg_to_direct_horror_film_a_little/
2026-02-25T22:47:43+00:00,1renjmz,science,186.52,22,4,0.84,https://www.reddit.com/r/science/comments/1renjmz/climate_change_could_threaten_monarch_mass/
2026-02-25T22:47:43+00:00,1rehw57,science,381.67,229,56,0.88,https://www.reddit.com/r/science/comments/1rehw57/the_loud_squeaks_of_shoes_on_a_basketball_court/
2026-02-25T22:47:43+00:00,1recla0,science,585.97,9514,634,0.94,https://www.reddit.com/r/science/comments/1recla0/early_physical_attractiveness_predicts_a_more/
2026-02-25T22:47:43+00:00,1re6uwy,science,911.45,65,4,0.87,https://www.reddit.com/r/science/comments/1re6uwy/eus_riskbased_approach_to_listeria_monocytogenes/
2026-02-25T22:47:43+00:00,1rerxmg,aww,25.3,9,1,1.0,https://www.reddit.com/r/aww/comments/1rerxmg/my_love_bug/
2026-02-25T22:47:43+00:00,1re9jgq,funny,747.35,54,58,0.68,https://www.reddit.com/r/funny/comments/1re9jgq/first_time_im_seeing_this_sign/
2026-02-25T22:47:43+00:00,1remtpy,worldnews,212.07,790,189,0.97,https://www.reddit.com/r/worldnews/comments/1remtpy/armed_confrontation_in_cuban_waters_leaves_four/
2026-02-25T22:47:43+00:00,1rejc8a,worldnews,331.0,125,83,0.82,https://www.reddit.com/r/worldnews/comments/1rejc8a/propahlavi_chants_on_campus_mark_historic_shift/
2026-02-25T22:47:43+00:00,1renp9d,gaming,180.87,0,28,0.24,https://www.reddit.com/r/gaming/comments/1renp9d/development_update_overwatch_rush/
2026-02-25T22:47:43+00:00,1re7btb,todayilearned,883.2,1091,48,0.94,https://www.reddit.com/r/todayilearned/comments/1re7btb/til_frequent_use_of_antimicrobial_mouthwash_is/
2026-02-25T22:47:43+00:00,1rdyg3v,todayilearned,1320.78,617,45,0.89,https://www.reddit.com/r/todayilearned/comments/1rdyg3v/til_in_the_early_years_of_her_career_maria_callas/
2026-02-25T22:47:43+00:00,1remucu,Music,211.47,1,0,0.67,https://www.reddit.com/r/Music/comments/1remucu/tell_me_about_your_fav_music_artist_and_fav_song/
2026-02-25T22:47:43+00:00,1relh2m,Music,258.63,15,0,0.95,https://www.reddit.com/r/Music/comments/1relh2m/kraftwerk_tour_de_france_electronic_1983/
2026-02-25T22:47:43+00:00,1renlyb,memes,184.18,0,0,0.4,https://www.reddit.com/r/memes/comments/1renlyb/tshirt_gets_amazed_by_womans_bread/
2026-02-25T22:47:43+00:00,1reb8c0,science,651.95,461,5,0.99,https://www.reddit.com/r/science/comments/1reb8c0/bacterial_pathogens_such_as_hospital_bacteria/
2026-02-25T22:47:43+00:00,1recvmn,funny,573.37,23715,299,0.95,https://www.reddit.com/r/funny/comments/1recvmn/no_matter_how_many_shooter_games_they_make_and/
2026-02-25T22:47:43+00:00,1reepjk,worldnews,498.17,868,115,0.93,https://www.reddit.com/r/worldnews/comments/1reepjk/claiming_ukraine_threat_orban_deploys_troops_to/
2026-02-25T22:47:43+00:00,1rejnnh,gaming,320.13,3749,219,0.97,https://www.reddit.com/r/gaming/comments/1rejnnh/someone_at_xbox_testing_in_production_brave/
2026-02-25T22:47:43+00:00,1reiav6,gaming,367.23,460,788,0.92,https://www.reddit.com/r/gaming/comments/1reiav6/what_game_had_the_best_first_few_hours_that/
2026-02-25T22:47:43+00:00,1re74w5,gaming,894.52,0,19,0.36,https://www.reddit.com/r/gaming/comments/1re74w5/anyone_else_struggling_with_being_stuck_in_this/
2026-02-25T22:47:43+00:00,1reafn9,todayilearned,695.55,106,7,0.96,https://www.reddit.com/r/todayilearned/comments/1reafn9/til_that_the_city_beautiful_movement_was_an_urban/
2026-02-25T22:47:43+00:00,1re9yfi,todayilearned,722.68,5668,342,0.96,https://www.reddit.com/r/todayilearned/comments/1re9yfi/til_that_göbekli_tepe_in_turkey_is_the_worlds/
2026-02-25T22:47:43+00:00,1rejn79,movies,320.55,17,4,0.74,https://www.reddit.com/r/movies/comments/1rejn79/new_luther_movie_casts_stephen_dillane_anya/
2026-02-25T22:47:43+00:00,1reeejg,funny,510.42,121,5,0.87,https://www.reddit.com/r/funny/comments/1reeejg/u_up_mlord/
2026-02-25T22:47:43+00:00,1ree7wt,funny,517.65,115,7,0.85,https://www.reddit.com/r/funny/comments/1ree7wt/argument_among_the_birds/
2026-02-25T22:47:43+00:00,1ren1tm,worldnews,204.32,95,17,0.75,https://www.reddit.com/r/worldnews/comments/1ren1tm/human_rights_protections_for_transgender_kiwis/
2026-02-25T22:47:43+00:00,1redvvl,worldnews,530.97,82,5,0.86,https://www.reddit.com/r/worldnews/comments/1redvvl/senegal_antilgbt_law_pm_ousmane_sonko_seeks/
2026-02-25T22:47:43+00:00,1rea9f1,gaming,705.15,27,213,0.68,https://www.reddit.com/r/gaming/comments/1rea9f1/which_video_game_do_you_think_has_the_best/
2026-02-25T22:47:43+00:00,1re36tf,gaming,1107.6,151,37,0.86,https://www.reddit.com/r/gaming/comments/1re36tf/2026_march_week_1_game_release_calendar_slay_the/
2026-02-25T22:47:43+00:00,1reiiu5,todayilearned,359.28,21812,682,0.98,https://www.reddit.com/r/todayilearned/comments/1reiiu5/til_that_cancún_didnt_exist_until_1970_its/
2026-02-25T22:47:43+00:00,1remcq7,Music,228.18,1609,52,0.99,https://www.reddit.com/r/Music/comments/1remcq7/driver_who_killed_dixie_chicks_founding_member/
2026-02-25T22:47:43+00:00,1rek1tz,worldnews,306.88,55,2,0.82,https://www.reddit.com/r/worldnews/comments/1rek1tz/ecuador_withdraws_from_un_palestinian_rights/
2026-02-25T22:47:43+00:00,1rejfdg,worldnews,328.03,27,3,0.76,https://www.reddit.com/r/worldnews/comments/1rejfdg/germany_urges_iran_to_engage_constructively_in/
2026-02-25T22:47:43+00:00,1reneu0,gaming,191.32,2,41,0.55,https://www.reddit.com/r/gaming/comments/1reneu0/whats_your_favorite_bullet_hell_genre_game/
2026-02-25T22:47:43+00:00,1relbgg,gaming,264.02,133,47,0.85,https://www.reddit.com/r/gaming/comments/1relbgg/mortal_kombat_ii_official_trailer_ii/
2026-02-25T22:47:43+00:00,1red3e0,todayilearned,564.22,163,26,0.93,https://www.reddit.com/r/todayilearned/comments/1red3e0/til_that_the_ancient_city_of_edessa_modernday/
2026-02-25T22:47:43+00:00,1rebhjc,todayilearned,638.88,273,37,0.92,https://www.reddit.com/r/todayilearned/comments/1rebhjc/til_that_samsung_was_one_of_the_main_builders_of/
2026-02-25T22:47:43+00:00,1rea7tn,todayilearned,707.43,1807,81,0.98,https://www.reddit.com/r/todayilearned/comments/1rea7tn/til_that_bl_pope_john_paul_i_in_1978_was_the/
2026-02-25T22:47:43+00:00,1rdzr6u,todayilearned,1264.52,3600,160,0.99,https://www.reddit.com/r/todayilearned/comments/1rdzr6u/til_of_project_artichoke_which_officially_arose/
2026-02-25T22:47:43+00:00,1rdzot5,todayilearned,1267.47,5162,151,0.99,https://www.reddit.com/r/todayilearned/comments/1rdzot5/til_that_some_viruses_protect_human_cells_from/
2026-02-25T22:47:43+00:00,1renovk,Music,181.22,1,0,0.67,https://www.reddit.com/r/Music/comments/1renovk/feeder_high_alternative_rock_1998/
2026-02-25T22:47:43+00:00,1rencdi,Music,193.9,67,18,0.77,https://www.reddit.com/r/Music/comments/1rencdi/highly_suspect_my_name_is_human_indie_rock/
2026-02-25T22:47:43+00:00,1remn9c,Music,218.15,2,0,0.76,https://www.reddit.com/r/Music/comments/1remn9c/suicidal_tendencies_enter_shikari_counterparts/
2026-02-25T22:47:43+00:00,1rembk6,movies,229.37,0,0,0.33,https://www.reddit.com/r/movies/comments/1rembk6/crosspost_were_the_production_team_behind/
2026-02-25T22:47:43+00:00,1rekknw,movies,288.88,0,14,0.22,https://www.reddit.com/r/movies/comments/1rekknw/which_films_in_your_opinion_are_excellent_but/
2026-02-25T22:47:43+00:00,1relhnk,memes,258.07,1,0,0.6,https://www.reddit.com/r/memes/comments/1relhnk/classic_faces/
2026-02-25T22:47:43+00:00,1rerx8w,todayilearned,25.72,3,0,0.67,https://www.reddit.com/r/todayilearned/comments/1rerx8w/til_peter_gabriel_rode_a_bicycle_around_the_stage/
2026-02-25T22:47:49+00:00,1rehvbj,funny,382.55,205,6,0.9,https://www.reddit.com/r/funny/comments/1rehvbj/ugh/
2026-02-25T22:47:49+00:00,1rem2tg,worldnews,237.8,55,8,0.77,https://www.reddit.com/r/worldnews/comments/1rem2tg/isis_teaching_recruits_how_to_use_ai_responsibly/
2026-02-25T22:47:49+00:00,1reifr6,worldnews,362.48,142,28,0.9,https://www.reddit.com/r/worldnews/comments/1reifr6/hungarys_viktor_orbán_stakes_his_reelection_on/
2026-02-25T22:47:49+00:00,1re3sug,gaming,1077.0,0,37,0.19,https://www.reddit.com/r/gaming/comments/1re3sug/do_you_consider_dark_souls_a_aa_game_or_aaa_game/
2026-02-25T22:47:49+00:00,1rempc5,movies,216.33,9,105,0.6,https://www.reddit.com/r/movies/comments/1rempc5/movies_that_are_way_better_on_the_big_screen/
2026-02-25T22:47:49+00:00,1rejaio,movies,332.72,0,31,0.5,https://www.reddit.com/r/movies/comments/1rejaio/what_are_the_best_javier_bardem_movies/
2026-02-25T22:47:49+00:00,1renitf,memes,187.43,11,2,0.87,https://www.reddit.com/r/memes/comments/1renitf/why_are_cats_like_this/
2026-02-25T22:47:49+00:00,1re9csh,science,758.5,69,3,0.94,https://www.reddit.com/r/science/comments/1re9csh/loss_of_ctlh_component_maea_impairs_dna_repair/
2026-02-25T22:47:49+00:00,1re6x1p,science,907.9,95,2,0.88,https://www.reddit.com/r/science/comments/1re6x1p/slovenias_2025_guidelines_adopt_a_plantbased/
2026-02-25T22:47:49+00:00,1rduxbn,science,1461.15,134,11,0.93,https://www.reddit.com/r/science/comments/1rduxbn/training_large_language_models_on_narrow_tasks/
2026-02-25T22:47:49+00:00,1res6gz,Music,16.15,1,0,1.0,https://www.reddit.com/r/Music/comments/1res6gz/album_updates_additions_feb_25_2026/
2026-02-25T22:47:49+00:00,1rep57u,AskReddit,128.55,3,17,0.67,https://www.reddit.com/r/AskReddit/comments/1rep57u/whats_yalls_favorite_video_game/
2026-02-25T22:47:49+00:00,1reiiwc,gaming,359.32,0,45,0.35,https://www.reddit.com/r/gaming/comments/1reiiwc/your_take_on_good_video_game_movies/
2026-02-25T22:47:49+00:00,1reiist,todayilearned,359.42,1102,244,0.86,https://www.reddit.com/r/todayilearned/comments/1reiist/til_erotic_photography_started_in_1839_nsfw/
2026-02-25T22:47:49+00:00,1remnwg,Music,217.67,3,0,1.0,https://www.reddit.com/r/Music/comments/1remnwg/ingrown_to_tour_the_us_this_spring_with_mask/
2026-02-25T22:47:49+00:00,1reodl7,aww,156.85,30,0,0.96,https://www.reddit.com/r/aww/comments/1reodl7/sleepy_kitties_in_the_window_of_the_local_thai/
2026-02-25T22:47:49+00:00,1rel6ka,aww,268.6,59,3,1.0,https://www.reddit.com/r/aww/comments/1rel6ka/cute_baby/
2026-02-25T22:47:49+00:00,1rekmts,movies,287.05,1690,267,0.95,https://www.reddit.com/r/movies/comments/1rekmts/new_poster_for_mortal_kombat_ii/
2026-02-25T22:47:49+00:00,1req12z,AskReddit,96.1,1,2,1.0,https://www.reddit.com/r/AskReddit/comments/1req12z/whats_your_1_gripe_today/
2026-02-25T22:47:49+00:00,1rerxfd,AskReddit,25.6,1,1,1.0,https://www.reddit.com/r/AskReddit/comments/1rerxfd/what_separates_average_sex_from_great_sex/
2026-02-25T22:47:49+00:00,1reldb2,memes,262.38,0,10,0.39,https://www.reddit.com/r/memes/comments/1reldb2/they_were_deported/
2026-02-25T22:47:49+00:00,1rekx5q,aww,277.52,64,6,0.95,https://www.reddit.com/r/aww/comments/1rekx5q/my_cute_smiley_boy_pilot_is_nearly_2_and_would/
2026-02-25T22:47:49+00:00,1ren2qg,memes,203.5,4,3,0.75,https://www.reddit.com/r/memes/comments/1ren2qg/run_for_you_lives/
2026-02-25T22:47:49+00:00,1reimyn,science,355.27,1098,104,0.98,https://www.reddit.com/r/science/comments/1reimyn/a_new_projection_study_estimates_that_nearly_a/
2026-02-25T22:47:49+00:00,1relx18,funny,243.23,1173,33,0.94,https://www.reddit.com/r/funny/comments/1relx18/interrupting_cow/
2026-02-25T22:47:49+00:00,1rem5dx,Music,235.5,0,0,0.5,https://www.reddit.com/r/Music/comments/1rem5dx/pedro_guitarra_3_rock/
2026-02-25T22:47:49+00:00,1rem7us,memes,233.23,850,49,0.98,https://www.reddit.com/r/memes/comments/1rem7us/alchemy_is_truly_alive_and_well/
2026-02-25T22:47:49+00:00,1rem6zf,memes,234.05,7,6,0.83,https://www.reddit.com/r/memes/comments/1rem6zf/who_knew_as_an_adult_that_my_biggest_op_would_be/
2026-02-25T22:47:49+00:00,1rerxkl,AskReddit,25.45,1,0,1.0,https://www.reddit.com/r/AskReddit/comments/1rerxkl/everyone_knows_them_what_new_scam_methods_are/
2026-02-25T22:47:49+00:00,1renfrv,worldnews,190.58,5709,535,0.97,https://www.reddit.com/r/worldnews/comments/1renfrv/cuba_says_four_shot_dead_on_usregistered_speedboat/
2026-02-25T22:47:49+00:00,1reirms,todayilearned,350.67,48,0,0.93,https://www.reddit.com/r/todayilearned/comments/1reirms/til_that_in_ww2_canada_trained_a_group_of_covert/
2026-02-25T22:47:49+00:00,1rel9g4,aww,266.0,452,8,1.0,https://www.reddit.com/r/aww/comments/1rel9g4/my_majestic_battlescarred_old_boy/
2026-02-25T22:47:49+00:00,1rerxjw,AskReddit,25.47,2,6,1.0,https://www.reddit.com/r/AskReddit/comments/1rerxjw/whats_the_last_gift_you_gave_yourself/
2026-02-25T22:47:54+00:00,1rejv0f,funny,313.42,1081,36,0.97,https://www.reddit.com/r/funny/comments/1rejv0f/press_x_to_dispense_treats/
2026-02-25T22:47:54+00:00,1rep5cj,AskReddit,128.52,0,2,0.33,https://www.reddit.com/r/AskReddit/comments/1rep5cj/now_that_millions_of_documents_related_to_the/
2026-02-25T22:47:54+00:00,1reoj3r,worldnews,151.38,25,1,0.74,https://www.reddit.com/r/worldnews/comments/1reoj3r/métis_leaders_unveil_1920s_model_dog_sled/
2026-02-25T22:47:54+00:00,1rejwjp,worldnews,311.95,0,19,0.44,https://www.reddit.com/r/worldnews/comments/1rejwjp/donald_trump_on_indiapak_prez_says_pakistan_pm/
2026-02-25T22:47:54+00:00,1reikvr,todayilearned,357.47,212,18,0.94,https://www.reddit.com/r/todayilearned/comments/1reikvr/til_about_lionel_crabb_a_royal_navy_diver_who/
2026-02-25T22:47:54+00:00,1renjfm,Music,186.88,0,18,0.27,https://www.reddit.com/r/Music/comments/1renjfm/red_clay_highway_sparks_on_the_tailgate_country/
2026-02-25T22:47:54+00:00,1remm9k,aww,219.28,10,0,0.82,https://www.reddit.com/r/aww/comments/1remm9k/shifu_loves_this_kinda_sunny_days/
2026-02-25T22:47:54+00:00,1remcak,aww,228.83,13,1,1.0,https://www.reddit.com/r/aww/comments/1remcak/bert_my_tripod_kitty/
2026-02-25T22:47:54+00:00,1rekoip,movies,285.63,1723,489,0.95,https://www.reddit.com/r/movies/comments/1rekoip/mortal_kombat_ii_official_trailer_ii/
2026-02-25T22:47:54+00:00,1reilak,science,357.03,10,3,0.71,https://www.reddit.com/r/science/comments/1reilak/mystery_of_snowmanshaped_space_objects_cracked/
2026-02-25T22:47:54+00:00,1rep803,AskReddit,125.78,2,4,0.75,https://www.reddit.com/r/AskReddit/comments/1rep803/how_do_you_handle_a_breakup/
2026-02-25T22:47:54+00:00,1rejs9s,worldnews,315.93,712,63,0.96,https://www.reddit.com/r/worldnews/comments/1rejs9s/ukraine_to_cover_4000_km_of_roads_with_antidrone/
2026-02-25T22:47:54+00:00,1reiv5g,worldnews,347.27,44,12,0.75,https://www.reddit.com/r/worldnews/comments/1reiv5g/carney_to_travel_to_india_with_very_good_image/
2026-02-25T22:47:54+00:00,1rels49,memes,248.15,1185,34,0.96,https://www.reddit.com/r/memes/comments/1rels49/this_design/
2026-02-25T22:47:54+00:00,1reid5d,science,365.12,70,5,0.97,https://www.reddit.com/r/science/comments/1reid5d/researchers_identified_the_key_proteins_that/
2026-02-25T22:47:54+00:00,1reig7v,worldnews,362.12,1120,254,0.9,https://www.reddit.com/r/worldnews/comments/1reig7v/canada_pledges_8_million_in_food_aid_for_cuba_as/
2026-02-25T22:47:54+00:00,1relbc5,Music,264.3,1,1,1.0,https://www.reddit.com/r/Music/comments/1relbc5/tina_turner_when_the_heartache_is_over_dancerock/
2026-02-25T22:47:54+00:00,1ren1hv,movies,204.82,625,206,0.89,https://www.reddit.com/r/movies/comments/1ren1hv/i_think_the_fifth_element_is_a_perfect_movie_and/
2026-02-25T22:47:54+00:00,1ren8r6,memes,197.68,0,19,0.5,https://www.reddit.com/r/memes/comments/1ren8r6/pov_breaking_a_bone/
2026-02-25T22:47:54+00:00,1rem3db,memes,237.4,45,1,0.94,https://www.reddit.com/r/memes/comments/1rem3db/you_have_her_eyes/
2026-02-25T22:47:54+00:00,1renniq,Music,182.78,2,0,1.0,https://www.reddit.com/r/Music/comments/1renniq/night_tapes_swordsman_audiotree_live_performance/
2026-02-25T22:47:54+00:00,1remofk,aww,217.23,9,0,1.0,https://www.reddit.com/r/aww/comments/1remofk/gelada_baboons/
2026-02-25T22:47:54+00:00,1relsve,aww,247.42,116,8,0.98,https://www.reddit.com/r/aww/comments/1relsve/its_her_birthday/
2026-02-25T22:47:54+00:00,1renmyl,memes,183.33,44,6,0.91,https://www.reddit.com/r/memes/comments/1renmyl/now_were_free_fallin/
2026-02-25T22:47:54+00:00,1ren01a,memes,206.3,0,13,0.42,https://www.reddit.com/r/memes/comments/1ren01a/i_think_humanity_might_have_already_lost_any/
2026-02-25T22:47:54+00:00,1reldd4,memes,262.4,0,0,0.29,https://www.reddit.com/r/memes/comments/1reldd4/rather_sad/
2026-02-25T22:47:54+00:00,1relr7t,science,249.02,84,22,0.87,https://www.reddit.com/r/science/comments/1relr7t/sperm_swim_more_quickly_in_summer_study_finds/
2026-02-25T22:47:54+00:00,1rerx2w,aww,26.07,6,2,1.0,https://www.reddit.com/r/aww/comments/1rerx2w/sister_love_the_new_babies/
2026-02-25T22:47:54+00:00,1renj4s,movies,187.18,0,4,0.43,https://www.reddit.com/r/movies/comments/1renj4s/marc_platt_produced_movies/
2026-02-25T22:47:54+00:00,1rem0rb,movies,239.78,2,1,0.54,https://www.reddit.com/r/movies/comments/1rem0rb/bluff_and_extraction_2_cinematographer_is_annoying/
2026-02-25T22:47:54+00:00,1requ68,AskReddit,66.32,4,12,0.83,https://www.reddit.com/r/AskReddit/comments/1requ68/ladies_and_gentlemen_how_are_you_feeling_on_this/
2026-02-25T22:47:54+00:00,1requos,gaming,65.78,156,37,0.96,https://www.reddit.com/r/gaming/comments/1requos/resident_evil_requiem_is_the_highest_rated_new/
2026-02-25T22:48:00+00:00,1rei8r6,gaming,369.55,10,24,0.68,https://www.reddit.com/r/gaming/comments/1rei8r6/horror_game_night_one_setup/
2026-02-25T22:48:00+00:00,1rel39a,aww,271.88,75,9,0.99,https://www.reddit.com/r/aww/comments/1rel39a/pov_you_are_about_to_touch_the_belly/
2026-02-25T22:48:00+00:00,1reibze,science,366.4,0,2,0.5,https://www.reddit.com/r/science/comments/1reibze/the_surprising_complexity_behind_the_squeak_of/
2026-02-25T22:48:00+00:00,1remcg7,funny,228.77,0,4,0.3,https://www.reddit.com/r/funny/comments/1remcg7/explosive/
2026-02-25T22:48:00+00:00,1rep7h8,AskReddit,126.45,23,14,0.6,https://www.reddit.com/r/AskReddit/comments/1rep7h8/if_you_have_only_fans_how_do_you_deal_with_the/
2026-02-25T22:48:00+00:00,1reoe52,movies,156.45,1,1,0.54,https://www.reddit.com/r/movies/comments/1reoe52/before_the_godfather_the_real_meeting_at_castello/
2026-02-25T22:48:00+00:00,1rem98q,memes,231.97,521,44,0.92,https://www.reddit.com/r/memes/comments/1rem98q/universal_guide_for_buying_anything_in_todays/
2026-02-25T22:48:00+00:00,1rekgig,science,293.3,116,42,0.78,https://www.reddit.com/r/science/comments/1rekgig/higher_intakes_of_total_processed_and_unprocessed/
2026-02-25T22:48:00+00:00,1rekwjp,aww,278.22,12,1,0.88,https://www.reddit.com/r/aww/comments/1rekwjp/her_thoughts_as_i_climbed_onto_thus_sofa/
2026-02-25T22:48:00+00:00,1rempt4,memes,216.08,78,19,0.8,https://www.reddit.com/r/memes/comments/1rempt4/omelet_du_frommage/
2026-02-25T22:48:00+00:00,1renkzo,science,185.43,705,12,0.98,https://www.reddit.com/r/science/comments/1renkzo/neurosurgeons_are_really_good_at_removing_brain/
2026-02-25T22:48:00+00:00,1reoalh,aww,160.0,20,1,1.0,https://www.reddit.com/r/aww/comments/1reoalh/eevee_used_rest_its_super_effective/
2026-02-25T22:48:00+00:00,1rena65,aww,196.43,11,4,0.8,https://www.reddit.com/r/aww/comments/1rena65/he_is_so_done_with_today/
2026-02-25T22:48:00+00:00,1rekxx7,movies,276.97,23,61,0.75,https://www.reddit.com/r/movies/comments/1rekxx7/the_one/
2026-02-25T22:48:00+00:00,1rem3c7,memes,237.53,6,5,0.69,https://www.reddit.com/r/memes/comments/1rem3c7/damn_bro/
2026-02-25T22:48:00+00:00,1resh0c,AskReddit,5.37,1,1,1.0,https://www.reddit.com/r/AskReddit/comments/1resh0c/how_much_mobile_data_do_you_use_each_month_and/
2026-02-25T22:48:00+00:00,1resgy9,AskReddit,5.43,1,1,1.0,https://www.reddit.com/r/AskReddit/comments/1resgy9/what_are_you_feeling_today/
2026-02-25T22:48:00+00:00,1resgjs,AskReddit,5.87,1,3,1.0,https://www.reddit.com/r/AskReddit/comments/1resgjs/whats_your_favorite_country_and_why/
2026-02-25T22:48:00+00:00,1resgas,Music,6.13,1,1,0.67,https://www.reddit.com/r/Music/comments/1resgas/why_hasnt_huey_lewis_and_the_news_been_inducted/
2026-02-25T22:48:00+00:00,1rep6a5,AskReddit,127.65,1,3,1.0,https://www.reddit.com/r/AskReddit/comments/1rep6a5/which_scifi_movietv_show_clothes_better_fit_your/
2026-02-25T22:48:00+00:00,1relo65,gaming,252.13,0,29,0.36,https://www.reddit.com/r/gaming/comments/1relo65/resident_evil_requiem_often_uses_8gb_of_vram_at/
2026-02-25T22:48:00+00:00,1reniih,Music,187.9,0,6,0.1,https://www.reddit.com/r/Music/comments/1reniih/kanye_wests_spokesperson_milo_yiannopolous_ye/
2026-02-25T22:48:00+00:00,1rejvh4,movies,313.07,0,22,0.48,https://www.reddit.com/r/movies/comments/1rejvh4/1_give_me_your_favorite_actiondrama_film_of_all/
2026-02-25T22:48:00+00:00,1rer4ew,worldnews,55.88,95,30,0.94,https://www.reddit.com/r/worldnews/comments/1rer4ew/cuba_says_its_forces_have_killed_four_on/
2026-02-25T22:48:10+00:00,1reoftw,gaming,154.9,366,190,0.9,https://www.reddit.com/r/gaming/comments/1reoftw/loot_box_litigation_new_york_attorney_general/
2026-02-25T22:48:10+00:00,1reku2y,aww,280.7,9,2,0.77,https://www.reddit.com/r/aww/comments/1reku2y/i_very_love_small_dog/
2026-02-25T22:48:10+00:00,1rekr0e,aww,283.62,10,3,0.92,https://www.reddit.com/r/aww/comments/1rekr0e/he_is_living_his_best_life/
2026-02-25T22:48:10+00:00,1rerepq,AskReddit,45.35,1,11,1.0,https://www.reddit.com/r/AskReddit/comments/1rerepq/what_subject_do_you_know_the_most_about/
2026-02-25T22:48:10+00:00,1rerx2j,AskReddit,26.35,1,2,1.0,https://www.reddit.com/r/AskReddit/comments/1rerx2j/how_do_you_think_canadas_military_aid_will_impact/
2026-02-25T22:48:10+00:00,1requf5,AskReddit,66.37,10,44,0.85,https://www.reddit.com/r/AskReddit/comments/1requf5/what_do_you_think_happens_after_we_die/
2026-02-25T22:48:10+00:00,1rer4e9,AskReddit,56.07,0,3,0.25,https://www.reddit.com/r/AskReddit/comments/1rer4e9/what_are_your_favorite_movies_and_why/
2026-02-25T22:48:10+00:00,1remrsu,Music,214.32,0,6,0.29,https://www.reddit.com/r/Music/comments/1remrsu/spice_girls_night_on_the_masked_singer/
2026-02-25T22:48:10+00:00,1reofzh,aww,154.73,56,21,0.97,https://www.reddit.com/r/aww/comments/1reofzh/he_loves_the_water_and_never_misses_a_walk/
2026-02-25T22:48:10+00:00,1rep64c,memes,128.0,8,1,1.0,https://www.reddit.com/r/memes/comments/1rep64c/time_to_hit_the_road/
2026-02-25T22:48:10+00:00,1rer4ps,AskReddit,55.72,0,17,0.25,https://www.reddit.com/r/AskReddit/comments/1rer4ps/how_do_you_guys_make_money_asking_as_a_15_year_old/
2026-02-25T22:48:10+00:00,1reiovl,worldnews,353.72,32,3,0.75,https://www.reddit.com/r/worldnews/comments/1reiovl/rubio_begins_talks_with_caribbean_leaders_amid/
2026-02-25T22:48:10+00:00,1reimnd,science,355.9,328,17,0.96,https://www.reddit.com/r/science/comments/1reimnd/chinese_scientists_successfully_built_an_aqueous/
2026-02-25T22:48:10+00:00,1rekem0,funny,295.28,2393,13,0.97,https://www.reddit.com/r/funny/comments/1rekem0/oc_must_be/
2026-02-25T22:48:10+00:00,1requmq,AskReddit,66.1,1,17,0.67,https://www.reddit.com/r/AskReddit/comments/1requmq/what_is_legal_but_still_messed_up_to_do/
2026-02-25T22:48:10+00:00,1reog03,science,154.73,285,13,0.98,https://www.reddit.com/r/science/comments/1reog03/a_recent_article_that_reviewed_evidence_from_29/
2026-02-25T22:48:15+00:00,1rer4wg,AskReddit,55.6,0,3,0.17,https://www.reddit.com/r/AskReddit/comments/1rer4wg/hi_hows_your_day/
2026-02-25T22:48:20+00:00,1rere5r,AskReddit,46.08,3,4,1.0,https://www.reddit.com/r/AskReddit/comments/1rere5r/whats_the_most_cringe_thing_youve_ever_done_to/
2026-02-25T22:48:20+00:00,1rere2w,AskReddit,46.17,1,2,1.0,https://www.reddit.com/r/AskReddit/comments/1rere2w/whats_the_worst_hr_incident_at_your_workplace/
2026-02-25T22:48:20+00:00,1req2aw,memes,95.4,0,4,0.33,https://www.reddit.com/r/memes/comments/1req2aw/bro_shouldve_just_focused_in_his_goals_instead_of/
2026-02-25T22:48:25+00:00,1rerexl,AskReddit,45.38,1,4,1.0,https://www.reddit.com/r/AskReddit/comments/1rerexl/what_is_a_point_of_no_return_that_youve_crossed/
2026-02-25T22:48:30+00:00,1reroj1,memes,35.7,6,6,0.71,https://www.reddit.com/r/memes/comments/1reroj1/ts_so_real/
2026-02-25T22:48:30+00:00,1rero47,AskReddit,36.13,1,7,1.0,https://www.reddit.com/r/AskReddit/comments/1rero47/whats_the_biggest_letdown_about_being_an_adult/
2026-02-25T22:48:35+00:00,1rerofr,AskReddit,35.87,0,7,0.5,https://www.reddit.com/r/AskReddit/comments/1rerofr/how_did_youwould_you_react_to_a_close_friend/
2026-02-25T22:48:35+00:00,1rerooh,AskReddit,35.65,1,5,0.99,https://www.reddit.com/r/AskReddit/comments/1rerooh/what_is_legal_but_feels_100_illegal/
2026-02-25T22:48:35+00:00,1reroni,gaming,35.68,87,38,0.88,https://www.reddit.com/r/gaming/comments/1reroni/who_do_we_talk_to/
2026-02-25T22:48:41+00:00,1req238,AskReddit,95.98,5,18,1.0,https://www.reddit.com/r/AskReddit/comments/1req238/whats_something_everyone_pretends_to_understand/
2026-02-25T22:48:46+00:00,1req1c1,AskReddit,96.78,1,15,0.67,https://www.reddit.com/r/AskReddit/comments/1req1c1/if_animals_could_talk_which_one_would_be_the/
2026-02-25T22:48:46+00:00,1reryml,AskReddit,25.32,1,6,1.0,https://www.reddit.com/r/AskReddit/comments/1reryml/whats_your_favorite_chicken_marinade_and_whats/
2026-02-25T22:48:46+00:00,1res84l,AskReddit,15.38,1,6,1.0,https://www.reddit.com/r/AskReddit/comments/1res84l/whats_your_reason_for_not_protesting_at_least/
2026-02-25T22:48:46+00:00,1res7w3,AskReddit,15.65,2,2,1.0,https://www.reddit.com/r/AskReddit/comments/1res7w3/what_did_you_do_on_autopilot_for_years_before/
2026-02-25T22:48:46+00:00,1res881,Music,15.28,1,1,1.0,https://www.reddit.com/r/Music/comments/1res881/no_savage_gizwop_box_instrumental/
2026-02-25T22:48:51+00:00,1reqw33,Music,65.27,210,0,0.99,https://www.reddit.com/r/Music/comments/1reqw33/miguel_leads_ice_out_chant_at_nyc_show_in/
2026-02-25T22:48:51+00:00,1rerykn,AskReddit,25.45,1,0,1.0,https://www.reddit.com/r/AskReddit/comments/1rerykn/what_makes_it_illegal_to_mention_the_word_covid/
2026-02-25T22:48:51+00:00,1rery4o,Music,25.92,1,1,1.0,https://www.reddit.com/r/Music/comments/1rery4o/mitski_wheres_my_phone_indie/
2026-02-25T22:48:51+00:00,1rep96e,memes,125.5,64,13,0.82,https://www.reddit.com/r/memes/comments/1rep96e/yall_rate_my_meme_potential/
2026-02-25T22:48:51+00:00,1res7rh,AskReddit,15.87,1,0,1.0,https://www.reddit.com/r/AskReddit/comments/1res7rh/what_made_you_give_up_onenight_stands/
2026-02-25T22:48:51+00:00,1res7x4,AskReddit,15.7,1,2,1.0,https://www.reddit.com/r/AskReddit/comments/1res7x4/foster_teens_of_reddit_what_iswouldve_been_your/
2026-02-25T22:48:56+00:00,1rep8s7,memes,126.0,6346,77,0.99,https://www.reddit.com/r/memes/comments/1rep8s7/weve_all_been_there/
2026-02-25T22:48:56+00:00,1res87e,AskReddit,15.47,0,2,0.5,https://www.reddit.com/r/AskReddit/comments/1res87e/how_can_you_help_by_leaving_a_1_star_review_for/
2026-02-25T22:48:56+00:00,1rep8pa,AskReddit,126.1,3,83,0.58,https://www.reddit.com/r/AskReddit/comments/1rep8pa/you_are_given_1000000_but_you_have_to_live_inside/
2026-02-25T22:48:56+00:00,1reqv90,AskReddit,66.25,3,5,1.0,https://www.reddit.com/r/AskReddit/comments/1reqv90/what_is_the_weirdest_belief_about_the_world_that/
2026-02-25T22:49:01+00:00,1rep8t9,aww,126.07,8,0,0.79,https://www.reddit.com/r/aww/comments/1rep8t9/i_accidentally_opened_the_front_camera_and_this/
2026-02-25T22:49:01+00:00,1reqvhw,aww,66.07,22,5,0.74,https://www.reddit.com/r/aww/comments/1reqvhw/someone_was_happy_to_see_potatoes_at_the_weekly/
2026-02-25T22:49:01+00:00,1reshgz,AskReddit,5.9,1,4,1.0,https://www.reddit.com/r/AskReddit/comments/1reshgz/women_whats_an_ideal_height_for_your_partner/
2026-02-25T22:49:01+00:00,1reshbf,AskReddit,6.05,1,2,1.0,https://www.reddit.com/r/AskReddit/comments/1reshbf/whats_something_thats_happened_this_february_that/
2026-02-25T22:49:01+00:00,1reshbk,Music,6.03,1,0,1.0,https://www.reddit.com/r/Music/comments/1reshbk/linda_ronstadt_desperado_country_rock_live/
2026-02-25T22:49:01+00:00,1resht2,aww,5.53,2,0,1.0,https://www.reddit.com/r/aww/comments/1resht2/a_new_pillow/
2026-02-25T22:49:01+00:00,1resi4a,memes,5.22,1,0,1.0,https://www.reddit.com/r/memes/comments/1resi4a/ocfizzy_glizzy_we_arent_slowly_drifting_away_from/
2026-02-25T22:49:11+00:00,1rer5k4,AskReddit,55.85,2,19,0.75,https://www.reddit.com/r/AskReddit/comments/1rer5k4/does_someone_saying_they_love_you_mean_more_than/
2026-02-25T22:49:11+00:00,1rerxx3,AskReddit,26.47,1,2,1.0,https://www.reddit.com/r/AskReddit/comments/1rerxx3/how_have_people_dealt_with_a_lack_of_sex_in_their/
2026-02-25T22:49:11+00:00,1reqvov,todayilearned,66.02,249,44,0.97,https://www.reddit.com/r/todayilearned/comments/1reqvov/til_in_the_1950s_and_60s_vernon_florida_had_a/
2026-02-25T22:49:11+00:00,1rer5wy,AskReddit,55.5,0,16,0.33,https://www.reddit.com/r/AskReddit/comments/1rer5wy/what_should_be_free_but_isnt/
2026-02-25T22:49:11+00:00,1rer56m,AskReddit,56.22,0,2,0.5,https://www.reddit.com/r/AskReddit/comments/1rer56m/teachers_of_reddit_what_was_some_extremely_wrong/
2026-02-25T22:49:16+00:00,1req2ol,funny,95.97,0,4,0.26,https://www.reddit.com/r/funny/comments/1req2ol/they_wouldnt_do_openings_like_this_anymore_today/
2026-02-25T22:49:16+00:00,1rer4vc,funny,56.65,18,6,0.8,https://www.reddit.com/r/funny/comments/1rer4vc/hot_cakes/
2026-02-25T22:49:16+00:00,1rerfcq,science,45.8,60,9,0.98,https://www.reddit.com/r/science/comments/1rerfcq/could_a_vaccine_prevent_dementia_shingles_shot/
2026-02-25T22:49:21+00:00,1rerfwa,AskReddit,45.37,0,5,0.5,https://www.reddit.com/r/AskReddit/comments/1rerfwa/people_who_are_not_scared_of_confrontations_or/
2026-02-25T22:49:21+00:00,1rer5r3,todayilearned,55.83,212,0,0.99,https://www.reddit.com/r/todayilearned/comments/1rer5r3/til_that_an_indian_man_traveling_to_vienna_in/
2026-02-25T22:49:21+00:00,1rerf55,Music,46.1,2,0,1.0,https://www.reddit.com/r/Music/comments/1rerf55/ponder_endless_official_video/
2026-02-25T22:49:21+00:00,1rerftk,AskReddit,45.43,1,8,1.0,https://www.reddit.com/r/AskReddit/comments/1rerftk/what_superpower_would_be_the_most_practical_in/
2026-02-25T22:49:21+00:00,1rerp6u,AskReddit,35.93,1,2,1.0,https://www.reddit.com/r/AskReddit/comments/1rerp6u/which_specific_brand_or_product_that_you_have/
2026-02-25T22:49:26+00:00,1rerfsd,todayilearned,45.55,4,1,0.75,https://www.reddit.com/r/todayilearned/comments/1rerfsd/til_that_around_a_spinning_black_hole_theres_a/
2026-02-25T22:49:31+00:00,1req2jk,AskReddit,96.35,3,5,0.8,https://www.reddit.com/r/AskReddit/comments/1req2jk/who_is_the_one_person_that_matters_the_most_in/
2026-02-25T22:49:31+00:00,1rerpij,AskReddit,35.75,1,1,1.0,https://www.reddit.com/r/AskReddit/comments/1rerpij/whats_the_most_unconventional_job_youve_worked_at/
2026-02-25T22:49:36+00:00,1rerpvn,AskReddit,35.42,1,5,0.67,https://www.reddit.com/r/AskReddit/comments/1rerpvn/what_is_one_of_your_favourite_film_plots/
2026-02-25T22:49:36+00:00,1rerovo,movies,36.48,38,12,0.84,https://www.reddit.com/r/movies/comments/1rerovo/stranger_than_fiction_2006/
2026-02-25T22:49:36+00:00,1req337,AskReddit,95.87,1,2,0.67,https://www.reddit.com/r/AskReddit/comments/1req337/what_is_the_most_creative_way_someone_has_told/
2026-02-25T22:49:42+00:00,1rerp3n,AskReddit,36.35,1,4,1.0,https://www.reddit.com/r/AskReddit/comments/1rerp3n/what_would_be_your_ideal_first_date/
2026-02-25T22:49:42+00:00,1rerpym,aww,35.43,4,1,0.83,https://www.reddit.com/r/aww/comments/1rerpym/hes_not_thrilled_about_the_new_hat_but_he_looks/
2026-02-25T22:49:42+00:00,1req2oh,AskReddit,96.4,2,7,0.75,https://www.reddit.com/r/AskReddit/comments/1req2oh/whats_one_piece_of_advice_youd_take_to_the_grave/
2026-02-25T22:49:42+00:00,1rerz1a,AskReddit,25.85,1,11,1.0,https://www.reddit.com/r/AskReddit/comments/1rerz1a/how_do_you_know_when_a_good_job_isnt_worth_it/
2026-02-25T22:49:47+00:00,1rerzhp,AskReddit,25.47,1,6,1.0,https://www.reddit.com/r/AskReddit/comments/1rerzhp/what_happened_to_that_alien_spaceship_asteroid/
2026-02-25T22:49:47+00:00,1reqwxi,AskReddit,65.3,2,4,1.0,https://www.reddit.com/r/AskReddit/comments/1reqwxi/whats_the_creepiest_thing_a_child_has_ever_said/
2026-02-25T22:49:47+00:00,1reryv0,AskReddit,26.1,1,4,1.0,https://www.reddit.com/r/AskReddit/comments/1reryv0/what_is_the_best_collecting_hobby_like_watches_or/
2026-02-25T22:49:52+00:00,1res8m9,AskReddit,16.03,2,9,1.0,https://www.reddit.com/r/AskReddit/comments/1res8m9/anyone_have_some_advice_on_how_to_relate_to_high/
2026-02-25T22:49:52+00:00,1res8gf,AskReddit,16.18,1,3,1.0,https://www.reddit.com/r/AskReddit/comments/1res8gf/where_is_the_chat_button_because_reddit_changed/
2026-02-25T22:49:52+00:00,1res9cn,Music,15.23,1,1,1.0,https://www.reddit.com/r/Music/comments/1res9cn/the_bluez_brothaz_tpain_young_cash_tell_me/
2026-02-25T22:49:52+00:00,1res8i4,funny,16.15,0,5,0.32,https://www.reddit.com/r/funny/comments/1res8i4/fuck_blue_hat_boy/
2026-02-25T22:49:52+00:00,1res8up,AskReddit,15.77,1,10,1.0,https://www.reddit.com/r/AskReddit/comments/1res8up/what_instantly_makes_you_lose_respect_for_someone/
2026-02-25T22:49:57+00:00,1repa2w,AskReddit,125.67,2,6,0.76,https://www.reddit.com/r/AskReddit/comments/1repa2w/what_are_some_random_facts_not_many_people_know_of/
2026-02-25T22:49:57+00:00,1reryo8,AskReddit,26.45,1,6,1.0,https://www.reddit.com/r/AskReddit/comments/1reryo8/what_is_your_favorite_horror_icon/
2026-02-25T22:49:57+00:00,1res8r6,Music,15.95,1,2,1.0,https://www.reddit.com/r/Music/comments/1res8r6/communityvoted_greatest_rock_songs_list/
2026-02-25T22:49:57+00:00,1repa1r,AskReddit,125.7,0,23,0.2,https://www.reddit.com/r/AskReddit/comments/1repa1r/with_how_unpopular_lgbtq_policies_are_should/
2026-02-25T22:49:57+00:00,1rep989,AskReddit,126.53,23,203,0.88,https://www.reddit.com/r/AskReddit/comments/1rep989/whats_a_single_sentence_someone_said_that_youve/
2026-02-25T22:49:57+00:00,1reqwyk,memes,65.43,8,0,1.0,https://www.reddit.com/r/memes/comments/1reqwyk/why_the_rage_bait_reddit_why/
2026-02-25T22:50:02+00:00,1reqwev,movies,66.1,0,1,0.25,https://www.reddit.com/r/movies/comments/1reqwev/which_of_these_movies_shot_in_the_southwest_would/
2026-02-25T22:50:02+00:00,1rep9nt,memes,126.17,14,1,0.95,https://www.reddit.com/r/memes/comments/1rep9nt/decisions_decisions/
2026-02-25T22:50:02+00:00,1reqw7w,AskReddit,66.32,2,1,1.0,https://www.reddit.com/r/AskReddit/comments/1reqw7w/people_who_dated_the_most_popular_person_in_their/
2026-02-25T22:50:02+00:00,1resitm,AskReddit,5.48,1,2,1.0,https://www.reddit.com/r/AskReddit/comments/1resitm/what_are_your_experiences_that_back_up_your/
2026-02-25T22:50:02+00:00,1resima,AskReddit,5.68,2,3,1.0,https://www.reddit.com/r/AskReddit/comments/1resima/what_is_your_favorite_cereal/
2026-02-25T22:50:02+00:00,1resibd,AskReddit,6.02,1,0,1.0,https://www.reddit.com/r/AskReddit/comments/1resibd/what_was_your_worst_bad_stomach_experience/
2026-02-25T22:50:02+00:00,1rep9yo,aww,125.87,96,2,0.99,https://www.reddit.com/r/aww/comments/1rep9yo/emma_the_bear/
2026-02-25T22:50:02+00:00,1rer65t,AskReddit,56.08,0,1,0.5,https://www.reddit.com/r/AskReddit/comments/1rer65t/what_was_your_best_make_em_eat_their_words/
2026-02-25T22:50:13+00:00,1reqwsq,movies,65.87,1,45,0.53,https://www.reddit.com/r/movies/comments/1reqwsq/the_best_notamerican_movies_you_would_always/
2026-02-25T22:50:13+00:00,1rerzft,AskReddit,25.95,1,4,1.0,https://www.reddit.com/r/AskReddit/comments/1rerzft/how_would_you_describe_a_healthymeasured_usage_of/
2026-02-25T22:50:13+00:00,1rer642,movies,56.32,0,1,0.33,https://www.reddit.com/r/movies/comments/1rer642/is_there_an_high_quality_image_of_this_poster_of/
2026-02-25T22:50:13+00:00,1rer68e,AskReddit,56.2,43,110,0.91,https://www.reddit.com/r/AskReddit/comments/1rer68e/whats_something_that_gets_harder_instead_of/
2026-02-25T22:50:13+00:00,1rer6yv,AskReddit,55.38,0,10,0.5,https://www.reddit.com/r/AskReddit/comments/1rer6yv/would_you_still_marry_this_person_if_you_can_go/
2026-02-25T22:50:13+00:00,1rer6lf,AskReddit,55.8,1,9,0.6,https://www.reddit.com/r/AskReddit/comments/1rer6lf/what_would_you_do_if_you_were_a_super_sayian/
2026-02-25T22:50:13+00:00,1rerg2y,AskReddit,46.05,3,5,1.0,https://www.reddit.com/r/AskReddit/comments/1rerg2y/whats_the_best_way_to_start_your_life_into/
2026-02-25T22:50:18+00:00,1rerga5,AskReddit,45.95,4,19,1.0,https://www.reddit.com/r/AskReddit/comments/1rerga5/who_or_what_has_been_your_biggest_letdown_in_your/
2026-02-25T22:50:18+00:00,1rer6de,AskReddit,56.13,1,18,0.6,https://www.reddit.com/r/AskReddit/comments/1rer6de/what_to_do_before_turning_30/
2026-02-25T22:50:23+00:00,1rergv6,AskReddit,45.5,4,15,1.0,https://www.reddit.com/r/AskReddit/comments/1rergv6/what_would_be_your_thoughtsactions_if_you_found/
2026-02-25T22:50:28+00:00,1req45b,funny,95.6,18,5,0.75,https://www.reddit.com/r/funny/comments/1req45b/grandma_sets_an_alarm/
2026-02-25T22:50:28+00:00,1req3yb,AskReddit,95.8,5,5,0.86,https://www.reddit.com/r/AskReddit/comments/1req3yb/should_professional_referees_have_to_do_postgame/
2026-02-25T22:50:28+00:00,1req3e2,AskReddit,96.43,2,22,0.75,https://www.reddit.com/r/AskReddit/comments/1req3e2/what_do_you_think_of_marriage/
2026-02-25T22:50:28+00:00,1rergfo,AskReddit,45.98,5,23,1.0,https://www.reddit.com/r/AskReddit/comments/1rergfo/what_is_the_most_successful_pick_up_line_you_have/
2026-02-25T22:50:38+00:00,1rerqor,AskReddit,35.6,2,5,1.0,https://www.reddit.com/r/AskReddit/comments/1rerqor/whats_the_worst_day_of_your_life_and_why/
2026-02-25T22:50:38+00:00,1recian,worldnews,592.45,186,48,0.87,https://www.reddit.com/r/worldnews/comments/1recian/russians_use_light_armored_vehicles_to_attack/
2026-02-25T22:50:38+00:00,1req428,AskReddit,95.85,7,37,0.89,https://www.reddit.com/r/AskReddit/comments/1req428/do_you_have_a_person_in_your_life_who_sneezes_or/
2026-02-25T22:50:38+00:00,1rerq5v,AskReddit,36.15,2,3,1.0,https://www.reddit.com/r/AskReddit/comments/1rerq5v/what_are_the_current_safest_best_countries_to/
2026-02-25T22:50:44+00:00,1rerqok,AskReddit,35.72,7,38,1.0,https://www.reddit.com/r/AskReddit/comments/1rerqok/people_who_are_terrified_of_spiders_what_is_it/
2026-02-25T22:50:44+00:00,1req3zn,AskReddit,96.03,1,20,0.6,https://www.reddit.com/r/AskReddit/comments/1req3zn/people_who_have_tasted_venison_whats_it_like_is/
2026-02-25T22:50:49+00:00,1res9uf,AskReddit,15.65,2,7,1.0,https://www.reddit.com/r/AskReddit/comments/1res9uf/what_is_the_meaning_of_life/
2026-02-25T22:50:49+00:00,1res9j2,AskReddit,16.0,1,4,1.0,https://www.reddit.com/r/AskReddit/comments/1res9j2/how_do_you_explain_things_that_only_make_sense_in/
2026-02-25T22:50:49+00:00,1res9gr,AskReddit,16.07,1,1,1.0,https://www.reddit.com/r/AskReddit/comments/1res9gr/whats_the_most_absurd_hoa_rule_youve_ever_heard/
2026-02-25T22:50:49+00:00,1res0lq,AskReddit,25.33,2,10,1.0,https://www.reddit.com/r/AskReddit/comments/1res0lq/what_are_the_most_epic_scenes_in_movies_because/
2026-02-25T22:50:49+00:00,1res0e8,AskReddit,25.57,1,5,0.67,https://www.reddit.com/r/AskReddit/comments/1res0e8/people_who_have_witnessed_somebody_die_what/
2026-02-25T22:50:49+00:00,1res9v1,movies,15.63,0,0,0.14,https://www.reddit.com/r/movies/comments/1res9v1/i_am_mother_seems_misunderstood/
2026-02-25T22:50:49+00:00,1reqxc4,AskReddit,65.93,182,81,0.9,https://www.reddit.com/r/AskReddit/comments/1reqxc4/how_would_you_feel_about_voting_in_an_election/
2026-02-25T22:50:49+00:00,1rerzum,AskReddit,26.15,1,4,1.0,https://www.reddit.com/r/AskReddit/comments/1rerzum/adult_sons_how_have_you_gotten_back_at_your_dad/
2026-02-25T22:50:54+00:00,1res9y3,AskReddit,15.62,0,1,0.33,https://www.reddit.com/r/AskReddit/comments/1res9y3/for_those_who_were_told_to_return_to_the_office/
2026-02-25T22:50:54+00:00,1resa2m,worldnews,15.5,3,1,1.0,https://www.reddit.com/r/worldnews/comments/1resa2m/argentinian_government_broadens_rigi_benefits_for/
2026-02-25T22:50:54+00:00,1res0ek,AskReddit,25.63,1,6,1.0,https://www.reddit.com/r/AskReddit/comments/1res0ek/whats_something_random_you_could_talk_about_for/
2026-02-25T22:50:54+00:00,1res9vy,AskReddit,15.7,1,2,1.0,https://www.reddit.com/r/AskReddit/comments/1res9vy/parents_of_daughters_your_daughter_reaches_out_to/
2026-02-25T22:50:54+00:00,1res0gt,funny,25.57,0,7,0.15,https://www.reddit.com/r/funny/comments/1res0gt/lasagna_anyone/
2026-02-25T22:50:54+00:00,1resa6o,Music,15.37,1,0,1.0,https://www.reddit.com/r/Music/comments/1resa6o/the_bluez_brothaz_tpain_young_cash_shot_check/
2026-02-25T22:51:04+00:00,1resjq9,AskReddit,5.53,1,2,1.0,https://www.reddit.com/r/AskReddit/comments/1resjq9/apartment_people_whats_the_most_ridiculous_thing/
2026-02-25T22:51:04+00:00,1resjih,AskReddit,5.75,2,0,1.0,https://www.reddit.com/r/AskReddit/comments/1resjih/whats_the_best_affordable_experience_that_you/
2026-02-25T22:51:04+00:00,1resjde,AskReddit,5.9,1,3,1.0,https://www.reddit.com/r/AskReddit/comments/1resjde/what_is_your_mood_today/
2026-02-25T22:51:04+00:00,1resjcb,AskReddit,5.93,1,2,1.0,https://www.reddit.com/r/AskReddit/comments/1resjcb/what_was_your_biggest_dream_growing_up_and_what/
2026-02-25T22:51:04+00:00,1resjc3,AskReddit,5.93,1,4,1.0,https://www.reddit.com/r/AskReddit/comments/1resjc3/what_mistake_taught_you_the_most_valuable_lesson/
2026-02-25T22:51:04+00:00,1reqxlx,Music,65.9,6,0,1.0,https://www.reddit.com/r/Music/comments/1reqxlx/social_distortions_mike_ness_on_kicking_cancer/
2026-02-25T22:51:14+00:00,1reqx4c,AskReddit,66.57,2,11,0.75,https://www.reddit.com/r/AskReddit/comments/1reqx4c/what_was_that_junk_food_you_liked_the_most_but/
2026-02-25T22:51:14+00:00,1reqy0w,AskReddit,65.63,1,8,0.67,https://www.reddit.com/r/AskReddit/comments/1reqy0w/whats_your_definition_of_a_cool_person_do_you/
2026-02-25T22:51:14+00:00,1reqy2p,memes,65.58,7,2,0.89,https://www.reddit.com/r/memes/comments/1reqy2p/me_when_i_am_headbanging_in_my_room_to_metal_and/
2026-02-25T22:51:14+00:00,1rerhsj,AskReddit,45.37,3,24,1.0,https://www.reddit.com/r/AskReddit/comments/1rerhsj/what_do_you_crave_badly_right_now/
2026-02-25T22:51:14+00:00,1req4vt,Music,95.63,10,1,1.0,https://www.reddit.com/r/Music/comments/1req4vt/they_might_be_giants_the_guitar_alt_rock/
2026-02-25T22:51:14+00:00,1rerhqv,AskReddit,45.42,1,3,1.0,https://www.reddit.com/r/AskReddit/comments/1rerhqv/what_is_the_best_airline_you_have_been_on/
2026-02-25T22:51:19+00:00,1rer7ki,gaming,55.87,4,46,0.63,https://www.reddit.com/r/gaming/comments/1rer7ki/what_video_game_weapon_or_armor_looks_cool_but/
2026-02-25T22:51:19+00:00,1req4x0,memes,95.68,12,3,0.84,https://www.reddit.com/r/memes/comments/1req4x0/the_only_ice_i_like_is_either_in_a_cooler_or/
2026-02-25T22:51:19+00:00,1rerhy4,AskReddit,45.3,1,5,1.0,https://www.reddit.com/r/AskReddit/comments/1rerhy4/people_in_a_relationship_who_is_the_designated/
2026-02-25T22:51:29+00:00,1rerh5f,AskReddit,46.3,1,0,1.0,https://www.reddit.com/r/AskReddit/comments/1rerh5f/how_often_do_you_use_the_asoh_defense_the_asoh/
2026-02-25T22:51:29+00:00,1req4lf,AskReddit,96.17,3,1,1.0,https://www.reddit.com/r/AskReddit/comments/1req4lf/whats_the_best_example_of_steak_too_juicy_lobster/
2026-02-25T22:51:29+00:00,1rerhug,aww,45.55,28,3,1.0,https://www.reddit.com/r/aww/comments/1rerhug/gretel_from_our_shelter_no_more_pj/
2026-02-25T22:51:34+00:00,1rerhe5,AskReddit,46.13,1,2,1.0,https://www.reddit.com/r/AskReddit/comments/1rerhe5/who_would_you_want_to_be_reincarnated_as_in_the/
2026-02-25T22:51:34+00:00,1rerhsn,AskReddit,45.7,67,96,0.97,https://www.reddit.com/r/AskReddit/comments/1rerhsn/what_is_something_that_happened_to_you_growing_up/
2026-02-25T22:51:34+00:00,1res1hq,AskReddit,25.13,0,0,0.5,https://www.reddit.com/r/AskReddit/comments/1res1hq/what_is_account_not_established/
2026-02-25T22:51:39+00:00,1req59c,AskReddit,95.67,2,5,1.0,https://www.reddit.com/r/AskReddit/comments/1req59c/serious_what_is_the_best_dating_app_for_longterm/
2026-02-25T22:51:39+00:00,1rerrd6,Music,35.88,0,0,0.5,https://www.reddit.com/r/Music/comments/1rerrd6/whats_up_with_paprika_parade/
2026-02-25T22:51:39+00:00,1res14m,AskReddit,25.62,0,2,0.5,https://www.reddit.com/r/AskReddit/comments/1res14m/what_makes_the_boring_person_so_boring/
2026-02-25T22:51:39+00:00,1rerrij,AskReddit,35.7,2,15,1.0,https://www.reddit.com/r/AskReddit/comments/1rerrij/what_place_instantly_changes_your_mood_the_moment/
2026-02-25T22:51:44+00:00,1rerrpw,AskReddit,35.57,0,3,0.5,https://www.reddit.com/r/AskReddit/comments/1rerrpw/what_happened_to_hannahowo_has_she_retired_after/
2026-02-25T22:51:44+00:00,1res0uw,AskReddit,25.97,1,3,0.67,https://www.reddit.com/r/AskReddit/comments/1res0uw/what_unanswered_questions_about_the_epstein_case/
2026-02-25T22:51:44+00:00,1res14z,aww,25.68,19,2,1.0,https://www.reddit.com/r/aww/comments/1res14z/baby_flower/
2026-02-25T22:51:49+00:00,1req4ds,aww,96.72,18,0,0.96,https://www.reddit.com/r/aww/comments/1req4ds/from_pup_to_pooch_happy_4th_birthday_charlie_angel/
2026-02-25T22:51:49+00:00,1res1fj,AskReddit,25.45,1,1,1.0,https://www.reddit.com/r/AskReddit/comments/1res1fj/what_do_you_think_is_the_most_overrepresented/
2026-02-25T22:51:49+00:00,1res1gm,AskReddit,25.43,2,4,1.0,https://www.reddit.com/r/AskReddit/comments/1res1gm/what_food_changed_something_from_the_original/
2026-02-25T22:51:55+00:00,1resaze,AskReddit,15.57,2,8,1.0,https://www.reddit.com/r/AskReddit/comments/1resaze/people_who_work_at_hr_whats_the_most_bizarre/
2026-02-25T22:52:00+00:00,1resauv,Music,15.77,2,0,1.0,https://www.reddit.com/r/Music/comments/1resauv/venus_hum_ft_bmg_i_feel_love_electronic_pop/
2026-02-25T22:52:05+00:00,1reskir,AskReddit,5.72,0,6,0.5,https://www.reddit.com/r/AskReddit/comments/1reskir/women_whats_an_ideal_height_for_your_partner/
2026-02-25T22:52:05+00:00,1reske1,AskReddit,5.87,2,8,1.0,https://www.reddit.com/r/AskReddit/comments/1reske1/any_suggestion_how_to_survive_sex_for_longer/
2026-02-25T22:52:05+00:00,1resk52,movies,6.12,0,4,0.5,https://www.reddit.com/r/movies/comments/1resk52/home_theater_viewing_request/
2026-02-25T22:52:05+00:00,1reqyxd,AskReddit,65.57,2,17,0.75,https://www.reddit.com/r/AskReddit/comments/1reqyxd/whats_a_fair_amount_per_package_to_charge_for/
2026-02-25T22:52:14+00:00,1reqyr1,AskReddit,65.9,1,4,1.0,https://www.reddit.com/r/AskReddit/comments/1reqyr1/what_happened_to_that_megaman_x_explainer_guy/
2026-02-25T22:52:14+00:00,1reqy73,Music,66.48,2,1,1.0,https://www.reddit.com/r/Music/comments/1reqy73/billy_idol_talks_rock_hall_nomination_new/
2026-02-25T22:52:14+00:00,1repbu9,AskReddit,126.08,2,4,1.0,https://www.reddit.com/r/AskReddit/comments/1repbu9/26_yo_leaving_corporate_what_are_some_tipsadvice/
2026-02-25T22:52:19+00:00,1rer8vb,AskReddit,55.52,20,17,0.86,https://www.reddit.com/r/AskReddit/comments/1rer8vb/who_feels_tired_of_all_the_bots_on_this_subreddit/
2026-02-25T22:52:25+00:00,1req5uz,AskReddit,95.87,0,41,0.41,https://www.reddit.com/r/AskReddit/comments/1req5uz/if_crime_is_legal_without_any_consequences_for/
2026-02-25T22:52:30+00:00,1req62c,funny,95.77,94,5,0.96,https://www.reddit.com/r/funny/comments/1req62c/inflation_sushi/
2026-02-25T22:52:30+00:00,1rerin1,AskReddit,45.8,1,5,1.0,https://www.reddit.com/r/AskReddit/comments/1rerin1/how_will_the_lack_of_accountability_surrounding/
2026-02-25T22:52:30+00:00,1req5ds,AskReddit,96.4,4,22,1.0,https://www.reddit.com/r/AskReddit/comments/1req5ds/what_is_a_small_everyday_thing_that_irrationally/
2026-02-25T22:52:35+00:00,1rersny,AskReddit,35.38,10,42,1.0,https://www.reddit.com/r/AskReddit/comments/1rersny/whats_your_favourite_fruit/
2026-02-25T22:52:35+00:00,1rerrus,AskReddit,36.28,1,6,1.0,https://www.reddit.com/r/AskReddit/comments/1rerrus/who_did_you_lose_your_virginity_with_for_the/
2026-02-25T22:52:35+00:00,1rerikm,memes,45.95,1,1,1.0,https://www.reddit.com/r/memes/comments/1rerikm/punch/
2026-02-25T22:52:35+00:00,1rerscm,AskReddit,35.7,2,1,1.0,https://www.reddit.com/r/AskReddit/comments/1rerscm/to_masc_gay_men_what_were_your_experiences_like/
2026-02-25T22:52:40+00:00,1rericw,AskReddit,46.25,3,30,1.0,https://www.reddit.com/r/AskReddit/comments/1rericw/whats_something_you_have_absolutely_no_patience/
2026-02-25T22:52:40+00:00,1reriws,aww,45.68,7,0,1.0,https://www.reddit.com/r/aww/comments/1reriws/empezando_la_posición_de_yoga_de_las_tardes/
2026-02-25T22:52:40+00:00,1res27y,AskReddit,25.48,1,4,1.0,https://www.reddit.com/r/AskReddit/comments/1res27y/what_seems_very_difficult_until_you_try_it/
2026-02-25T22:52:40+00:00,1res1px,AskReddit,26.0,0,9,0.25,https://www.reddit.com/r/AskReddit/comments/1res1px/dear_men_and_anyone_who_can_answer_this_this_male/
2026-02-25T22:52:45+00:00,1repcz3,AskReddit,125.45,2,24,0.67,https://www.reddit.com/r/AskReddit/comments/1repcz3/how_do_u_deal_with_overthinking_about_some_one/
2026-02-25T22:52:45+00:00,1reizy9,movies,347.67,14,6,0.65,https://www.reddit.com/r/movies/comments/1reizy9/pretty_lethal_official_trailer_prime_video/
2026-02-25T22:52:45+00:00,1rers1m,AskReddit,36.23,0,9,0.5,https://www.reddit.com/r/AskReddit/comments/1rers1m/assuming_the_opposite_of_love_is_apathy_what/
2026-02-25T22:52:45+00:00,1rersaw,memes,35.92,0,7,0.21,https://www.reddit.com/r/memes/comments/1rersaw/ive_been_putting_everyone_whos_put_hate_comments/
2026-02-25T22:52:45+00:00,1res25j,aww,25.63,14,2,1.0,https://www.reddit.com/r/aww/comments/1res25j/little_missy/
2026-02-25T22:52:45+00:00,1res1v7,movies,25.92,0,4,0.44,https://www.reddit.com/r/movies/comments/1res1v7/lance_armstrong_movie_starring_austin_butler/
2026-02-25T22:52:45+00:00,1req688,movies,95.85,0,17,0.23,https://www.reddit.com/r/movies/comments/1req688/bourne_again/
2026-02-25T22:52:50+00:00,1repcpj,AskReddit,125.82,3,5,1.0,https://www.reddit.com/r/AskReddit/comments/1repcpj/what_are_the_small_signs_that_make_you_realize_a/
2026-02-25T22:52:50+00:00,1res1q4,worldnews,26.15,10,4,0.71,https://www.reddit.com/r/worldnews/comments/1res1q4/iran_accuses_us_of_spreading_big_lies_after_trump/
2026-02-25T22:52:50+00:00,1res2i6,aww,25.37,32,4,0.95,https://www.reddit.com/r/aww/comments/1res2i6/happy_10th_adoption_anniversary_to_my_rocket/
2026-02-25T22:52:50+00:00,1res23u,AskReddit,25.77,1,3,1.0,https://www.reddit.com/r/AskReddit/comments/1res23u/political_lines_aside_who_do_you_think_are_the/
2026-02-25T22:52:50+00:00,1res1vc,AskReddit,26.0,1,6,0.67,https://www.reddit.com/r/AskReddit/comments/1res1vc/how_does_a_kiss_work_and_how_do_you_initiate_it/
2026-02-25T22:52:50+00:00,1repccn,AskReddit,126.17,1,12,0.57,https://www.reddit.com/r/AskReddit/comments/1repccn/whats_the_secret_to_lasting_long_during_sex/
2026-02-25T22:52:55+00:00,1resbvj,AskReddit,15.63,2,7,1.0,https://www.reddit.com/r/AskReddit/comments/1resbvj/whats_a_subtle_sign_someone_is_emotionally_mature/
2026-02-25T22:52:55+00:00,1resbdu,AskReddit,16.15,2,3,1.0,https://www.reddit.com/r/AskReddit/comments/1resbdu/what_movie_would_you_recommend_for_tonight/
2026-02-25T22:52:55+00:00,1resbxg,memes,15.58,2,1,1.0,https://www.reddit.com/r/memes/comments/1resbxg/ahh_good_ol_captcha_tests/
2026-02-25T22:53:01+00:00,1resc9w,AskReddit,15.33,3,7,1.0,https://www.reddit.com/r/AskReddit/comments/1resc9w/whats_a_very_nontypical_fooddrink_you_really_enjoy/
2026-02-25T22:53:01+00:00,1rer014,AskReddit,65.37,0,2,0.4,https://www.reddit.com/r/AskReddit/comments/1rer014/what_is_the_small_thing_that_happens_every_day/
2026-02-25T22:53:06+00:00,1repd1j,worldnews,125.75,518,92,0.94,https://www.reddit.com/r/worldnews/comments/1repd1j/us_to_allow_resale_of_venezuelan_oil_to_cuba/
2026-02-25T22:53:06+00:00,1reqzm1,AskReddit,65.92,1,1,0.67,https://www.reddit.com/r/AskReddit/comments/1reqzm1/ladies_do_you_ever_get_random_hair_shedding_days/
2026-02-25T22:53:06+00:00,1reqzey,AskReddit,66.1,2,4,0.75,https://www.reddit.com/r/AskReddit/comments/1reqzey/when_will_james_talarico_and_jasmine_crockett/
2026-02-25T22:53:06+00:00,1reslgd,AskReddit,5.78,1,1,1.0,https://www.reddit.com/r/AskReddit/comments/1reslgd/what_do_you_think_about_ai_and_how_it_affects_the/
2026-02-25T22:53:06+00:00,1reslbp,AskReddit,5.9,1,1,1.0,https://www.reddit.com/r/AskReddit/comments/1reslbp/people_who_where_a_teen_in_the_80s_was_it_really/
2026-02-25T22:53:06+00:00,1resm0s,todayilearned,5.18,2,0,0.6,https://www.reddit.com/r/todayilearned/comments/1resm0s/til_vega_yes_that_superbright_standard_star_has_a/
2026-02-25T22:53:06+00:00,1reslrj,aww,5.47,4,1,1.0,https://www.reddit.com/r/aww/comments/1reslrj/neighborhood_watch/
2026-02-25T22:53:06+00:00,1resllf,aww,5.63,6,1,1.0,https://www.reddit.com/r/aww/comments/1resllf/all_beauty_no_brain/
2026-02-25T22:53:15+00:00,1reqzgf,AskReddit,66.22,1,3,0.67,https://www.reddit.com/r/AskReddit/comments/1reqzgf/whats_a_career_that_is_more_lucrative_and/
2026-02-25T22:53:20+00:00,1rerj6i,AskReddit,46.1,1,4,0.67,https://www.reddit.com/r/AskReddit/comments/1rerj6i/what_difference_does_it_make_where_covid_came_from/
2026-02-25T22:53:20+00:00,1rer9ov,aww,55.63,12,0,1.0,https://www.reddit.com/r/aww/comments/1rer9ov/batman_knows_all_your_dirty_sins/
2026-02-25T22:53:20+00:00,1rerjbr,AskReddit,45.93,3,3,1.0,https://www.reddit.com/r/AskReddit/comments/1rerjbr/what_is_your_most_embarrassing_story_about/
2026-02-25T22:53:20+00:00,1rerj8l,AskReddit,46.03,1,8,1.0,https://www.reddit.com/r/AskReddit/comments/1rerj8l/how_likely_is_a_united_states_war_with_iran_what/
2026-02-25T22:53:20+00:00,1rerjow,movies,45.55,5,2,0.78,https://www.reddit.com/r/movies/comments/1rerjow/michelle_yeoh_stars_in_sandiwara_a_new_short_film/
2026-02-25T22:53:30+00:00,1rerjck,AskReddit,46.08,1,14,0.67,https://www.reddit.com/r/AskReddit/comments/1rerjck/what_behaviour_instantly_makes_you_trust_someone/
2026-02-25T22:53:30+00:00,1req6e3,funny,96.43,40,8,0.77,https://www.reddit.com/r/funny/comments/1req6e3/agghh_lemme_just_put_it_back_again/
2026-02-25T22:53:30+00:00,1req71k,AskReddit,95.73,0,14,0.5,https://www.reddit.com/r/AskReddit/comments/1req71k/what_is_the_craziest_thing_that_you_have_read_in/
2026-02-25T22:53:30+00:00,1req6sv,AskReddit,95.98,1,9,0.67,https://www.reddit.com/r/AskReddit/comments/1req6sv/what_are_some_bad_male_names/
2026-02-25T22:53:30+00:00,1req6te,AskReddit,95.97,0,5,0.33,https://www.reddit.com/r/AskReddit/comments/1req6te/what_are_your_thoughts_on_men_that_pull_their/
2026-02-25T22:53:36+00:00,1rertfc,AskReddit,35.58,2,3,1.0,https://www.reddit.com/r/AskReddit/comments/1rertfc/whats_something_society_considers_weird_but_is/
2026-02-25T22:53:36+00:00,1rertc7,AskReddit,35.68,1,4,1.0,https://www.reddit.com/r/AskReddit/comments/1rertc7/what_is_the_best_way_for_a_20_year_old_female_to/
2026-02-25T22:53:46+00:00,1req76z,science,95.87,48,11,0.88,https://www.reddit.com/r/science/comments/1req76z/animals_perception_of_time_is_linked_to_the_pace/
2026-02-25T22:53:46+00:00,1res3ff,AskReddit,25.32,1,0,1.0,https://www.reddit.com/r/AskReddit/comments/1res3ff/fast_food_workers_what_is_the_most_disrespectful/
2026-02-25T22:53:51+00:00,1res2pw,AskReddit,26.17,3,29,0.8,https://www.reddit.com/r/AskReddit/comments/1res2pw/what_food_you_eat_daily/
2026-02-25T22:53:51+00:00,1res38l,AskReddit,25.62,0,11,0.25,https://www.reddit.com/r/AskReddit/comments/1res38l/who_has_a_good_chance_at_becoming_the_next_us/
2026-02-25T22:53:51+00:00,1res2nk,AskReddit,26.23,2,9,1.0,https://www.reddit.com/r/AskReddit/comments/1res2nk/serious_what_qualities_or_behaviors_make_the/
2026-02-25T22:53:51+00:00,1resd3t,Music,15.33,2,5,1.0,https://www.reddit.com/r/Music/comments/1resd3t/question_about_lady_madonna_by_the_beatles/
2026-02-25T22:53:56+00:00,1rescit,AskReddit,16.0,2,14,1.0,https://www.reddit.com/r/AskReddit/comments/1rescit/whats_a_skill_everyone_should_learn_before_they/
2026-02-25T22:53:56+00:00,1resd7w,aww,15.3,5,0,1.0,https://www.reddit.com/r/aww/comments/1resd7w/my_cat_didnt_bite_but_she_judge/
2026-02-25T22:54:01+00:00,1resd6r,AskReddit,15.42,1,0,1.0,https://www.reddit.com/r/AskReddit/comments/1resd6r/what_political_change_in_the_us_over_the_past_5/
2026-02-25T22:54:06+00:00,1rer0vu,AskReddit,65.6,0,4,0.4,https://www.reddit.com/r/AskReddit/comments/1rer0vu/given_they_only_know_the_basics_what_would_be_a/
2026-02-25T22:54:06+00:00,1resmqt,AskReddit,5.48,0,8,0.33,https://www.reddit.com/r/AskReddit/comments/1resmqt/women_what_height_would_you_want_your_partner_to/
2026-02-25T22:54:06+00:00,1resmg7,AskReddit,5.78,2,3,1.0,https://www.reddit.com/r/AskReddit/comments/1resmg7/who_do_you_think_is_the_worst_politician_right_now/
2026-02-25T22:54:06+00:00,1resm31,AskReddit,6.1,1,1,1.0,https://www.reddit.com/r/AskReddit/comments/1resm31/whats_the_craziest_reason_youve_cut_someone_off/
2026-02-25T22:54:06+00:00,1resm1h,AskReddit,6.15,2,2,1.0,https://www.reddit.com/r/AskReddit/comments/1resm1h/dont_judge_a_book_by_its_cover_how_logical_is/
2026-02-25T22:54:06+00:00,1resm0p,AskReddit,6.18,1,2,1.0,https://www.reddit.com/r/AskReddit/comments/1resm0p/what_did_people_do_casually_in_the_90s_that/
2026-02-25T22:54:16+00:00,1rer0b0,AskReddit,66.33,3,12,0.71,https://www.reddit.com/r/AskReddit/comments/1rer0b0/what_is_some_situation_that_always_happen_to_you/
2026-02-25T22:54:21+00:00,1reralf,AskReddit,55.72,0,5,0.5,https://www.reddit.com/r/AskReddit/comments/1reralf/how_did_you_find_your_first_paying_clients_and/
2026-02-25T22:54:21+00:00,1rerki4,AskReddit,45.75,0,20,0.44,https://www.reddit.com/r/AskReddit/comments/1rerki4/how_should_a_man_with_a_very_below_average_penis/
2026-02-25T22:54:26+00:00,1rerk3z,AskReddit,46.22,2,6,1.0,https://www.reddit.com/r/AskReddit/comments/1rerk3z/high_school_and_college_students_what_percentage/
2026-02-25T22:54:31+00:00,1rerkif,AskReddit,45.9,1,9,0.67,https://www.reddit.com/r/AskReddit/comments/1rerkif/serious_men_of_reddit_what_is_something_a_lot_of/
2026-02-25T22:54:31+00:00,1req7og,AskReddit,96.15,4,12,0.83,https://www.reddit.com/r/AskReddit/comments/1req7og/have_you_ever_had_a_near_death_experience_and_if/
2026-02-25T22:54:31+00:00,1rerktw,movies,45.55,1,0,1.0,https://www.reddit.com/r/movies/comments/1rerktw/describe_your_performance_in_one_word/
2026-02-25T22:54:41+00:00,1reru78,AskReddit,35.9,2,9,1.0,https://www.reddit.com/r/AskReddit/comments/1reru78/whats_a_side_hustle_that_has_made_you_a_good/
2026-02-25T22:54:41+00:00,1rertzs,AskReddit,36.08,1,2,1.0,https://www.reddit.com/r/AskReddit/comments/1rertzs/whats_a_habit_you_never_questioned_until_someone/
2026-02-25T22:54:41+00:00,1reruj9,AskReddit,35.55,1,3,1.0,https://www.reddit.com/r/AskReddit/comments/1reruj9/what_occupation_do_you_think_is_way_better_than/
2026-02-25T22:54:41+00:00,1reru8r,Music,35.85,3,0,1.0,https://www.reddit.com/r/Music/comments/1reru8r/missing_persons_destination_unknown_synthpop/
2026-02-25T22:54:46+00:00,1res3na,AskReddit,26.08,0,1,0.33,https://www.reddit.com/r/AskReddit/comments/1res3na/what_false_narrative_made_you_popular_in_high/
2026-02-25T22:54:52+00:00,1res4de,funny,25.35,1,2,0.6,https://www.reddit.com/r/funny/comments/1res4de/alright_imma_head_out/
2026-02-25T22:54:52+00:00,1res3oh,AskReddit,26.13,2,7,1.0,https://www.reddit.com/r/AskReddit/comments/1res3oh/what_job_looks_impressive_from_the_outside_but_is/
2026-02-25T22:54:52+00:00,1res3l3,AskReddit,26.23,2,9,1.0,https://www.reddit.com/r/AskReddit/comments/1res3l3/how_do_you_feel_about_british_royal_family_after/
2026-02-25T22:54:52+00:00,1req7o6,memes,96.5,4,1,0.75,https://www.reddit.com/r/memes/comments/1req7o6/hes_not_just_in_the_files_hes_everyehere/
2026-02-25T22:54:52+00:00,1rerty0,AskReddit,36.32,0,9,0.5,https://www.reddit.com/r/AskReddit/comments/1rerty0/last_night_in_the_sotu_trump_said_voting_is_a/
2026-02-25T22:54:52+00:00,1resdq8,AskReddit,15.68,34,15,1.0,https://www.reddit.com/r/AskReddit/comments/1resdq8/whats_the_best_relationship_advice_you_could_give/
2026-02-25T22:54:52+00:00,1repeol,AskReddit,125.85,0,5,0.5,https://www.reddit.com/r/AskReddit/comments/1repeol/whats_the_strangest_or_most_embarrassing_thing/
2026-02-25T22:54:52+00:00,1res44y,AskReddit,25.6,0,3,0.33,https://www.reddit.com/r/AskReddit/comments/1res44y/trump_signed_a_79b_education_funding_bill_into/
2026-02-25T22:54:52+00:00,1resdyh,AskReddit,15.45,1,12,1.0,https://www.reddit.com/r/AskReddit/comments/1resdyh/whats_your_favourite_dog_breed/
2026-02-25T22:55:16+00:00,1rer1iv,AskReddit,66.1,0,4,0.5,https://www.reddit.com/r/AskReddit/comments/1rer1iv/what_makes_certain_scandals_stay_in_public/
2026-02-25T22:55:16+00:00,1resnz2,AskReddit,5.33,2,3,1.0,https://www.reddit.com/r/AskReddit/comments/1resnz2/people_who_havent_pooped_yet_in_2026_why_are_you/
2026-02-25T22:55:16+00:00,1resnpw,AskReddit,5.65,1,5,1.0,https://www.reddit.com/r/AskReddit/comments/1resnpw/what_do_we_genuinely_do_if_ww3_started/
2026-02-25T22:55:16+00:00,1resnny,AskReddit,5.7,1,2,1.0,https://www.reddit.com/r/AskReddit/comments/1resnny/what_is_great_advice_youve_received_just/
2026-02-25T22:55:16+00:00,1resni4,AskReddit,5.88,1,5,1.0,https://www.reddit.com/r/AskReddit/comments/1resni4/whats_a_breakup_situation_where_you_genuinely/
2026-02-25T22:55:16+00:00,1rerblm,AskReddit,55.53,1,11,0.67,https://www.reddit.com/r/AskReddit/comments/1rerblm/whats_a_skill_thats_becoming_rare_because/
2026-02-25T22:55:22+00:00,1rerlb7,AskReddit,45.83,0,7,0.5,https://www.reddit.com/r/AskReddit/comments/1rerlb7/how_did_harambes_code_written_nearly_4000_years/
2026-02-25T22:55:22+00:00,1rervdu,AskReddit,35.35,3,22,1.0,https://www.reddit.com/r/AskReddit/comments/1rervdu/whats_the_one_thing_that_completely_changed_your/
2026-02-25T22:55:27+00:00,1rerbnm,todayilearned,55.67,1181,141,0.94,https://www.reddit.com/r/todayilearned/comments/1rerbnm/til_ben_shapiro_and_mara_wilson_matilda_mrs/
2026-02-25T22:55:27+00:00,1rerb1k,memes,56.33,7,1,0.76,https://www.reddit.com/r/memes/comments/1rerb1k/reddit_girlfriend/
2026-02-25T22:55:27+00:00,1rerlbt,memes,45.92,4,2,0.83,https://www.reddit.com/r/memes/comments/1rerlbt/im_with_the_cat/
2026-02-25T22:55:32+00:00,1rerv2f,AskReddit,35.83,0,4,0.5,https://www.reddit.com/r/AskReddit/comments/1rerv2f/what_is_your_opinion_of_the_usa_mens_hockey_team/
2026-02-25T22:55:38+00:00,1rerlai,memes,46.13,0,0,0.5,https://www.reddit.com/r/memes/comments/1rerlai/kuchitamatchi_is_judging_you/
2026-02-25T22:55:38+00:00,1rerlt0,movies,45.58,4,0,0.64,https://www.reddit.com/r/movies/comments/1rerlt0/baz_luhrmann_says_filming_australia_was_the_most/
2026-02-25T22:55:38+00:00,1rdurd3,science,1475.17,1542,72,0.93,https://www.reddit.com/r/science/comments/1rdurd3/in_the_us_2020_and_2021_were_marked_by_two_events/
2026-02-25T22:55:38+00:00,1rerlu6,AskReddit,45.55,2,10,1.0,https://www.reddit.com/r/AskReddit/comments/1rerlu6/whats_a_good_reason_or_your_reason_to_keep_going/
2026-02-25T22:55:38+00:00,1req8n7,aww,96.33,241,8,0.98,https://www.reddit.com/r/aww/comments/1req8n7/the_reason_my_phone_storage_is_full/
2026-02-25T22:55:43+00:00,1repfjq,AskReddit,125.83,11,17,1.0,https://www.reddit.com/r/AskReddit/comments/1repfjq/what_your_worstbest_experience_with_online_friends/
2026-02-25T22:55:43+00:00,1reruvb,memes,36.23,3,0,1.0,https://www.reddit.com/r/memes/comments/1reruvb/i_love_spicy_food_but_not_when_i_get_hiccups/
2026-02-25T22:55:43+00:00,1re7xtj,funny,852.73,164,21,0.86,https://www.reddit.com/r/funny/comments/1re7xtj/risk_management/
2026-02-25T22:55:43+00:00,1rerut9,aww,36.3,7,2,0.89,https://www.reddit.com/r/aww/comments/1rerut9/someones_hungry_he_eats_like_he_hasnt_been_fed_in/
2026-02-25T22:55:48+00:00,1reruzt,AskReddit,36.18,1,12,1.0,https://www.reddit.com/r/AskReddit/comments/1reruzt/what_becomes_harder_once_you_grow_up/
2026-02-25T22:55:48+00:00,1res50b,AskReddit,25.63,0,6,0.4,https://www.reddit.com/r/AskReddit/comments/1res50b/at_what_age_gap_do_you_consider_it_creepy_for_an/
2026-02-25T22:55:53+00:00,1res53g,AskReddit,25.62,0,3,0.25,https://www.reddit.com/r/AskReddit/comments/1res53g/usa_and_iran_negotiations_tomorrow_what_should_we/
2026-02-25T22:55:58+00:00,1rer31n,AskReddit,65.27,0,7,0.33,https://www.reddit.com/r/AskReddit/comments/1rer31n/can_something_be_aesthetically_gay_how/
2026-02-25T22:55:58+00:00,1resecd,Music,16.12,0,0,0.5,https://www.reddit.com/r/Music/comments/1resecd/globebased_radio_explorer_that_autoskips_talk/
2026-02-25T22:55:58+00:00,1resew8,AskReddit,15.57,1,2,1.0,https://www.reddit.com/r/AskReddit/comments/1resew8/whats_the_most_useful_thing_you_learned_from_a/
2026-02-25T22:55:58+00:00,1resevv,AskReddit,15.57,2,9,1.0,https://www.reddit.com/r/AskReddit/comments/1resevv/what_do_you_miss_most_about_the_early_internet/
2026-02-25T22:55:58+00:00,1resenr,worldnews,15.8,9,2,0.91,https://www.reddit.com/r/worldnews/comments/1resenr/cuban_border_guards_attacked_by_speedboat/
2026-02-25T22:56:03+00:00,1req91m,AskReddit,96.4,0,17,0.33,https://www.reddit.com/r/AskReddit/comments/1req91m/what_does_it_mean_if_exes_keep_making_eye_contact/
2026-02-25T22:56:08+00:00,1repf6e,memes,126.62,34,4,0.93,https://www.reddit.com/r/memes/comments/1repf6e/where_dreams_go_to_die/
2026-02-25T22:56:19+00:00,1resoyr,AskReddit,5.37,1,0,1.0,https://www.reddit.com/r/AskReddit/comments/1resoyr/people_with_chronic_back_pain_how_did_it_start/
2026-02-25T22:56:19+00:00,1resosj,AskReddit,5.55,1,2,1.0,https://www.reddit.com/r/AskReddit/comments/1resosj/ford_focus_2010_16_tdi_engine_malfunction/
2026-02-25T22:56:19+00:00,1resoi0,AskReddit,5.87,1,8,0.67,https://www.reddit.com/r/AskReddit/comments/1resoi0/why_dont_you_just_snap_out_of_it/
2026-02-25T22:56:19+00:00,1repfps,AskReddit,126.27,1,5,1.0,https://www.reddit.com/r/AskReddit/comments/1repfps/if_your_thoughts_made_sound_effects_what_noises/
2026-02-25T22:56:19+00:00,1repfh5,AskReddit,126.52,3,15,0.81,https://www.reddit.com/r/AskReddit/comments/1repfh5/whats_a_trend_that_needs_to_disappear_already/
2026-02-25T22:56:19+00:00,1rer2nf,AskReddit,66.03,0,10,0.4,https://www.reddit.com/r/AskReddit/comments/1rer2nf/what_is_your_favorite_thing_to_do/
2026-02-25T22:56:19+00:00,1rerbwg,todayilearned,56.27,6,3,0.75,https://www.reddit.com/r/todayilearned/comments/1rerbwg/til_that_over_a_period_of_several_years_starting/
2026-02-25T22:56:34+00:00,1rermuu,AskReddit,45.45,2,5,1.0,https://www.reddit.com/r/AskReddit/comments/1rermuu/what_seemed_completely_normal_as_a_child_but_now/
2026-02-25T22:56:39+00:00,1rermpl,AskReddit,45.68,2,1,1.0,https://www.reddit.com/r/AskReddit/comments/1rermpl/whats_one_boring_career_thats_actually_a_goldmine/
2026-02-25T22:56:44+00:00,1rerw9w,worldnews,35.75,40,9,0.94,https://www.reddit.com/r/worldnews/comments/1rerw9w/trump_hits_iran_with_new_sanctions_ahead_of/
2026-02-25T22:56:44+00:00,1res5py,AskReddit,25.83,0,10,0.5,https://www.reddit.com/r/AskReddit/comments/1res5py/if_your_pet_animal_spoke_to_you_how_would_you/
2026-02-25T22:56:49+00:00,1reqahx,worldnews,95.68,179,16,0.96,https://www.reddit.com/r/worldnews/comments/1reqahx/iceland_to_hold_eu_referendum_in_the_coming/
2026-02-25T22:56:49+00:00,1rerw6t,memes,35.95,3,1,1.0,https://www.reddit.com/r/memes/comments/1rerw6t/sssshhh_zip_it/
2026-02-25T22:56:54+00:00,1repg3i,AskReddit,126.45,3,10,1.0,https://www.reddit.com/r/AskReddit/comments/1repg3i/what_social_norm_actually_harms_people_more_than/
2026-02-25T22:56:54+00:00,1repghl,Music,126.05,149,55,0.81,https://www.reddit.com/r/Music/comments/1repghl/sum_41_fatlip_punk/
2026-02-25T22:56:54+00:00,1res693,AskReddit,25.43,0,8,0.2,https://www.reddit.com/r/AskReddit/comments/1res693/whats_your_secret_to_have_a_great_scat_sex/
2026-02-25T22:56:54+00:00,1res665,AskReddit,25.52,0,8,0.5,https://www.reddit.com/r/AskReddit/comments/1res665/would_you_say_theres_a_severe_lack_of_empathy_in/
2026-02-25T22:56:54+00:00,1res5w8,AskReddit,25.82,1,13,0.67,https://www.reddit.com/r/AskReddit/comments/1res5w8/when_did_you_first_smoke_weed_and_who_were_you/
2026-02-25T22:56:54+00:00,1resg7g,AskReddit,15.12,1,2,1.0,https://www.reddit.com/r/AskReddit/comments/1resg7g/what_have_you_always_wanted_to_try/
2026-02-25T22:57:00+00:00,1repg5z,AskReddit,126.5,4,18,0.75,https://www.reddit.com/r/AskReddit/comments/1repg5z/what_was_the_last_emoji_you_used/
2026-02-25T22:57:00+00:00,1req9rc,AskReddit,96.62,1,11,0.67,https://www.reddit.com/r/AskReddit/comments/1req9rc/whats_a_movie_thats_truly_made_you_cry/
2026-02-25T22:57:05+00:00,1rer3jt,AskReddit,65.82,0,2,0.5,https://www.reddit.com/r/AskReddit/comments/1rer3jt/how_do_you_think_we_will_pay_for_things_when_we/
2026-02-25T22:57:05+00:00,1resfnv,AskReddit,15.87,3,2,1.0,https://www.reddit.com/r/AskReddit/comments/1resfnv/whats_the_lowest_point_youve_ever_been_in_your/
2026-02-25T22:57:10+00:00,1rer43m,worldnews,65.38,157,42,0.85,https://www.reddit.com/r/worldnews/comments/1rer43m/rubio_boosts_dictator_orbáns_bid_for_another_term/
2026-02-25T22:57:10+00:00,1respl2,AskReddit,5.55,2,3,1.0,https://www.reddit.com/r/AskReddit/comments/1respl2/what_do_your_days_off_look_like/
2026-02-25T22:57:10+00:00,1respf6,AskReddit,5.72,1,2,1.0,https://www.reddit.com/r/AskReddit/comments/1respf6/denizens_of_reddit_with_strange_phobias_what/
2026-02-25T22:57:10+00:00,1respal,aww,5.87,3,0,1.0,https://www.reddit.com/r/aww/comments/1respal/local_street_king_claiming_new_territory_my_car/
2026-02-25T22:57:19+00:00,1rerdrl,Music,55.45,0,6,0.36,https://www.reddit.com/r/Music/comments/1rerdrl/kurt_cobains_1994_death_alleged_homicide_by/
2026-02-25T22:57:19+00:00,1repgpo,science,126.22,53,3,0.94,https://www.reddit.com/r/science/comments/1repgpo/toxic_waste_from_screens_ends_up_in_endangered/
2026-02-25T22:57:19+00:00,1rerd38,AskReddit,56.13,2,9,0.75,https://www.reddit.com/r/AskReddit/comments/1rerd38/what_is_the_most_ignorant_opinion_you_truly/
2026-02-25T22:57:25+00:00,1rer3yk,AskReddit,65.75,0,4,0.5,https://www.reddit.com/r/AskReddit/comments/1rer3yk/what_songs_got_better_with_age/
2026-02-25T22:57:25+00:00,1rerdar,AskReddit,56.0,0,4,0.5,https://www.reddit.com/r/AskReddit/comments/1rerdar/do_you_think_kissing_in_public_is_normal_or_weird/
2026-02-25T22:57:25+00:00,1rerdhd,memes,55.83,22,2,0.9,https://www.reddit.com/r/memes/comments/1rerdhd/i_forgorrr/
2026-02-25T22:57:25+00:00,1rerdsh,AskReddit,55.52,1,3,1.0,https://www.reddit.com/r/AskReddit/comments/1rerdsh/what_do_you_think_would_be_more_devastating/
2026-02-25T22:57:25+00:00,1rerd10,AskReddit,56.3,0,5,0.5,https://www.reddit.com/r/AskReddit/comments/1rerd10/what_app_do_you_highly_recommend/
2026-02-25T22:57:25+00:00,1rerncr,AskReddit,45.82,0,9,0.25,https://www.reddit.com/r/AskReddit/comments/1rerncr/girl_to_girl_lets_not_gatekeep_whats_a_feminine/
2026-02-25T22:57:30+00:00,1reqbez,AskReddit,95.43,0,14,0.25,https://www.reddit.com/r/AskReddit/comments/1reqbez/whats_underrated_in_bed/
2026-02-25T22:57:30+00:00,1rerna5,aww,45.97,21,0,1.0,https://www.reddit.com/r/aww/comments/1rerna5/these_girls_love_each_other_so_much/
2026-02-25T22:57:30+00:00,1reoraf,funny,152.77,89,12,0.85,https://www.reddit.com/r/funny/comments/1reoraf/these_are_notoriously_difficult_to_figure_out/
2026-02-25T22:57:35+00:00,1rephww,AskReddit,125.23,0,9,0.5,https://www.reddit.com/r/AskReddit/comments/1rephww/what_is_the_kindest_thing_a_stranger_has_ever/
2026-02-25T22:57:35+00:00,1reqald,movies,96.35,0,20,0.32,https://www.reddit.com/r/movies/comments/1reqald/i_find_the_description_of_promising_young_woman/
2026-02-25T22:57:35+00:00,1rernml,AskReddit,45.68,1,1,1.0,https://www.reddit.com/r/AskReddit/comments/1rernml/serious_redditors_that_workuse_to_work_in_retail/
2026-02-25T22:57:40+00:00,1rerdd1,AskReddit,56.2,0,4,0.4,https://www.reddit.com/r/AskReddit/comments/1rerdd1/how_do_you_tell_a_woman_to_calm_down_and_that_she/
2026-02-25T22:57:40+00:00,1reoqkf,Music,153.72,1,6,0.67,https://www.reddit.com/r/Music/comments/1reoqkf/how_do_i_find_d_a_song_that_seems_to_be_wiped/
2026-02-25T22:57:40+00:00,1reqb43,AskReddit,95.9,0,8,0.5,https://www.reddit.com/r/AskReddit/comments/1reqb43/whats_your_favorite_pizza_topping/
2026-02-25T22:57:45+00:00,1reqbcn,AskReddit,95.75,0,4,0.5,https://www.reddit.com/r/AskReddit/comments/1reqbcn/if_you_found_out_something_you_really_liked_like/
2026-02-25T22:57:45+00:00,1rerxmg,aww,35.33,9,1,1.0,https://www.reddit.com/r/aww/comments/1rerxmg/my_love_bug/
2026-02-25T22:57:45+00:00,1rerx8w,todayilearned,35.75,3,0,0.67,https://www.reddit.com/r/todayilearned/comments/1rerx8w/til_peter_gabriel_rode_a_bicycle_around_the_stage/
2026-02-25T22:57:45+00:00,1renw1l,movies,184.18,119,51,0.82,https://www.reddit.com/r/movies/comments/1renw1l/unleashed_2005_danny_fight_1_vs_4_in_the_pool/
2026-02-25T22:57:50+00:00,1rens2z,science,188.1,5,1,0.78,https://www.reddit.com/r/science/comments/1rens2z/programmable_integrated_quantum_photonics_nature/
2026-02-25T22:57:50+00:00,1reop1t,funny,155.33,24,22,0.68,https://www.reddit.com/r/funny/comments/1reop1t/21st_century_declarations_of_love/
2026-02-25T22:57:50+00:00,1renz6m,science,181.08,216,36,0.97,https://www.reddit.com/r/science/comments/1renz6m/urine_tests_confirm_alcohol_consumption_in_wild/
2026-02-25T22:57:50+00:00,1reqar7,AskReddit,96.43,0,24,0.33,https://www.reddit.com/r/AskReddit/comments/1reqar7/how_do_you_feel_about_people_who_dont_wanna_have/
2026-02-25T22:57:50+00:00,1res6gz,Music,26.17,1,0,1.0,https://www.reddit.com/r/Music/comments/1res6gz/album_updates_additions_feb_25_2026/
2026-02-25T22:57:50+00:00,1renwnl,aww,183.7,25,4,0.95,https://www.reddit.com/r/aww/comments/1renwnl/thanks_for_flowers_papa_i_will_eat_them_later/
2026-02-25T22:57:50+00:00,1rerxkl,AskReddit,35.47,1,0,1.0,https://www.reddit.com/r/AskReddit/comments/1rerxkl/everyone_knows_them_what_new_scam_methods_are/
2026-02-25T22:57:50+00:00,1rerxjw,AskReddit,35.48,2,6,1.0,https://www.reddit.com/r/AskReddit/comments/1rerxjw/whats_the_last_gift_you_gave_yourself/
2026-02-25T22:57:56+00:00,1reqato,AskReddit,96.47,1,3,0.66,https://www.reddit.com/r/AskReddit/comments/1reqato/whats_your_guilty_pleasure/
2026-02-25T22:57:56+00:00,1rerxfd,AskReddit,35.72,1,1,1.0,https://www.reddit.com/r/AskReddit/comments/1rerxfd/what_separates_average_sex_from_great_sex/
2026-02-25T22:57:56+00:00,1rerx2w,aww,36.1,6,2,1.0,https://www.reddit.com/r/aww/comments/1rerx2w/sister_love_the_new_babies/
2026-02-25T22:57:56+00:00,1rentrq,movies,186.57,0,5,0.38,https://www.reddit.com/r/movies/comments/1rentrq/subtle_little_morbid_detail_in_frankenstein_2025/
2026-02-25T22:57:56+00:00,1resgas,Music,16.07,0,11,0.5,https://www.reddit.com/r/Music/comments/1resgas/why_hasnt_huey_lewis_and_the_news_been_inducted/
2026-02-25T22:58:01+00:00,1reph7t,AskReddit,126.4,1,6,1.0,https://www.reddit.com/r/AskReddit/comments/1reph7t/what_is_the_worst_state/
2026-02-25T22:58:01+00:00,1rer4ew,worldnews,65.9,110,38,0.91,https://www.reddit.com/r/worldnews/comments/1rer4ew/cuba_says_its_forces_have_killed_four_on/
2026-02-25T22:58:06+00:00,1resgy9,AskReddit,15.53,1,1,1.0,https://www.reddit.com/r/AskReddit/comments/1resgy9/what_are_you_feeling_today/
2026-02-25T22:58:06+00:00,1resh0c,AskReddit,15.47,1,2,1.0,https://www.reddit.com/r/AskReddit/comments/1resh0c/how_much_mobile_data_do_you_use_each_month_and/
2026-02-25T22:58:06+00:00,1resgjs,AskReddit,15.97,1,4,1.0,https://www.reddit.com/r/AskReddit/comments/1resgjs/whats_your_favorite_country_and_why/
2026-02-25T22:58:11+00:00,1rer4ps,AskReddit,65.73,0,17,0.25,https://www.reddit.com/r/AskReddit/comments/1rer4ps/how_do_you_guys_make_money_asking_as_a_15_year_old/
2026-02-25T22:58:11+00:00,1rerepq,AskReddit,55.37,1,11,1.0,https://www.reddit.com/r/AskReddit/comments/1rerepq/what_subject_do_you_know_the_most_about/
2026-02-25T22:58:11+00:00,1rer4e9,AskReddit,66.08,0,3,0.25,https://www.reddit.com/r/AskReddit/comments/1rer4e9/what_are_your_favorite_movies_and_why/
2026-02-25T22:58:11+00:00,1rer4wg,AskReddit,65.53,0,3,0.17,https://www.reddit.com/r/AskReddit/comments/1rer4wg/hi_hows_your_day/
2026-02-25T22:58:11+00:00,1resqt0,AskReddit,5.17,0,1,0.5,https://www.reddit.com/r/AskReddit/comments/1resqt0/how_do_you_get_a_pickle_out_of_a_vending_machine/
2026-02-25T22:58:11+00:00,1resqn8,AskReddit,5.35,3,2,1.0,https://www.reddit.com/r/AskReddit/comments/1resqn8/whats_something_you_learned_too_late_in_life/
2026-02-25T22:58:20+00:00,1reonfc,aww,157.45,1970,187,0.97,https://www.reddit.com/r/aww/comments/1reonfc/he_may_look_serious_but_hes_a_total_sweetheart/
2026-02-25T22:58:20+00:00,1rerx2j,AskReddit,36.52,0,2,0.5,https://www.reddit.com/r/AskReddit/comments/1rerx2j/how_do_you_think_canadas_military_aid_will_impact/
2026-02-25T22:58:20+00:00,1rere2w,AskReddit,56.17,1,2,1.0,https://www.reddit.com/r/AskReddit/comments/1rere2w/whats_the_worst_hr_incident_at_your_workplace/
2026-02-25T22:58:26+00:00,1rerexl,AskReddit,55.4,1,4,1.0,https://www.reddit.com/r/AskReddit/comments/1rerexl/what_is_a_point_of_no_return_that_youve_crossed/
2026-02-25T22:58:26+00:00,1rere5r,AskReddit,56.18,3,4,1.0,https://www.reddit.com/r/AskReddit/comments/1rere5r/whats_the_most_cringe_thing_youve_ever_done_to/
2026-02-25T22:58:26+00:00,1rero47,AskReddit,46.07,1,8,1.0,https://www.reddit.com/r/AskReddit/comments/1rero47/whats_the_biggest_letdown_about_being_an_adult/
2026-02-25T22:58:31+00:00,1reroj1,memes,45.72,9,7,0.76,https://www.reddit.com/r/memes/comments/1reroj1/ts_so_real/
2026-02-25T22:58:31+00:00,1reroni,gaming,45.62,105,43,0.9,https://www.reddit.com/r/gaming/comments/1reroni/who_do_we_talk_to/
2026-02-25T22:58:36+00:00,1rerooh,AskReddit,45.67,1,5,0.99,https://www.reddit.com/r/AskReddit/comments/1rerooh/what_is_legal_but_feels_100_illegal/
2026-02-25T22:58:41+00:00,1rerofr,AskReddit,45.97,0,7,0.5,https://www.reddit.com/r/AskReddit/comments/1rerofr/how_did_youwould_you_react_to_a_close_friend/
2026-02-25T22:58:46+00:00,1res881,Music,25.28,1,1,1.0,https://www.reddit.com/r/Music/comments/1res881/no_savage_gizwop_box_instrumental/
2026-02-25T22:58:51+00:00,1rerykn,AskReddit,35.45,1,0,1.0,https://www.reddit.com/r/AskReddit/comments/1rerykn/what_makes_it_illegal_to_mention_the_word_covid/
2026-02-25T22:58:51+00:00,1res7x4,AskReddit,25.7,1,2,1.0,https://www.reddit.com/r/AskReddit/comments/1res7x4/foster_teens_of_reddit_what_iswouldve_been_your/
2026-02-25T22:58:51+00:00,1res7w3,AskReddit,25.73,2,2,1.0,https://www.reddit.com/r/AskReddit/comments/1res7w3/what_did_you_do_on_autopilot_for_years_before/
2026-02-25T22:58:51+00:00,1reryml,AskReddit,35.4,1,7,1.0,https://www.reddit.com/r/AskReddit/comments/1reryml/whats_your_favorite_chicken_marinade_and_whats/
2026-02-25T22:58:51+00:00,1res84l,AskReddit,25.47,2,8,1.0,https://www.reddit.com/r/AskReddit/comments/1res84l/whats_your_reason_for_not_protesting_at_least/
2026-02-25T22:58:51+00:00,1res7rh,AskReddit,25.87,1,0,1.0,https://www.reddit.com/r/AskReddit/comments/1res7rh/what_made_you_give_up_onenight_stands/
2026-02-25T22:58:56+00:00,1rery4o,Music,36.0,1,1,1.0,https://www.reddit.com/r/Music/comments/1rery4o/mitski_wheres_my_phone_indie/
2026-02-25T22:58:56+00:00,1res87e,AskReddit,25.47,0,2,0.5,https://www.reddit.com/r/AskReddit/comments/1res87e/how_can_you_help_by_leaving_a_1_star_review_for/
2026-02-25T22:59:02+00:00,1reshbk,Music,16.05,1,0,1.0,https://www.reddit.com/r/Music/comments/1reshbk/linda_ronstadt_desperado_country_rock_live/
2026-02-25T22:59:02+00:00,1reshbf,AskReddit,16.07,1,2,1.0,https://www.reddit.com/r/AskReddit/comments/1reshbf/whats_something_thats_happened_this_february_that/
2026-02-25T22:59:02+00:00,1resht2,aww,15.55,7,0,1.0,https://www.reddit.com/r/aww/comments/1resht2/a_new_pillow/
2026-02-25T22:59:02+00:00,1repj0v,AskReddit,125.62,6,18,1.0,https://www.reddit.com/r/AskReddit/comments/1repj0v/which_hack_managed_to_boost_your_confidence_and/
2026-02-25T22:59:02+00:00,1resi4a,memes,15.23,0,1,0.5,https://www.reddit.com/r/memes/comments/1resi4a/ocfizzy_glizzy_we_arent_slowly_drifting_away_from/
2026-02-25T22:59:07+00:00,1reshgz,AskReddit,16.0,1,4,1.0,https://www.reddit.com/r/AskReddit/comments/1reshgz/women_whats_an_ideal_height_for_your_partner/
2026-02-25T22:59:07+00:00,1rerxx3,AskReddit,36.4,1,2,1.0,https://www.reddit.com/r/AskReddit/comments/1rerxx3/how_have_people_dealt_with_a_lack_of_sex_in_their/
2026-02-25T22:59:12+00:00,1rer5k4,AskReddit,65.87,2,19,0.75,https://www.reddit.com/r/AskReddit/comments/1rer5k4/does_someone_saying_they_love_you_mean_more_than/
2026-02-25T22:59:12+00:00,1rer5wy,AskReddit,65.52,0,16,0.33,https://www.reddit.com/r/AskReddit/comments/1rer5wy/what_should_be_free_but_isnt/
2026-02-25T22:59:12+00:00,1resr5b,AskReddit,5.8,3,2,1.0,https://www.reddit.com/r/AskReddit/comments/1resr5b/what_billionaire_is_the_biggest_international/
2026-02-25T22:59:12+00:00,1resr0s,AskReddit,5.95,2,1,1.0,https://www.reddit.com/r/AskReddit/comments/1resr0s/what_the_best_experience_in_life_you_had_ever/
2026-02-25T22:59:12+00:00,1rer56m,AskReddit,66.23,0,2,0.5,https://www.reddit.com/r/AskReddit/comments/1rer56m/teachers_of_reddit_what_was_some_extremely_wrong/
2026-02-25T22:59:12+00:00,1rerfcq,science,55.73,82,9,0.99,https://www.reddit.com/r/science/comments/1rerfcq/could_a_vaccine_prevent_dementia_shingles_shot/
2026-02-25T22:59:22+00:00,1repj78,AskReddit,125.77,1,19,0.54,https://www.reddit.com/r/AskReddit/comments/1repj78/how_do_you_think_trump_will_react_when_everything/
2026-02-25T22:59:22+00:00,1rer4vc,funny,66.75,16,6,0.74,https://www.reddit.com/r/funny/comments/1rer4vc/hot_cakes/
2026-02-25T22:59:22+00:00,1rerfwa,AskReddit,55.38,0,5,0.5,https://www.reddit.com/r/AskReddit/comments/1rerfwa/people_who_are_not_scared_of_confrontations_or/
2026-02-25T22:59:22+00:00,1rerp6u,AskReddit,45.95,1,2,1.0,https://www.reddit.com/r/AskReddit/comments/1rerp6u/which_specific_brand_or_product_that_you_have/
2026-02-25T22:59:27+00:00,1rerftk,AskReddit,55.53,1,8,1.0,https://www.reddit.com/r/AskReddit/comments/1rerftk/what_superpower_would_be_the_most_practical_in/
2026-02-25T22:59:27+00:00,1rer5r3,todayilearned,65.93,213,0,0.98,https://www.reddit.com/r/todayilearned/comments/1rer5r3/til_that_an_indian_man_traveling_to_vienna_in/
2026-02-25T22:59:27+00:00,1rerpij,AskReddit,45.68,1,1,1.0,https://www.reddit.com/r/AskReddit/comments/1rerpij/whats_the_most_unconventional_job_youve_worked_at/
2026-02-25T22:59:32+00:00,1rerfsd,todayilearned,55.65,4,1,0.75,https://www.reddit.com/r/todayilearned/comments/1rerfsd/til_that_around_a_spinning_black_hole_theres_a/
2026-02-25T22:59:32+00:00,1rerovo,movies,46.42,42,12,0.83,https://www.reddit.com/r/movies/comments/1rerovo/stranger_than_fiction_2006/
2026-02-25T22:59:37+00:00,1rerpvn,AskReddit,45.43,1,5,0.67,https://www.reddit.com/r/AskReddit/comments/1rerpvn/what_is_one_of_your_favourite_film_plots/
2026-02-25T22:59:42+00:00,1rerpym,aww,45.43,4,1,0.83,https://www.reddit.com/r/aww/comments/1rerpym/hes_not_thrilled_about_the_new_hat_but_he_looks/
2026-02-25T22:59:42+00:00,1rerp3n,AskReddit,46.35,1,4,1.0,https://www.reddit.com/r/AskReddit/comments/1rerp3n/what_would_be_your_ideal_first_date/
2026-02-25T22:59:47+00:00,1rerzhp,AskReddit,35.47,1,6,1.0,https://www.reddit.com/r/AskReddit/comments/1rerzhp/what_happened_to_that_alien_spaceship_asteroid/
2026-02-25T22:59:47+00:00,1rerz1a,AskReddit,35.93,1,11,1.0,https://www.reddit.com/r/AskReddit/comments/1rerz1a/how_do_you_know_when_a_good_job_isnt_worth_it/
2026-02-25T22:59:47+00:00,1reryv0,AskReddit,36.1,1,4,1.0,https://www.reddit.com/r/AskReddit/comments/1reryv0/what_is_the_best_collecting_hobby_like_watches_or/
2026-02-25T22:59:47+00:00,1res8i4,funny,26.07,0,5,0.32,https://www.reddit.com/r/funny/comments/1res8i4/fuck_blue_hat_boy/
2026-02-25T22:59:52+00:00,1res8up,AskReddit,25.77,1,12,1.0,https://www.reddit.com/r/AskReddit/comments/1res8up/what_instantly_makes_you_lose_respect_for_someone/
2026-02-25T22:59:52+00:00,1res9cn,Music,25.23,1,1,1.0,https://www.reddit.com/r/Music/comments/1res9cn/the_bluez_brothaz_tpain_young_cash_tell_me/
2026-02-25T22:59:52+00:00,1reqd0p,AskReddit,96.03,7,14,1.0,https://www.reddit.com/r/AskReddit/comments/1reqd0p/what_is_the_most_tactless_question_youve_heard/
2026-02-25T22:59:52+00:00,1reryo8,AskReddit,36.37,1,6,1.0,https://www.reddit.com/r/AskReddit/comments/1reryo8/what_is_your_favorite_horror_icon/
2026-02-25T22:59:58+00:00,1res8m9,AskReddit,26.13,2,10,1.0,https://www.reddit.com/r/AskReddit/comments/1res8m9/anyone_have_some_advice_on_how_to_relate_to_high/
2026-02-25T22:59:58+00:00,1res8gf,AskReddit,26.28,1,3,1.0,https://www.reddit.com/r/AskReddit/comments/1res8gf/where_is_the_chat_button_because_reddit_changed/
2026-02-25T22:59:58+00:00,1res8r6,Music,25.97,3,2,1.0,https://www.reddit.com/r/Music/comments/1res8r6/communityvoted_greatest_rock_songs_list/
2026-02-25T23:00:03+00:00,1resima,AskReddit,15.7,2,10,1.0,https://www.reddit.com/r/AskReddit/comments/1resima/what_is_your_favorite_cereal/
2026-02-25T23:00:03+00:00,1rer65t,AskReddit,66.1,0,1,0.5,https://www.reddit.com/r/AskReddit/comments/1rer65t/what_was_your_best_make_em_eat_their_words/
2026-02-25T23:00:03+00:00,1resitm,AskReddit,15.5,1,3,1.0,https://www.reddit.com/r/AskReddit/comments/1resitm/what_are_your_experiences_that_back_up_your/
2026-02-25T23:00:03+00:00,1resibd,AskReddit,16.03,1,0,1.0,https://www.reddit.com/r/AskReddit/comments/1resibd/what_was_your_worst_bad_stomach_experience/
2026-02-25T23:00:08+00:00,1rer6lf,AskReddit,65.72,1,9,0.6,https://www.reddit.com/r/AskReddit/comments/1rer6lf/what_would_you_do_if_you_were_a_super_sayian/
2026-02-25T23:00:08+00:00,1rer68e,AskReddit,66.12,45,115,0.92,https://www.reddit.com/r/AskReddit/comments/1rer68e/whats_something_that_gets_harder_instead_of/
2026-02-25T23:00:13+00:00,1rer642,movies,66.32,0,1,0.33,https://www.reddit.com/r/movies/comments/1rer642/is_there_an_high_quality_image_of_this_poster_of/
2026-02-25T23:00:13+00:00,1rerg2y,AskReddit,56.05,3,6,1.0,https://www.reddit.com/r/AskReddit/comments/1rerg2y/whats_the_best_way_to_start_your_life_into/
2026-02-25T23:00:13+00:00,1resskt,AskReddit,5.27,1,10,1.0,https://www.reddit.com/r/AskReddit/comments/1resskt/how_do_you_get_a_pickle_out_of_a_ketchup_bottle/
2026-02-25T23:00:13+00:00,1ress53,AskReddit,5.75,1,4,1.0,https://www.reddit.com/r/AskReddit/comments/1ress53/whats_a_small_change_you_made_daily_that_helped/
2026-02-25T23:00:13+00:00,1resrs7,AskReddit,6.15,1,2,1.0,https://www.reddit.com/r/AskReddit/comments/1resrs7/how_do_you_personally_find_inner_peace_is_it_ever/
2026-02-25T23:00:13+00:00,1resrrj,aww,6.17,5,0,1.0,https://www.reddit.com/r/aww/comments/1resrrj/cute_enough_to_get_away_with_everything/
2026-02-25T23:00:24+00:00,1rerga5,AskReddit,56.05,5,20,1.0,https://www.reddit.com/r/AskReddit/comments/1rerga5/who_or_what_has_been_your_biggest_letdown_in_your/
2026-02-25T23:00:24+00:00,1rer6yv,AskReddit,65.57,0,10,0.5,https://www.reddit.com/r/AskReddit/comments/1rer6yv/would_you_still_marry_this_person_if_you_can_go/
2026-02-25T23:00:24+00:00,1rerzft,AskReddit,36.13,1,4,1.0,https://www.reddit.com/r/AskReddit/comments/1rerzft/how_would_you_describe_a_healthymeasured_usage_of/
2026-02-25T23:00:24+00:00,1repjcw,AskReddit,126.63,2,1,1.0,https://www.reddit.com/r/AskReddit/comments/1repjcw/how_would_you_give_this_owner_a_1_star_review/
2026-02-25T23:00:24+00:00,1rergv6,AskReddit,55.52,4,16,1.0,https://www.reddit.com/r/AskReddit/comments/1rergv6/what_would_be_your_thoughtsactions_if_you_found/
2026-02-25T23:00:24+00:00,1rer6de,AskReddit,66.23,1,18,0.6,https://www.reddit.com/r/AskReddit/comments/1rer6de/what_to_do_before_turning_30/
2026-02-25T23:00:24+00:00,1rergfo,AskReddit,55.92,5,27,1.0,https://www.reddit.com/r/AskReddit/comments/1rergfo/what_is_the_most_successful_pick_up_line_you_have/
2026-02-25T23:00:29+00:00,1reqdiq,AskReddit,96.05,1,7,0.67,https://www.reddit.com/r/AskReddit/comments/1reqdiq/what_do_you_understand_easily_that_others_usually/
2026-02-25T23:00:34+00:00,1rerq5v,AskReddit,46.08,2,3,1.0,https://www.reddit.com/r/AskReddit/comments/1rerq5v/what_are_the_current_safest_best_countries_to/
2026-02-25T23:00:39+00:00,1rerqor,AskReddit,45.62,2,6,1.0,https://www.reddit.com/r/AskReddit/comments/1rerqor/whats_the_worst_day_of_your_life_and_why/
2026-02-25T23:00:44+00:00,1rerqok,AskReddit,45.72,8,44,1.0,https://www.reddit.com/r/AskReddit/comments/1rerqok/people_who_are_terrified_of_spiders_what_is_it/
2026-02-25T23:00:44+00:00,1reqdur,AskReddit,95.97,36,238,0.93,https://www.reddit.com/r/AskReddit/comments/1reqdur/what_was_something_that_ended_your_crush_on/
2026-02-25T23:00:44+00:00,1res0e8,AskReddit,35.48,1,5,0.67,https://www.reddit.com/r/AskReddit/comments/1res0e8/people_who_have_witnessed_somebody_die_what/
2026-02-25T23:00:49+00:00,1res9gr,AskReddit,26.07,1,1,1.0,https://www.reddit.com/r/AskReddit/comments/1res9gr/whats_the_most_absurd_hoa_rule_youve_ever_heard/
2026-02-25T23:00:49+00:00,1res9j2,AskReddit,26.0,1,4,1.0,https://www.reddit.com/r/AskReddit/comments/1res9j2/how_do_you_explain_things_that_only_make_sense_in/
2026-02-25T23:00:49+00:00,1res0lq,AskReddit,35.33,2,10,1.0,https://www.reddit.com/r/AskReddit/comments/1res0lq/what_are_the_most_epic_scenes_in_movies_because/
2026-02-25T23:00:49+00:00,1rerzum,AskReddit,36.15,1,5,1.0,https://www.reddit.com/r/AskReddit/comments/1rerzum/adult_sons_how_have_you_gotten_back_at_your_dad/
2026-02-25T23:00:55+00:00,1res0ek,AskReddit,35.65,1,7,1.0,https://www.reddit.com/r/AskReddit/comments/1res0ek/whats_something_random_you_could_talk_about_for/
2026-02-25T23:00:55+00:00,1res9uf,AskReddit,25.75,2,9,1.0,https://www.reddit.com/r/AskReddit/comments/1res9uf/what_is_the_meaning_of_life/
2026-02-25T23:00:55+00:00,1resa6o,Music,25.38,1,0,1.0,https://www.reddit.com/r/Music/comments/1resa6o/the_bluez_brothaz_tpain_young_cash_shot_check/
2026-02-25T23:00:55+00:00,1res0gt,funny,35.58,0,8,0.17,https://www.reddit.com/r/funny/comments/1res0gt/lasagna_anyone/
2026-02-25T23:00:55+00:00,1res9vy,AskReddit,25.72,1,2,1.0,https://www.reddit.com/r/AskReddit/comments/1res9vy/parents_of_daughters_your_daughter_reaches_out_to/
2026-02-25T23:00:55+00:00,1res9v1,movies,25.73,0,0,0.1,https://www.reddit.com/r/movies/comments/1res9v1/i_am_mother_seems_misunderstood/
2026-02-25T23:00:55+00:00,1res9y3,AskReddit,25.63,0,1,0.25,https://www.reddit.com/r/AskReddit/comments/1res9y3/for_those_who_were_told_to_return_to_the_office/
2026-02-25T23:01:00+00:00,1resa2m,worldnews,25.6,3,1,1.0,https://www.reddit.com/r/worldnews/comments/1resa2m/argentinian_government_broadens_rigi_benefits_for/
2026-02-25T23:01:00+00:00,1resjih,AskReddit,15.68,3,1,1.0,https://www.reddit.com/r/AskReddit/comments/1resjih/whats_the_best_affordable_experience_that_you/
2026-02-25T23:01:10+00:00,1resjde,AskReddit,16.0,1,3,1.0,https://www.reddit.com/r/AskReddit/comments/1resjde/what_is_your_mood_today/
2026-02-25T23:01:10+00:00,1resjq9,AskReddit,15.63,2,3,1.0,https://www.reddit.com/r/AskReddit/comments/1resjq9/apartment_people_whats_the_most_ridiculous_thing/
2026-02-25T23:01:10+00:00,1resjcb,AskReddit,16.03,34,5,1.0,https://www.reddit.com/r/AskReddit/comments/1resjcb/what_was_your_biggest_dream_growing_up_and_what/
2026-02-25T23:01:10+00:00,1resjc3,AskReddit,16.03,1,6,1.0,https://www.reddit.com/r/AskReddit/comments/1resjc3/what_mistake_taught_you_the_most_valuable_lesson/
2026-02-25T23:01:15+00:00,1rerhqv,AskReddit,55.43,1,3,1.0,https://www.reddit.com/r/AskReddit/comments/1rerhqv/what_is_the_best_airline_you_have_been_on/
2026-02-25T23:01:15+00:00,1restkb,AskReddit,5.27,1,1,1.0,https://www.reddit.com/r/AskReddit/comments/1restkb/if_youve_shit_yourself_as_an_adult_whyhow_did_it/
2026-02-25T23:01:15+00:00,1restcr,AskReddit,5.47,1,1,1.0,https://www.reddit.com/r/AskReddit/comments/1restcr/how_do_you_exist_be_a_human/
2026-02-25T23:01:15+00:00,1rest19,AskReddit,5.8,1,3,0.67,https://www.reddit.com/r/AskReddit/comments/1rest19/what_are_some_interesting_topics_to_make/
2026-02-25T23:01:15+00:00,1ressya,AskReddit,5.9,0,2,0.33,https://www.reddit.com/r/AskReddit/comments/1ressya/how_do_you_breathe/
2026-02-25T23:01:15+00:00,1ressqj,AskReddit,6.13,2,3,1.0,https://www.reddit.com/r/AskReddit/comments/1ressqj/whats_a_show_you_just_cant_get_into_or_just_not/
2026-02-25T23:01:15+00:00,1resteb,worldnews,5.43,1,0,0.67,https://www.reddit.com/r/worldnews/comments/1resteb/germanys_merz_hails_china_ties_as_he_seeks_reset/
2026-02-25T23:01:15+00:00,1rest0c,todayilearned,5.83,3,0,1.0,https://www.reddit.com/r/todayilearned/comments/1rest0c/til_in_1994_shopping_channel_qvc_attempted_a_96/
2026-02-25T23:01:15+00:00,1rerhsj,AskReddit,55.38,4,25,1.0,https://www.reddit.com/r/AskReddit/comments/1rerhsj/what_do_you_crave_badly_right_now/
2026-02-25T23:01:25+00:00,1repkxi,todayilearned,126.08,9388,147,0.98,https://www.reddit.com/r/todayilearned/comments/1repkxi/til_while_recording_samples_for_the_mellotron_an/
2026-02-25T23:01:25+00:00,1rerhy4,AskReddit,55.4,1,5,1.0,https://www.reddit.com/r/AskReddit/comments/1rerhy4/people_in_a_relationship_who_is_the_designated/
2026-02-25T23:01:25+00:00,1rer7ki,gaming,65.97,3,47,0.58,https://www.reddit.com/r/gaming/comments/1rer7ki/what_video_game_weapon_or_armor_looks_cool_but/
2026-02-25T23:01:35+00:00,1rerhug,aww,55.65,31,3,1.0,https://www.reddit.com/r/aww/comments/1rerhug/gretel_from_our_shelter_no_more_pj/
2026-02-25T23:01:35+00:00,1rerhsn,AskReddit,55.72,84,111,0.97,https://www.reddit.com/r/AskReddit/comments/1rerhsn/what_is_something_that_happened_to_you_growing_up/
2026-02-25T23:01:35+00:00,1res1hq,AskReddit,35.15,0,0,0.5,https://www.reddit.com/r/AskReddit/comments/1res1hq/what_is_account_not_established/
2026-02-25T23:01:41+00:00,1rerrd6,Music,45.92,0,0,0.5,https://www.reddit.com/r/Music/comments/1rerrd6/whats_up_with_paprika_parade/
2026-02-25T23:01:41+00:00,1rerrij,AskReddit,45.73,2,15,1.0,https://www.reddit.com/r/AskReddit/comments/1rerrij/what_place_instantly_changes_your_mood_the_moment/
2026-02-25T23:01:41+00:00,1rerhe5,AskReddit,56.25,1,2,1.0,https://www.reddit.com/r/AskReddit/comments/1rerhe5/who_would_you_want_to_be_reincarnated_as_in_the/
2026-02-25T23:01:41+00:00,1res14m,AskReddit,35.65,0,2,0.5,https://www.reddit.com/r/AskReddit/comments/1res14m/what_makes_the_boring_person_so_boring/
2026-02-25T23:01:41+00:00,1rerrpw,AskReddit,45.52,0,3,0.5,https://www.reddit.com/r/AskReddit/comments/1rerrpw/what_happened_to_hannahowo_has_she_retired_after/
2026-02-25T23:01:46+00:00,1res14z,aww,35.72,20,2,1.0,https://www.reddit.com/r/aww/comments/1res14z/baby_flower/
2026-02-25T23:01:51+00:00,1res0uw,AskReddit,36.08,1,3,0.67,https://www.reddit.com/r/AskReddit/comments/1res0uw/what_unanswered_questions_about_the_epstein_case/
2026-02-25T23:01:51+00:00,1res1gm,AskReddit,35.47,3,5,1.0,https://www.reddit.com/r/AskReddit/comments/1res1gm/what_food_changed_something_from_the_original/
2026-02-25T23:01:56+00:00,1res1fj,AskReddit,35.57,1,1,1.0,https://www.reddit.com/r/AskReddit/comments/1res1fj/what_do_you_think_is_the_most_overrepresented/
2026-02-25T23:01:56+00:00,1resaze,AskReddit,25.58,2,11,1.0,https://www.reddit.com/r/AskReddit/comments/1resaze/people_who_work_at_hr_whats_the_most_bizarre/
2026-02-25T23:01:56+00:00,1reqehu,AskReddit,96.53,4,43,0.75,https://www.reddit.com/r/AskReddit/comments/1reqehu/what_is_a_1010_non_alcoholic_drink/
2026-02-25T23:01:56+00:00,1resauv,Music,25.7,2,0,1.0,https://www.reddit.com/r/Music/comments/1resauv/venus_hum_ft_bmg_i_feel_love_electronic_pop/
2026-02-25T23:02:01+00:00,1replme,funny,126.0,2829,73,0.97,https://www.reddit.com/r/funny/comments/1replme/comments/
2026-02-25T23:02:01+00:00,1reskir,AskReddit,15.65,0,8,0.5,https://www.reddit.com/r/AskReddit/comments/1reskir/women_whats_an_ideal_height_for_your_partner/
2026-02-25T23:02:11+00:00,1reske1,AskReddit,15.97,1,20,0.67,https://www.reddit.com/r/AskReddit/comments/1reske1/any_suggestion_how_to_survive_sex_for_longer/
2026-02-25T23:02:11+00:00,1resk52,movies,16.22,0,11,0.4,https://www.reddit.com/r/movies/comments/1resk52/home_theater_viewing_request/
2026-02-25T23:02:11+00:00,1repm6m,AskReddit,125.63,2,21,0.75,https://www.reddit.com/r/AskReddit/comments/1repm6m/what_is_the_best_compliment_you_have_ever_received/
2026-02-25T23:02:16+00:00,1rer8vb,AskReddit,65.47,21,17,0.89,https://www.reddit.com/r/AskReddit/comments/1rer8vb/who_feels_tired_of_all_the_bots_on_this_subreddit/
2026-02-25T23:02:16+00:00,1resu0l,AskReddit,5.8,0,4,0.25,https://www.reddit.com/r/AskReddit/comments/1resu0l/your_appendix_is_a_ticking_time_bomb_that_you_can/
2026-02-25T23:02:16+00:00,1restpt,AskReddit,6.1,1,2,1.0,https://www.reddit.com/r/AskReddit/comments/1restpt/what_is_a_personality_trait_people_like_to_say_is/
2026-02-25T23:02:26+00:00,1reqg1e,AskReddit,95.38,2,14,1.0,https://www.reddit.com/r/AskReddit/comments/1reqg1e/what_current_series_are_you_watching_that_youd/
2026-02-25T23:02:31+00:00,1reqfwm,aww,95.6,15,0,0.95,https://www.reddit.com/r/aww/comments/1reqfwm/my_dog_is_so_strange/
2026-02-25T23:02:31+00:00,1reqfcs,AskReddit,96.18,0,1,0.33,https://www.reddit.com/r/AskReddit/comments/1reqfcs/what_do_you_think_guys_in_this_new_genz_world_are/
2026-02-25T23:02:36+00:00,1rerin1,AskReddit,55.9,1,5,1.0,https://www.reddit.com/r/AskReddit/comments/1rerin1/how_will_the_lack_of_accountability_surrounding/
2026-02-25T23:02:36+00:00,1reqfjg,AskReddit,96.07,0,4,0.5,https://www.reddit.com/r/AskReddit/comments/1reqfjg/what_are_the_main_things_people_should_learn/
2026-02-25T23:02:36+00:00,1rerikm,memes,55.97,1,1,1.0,https://www.reddit.com/r/memes/comments/1rerikm/punch/
2026-02-25T23:02:36+00:00,1rerrus,AskReddit,46.3,1,6,1.0,https://www.reddit.com/r/AskReddit/comments/1rerrus/who_did_you_lose_your_virginity_with_for_the/
2026-02-25T23:02:36+00:00,1rericw,AskReddit,56.18,3,32,1.0,https://www.reddit.com/r/AskReddit/comments/1rericw/whats_something_you_have_absolutely_no_patience/
2026-02-25T23:02:36+00:00,1res27y,AskReddit,35.42,1,4,1.0,https://www.reddit.com/r/AskReddit/comments/1res27y/what_seems_very_difficult_until_you_try_it/
2026-02-25T23:02:42+00:00,1rersny,AskReddit,45.5,10,46,1.0,https://www.reddit.com/r/AskReddit/comments/1rersny/whats_your_favourite_fruit/
2026-02-25T23:02:42+00:00,1rerscm,AskReddit,45.82,2,1,1.0,https://www.reddit.com/r/AskReddit/comments/1rerscm/to_masc_gay_men_what_were_your_experiences_like/
2026-02-25T23:02:42+00:00,1res1px,AskReddit,36.03,0,10,0.2,https://www.reddit.com/r/AskReddit/comments/1res1px/dear_men_and_anyone_who_can_answer_this_this_male/
2026-02-25T23:02:47+00:00,1reriws,aww,55.8,8,0,1.0,https://www.reddit.com/r/aww/comments/1reriws/empezando_la_posición_de_yoga_de_las_tardes/
2026-02-25T23:02:47+00:00,1reqfm1,AskReddit,96.18,2,32,0.63,https://www.reddit.com/r/AskReddit/comments/1reqfm1/whats_the_wildest_place_youve_ever_hooked_up/
2026-02-25T23:02:47+00:00,1reqfvs,AskReddit,95.9,0,7,0.5,https://www.reddit.com/r/AskReddit/comments/1reqfvs/whats_the_most_unexpected_side_effect_of_turning/
2026-02-25T23:02:47+00:00,1rers1m,AskReddit,46.27,0,9,0.5,https://www.reddit.com/r/AskReddit/comments/1rers1m/assuming_the_opposite_of_love_is_apathy_what/
2026-02-25T23:02:47+00:00,1res25j,aww,35.67,14,2,0.95,https://www.reddit.com/r/aww/comments/1res25j/little_missy/
2026-02-25T23:02:47+00:00,1res1v7,movies,35.95,2,5,0.58,https://www.reddit.com/r/movies/comments/1res1v7/lance_armstrong_movie_starring_austin_butler/
2026-02-25T23:02:52+00:00,1rersaw,memes,46.03,0,7,0.2,https://www.reddit.com/r/memes/comments/1rersaw/ive_been_putting_everyone_whos_put_hate_comments/
2026-02-25T23:02:52+00:00,1res1q4,worldnews,36.18,17,5,0.79,https://www.reddit.com/r/worldnews/comments/1res1q4/iran_accuses_us_of_spreading_big_lies_after_trump/
2026-02-25T23:02:52+00:00,1res2i6,aww,35.4,40,4,0.98,https://www.reddit.com/r/aww/comments/1res2i6/happy_10th_adoption_anniversary_to_my_rocket/
2026-02-25T23:02:52+00:00,1resbxg,memes,25.53,4,1,1.0,https://www.reddit.com/r/memes/comments/1resbxg/ahh_good_ol_captcha_tests/
2026-02-25T23:02:52+00:00,1resbvj,AskReddit,25.58,2,8,1.0,https://www.reddit.com/r/AskReddit/comments/1resbvj/whats_a_subtle_sign_someone_is_emotionally_mature/
2026-02-25T23:02:57+00:00,1res23u,AskReddit,35.88,1,3,1.0,https://www.reddit.com/r/AskReddit/comments/1res23u/political_lines_aside_who_do_you_think_are_the/
2026-02-25T23:02:57+00:00,1res1vc,AskReddit,36.12,1,6,0.67,https://www.reddit.com/r/AskReddit/comments/1res1vc/how_does_a_kiss_work_and_how_do_you_initiate_it/
2026-02-25T23:02:57+00:00,1repn1v,AskReddit,125.52,0,5,0.2,https://www.reddit.com/r/AskReddit/comments/1repn1v/what_according_to_you_is_the_right_age_for/
2026-02-25T23:02:57+00:00,1resc9w,AskReddit,25.27,3,7,1.0,https://www.reddit.com/r/AskReddit/comments/1resc9w/whats_a_very_nontypical_fooddrink_you_really_enjoy/
2026-02-25T23:02:57+00:00,1resbdu,AskReddit,26.18,2,3,1.0,https://www.reddit.com/r/AskReddit/comments/1resbdu/what_movie_would_you_recommend_for_tonight/
2026-02-25T23:03:02+00:00,1repmzw,todayilearned,125.65,218,37,0.94,https://www.reddit.com/r/todayilearned/comments/1repmzw/til_jim_hanks_tom_hanks_brother_voices_woody_for/
2026-02-25T23:03:02+00:00,1reslrj,aww,15.4,6,1,1.0,https://www.reddit.com/r/aww/comments/1reslrj/neighborhood_watch/
2026-02-25T23:03:07+00:00,1resm0s,todayilearned,15.2,3,2,0.58,https://www.reddit.com/r/todayilearned/comments/1resm0s/til_vega_yes_that_superbright_standard_star_has_a/
2026-02-25T23:03:07+00:00,1reslgd,AskReddit,15.8,1,1,1.0,https://www.reddit.com/r/AskReddit/comments/1reslgd/what_do_you_think_about_ai_and_how_it_affects_the/
2026-02-25T23:03:07+00:00,1resllf,aww,15.65,14,1,1.0,https://www.reddit.com/r/aww/comments/1resllf/all_beauty_no_brain/
2026-02-25T23:03:13+00:00,1reslbp,AskReddit,16.02,1,2,1.0,https://www.reddit.com/r/AskReddit/comments/1reslbp/people_who_where_a_teen_in_the_80s_was_it_really/
2026-02-25T23:03:13+00:00,1reqgiv,aww,95.68,18,3,0.92,https://www.reddit.com/r/aww/comments/1reqgiv/didnt_realize_she_was_actually_stuck_in_this/
2026-02-25T23:03:18+00:00,1reqgx7,AskReddit,95.38,0,7,0.5,https://www.reddit.com/r/AskReddit/comments/1reqgx7/if_humans_suddenly_lost_the_ability_to_feel/
2026-02-25T23:03:18+00:00,1rerj6i,AskReddit,56.07,1,5,0.67,https://www.reddit.com/r/AskReddit/comments/1rerj6i/what_difference_does_it_make_where_covid_came_from/
2026-02-25T23:03:18+00:00,1resv8s,AskReddit,5.47,1,1,0.67,https://www.reddit.com/r/AskReddit/comments/1resv8s/what_do_you_think_about_tyra_banks_after_the_antm/
2026-02-25T23:03:18+00:00,1resv62,AskReddit,5.55,0,2,0.33,https://www.reddit.com/r/AskReddit/comments/1resv62/what_happens_to_crazy_mario_brosso_recently_a/
2026-02-25T23:03:18+00:00,1resux8,AskReddit,5.8,0,0,0.5,https://www.reddit.com/r/AskReddit/comments/1resux8/people_who_built_something_from_scratch_app/
2026-02-25T23:03:18+00:00,1resuzw,gaming,5.72,1,0,0.6,https://www.reddit.com/r/gaming/comments/1resuzw/flesh_wire_announcement_trailer_new_game_from_us/
2026-02-25T23:03:18+00:00,1resuv2,memes,5.88,4,0,1.0,https://www.reddit.com/r/memes/comments/1resuv2/sometimes_theres_good_movie_remakes_sometimes/
2026-02-25T23:03:27+00:00,1rerjbr,AskReddit,56.05,3,4,1.0,https://www.reddit.com/r/AskReddit/comments/1rerjbr/what_is_your_most_embarrassing_story_about/
2026-02-25T23:03:27+00:00,1rer9ov,aww,65.75,13,0,1.0,https://www.reddit.com/r/aww/comments/1rer9ov/batman_knows_all_your_dirty_sins/
2026-02-25T23:03:27+00:00,1rerj8l,AskReddit,56.15,1,8,1.0,https://www.reddit.com/r/AskReddit/comments/1rerj8l/how_likely_is_a_united_states_war_with_iran_what/
2026-02-25T23:03:27+00:00,1rerjow,movies,55.67,8,2,0.83,https://www.reddit.com/r/movies/comments/1rerjow/michelle_yeoh_stars_in_sandiwara_a_new_short_film/
2026-02-25T23:03:37+00:00,1rerjck,AskReddit,56.2,1,14,0.67,https://www.reddit.com/r/AskReddit/comments/1rerjck/what_behaviour_instantly_makes_you_trust_someone/
2026-02-25T23:03:42+00:00,1reqh3z,aww,95.62,19,2,0.92,https://www.reddit.com/r/aww/comments/1reqh3z/my_friends_cat_looks_adorable/
2026-02-25T23:03:42+00:00,1rertfc,AskReddit,45.68,2,3,1.0,https://www.reddit.com/r/AskReddit/comments/1rertfc/whats_something_society_considers_weird_but_is/
2026-02-25T23:03:42+00:00,1rertc7,AskReddit,45.78,1,5,1.0,https://www.reddit.com/r/AskReddit/comments/1rertc7/what_is_the_best_way_for_a_20_year_old_female_to/
2026-02-25T23:03:48+00:00,1reqgw9,AskReddit,95.9,2,5,1.0,https://www.reddit.com/r/AskReddit/comments/1reqgw9/what_are_some_lesser_known_undisclosed_realities/
2026-02-25T23:03:48+00:00,1reqgh1,AskReddit,96.32,21,35,1.0,https://www.reddit.com/r/AskReddit/comments/1reqgh1/what_is_the_dumbest_thing_youve_done_for_a_girl/
2026-02-25T23:03:48+00:00,1res3ff,AskReddit,35.35,1,1,1.0,https://www.reddit.com/r/AskReddit/comments/1res3ff/fast_food_workers_what_is_the_most_disrespectful/
2026-02-25T23:03:48+00:00,1res38l,AskReddit,35.57,0,13,0.25,https://www.reddit.com/r/AskReddit/comments/1res38l/who_has_a_good_chance_at_becoming_the_next_us/
2026-02-25T23:03:48+00:00,1resd3t,Music,25.28,1,6,0.67,https://www.reddit.com/r/Music/comments/1resd3t/question_about_lady_madonna_by_the_beatles/
2026-02-25T23:03:53+00:00,1res2pw,AskReddit,36.2,3,32,0.8,https://www.reddit.com/r/AskReddit/comments/1res2pw/what_food_you_eat_daily/
2026-02-25T23:03:58+00:00,1res2nk,AskReddit,36.35,3,14,1.0,https://www.reddit.com/r/AskReddit/comments/1res2nk/serious_what_qualities_or_behaviors_make_the/
2026-02-25T23:04:03+00:00,1rescit,AskReddit,26.12,2,14,1.0,https://www.reddit.com/r/AskReddit/comments/1rescit/whats_a_skill_everyone_should_learn_before_they/
2026-02-25T23:04:03+00:00,1resd7w,aww,25.42,8,0,1.0,https://www.reddit.com/r/aww/comments/1resd7w/my_cat_didnt_bite_but_she_judge/
2026-02-25T23:04:03+00:00,1resd6r,AskReddit,25.45,1,0,1.0,https://www.reddit.com/r/AskReddit/comments/1resd6r/what_political_change_in_the_us_over_the_past_5/
2026-02-25T23:04:08+00:00,1resm31,AskReddit,16.13,29,3,1.0,https://www.reddit.com/r/AskReddit/comments/1resm31/whats_the_craziest_reason_youve_cut_someone_off/
2026-02-25T23:04:08+00:00,1resm0p,AskReddit,16.22,1,4,1.0,https://www.reddit.com/r/AskReddit/comments/1resm0p/what_did_people_do_casually_in_the_90s_that/
2026-02-25T23:04:13+00:00,1resmqt,AskReddit,15.6,0,10,0.5,https://www.reddit.com/r/AskReddit/comments/1resmqt/women_what_height_would_you_want_your_partner_to/
2026-02-25T23:04:13+00:00,1resmg7,AskReddit,15.9,1,6,0.67,https://www.reddit.com/r/AskReddit/comments/1resmg7/who_do_you_think_is_the_worst_politician_right_now/
2026-02-25T23:04:13+00:00,1resm1h,AskReddit,16.27,3,4,1.0,https://www.reddit.com/r/AskReddit/comments/1resm1h/dont_judge_a_book_by_its_cover_how_logical_is/
2026-02-25T23:04:18+00:00,1reswe3,AskReddit,5.2,2,3,1.0,https://www.reddit.com/r/AskReddit/comments/1reswe3/sex_workers_of_reddit_whats_the_weirdest_kink_a/
2026-02-25T23:04:18+00:00,1resvnx,AskReddit,5.98,0,0,0.5,https://www.reddit.com/r/AskReddit/comments/1resvnx/whats_one_thing_you_learned_from_your_biggest/
2026-02-25T23:04:29+00:00,1reralf,AskReddit,65.85,0,5,0.5,https://www.reddit.com/r/AskReddit/comments/1reralf/how_did_you_find_your_first_paying_clients_and/
2026-02-25T23:04:29+00:00,1rerki4,AskReddit,55.88,0,20,0.44,https://www.reddit.com/r/AskReddit/comments/1rerki4/how_should_a_man_with_a_very_below_average_penis/
2026-02-25T23:04:29+00:00,1rerkif,AskReddit,55.87,1,9,0.67,https://www.reddit.com/r/AskReddit/comments/1rerkif/serious_men_of_reddit_what_is_something_a_lot_of/
2026-02-25T23:04:29+00:00,1rerk3z,AskReddit,56.27,2,6,1.0,https://www.reddit.com/r/AskReddit/comments/1rerk3z/high_school_and_college_students_what_percentage/
2026-02-25T23:04:34+00:00,1reqhng,AskReddit,95.93,3,18,1.0,https://www.reddit.com/r/AskReddit/comments/1reqhng/fellow_depressed_and_people_with_harsh_anxiety/
2026-02-25T23:04:39+00:00,1reruj9,AskReddit,45.52,1,3,1.0,https://www.reddit.com/r/AskReddit/comments/1reruj9/what_occupation_do_you_think_is_way_better_than/
2026-02-25T23:04:39+00:00,1reru8r,Music,45.82,3,0,1.0,https://www.reddit.com/r/Music/comments/1reru8r/missing_persons_destination_unknown_synthpop/
2026-02-25T23:04:44+00:00,1rertzs,AskReddit,46.13,1,2,1.0,https://www.reddit.com/r/AskReddit/comments/1rertzs/whats_a_habit_you_never_questioned_until_someone/
2026-02-25T23:04:49+00:00,1reqhzq,AskReddit,95.82,0,10,0.33,https://www.reddit.com/r/AskReddit/comments/1reqhzq/popular_girls_whats_the_best_sprayperfume/
2026-02-25T23:04:49+00:00,1reru78,AskReddit,46.03,2,9,1.0,https://www.reddit.com/r/AskReddit/comments/1reru78/whats_a_side_hustle_that_has_made_you_a_good/
2026-02-25T23:04:49+00:00,1res4de,funny,35.3,1,2,0.6,https://www.reddit.com/r/funny/comments/1res4de/alright_imma_head_out/
2026-02-25T23:04:49+00:00,1res3oh,AskReddit,36.08,2,7,1.0,https://www.reddit.com/r/AskReddit/comments/1res3oh/what_job_looks_impressive_from_the_outside_but_is/
2026-02-25T23:04:49+00:00,1res3na,AskReddit,36.13,0,1,0.33,https://www.reddit.com/r/AskReddit/comments/1res3na/what_false_narrative_made_you_popular_in_high/
2026-02-25T23:04:49+00:00,1resdq8,AskReddit,25.63,55,68,0.97,https://www.reddit.com/r/AskReddit/comments/1resdq8/whats_the_best_relationship_advice_you_could_give/
2026-02-25T23:04:55+00:00,1res44y,AskReddit,35.65,0,3,0.33,https://www.reddit.com/r/AskReddit/comments/1res44y/trump_signed_a_79b_education_funding_bill_into/
2026-02-25T23:04:55+00:00,1resdyh,AskReddit,25.5,3,16,1.0,https://www.reddit.com/r/AskReddit/comments/1resdyh/whats_your_favourite_dog_breed/
2026-02-25T23:05:00+00:00,1rerty0,AskReddit,46.45,1,14,0.6,https://www.reddit.com/r/AskReddit/comments/1rerty0/last_night_in_the_sotu_trump_said_voting_is_a/
2026-02-25T23:05:00+00:00,1res3l3,AskReddit,36.37,1,9,0.67,https://www.reddit.com/r/AskReddit/comments/1res3l3/how_do_you_feel_about_british_royal_family_after/
2026-02-25T23:05:10+00:00,1repp0b,AskReddit,125.72,1,7,0.67,https://www.reddit.com/r/AskReddit/comments/1repp0b/what_is_a_small_decision_you_made_years_ago_that/
2026-02-25T23:05:15+00:00,1resnz2,AskReddit,15.32,0,5,0.5,https://www.reddit.com/r/AskReddit/comments/1resnz2/people_who_havent_pooped_yet_in_2026_why_are_you/
2026-02-25T23:05:15+00:00,1resnny,AskReddit,15.68,1,2,1.0,https://www.reddit.com/r/AskReddit/comments/1resnny/what_is_great_advice_youve_received_just/
2026-02-25T23:05:15+00:00,1rerblm,AskReddit,65.52,1,11,0.67,https://www.reddit.com/r/AskReddit/comments/1rerblm/whats_a_skill_thats_becoming_rare_because/
2026-02-25T23:05:20+00:00,1rervdu,AskReddit,45.32,3,23,1.0,https://www.reddit.com/r/AskReddit/comments/1rervdu/whats_the_one_thing_that_completely_changed_your/
2026-02-25T23:05:20+00:00,1resnpw,AskReddit,15.72,2,9,1.0,https://www.reddit.com/r/AskReddit/comments/1resnpw/what_do_we_genuinely_do_if_ww3_started/
2026-02-25T23:05:20+00:00,1resxcp,AskReddit,5.27,0,0,0.33,https://www.reddit.com/r/AskReddit/comments/1resxcp/vegans_on_reddit_what_runs_through_your_mind_when/
2026-02-25T23:05:20+00:00,1resx86,AskReddit,5.37,1,1,0.67,https://www.reddit.com/r/AskReddit/comments/1resx86/what_is_a_harmless_truth_about_the_world_that_you/
2026-02-25T23:05:20+00:00,1reswqp,AskReddit,5.85,1,3,0.67,https://www.reddit.com/r/AskReddit/comments/1reswqp/whats_a_good_hidden_gem_movie_for_the_middle_of/
2026-02-25T23:05:20+00:00,1reswln,AskReddit,6.02,0,0,0.5,https://www.reddit.com/r/AskReddit/comments/1reswln/what_was_it_like_on_911_for_people_who_were_in/
2026-02-25T23:05:20+00:00,1reswyp,Music,5.62,1,0,1.0,https://www.reddit.com/r/Music/comments/1reswyp/looking_for_deleted_ai_youtube_song/
2026-02-25T23:05:20+00:00,1resxeg,aww,5.22,4,0,1.0,https://www.reddit.com/r/aww/comments/1resxeg/flying_squirrels_really_know_hot_to_melt_hearts/
2026-02-25T23:05:20+00:00,1reswog,movies,5.93,2,0,1.0,https://www.reddit.com/r/movies/comments/1reswog/my_five_favorite_interview_films/
2026-02-25T23:05:30+00:00,1resni4,AskReddit,16.12,2,5,1.0,https://www.reddit.com/r/AskReddit/comments/1resni4/whats_a_breakup_situation_where_you_genuinely/
2026-02-25T23:05:30+00:00,1rerlb7,AskReddit,55.97,0,7,0.5,https://www.reddit.com/r/AskReddit/comments/1rerlb7/how_did_harambes_code_written_nearly_4000_years/
2026-02-25T23:05:30+00:00,1rerbnm,todayilearned,65.72,1182,144,0.94,https://www.reddit.com/r/todayilearned/comments/1rerbnm/til_ben_shapiro_and_mara_wilson_matilda_mrs/
2026-02-25T23:05:30+00:00,1rerlbt,memes,55.97,4,2,0.83,https://www.reddit.com/r/memes/comments/1rerlbt/im_with_the_cat/
2026-02-25T23:05:30+00:00,1rerb1k,memes,66.38,7,1,0.77,https://www.reddit.com/r/memes/comments/1rerb1k/reddit_girlfriend/
2026-02-25T23:05:30+00:00,1rerv2f,AskReddit,45.8,0,5,0.4,https://www.reddit.com/r/AskReddit/comments/1rerv2f/what_is_your_opinion_of_the_usa_mens_hockey_team/
2026-02-25T23:05:35+00:00,1reqis6,AskReddit,95.75,4,21,0.75,https://www.reddit.com/r/AskReddit/comments/1reqis6/serious_what_is_astroturfing/
2026-02-25T23:05:35+00:00,1rerlt0,movies,55.53,7,0,0.7,https://www.reddit.com/r/movies/comments/1rerlt0/baz_luhrmann_says_filming_australia_was_the_most/
2026-02-25T23:05:40+00:00,1rerlu6,AskReddit,55.58,2,10,1.0,https://www.reddit.com/r/AskReddit/comments/1rerlu6/whats_a_good_reason_or_your_reason_to_keep_going/
2026-02-25T23:05:40+00:00,1rerut9,aww,46.25,8,2,0.9,https://www.reddit.com/r/aww/comments/1rerut9/someones_hungry_he_eats_like_he_hasnt_been_fed_in/
2026-02-25T23:05:46+00:00,1reqj4q,AskReddit,95.57,2,22,0.75,https://www.reddit.com/r/AskReddit/comments/1reqj4q/your_favorite_celebrity_in_right_in_front_of_you/
2026-02-25T23:05:46+00:00,1reruvb,memes,46.28,5,0,1.0,https://www.reddit.com/r/memes/comments/1reruvb/i_love_spicy_food_but_not_when_i_get_hiccups/
2026-02-25T23:05:51+00:00,1res50b,AskReddit,35.68,0,7,0.5,https://www.reddit.com/r/AskReddit/comments/1res50b/at_what_age_gap_do_you_consider_it_creepy_for_an/
2026-02-25T23:05:51+00:00,1res53g,AskReddit,35.58,0,3,0.25,https://www.reddit.com/r/AskReddit/comments/1res53g/usa_and_iran_negotiations_tomorrow_what_should_we/
2026-02-25T23:05:51+00:00,1reruzt,AskReddit,46.23,1,12,1.0,https://www.reddit.com/r/AskReddit/comments/1reruzt/what_becomes_harder_once_you_grow_up/
2026-02-25T23:05:56+00:00,1resew8,AskReddit,25.53,1,2,1.0,https://www.reddit.com/r/AskReddit/comments/1resew8/whats_the_most_useful_thing_you_learned_from_a/
2026-02-25T23:05:56+00:00,1resevv,AskReddit,25.53,2,13,1.0,https://www.reddit.com/r/AskReddit/comments/1resevv/what_do_you_miss_most_about_the_early_internet/
2026-02-25T23:06:01+00:00,1resecd,Music,26.17,0,0,0.5,https://www.reddit.com/r/Music/comments/1resecd/globebased_radio_explorer_that_autoskips_talk/
2026-02-25T23:06:06+00:00,1resenr,worldnews,25.93,13,3,0.84,https://www.reddit.com/r/worldnews/comments/1resenr/cuban_border_guards_attacked_by_speedboat/
2026-02-25T23:06:16+00:00,1resoyr,AskReddit,15.32,1,1,1.0,https://www.reddit.com/r/AskReddit/comments/1resoyr/people_with_chronic_back_pain_how_did_it_start/
2026-02-25T23:06:21+00:00,1resosj,AskReddit,15.58,1,2,1.0,https://www.reddit.com/r/AskReddit/comments/1resosj/ford_focus_2010_16_tdi_engine_malfunction/
2026-02-25T23:06:21+00:00,1rerbwg,todayilearned,66.3,6,3,0.75,https://www.reddit.com/r/todayilearned/comments/1rerbwg/til_that_over_a_period_of_several_years_starting/
2026-02-25T23:06:21+00:00,1resoi0,AskReddit,15.9,1,10,0.67,https://www.reddit.com/r/AskReddit/comments/1resoi0/why_dont_you_just_snap_out_of_it/
2026-02-25T23:06:21+00:00,1resy3f,AskReddit,5.6,1,3,1.0,https://www.reddit.com/r/AskReddit/comments/1resy3f/what_is_so_bad_about_using_the_selfclean_button/
2026-02-25T23:06:21+00:00,1resy0q,worldnews,5.65,9,0,1.0,https://www.reddit.com/r/worldnews/comments/1resy0q/russia_disrupts_trumps_ukraine_talks_with_timed/
2026-02-25T23:06:21+00:00,1resy73,Music,5.5,1,0,1.0,https://www.reddit.com/r/Music/comments/1resy73/donald_byrd_falling_like_dominoes_jazz_funk/
2026-02-25T23:06:31+00:00,1rermuu,AskReddit,55.4,2,5,1.0,https://www.reddit.com/r/AskReddit/comments/1rermuu/what_seemed_completely_normal_as_a_child_but_now/
2026-02-25T23:06:31+00:00,1reqk47,AskReddit,95.3,0,4,0.5,https://www.reddit.com/r/AskReddit/comments/1reqk47/whats_your_oddest_experience/
2026-02-25T23:06:37+00:00,1repq4f,memes,126.08,39,3,0.96,https://www.reddit.com/r/memes/comments/1repq4f/its_happen_to_us_all/
2026-02-25T23:06:37+00:00,1rermpl,AskReddit,55.65,2,1,1.0,https://www.reddit.com/r/AskReddit/comments/1rermpl/whats_one_boring_career_thats_actually_a_goldmine/
2026-02-25T23:06:42+00:00,1reqjwe,AskReddit,95.7,2,8,1.0,https://www.reddit.com/r/AskReddit/comments/1reqjwe/how_seriously_do_you_take_someones_musical_tastes/
2026-02-25T23:06:42+00:00,1reppo5,movies,126.62,0,4,0.5,https://www.reddit.com/r/movies/comments/1reppo5/random_coincidences_in_a_double_bill/
2026-02-25T23:06:47+00:00,1res5py,AskReddit,35.88,0,10,0.5,https://www.reddit.com/r/AskReddit/comments/1res5py/if_your_pet_animal_spoke_to_you_how_would_you/
2026-02-25T23:06:47+00:00,1rerw6t,memes,45.92,3,1,1.0,https://www.reddit.com/r/memes/comments/1rerw6t/sssshhh_zip_it/
2026-02-25T23:06:52+00:00,1rerw9w,worldnews,45.88,45,10,0.92,https://www.reddit.com/r/worldnews/comments/1rerw9w/trump_hits_iran_with_new_sanctions_ahead_of/
2026-02-25T23:06:52+00:00,1res5w8,AskReddit,35.78,1,13,0.67,https://www.reddit.com/r/AskReddit/comments/1res5w8/when_did_you_first_smoke_weed_and_who_were_you/
2026-02-25T23:06:52+00:00,1reqk7z,memes,95.55,0,10,0.3,https://www.reddit.com/r/memes/comments/1reqk7z/oh_no_ai_anyway/
2026-02-25T23:06:57+00:00,1reqk3v,AskReddit,95.75,0,5,0.5,https://www.reddit.com/r/AskReddit/comments/1reqk3v/whats_one_move_in_bed_that_makes_anyone_go_crazy/
2026-02-25T23:06:57+00:00,1res665,AskReddit,35.57,0,11,0.5,https://www.reddit.com/r/AskReddit/comments/1res665/would_you_say_theres_a_severe_lack_of_empathy_in/
2026-02-25T23:06:57+00:00,1resg7g,AskReddit,25.17,1,2,1.0,https://www.reddit.com/r/AskReddit/comments/1resg7g/what_have_you_always_wanted_to_try/
2026-02-25T23:07:02+00:00,1res693,AskReddit,35.57,0,8,0.2,https://www.reddit.com/r/AskReddit/comments/1res693/whats_your_secret_to_have_a_great_scat_sex/
2026-02-25T23:07:02+00:00,1resfnv,AskReddit,25.82,3,2,1.0,https://www.reddit.com/r/AskReddit/comments/1resfnv/whats_the_lowest_point_youve_ever_been_in_your/
2026-02-25T23:07:07+00:00,1respf6,AskReddit,15.67,1,3,1.0,https://www.reddit.com/r/AskReddit/comments/1respf6/denizens_of_reddit_with_strange_phobias_what/
2026-02-25T23:07:13+00:00,1respal,aww,15.92,4,0,1.0,https://www.reddit.com/r/aww/comments/1respal/local_street_king_claiming_new_territory_my_car/
2026-02-25T23:07:13+00:00,1reprdz,science,125.45,1534,190,0.95,https://www.reddit.com/r/science/comments/1reprdz/donald_trump_gained_2024_votes_in_areas_where/
2026-02-25T23:07:18+00:00,1respl2,AskReddit,15.68,2,5,1.0,https://www.reddit.com/r/AskReddit/comments/1respl2/what_do_your_days_off_look_like/
2026-02-25T23:07:18+00:00,1reprdo,AskReddit,125.53,2,10,1.0,https://www.reddit.com/r/AskReddit/comments/1reprdo/what_happened_at_work_that_made_you_realize_that/
2026-02-25T23:07:18+00:00,1rerdrl,Music,65.43,0,6,0.36,https://www.reddit.com/r/Music/comments/1rerdrl/kurt_cobains_1994_death_alleged_homicide_by/
2026-02-25T23:07:23+00:00,1rerncr,AskReddit,55.78,0,9,0.25,https://www.reddit.com/r/AskReddit/comments/1rerncr/girl_to_girl_lets_not_gatekeep_whats_a_feminine/
2026-02-25T23:07:23+00:00,1rerd38,AskReddit,66.2,2,9,0.75,https://www.reddit.com/r/AskReddit/comments/1rerd38/what_is_the_most_ignorant_opinion_you_truly/
2026-02-25T23:07:23+00:00,1reszdf,AskReddit,5.38,1,4,0.67,https://www.reddit.com/r/AskReddit/comments/1reszdf/whats_a_minor_skill_youve_always_wanted_to_pick/
2026-02-25T23:07:23+00:00,1resz2k,AskReddit,5.7,1,5,0.6,https://www.reddit.com/r/AskReddit/comments/1resz2k/what_advice_would_you_give_too_somebody_who_is/
2026-02-25T23:07:23+00:00,1resyrb,AskReddit,6.02,1,5,0.67,https://www.reddit.com/r/AskReddit/comments/1resyrb/where_were_you_on_911/
2026-02-25T23:07:33+00:00,1rerna5,aww,56.02,26,0,1.0,https://www.reddit.com/r/aww/comments/1rerna5/these_girls_love_each_other_so_much/
2026-02-25T23:07:33+00:00,1rerdar,AskReddit,66.13,0,4,0.5,https://www.reddit.com/r/AskReddit/comments/1rerdar/do_you_think_kissing_in_public_is_normal_or_weird/
2026-02-25T23:07:33+00:00,1rerd10,AskReddit,66.43,0,5,0.5,https://www.reddit.com/r/AskReddit/comments/1rerd10/what_app_do_you_highly_recommend/
2026-02-25T23:07:33+00:00,1rerdhd,memes,65.97,30,4,0.92,https://www.reddit.com/r/memes/comments/1rerdhd/i_forgorrr/
2026-02-25T23:07:33+00:00,1rep2aa,AskReddit,151.45,3,7,1.0,https://www.reddit.com/r/AskReddit/comments/1rep2aa/hows_it_feel_being_in_love_with_someone_that_is/
2026-02-25T23:07:33+00:00,1rerdsh,AskReddit,65.65,1,3,1.0,https://www.reddit.com/r/AskReddit/comments/1rerdsh/what_do_you_think_would_be_more_devastating/
2026-02-25T23:07:33+00:00,1rep23z,AskReddit,151.63,1,7,1.0,https://www.reddit.com/r/AskReddit/comments/1rep23z/how_would_you_feel_finding_out_that_you_are_your/
2026-02-25T23:07:33+00:00,1rep1ar,AskReddit,152.47,11,8,0.87,https://www.reddit.com/r/AskReddit/comments/1rep1ar/why_did_reddit_just_release_the_worst_app_update/
2026-02-25T23:07:33+00:00,1repqqi,AskReddit,126.42,0,8,0.38,https://www.reddit.com/r/AskReddit/comments/1repqqi/if_you_had_to_finish_100_big_macs_and_you_can/
2026-02-25T23:07:38+00:00,1rerdd1,AskReddit,66.17,0,4,0.4,https://www.reddit.com/r/AskReddit/comments/1rerdd1/how_do_you_tell_a_woman_to_calm_down_and_that_she/
2026-02-25T23:07:38+00:00,1rernml,AskReddit,55.73,1,1,1.0,https://www.reddit.com/r/AskReddit/comments/1rernml/serious_redditors_that_workuse_to_work_in_retail/
2026-02-25T23:07:38+00:00,1reo9bb,memes,180.98,1416,371,0.91,https://www.reddit.com/r/memes/comments/1reo9bb/can_you_name/
2026-02-25T23:07:38+00:00,1reo2ua,memes,187.17,65,6,0.84,https://www.reddit.com/r/memes/comments/1reo2ua/it_really_do_be_like_that/
2026-02-25T23:07:43+00:00,1reqk9m,AskReddit,96.35,1,8,0.67,https://www.reddit.com/r/AskReddit/comments/1reqk9m/what_are_you_most_scary_about_the_future/
2026-02-25T23:07:43+00:00,1rep3w0,AskReddit,149.9,1,6,1.0,https://www.reddit.com/r/AskReddit/comments/1rep3w0/what_is_a_successful_life_that_actually_sounds/
2026-02-25T23:07:48+00:00,1rep1bf,AskReddit,152.7,1,8,0.67,https://www.reddit.com/r/AskReddit/comments/1rep1bf/at_the_height_of_their_fame_who_got_more_action/
2026-02-25T23:07:48+00:00,1rep20b,AskReddit,151.98,1,6,0.67,https://www.reddit.com/r/AskReddit/comments/1rep20b/whos_a_cringy_content_creator/
2026-02-25T23:07:48+00:00,1rerxjw,AskReddit,45.45,2,6,1.0,https://www.reddit.com/r/AskReddit/comments/1rerxjw/whats_the_last_gift_you_gave_yourself/
2026-02-25T23:07:48+00:00,1rep2sm,gaming,151.13,0,23,0.25,https://www.reddit.com/r/gaming/comments/1rep2sm/anyone_knows_any_simple_and_free_aim_trainers/
2026-02-25T23:07:48+00:00,1reo7be,Music,183.08,80,1,0.99,https://www.reddit.com/r/Music/comments/1reo7be/oliver_power_grant_a_founding_member_of_wutang/
2026-02-25T23:07:48+00:00,1rerx8w,todayilearned,45.8,3,0,0.67,https://www.reddit.com/r/todayilearned/comments/1rerx8w/til_peter_gabriel_rode_a_bicycle_around_the_stage/
2026-02-25T23:07:48+00:00,1rerxmg,aww,45.38,12,1,1.0,https://www.reddit.com/r/aww/comments/1rerxmg/my_love_bug/
2026-02-25T23:07:48+00:00,1rep1yc,AskReddit,152.03,1,2,1.0,https://www.reddit.com/r/AskReddit/comments/1rep1yc/how_did_you_know_or_realize_a_friend_was_going_to/
2026-02-25T23:07:53+00:00,1reo201,movies,188.23,4,0,0.67,https://www.reddit.com/r/movies/comments/1reo201/jonathan_levine_to_direct_grady_hendrix/
2026-02-25T23:07:53+00:00,1rerxkl,AskReddit,45.52,1,0,1.0,https://www.reddit.com/r/AskReddit/comments/1rerxkl/everyone_knows_them_what_new_scam_methods_are/
2026-02-25T23:07:53+00:00,1res6gz,Music,36.22,1,0,1.0,https://www.reddit.com/r/Music/comments/1res6gz/album_updates_additions_feb_25_2026/
2026-02-25T23:07:53+00:00,1rep1rd,AskReddit,152.32,2,12,0.75,https://www.reddit.com/r/AskReddit/comments/1rep1rd/what_would_you_do_if_you_had_a_time_machine/
2026-02-25T23:07:58+00:00,1reoy09,Music,156.2,0,23,0.31,https://www.reddit.com/r/Music/comments/1reoy09/i_know_this_was_prolly_posted_several_times_but/
2026-02-25T23:07:58+00:00,1reoz1j,aww,155.17,152,2,0.99,https://www.reddit.com/r/aww/comments/1reoz1j/we_found_this_little_baby_about_a_month_and_a/
2026-02-25T23:07:58+00:00,1reqkd5,AskReddit,96.5,1,12,1.0,https://www.reddit.com/r/AskReddit/comments/1reqkd5/what_can_you_buy_in_america_with_25_cents/
2026-02-25T23:07:58+00:00,1reo8yx,movies,181.67,0,17,0.3,https://www.reddit.com/r/movies/comments/1reo8yx/baz_luhrmann_wants_an_elvis_presley_cinematic/
2026-02-25T23:08:04+00:00,1rerxfd,AskReddit,45.85,1,1,1.0,https://www.reddit.com/r/AskReddit/comments/1rerxfd/what_separates_average_sex_from_great_sex/
2026-02-25T23:08:04+00:00,1resgas,Music,26.2,20,27,0.78,https://www.reddit.com/r/Music/comments/1resgas/why_hasnt_huey_lewis_and_the_news_been_inducted/
2026-02-25T23:08:04+00:00,1rerx2w,aww,46.23,7,2,1.0,https://www.reddit.com/r/aww/comments/1rerx2w/sister_love_the_new_babies/
2026-02-25T23:08:04+00:00,1reo57i,movies,185.4,2467,708,0.83,https://www.reddit.com/r/movies/comments/1reo57i/teens_are_over_superheroes_want_to_see_more/
2026-02-25T23:08:04+00:00,1resh0c,AskReddit,25.43,1,2,1.0,https://www.reddit.com/r/AskReddit/comments/1resh0c/how_much_mobile_data_do_you_use_each_month_and/
2026-02-25T23:08:09+00:00,1rerepq,AskReddit,65.33,1,11,1.0,https://www.reddit.com/r/AskReddit/comments/1rerepq/what_subject_do_you_know_the_most_about/
2026-02-25T23:08:09+00:00,1resgy9,AskReddit,25.58,1,1,1.0,https://www.reddit.com/r/AskReddit/comments/1resgy9/what_are_you_feeling_today/
2026-02-25T23:08:09+00:00,1resqt0,AskReddit,15.13,0,1,0.2,https://www.reddit.com/r/AskReddit/comments/1resqt0/how_do_you_get_a_pickle_out_of_a_vending_machine/
2026-02-25T23:08:09+00:00,1resgjs,AskReddit,26.02,1,5,1.0,https://www.reddit.com/r/AskReddit/comments/1resgjs/whats_your_favorite_country_and_why/
2026-02-25T23:08:14+00:00,1resqn8,AskReddit,15.4,4,4,1.0,https://www.reddit.com/r/AskReddit/comments/1resqn8/whats_something_you_learned_too_late_in_life/
2026-02-25T23:08:24+00:00,1rerexl,AskReddit,65.37,1,4,1.0,https://www.reddit.com/r/AskReddit/comments/1rerexl/what_is_a_point_of_no_return_that_youve_crossed/
2026-02-25T23:08:24+00:00,1rere5r,AskReddit,66.15,3,5,1.0,https://www.reddit.com/r/AskReddit/comments/1rere5r/whats_the_most_cringe_thing_youve_ever_done_to/
2026-02-25T23:08:24+00:00,1ret0dc,AskReddit,5.35,0,2,0.5,https://www.reddit.com/r/AskReddit/comments/1ret0dc/911_operators_whats_the_weirdest_reasons_people/
2026-02-25T23:08:24+00:00,1ret09v,AskReddit,5.45,0,2,0.5,https://www.reddit.com/r/AskReddit/comments/1ret09v/what_is_the_fattest_thing_youve_done_this_week/
2026-02-25T23:08:24+00:00,1ret033,AskReddit,5.67,2,6,1.0,https://www.reddit.com/r/AskReddit/comments/1ret033/whats_a_mistake_youll_never_make_again/
2026-02-25T23:08:24+00:00,1reszwb,AskReddit,5.85,1,1,1.0,https://www.reddit.com/r/AskReddit/comments/1reszwb/whats_a_smell_that_instantly_takes_you_back_to/
2026-02-25T23:08:24+00:00,1reszlh,AskReddit,6.18,1,5,0.67,https://www.reddit.com/r/AskReddit/comments/1reszlh/what_is_a_harmless_lie_your_parents_told_you_as_a/
2026-02-25T23:08:24+00:00,1reps7r,AskReddit,125.8,2,12,1.0,https://www.reddit.com/r/AskReddit/comments/1reps7r/whats_the_strangest_craving_youve_had/
2026-02-25T23:08:24+00:00,1rere2w,AskReddit,66.23,1,2,1.0,https://www.reddit.com/r/AskReddit/comments/1rere2w/whats_the_worst_hr_incident_at_your_workplace/
2026-02-25T23:08:33+00:00,1rero47,AskReddit,56.18,1,8,1.0,https://www.reddit.com/r/AskReddit/comments/1rero47/whats_the_biggest_letdown_about_being_an_adult/
2026-02-25T23:08:33+00:00,1rerx2j,AskReddit,46.73,0,2,0.5,https://www.reddit.com/r/AskReddit/comments/1rerx2j/how_do_you_think_canadas_military_aid_will_impact/
2026-02-25T23:08:33+00:00,1reqlmp,AskReddit,95.77,5,12,0.86,https://www.reddit.com/r/AskReddit/comments/1reqlmp/whats_a_moment_that_made_you_rethink_a_friendship/
2026-02-25T23:08:33+00:00,1repryj,aww,126.22,578,11,1.0,https://www.reddit.com/r/aww/comments/1repryj/he_wants_to_say_hi/
2026-02-25T23:08:33+00:00,1reroj1,memes,55.75,9,7,0.76,https://www.reddit.com/r/memes/comments/1reroj1/ts_so_real/
2026-02-25T23:08:33+00:00,1rerooh,AskReddit,55.62,1,5,0.99,https://www.reddit.com/r/AskReddit/comments/1rerooh/what_is_legal_but_feels_100_illegal/
2026-02-25T23:08:39+00:00,1reroni,gaming,55.75,121,50,0.9,https://www.reddit.com/r/gaming/comments/1reroni/who_do_we_talk_to/
2026-02-25T23:08:44+00:00,1reprz2,gaming,126.38,0,28,0.21,https://www.reddit.com/r/gaming/comments/1reprz2/horizon_hunters_gathering/
2026-02-25T23:08:44+00:00,1rerofr,AskReddit,56.02,0,7,0.5,https://www.reddit.com/r/AskReddit/comments/1rerofr/how_did_youwould_you_react_to_a_close_friend/
2026-02-25T23:08:49+00:00,1rerykn,AskReddit,45.42,1,0,1.0,https://www.reddit.com/r/AskReddit/comments/1rerykn/what_makes_it_illegal_to_mention_the_word_covid/
2026-02-25T23:08:49+00:00,1reqlwb,memes,95.77,5,2,0.78,https://www.reddit.com/r/memes/comments/1reqlwb/i_hope_its_a_ps5/
2026-02-25T23:08:49+00:00,1reryml,AskReddit,45.37,1,7,1.0,https://www.reddit.com/r/AskReddit/comments/1reryml/whats_your_favorite_chicken_marinade_and_whats/
2026-02-25T23:08:49+00:00,1res7w3,AskReddit,35.7,2,3,1.0,https://www.reddit.com/r/AskReddit/comments/1res7w3/what_did_you_do_on_autopilot_for_years_before/
2026-02-25T23:08:54+00:00,1res7rh,AskReddit,35.92,1,0,1.0,https://www.reddit.com/r/AskReddit/comments/1res7rh/what_made_you_give_up_onenight_stands/
2026-02-25T23:08:54+00:00,1res881,Music,35.42,1,1,1.0,https://www.reddit.com/r/Music/comments/1res881/no_savage_gizwop_box_instrumental/
2026-02-25T23:08:54+00:00,1res87e,AskReddit,35.43,0,2,0.5,https://www.reddit.com/r/AskReddit/comments/1res87e/how_can_you_help_by_leaving_a_1_star_review_for/
2026-02-25T23:08:54+00:00,1res84l,AskReddit,35.52,1,9,0.67,https://www.reddit.com/r/AskReddit/comments/1res84l/whats_your_reason_for_not_protesting_at_least/
2026-02-25T23:08:59+00:00,1res7x4,AskReddit,35.83,1,2,1.0,https://www.reddit.com/r/AskReddit/comments/1res7x4/foster_teens_of_reddit_what_iswouldve_been_your/
2026-02-25T23:08:59+00:00,1reqm5v,memes,95.67,101,53,0.93,https://www.reddit.com/r/memes/comments/1reqm5v/tough_decisions_ahead/
2026-02-25T23:08:59+00:00,1reqlb0,movies,96.53,0,67,0.31,https://www.reddit.com/r/movies/comments/1reqlb0/adams_perfect_films/
2026-02-25T23:08:59+00:00,1rery4o,Music,46.05,1,1,1.0,https://www.reddit.com/r/Music/comments/1rery4o/mitski_wheres_my_phone_indie/
2026-02-25T23:09:04+00:00,1reqleb,gaming,96.52,44,57,0.78,https://www.reddit.com/r/gaming/comments/1reqleb/whats_your_travel_game/
2026-02-25T23:09:04+00:00,1reshbf,AskReddit,26.1,1,2,1.0,https://www.reddit.com/r/AskReddit/comments/1reshbf/whats_something_thats_happened_this_february_that/
2026-02-25T23:09:04+00:00,1rerxx3,AskReddit,46.35,1,2,1.0,https://www.reddit.com/r/AskReddit/comments/1rerxx3/how_have_people_dealt_with_a_lack_of_sex_in_their/
2026-02-25T23:09:04+00:00,1resht2,aww,25.58,7,0,1.0,https://www.reddit.com/r/aww/comments/1resht2/a_new_pillow/
2026-02-25T23:09:04+00:00,1reshbk,Music,26.08,1,0,1.0,https://www.reddit.com/r/Music/comments/1reshbk/linda_ronstadt_desperado_country_rock_live/
2026-02-25T23:09:09+00:00,1reshgz,AskReddit,26.03,1,4,1.0,https://www.reddit.com/r/AskReddit/comments/1reshgz/women_whats_an_ideal_height_for_your_partner/
2026-02-25T23:09:09+00:00,1resi4a,memes,25.35,1,1,0.67,https://www.reddit.com/r/memes/comments/1resi4a/ocfizzy_glizzy_we_arent_slowly_drifting_away_from/
2026-02-25T23:09:09+00:00,1resr0s,AskReddit,15.9,2,3,1.0,https://www.reddit.com/r/AskReddit/comments/1resr0s/what_the_best_experience_in_life_you_had_ever/
2026-02-25T23:09:15+00:00,1rerfcq,science,65.78,119,14,0.98,https://www.reddit.com/r/science/comments/1rerfcq/could_a_vaccine_prevent_dementia_shingles_shot/
2026-02-25T23:09:20+00:00,1repsmm,AskReddit,126.33,0,9,0.33,https://www.reddit.com/r/AskReddit/comments/1repsmm/is_it_possible_to_make_a_catapult_or_trebuchet/
2026-02-25T23:09:20+00:00,1resr5b,AskReddit,15.93,2,5,0.63,https://www.reddit.com/r/AskReddit/comments/1resr5b/what_billionaire_is_the_biggest_international/
2026-02-25T23:09:20+00:00,1rerfwa,AskReddit,65.35,0,5,0.5,https://www.reddit.com/r/AskReddit/comments/1rerfwa/people_who_are_not_scared_of_confrontations_or/
2026-02-25T23:09:25+00:00,1ret1ee,AskReddit,5.28,1,4,0.67,https://www.reddit.com/r/AskReddit/comments/1ret1ee/people_who_are_afraid_of_heights_what_scares_you/
2026-02-25T23:09:25+00:00,1ret19d,AskReddit,5.42,2,6,0.75,https://www.reddit.com/r/AskReddit/comments/1ret19d/whats_a_minor_superpower_youd_actually_love_to/
2026-02-25T23:09:25+00:00,1ret167,AskReddit,5.52,3,3,1.0,https://www.reddit.com/r/AskReddit/comments/1ret167/what_is_something_you_have_learned_just_is_not/
2026-02-25T23:09:25+00:00,1ret0q5,AskReddit,6.0,1,3,0.67,https://www.reddit.com/r/AskReddit/comments/1ret0q5/if_you_could_take_a_trip_or_vacation_anywhere_in/
2026-02-25T23:09:25+00:00,1rerpij,AskReddit,55.65,1,1,1.0,https://www.reddit.com/r/AskReddit/comments/1rerpij/whats_the_most_unconventional_job_youve_worked_at/
2026-02-25T23:09:25+00:00,1rerp6u,AskReddit,56.0,1,2,1.0,https://www.reddit.com/r/AskReddit/comments/1rerp6u/which_specific_brand_or_product_that_you_have/
2026-02-25T23:09:35+00:00,1rerfsd,todayilearned,65.7,4,1,0.75,https://www.reddit.com/r/todayilearned/comments/1rerfsd/til_that_around_a_spinning_black_hole_theres_a/
2026-02-25T23:09:35+00:00,1rerftk,AskReddit,65.67,1,8,1.0,https://www.reddit.com/r/AskReddit/comments/1rerftk/what_superpower_would_be_the_most_practical_in/
2026-02-25T23:09:35+00:00,1rerovo,movies,56.47,42,12,0.83,https://www.reddit.com/r/movies/comments/1rerovo/stranger_than_fiction_2006/
2026-02-25T23:09:40+00:00,1rerpvn,AskReddit,55.48,1,5,0.67,https://www.reddit.com/r/AskReddit/comments/1rerpvn/what_is_one_of_your_favourite_film_plots/
2026-02-25T23:09:40+00:00,1rerpym,aww,55.4,4,1,0.83,https://www.reddit.com/r/aww/comments/1rerpym/hes_not_thrilled_about_the_new_hat_but_he_looks/
2026-02-25T23:09:40+00:00,1reqm95,AskReddit,96.25,0,6,0.33,https://www.reddit.com/r/AskReddit/comments/1reqm95/whats_an_average_skill_that_can_turn_into_serious/
2026-02-25T23:09:40+00:00,1rerp3n,AskReddit,56.32,1,4,1.0,https://www.reddit.com/r/AskReddit/comments/1rerp3n/what_would_be_your_ideal_first_date/
2026-02-25T23:09:45+00:00,1reryv0,AskReddit,46.07,1,4,1.0,https://www.reddit.com/r/AskReddit/comments/1reryv0/what_is_the_best_collecting_hobby_like_watches_or/
2026-02-25T23:09:45+00:00,1res8i4,funny,36.03,0,5,0.32,https://www.reddit.com/r/funny/comments/1res8i4/fuck_blue_hat_boy/
2026-02-25T23:09:50+00:00,1res8up,AskReddit,35.73,1,12,1.0,https://www.reddit.com/r/AskReddit/comments/1res8up/what_instantly_makes_you_lose_respect_for_someone/
2026-02-25T23:09:50+00:00,1res9cn,Music,35.2,1,1,1.0,https://www.reddit.com/r/Music/comments/1res9cn/the_bluez_brothaz_tpain_young_cash_tell_me/
2026-02-25T23:09:50+00:00,1reryo8,AskReddit,46.33,1,6,1.0,https://www.reddit.com/r/AskReddit/comments/1reryo8/what_is_your_favorite_horror_icon/
2026-02-25T23:09:55+00:00,1rerzhp,AskReddit,45.6,1,6,1.0,https://www.reddit.com/r/AskReddit/comments/1rerzhp/what_happened_to_that_alien_spaceship_asteroid/
2026-02-25T23:09:55+00:00,1rerz1a,AskReddit,46.07,1,11,1.0,https://www.reddit.com/r/AskReddit/comments/1rerz1a/how_do_you_know_when_a_good_job_isnt_worth_it/
2026-02-25T23:10:00+00:00,1res8r6,Music,36.0,3,3,1.0,https://www.reddit.com/r/Music/comments/1res8r6/communityvoted_greatest_rock_songs_list/
2026-02-25T23:10:00+00:00,1resitm,AskReddit,25.45,1,3,1.0,https://www.reddit.com/r/AskReddit/comments/1resitm/what_are_your_experiences_that_back_up_your/
2026-02-25T23:10:06+00:00,1res8m9,AskReddit,36.27,2,9,1.0,https://www.reddit.com/r/AskReddit/comments/1res8m9/anyone_have_some_advice_on_how_to_relate_to_high/
2026-02-25T23:10:06+00:00,1resima,AskReddit,25.75,2,12,1.0,https://www.reddit.com/r/AskReddit/comments/1resima/what_is_your_favorite_cereal/
2026-02-25T23:10:06+00:00,1res8gf,AskReddit,36.42,1,3,1.0,https://www.reddit.com/r/AskReddit/comments/1res8gf/where_is_the_chat_button_because_reddit_changed/
2026-02-25T23:10:06+00:00,1resibd,AskReddit,26.08,1,0,1.0,https://www.reddit.com/r/AskReddit/comments/1resibd/what_was_your_worst_bad_stomach_experience/
2026-02-25T23:10:11+00:00,1reqmdh,AskReddit,96.65,4,24,0.75,https://www.reddit.com/r/AskReddit/comments/1reqmdh/how_do_you_think_the_internet_is_different_today/
2026-02-25T23:10:11+00:00,1reqmic,AskReddit,96.53,0,13,0.5,https://www.reddit.com/r/AskReddit/comments/1reqmic/what_is_a_job_youd_do_for_free_even_if_you_were/
2026-02-25T23:10:11+00:00,1resskt,AskReddit,15.23,0,13,0.5,https://www.reddit.com/r/AskReddit/comments/1resskt/how_do_you_get_a_pickle_out_of_a_ketchup_bottle/
2026-02-25T23:10:11+00:00,1resrs7,AskReddit,16.12,1,4,1.0,https://www.reddit.com/r/AskReddit/comments/1resrs7/how_do_you_personally_find_inner_peace_is_it_ever/
2026-02-25T23:10:16+00:00,1resrrj,aww,16.22,8,0,1.0,https://www.reddit.com/r/aww/comments/1resrrj/cute_enough_to_get_away_with_everything/
2026-02-25T23:10:16+00:00,1ress53,AskReddit,15.8,1,8,1.0,https://www.reddit.com/r/AskReddit/comments/1ress53/whats_a_small_change_you_made_daily_that_helped/
2026-02-25T23:10:16+00:00,1repu68,aww,125.68,15,1,1.0,https://www.reddit.com/r/aww/comments/1repu68/buddy/
2026-02-25T23:10:21+00:00,1rerg2y,AskReddit,66.18,3,6,1.0,https://www.reddit.com/r/AskReddit/comments/1rerg2y/whats_the_best_way_to_start_your_life_into/
2026-02-25T23:10:26+00:00,1rerga5,AskReddit,66.08,5,21,1.0,https://www.reddit.com/r/AskReddit/comments/1rerga5/who_or_what_has_been_your_biggest_letdown_in_your/
2026-02-25T23:10:26+00:00,1ret1tr,AskReddit,5.9,0,0,0.5,https://www.reddit.com/r/AskReddit/comments/1ret1tr/youre_sent_back_100_years_with_the_mission_to/
2026-02-25T23:10:26+00:00,1ret1nx,Music,6.05,2,0,1.0,https://www.reddit.com/r/Music/comments/1ret1nx/jimmy_the_spoon/
2026-02-25T23:10:26+00:00,1ret1kw,Music,6.12,1,0,1.0,https://www.reddit.com/r/Music/comments/1ret1kw/thunderbyrd_all_the_saints_rock/
2026-02-25T23:10:26+00:00,1rergv6,AskReddit,65.55,4,18,1.0,https://www.reddit.com/r/AskReddit/comments/1rergv6/what_would_be_your_thoughtsactions_if_you_found/
2026-02-25T23:10:36+00:00,1rergfo,AskReddit,66.12,7,31,1.0,https://www.reddit.com/r/AskReddit/comments/1rergfo/what_is_the_most_successful_pick_up_line_you_have/
2026-02-25T23:10:36+00:00,1rerzft,AskReddit,46.33,1,4,1.0,https://www.reddit.com/r/AskReddit/comments/1rerzft/how_would_you_describe_a_healthymeasured_usage_of/
2026-02-25T23:10:41+00:00,1reqnl4,AskReddit,95.95,0,7,0.5,https://www.reddit.com/r/AskReddit/comments/1reqnl4/which_youtubers_do_you_watch/
2026-02-25T23:10:41+00:00,1rerq5v,AskReddit,56.2,2,3,1.0,https://www.reddit.com/r/AskReddit/comments/1rerq5v/what_are_the_current_safest_best_countries_to/
2026-02-25T23:10:41+00:00,1res0e8,AskReddit,45.43,1,5,0.67,https://www.reddit.com/r/AskReddit/comments/1res0e8/people_who_have_witnessed_somebody_die_what/
2026-02-25T23:10:46+00:00,1rerqok,AskReddit,55.75,9,47,1.0,https://www.reddit.com/r/AskReddit/comments/1rerqok/people_who_are_terrified_of_spiders_what_is_it/
2026-02-25T23:10:46+00:00,1rerqor,AskReddit,55.73,2,6,1.0,https://www.reddit.com/r/AskReddit/comments/1rerqor/whats_the_worst_day_of_your_life_and_why/
2026-02-25T23:10:46+00:00,1res9j2,AskReddit,35.95,1,4,1.0,https://www.reddit.com/r/AskReddit/comments/1res9j2/how_do_you_explain_things_that_only_make_sense_in/
2026-02-25T23:10:46+00:00,1res9gr,AskReddit,36.02,1,1,1.0,https://www.reddit.com/r/AskReddit/comments/1res9gr/whats_the_most_absurd_hoa_rule_youve_ever_heard/
2026-02-25T23:10:51+00:00,1res0lq,AskReddit,45.37,2,10,1.0,https://www.reddit.com/r/AskReddit/comments/1res0lq/what_are_the_most_epic_scenes_in_movies_because/
2026-02-25T23:10:51+00:00,1rerzum,AskReddit,46.18,1,5,1.0,https://www.reddit.com/r/AskReddit/comments/1rerzum/adult_sons_how_have_you_gotten_back_at_your_dad/
2026-02-25T23:10:51+00:00,1res9uf,AskReddit,35.68,2,9,1.0,https://www.reddit.com/r/AskReddit/comments/1res9uf/what_is_the_meaning_of_life/
2026-02-25T23:10:51+00:00,1res0gt,funny,45.52,0,9,0.16,https://www.reddit.com/r/funny/comments/1res0gt/lasagna_anyone/
2026-02-25T23:10:51+00:00,1res9y3,AskReddit,35.57,0,1,0.25,https://www.reddit.com/r/AskReddit/comments/1res9y3/for_those_who_were_told_to_return_to_the_office/
2026-02-25T23:10:56+00:00,1resa6o,Music,35.4,1,0,1.0,https://www.reddit.com/r/Music/comments/1resa6o/the_bluez_brothaz_tpain_young_cash_shot_check/
2026-02-25T23:10:56+00:00,1res0ek,AskReddit,45.67,1,7,1.0,https://www.reddit.com/r/AskReddit/comments/1res0ek/whats_something_random_you_could_talk_about_for/
2026-02-25T23:10:56+00:00,1res9v1,movies,35.75,0,0,0.18,https://www.reddit.com/r/movies/comments/1res9v1/i_am_mother_seems_misunderstood/
2026-02-25T23:10:56+00:00,1res9vy,AskReddit,35.73,1,2,1.0,https://www.reddit.com/r/AskReddit/comments/1res9vy/parents_of_daughters_your_daughter_reaches_out_to/
2026-02-25T23:11:01+00:00,1resjih,AskReddit,25.7,3,1,1.0,https://www.reddit.com/r/AskReddit/comments/1resjih/whats_the_best_affordable_experience_that_you/
2026-02-25T23:11:06+00:00,1resa2m,worldnews,35.7,3,1,1.0,https://www.reddit.com/r/worldnews/comments/1resa2m/argentinian_government_broadens_rigi_benefits_for/
2026-02-25T23:11:12+00:00,1resjde,AskReddit,26.03,1,3,1.0,https://www.reddit.com/r/AskReddit/comments/1resjde/what_is_your_mood_today/
2026-02-25T23:11:12+00:00,1resjcb,AskReddit,26.07,34,10,1.0,https://www.reddit.com/r/AskReddit/comments/1resjcb/what_was_your_biggest_dream_growing_up_and_what/
2026-02-25T23:11:12+00:00,1resjc3,AskReddit,26.07,1,6,1.0,https://www.reddit.com/r/AskReddit/comments/1resjc3/what_mistake_taught_you_the_most_valuable_lesson/
2026-02-25T23:11:12+00:00,1ressya,AskReddit,15.85,0,2,0.33,https://www.reddit.com/r/AskReddit/comments/1ressya/how_do_you_breathe/
2026-02-25T23:11:12+00:00,1rest19,AskReddit,15.75,1,3,0.67,https://www.reddit.com/r/AskReddit/comments/1rest19/what_are_some_interesting_topics_to_make/
2026-02-25T23:11:17+00:00,1resjq9,AskReddit,25.75,2,3,1.0,https://www.reddit.com/r/AskReddit/comments/1resjq9/apartment_people_whats_the_most_ridiculous_thing/
2026-02-25T23:11:17+00:00,1ressqj,AskReddit,16.17,1,3,0.67,https://www.reddit.com/r/AskReddit/comments/1ressqj/whats_a_show_you_just_cant_get_into_or_just_not/
2026-02-25T23:11:17+00:00,1rest0c,todayilearned,15.87,10,1,1.0,https://www.reddit.com/r/todayilearned/comments/1rest0c/til_in_1994_shopping_channel_qvc_attempted_a_96/
2026-02-25T23:11:17+00:00,1resteb,worldnews,15.47,3,0,0.71,https://www.reddit.com/r/worldnews/comments/1resteb/germanys_merz_hails_china_ties_as_he_seeks_reset/
2026-02-25T23:11:17+00:00,1rerhsj,AskReddit,65.42,4,27,1.0,https://www.reddit.com/r/AskReddit/comments/1rerhsj/what_do_you_crave_badly_right_now/
2026-02-25T23:11:22+00:00,1restkb,AskReddit,15.38,2,2,1.0,https://www.reddit.com/r/AskReddit/comments/1restkb/if_youve_shit_yourself_as_an_adult_whyhow_did_it/
2026-02-25T23:11:22+00:00,1restcr,AskReddit,15.58,1,1,1.0,https://www.reddit.com/r/AskReddit/comments/1restcr/how_do_you_exist_be_a_human/
2026-02-25T23:11:22+00:00,1repv08,memes,125.95,280,11,0.98,https://www.reddit.com/r/memes/comments/1repv08/cant_be_the_only_one/
2026-02-25T23:11:22+00:00,1rerhy4,AskReddit,65.35,1,5,1.0,https://www.reddit.com/r/AskReddit/comments/1rerhy4/people_in_a_relationship_who_is_the_designated/
2026-02-25T23:11:27+00:00,1reqowh,AskReddit,95.38,2,2,0.75,https://www.reddit.com/r/AskReddit/comments/1reqowh/if_all_you_had_was_timehow_would_you_spend_it/
2026-02-25T23:11:27+00:00,1ret2n5,funny,6.05,13,6,0.93,https://www.reddit.com/r/funny/comments/1ret2n5/epileptic_attack/
2026-02-25T23:11:27+00:00,1ret3eb,AskReddit,5.28,3,1,1.0,https://www.reddit.com/r/AskReddit/comments/1ret3eb/how_would_you_react_to_the_early_stages_of_a/
2026-02-25T23:11:27+00:00,1ret3by,AskReddit,5.35,2,1,1.0,https://www.reddit.com/r/AskReddit/comments/1ret3by/whats_a_rule_you_follow_that_makes_zero_logical/
2026-02-25T23:11:27+00:00,1ret2ob,Music,6.03,1,0,1.0,https://www.reddit.com/r/Music/comments/1ret2ob/is_yumenoshima_from_uk_rampage_in_44/
2026-02-25T23:11:37+00:00,1rerrij,AskReddit,55.67,2,15,1.0,https://www.reddit.com/r/AskReddit/comments/1rerrij/what_place_instantly_changes_your_mood_the_moment/
2026-02-25T23:11:37+00:00,1res1hq,AskReddit,45.18,0,0,0.5,https://www.reddit.com/r/AskReddit/comments/1res1hq/what_is_account_not_established/
2026-02-25T23:11:42+00:00,1rerhug,aww,65.77,40,3,1.0,https://www.reddit.com/r/aww/comments/1rerhug/gretel_from_our_shelter_no_more_pj/
2026-02-25T23:11:42+00:00,1rerrpw,AskReddit,55.53,0,3,0.5,https://www.reddit.com/r/AskReddit/comments/1rerrpw/what_happened_to_hannahowo_has_she_retired_after/
2026-02-25T23:11:42+00:00,1rerhsn,AskReddit,65.83,94,127,0.98,https://www.reddit.com/r/AskReddit/comments/1rerhsn/what_is_something_that_happened_to_you_growing_up/
2026-02-25T23:11:42+00:00,1repv23,AskReddit,126.23,3,3,1.0,https://www.reddit.com/r/AskReddit/comments/1repv23/hey_redditors_what_is_your_strangest_childhood/
2026-02-25T23:11:42+00:00,1res14z,aww,45.65,21,2,0.97,https://www.reddit.com/r/aww/comments/1res14z/baby_flower/
2026-02-25T23:11:47+00:00,1res14m,AskReddit,45.75,0,2,0.5,https://www.reddit.com/r/AskReddit/comments/1res14m/what_makes_the_boring_person_so_boring/
2026-02-25T23:11:52+00:00,1res0uw,AskReddit,46.1,1,3,0.67,https://www.reddit.com/r/AskReddit/comments/1res0uw/what_unanswered_questions_about_the_epstein_case/
2026-02-25T23:11:57+00:00,1res1fj,AskReddit,45.58,1,1,1.0,https://www.reddit.com/r/AskReddit/comments/1res1fj/what_do_you_think_is_the_most_overrepresented/
2026-02-25T23:11:57+00:00,1resaze,AskReddit,35.6,2,12,1.0,https://www.reddit.com/r/AskReddit/comments/1resaze/people_who_work_at_hr_whats_the_most_bizarre/
2026-02-25T23:11:57+00:00,1res1gm,AskReddit,45.57,3,5,1.0,https://www.reddit.com/r/AskReddit/comments/1res1gm/what_food_changed_something_from_the_original/
2026-02-25T23:11:57+00:00,1resauv,Music,35.72,2,0,1.0,https://www.reddit.com/r/Music/comments/1resauv/venus_hum_ft_bmg_i_feel_love_electronic_pop/
2026-02-25T23:12:07+00:00,1reskir,AskReddit,25.75,0,8,0.33,https://www.reddit.com/r/AskReddit/comments/1reskir/women_whats_an_ideal_height_for_your_partner/
2026-02-25T23:12:07+00:00,1reske1,AskReddit,25.9,1,24,0.67,https://www.reddit.com/r/AskReddit/comments/1reske1/any_suggestion_how_to_survive_sex_for_longer/
2026-02-25T23:12:13+00:00,1resu0l,AskReddit,15.75,0,7,0.25,https://www.reddit.com/r/AskReddit/comments/1resu0l/your_appendix_is_a_ticking_time_bomb_that_you_can/
2026-02-25T23:12:18+00:00,1resk52,movies,26.33,0,14,0.4,https://www.reddit.com/r/movies/comments/1resk52/home_theater_viewing_request/
2026-02-25T23:12:18+00:00,1repw9v,AskReddit,125.53,3,14,1.0,https://www.reddit.com/r/AskReddit/comments/1repw9v/whats_a_better_feeling_than_getting_home_from/
2026-02-25T23:12:23+00:00,1restpt,AskReddit,16.22,1,3,1.0,https://www.reddit.com/r/AskReddit/comments/1restpt/what_is_a_personality_trait_people_like_to_say_is/
2026-02-25T23:12:28+00:00,1ret4db,AskReddit,5.27,4,8,1.0,https://www.reddit.com/r/AskReddit/comments/1ret4db/if_youve_shat_yourself_as_an_adult_howwhy_did_it/
2026-02-25T23:12:28+00:00,1ret47d,AskReddit,5.45,2,2,1.0,https://www.reddit.com/r/AskReddit/comments/1ret47d/whats_your_biggest_regret/
2026-02-25T23:12:28+00:00,1ret43b,AskReddit,5.57,2,3,0.75,https://www.reddit.com/r/AskReddit/comments/1ret43b/what_do_you_think_of_the_doj_withholding_some/
2026-02-25T23:12:28+00:00,1ret3zz,AskReddit,5.67,2,4,1.0,https://www.reddit.com/r/AskReddit/comments/1ret3zz/what_is_a_completely_overrated_food_or_drink/
2026-02-25T23:12:28+00:00,1ret3yr,AskReddit,5.7,1,0,1.0,https://www.reddit.com/r/AskReddit/comments/1ret3yr/whats_the_pettiest_thing_youve_done_that_you/
2026-02-25T23:12:28+00:00,1ret3xm,AskReddit,5.73,1,0,1.0,https://www.reddit.com/r/AskReddit/comments/1ret3xm/what_was_the_best_thing_ai_did_for_you/
2026-02-25T23:12:28+00:00,1ret3pr,AskReddit,5.97,1,2,1.0,https://www.reddit.com/r/AskReddit/comments/1ret3pr/if_someone_in_prison_develops_dementia_and/
2026-02-25T23:12:38+00:00,1repvph,AskReddit,126.45,0,2,0.33,https://www.reddit.com/r/AskReddit/comments/1repvph/what_movies_live_rentfree_in_your_mind/
2026-02-25T23:12:38+00:00,1repvuc,memes,126.33,189,16,0.92,https://www.reddit.com/r/memes/comments/1repvuc/well_the_look_on_his_face_says_it_all/
2026-02-25T23:12:38+00:00,1rericw,AskReddit,66.22,3,32,1.0,https://www.reddit.com/r/AskReddit/comments/1rericw/whats_something_you_have_absolutely_no_patience/
2026-02-25T23:12:38+00:00,1res27y,AskReddit,45.45,1,4,1.0,https://www.reddit.com/r/AskReddit/comments/1res27y/what_seems_very_difficult_until_you_try_it/
2026-02-25T23:12:38+00:00,1rerrus,AskReddit,56.33,1,6,1.0,https://www.reddit.com/r/AskReddit/comments/1rerrus/who_did_you_lose_your_virginity_with_for_the/
2026-02-25T23:12:38+00:00,1rerin1,AskReddit,65.93,1,5,1.0,https://www.reddit.com/r/AskReddit/comments/1rerin1/how_will_the_lack_of_accountability_surrounding/
2026-02-25T23:12:43+00:00,1rerscm,AskReddit,55.83,2,1,1.0,https://www.reddit.com/r/AskReddit/comments/1rerscm/to_masc_gay_men_what_were_your_experiences_like/
2026-02-25T23:12:48+00:00,1rersny,AskReddit,55.6,10,47,1.0,https://www.reddit.com/r/AskReddit/comments/1rersny/whats_your_favourite_fruit/
2026-02-25T23:12:48+00:00,1res1px,AskReddit,46.13,0,10,0.2,https://www.reddit.com/r/AskReddit/comments/1res1px/dear_men_and_anyone_who_can_answer_this_this_male/
2026-02-25T23:12:53+00:00,1reqq22,AskReddit,95.62,1,4,1.0,https://www.reddit.com/r/AskReddit/comments/1reqq22/how_do_you_make_that_edit_thats_like_someone/
2026-02-25T23:12:53+00:00,1rers1m,AskReddit,56.37,0,10,0.5,https://www.reddit.com/r/AskReddit/comments/1rers1m/assuming_the_opposite_of_love_is_apathy_what/
2026-02-25T23:12:53+00:00,1res1q4,worldnews,46.2,22,6,0.79,https://www.reddit.com/r/worldnews/comments/1res1q4/iran_accuses_us_of_spreading_big_lies_after_trump/
2026-02-25T23:12:53+00:00,1res25j,aww,45.77,18,2,1.0,https://www.reddit.com/r/aww/comments/1res25j/little_missy/
2026-02-25T23:12:53+00:00,1resbxg,memes,35.55,5,1,1.0,https://www.reddit.com/r/memes/comments/1resbxg/ahh_good_ol_captcha_tests/
2026-02-25T23:12:53+00:00,1reriws,aww,65.9,9,0,1.0,https://www.reddit.com/r/aww/comments/1reriws/empezando_la_posición_de_yoga_de_las_tardes/
2026-02-25T23:12:53+00:00,1res1v7,movies,46.05,0,8,0.43,https://www.reddit.com/r/movies/comments/1res1v7/lance_armstrong_movie_starring_austin_butler/
2026-02-25T23:12:53+00:00,1resbdu,AskReddit,36.12,2,3,1.0,https://www.reddit.com/r/AskReddit/comments/1resbdu/what_movie_would_you_recommend_for_tonight/
2026-02-25T23:12:53+00:00,1rersaw,memes,56.05,0,7,0.2,https://www.reddit.com/r/memes/comments/1rersaw/ive_been_putting_everyone_whos_put_hate_comments/
2026-02-25T23:12:59+00:00,1res2i6,aww,45.52,50,4,0.96,https://www.reddit.com/r/aww/comments/1res2i6/happy_10th_adoption_anniversary_to_my_rocket/
2026-02-25T23:12:59+00:00,1resc9w,AskReddit,35.3,3,8,1.0,https://www.reddit.com/r/AskReddit/comments/1resc9w/whats_a_very_nontypical_fooddrink_you_really_enjoy/
2026-02-25T23:12:59+00:00,1resbvj,AskReddit,35.7,2,8,1.0,https://www.reddit.com/r/AskReddit/comments/1resbvj/whats_a_subtle_sign_someone_is_emotionally_mature/
2026-02-25T23:12:59+00:00,1reslrj,aww,25.35,8,2,1.0,https://www.reddit.com/r/aww/comments/1reslrj/neighborhood_watch/
2026-02-25T23:12:59+00:00,1res23u,AskReddit,45.92,1,3,1.0,https://www.reddit.com/r/AskReddit/comments/1res23u/political_lines_aside_who_do_you_think_are_the/
2026-02-25T23:13:04+00:00,1res1vc,AskReddit,46.23,1,6,0.67,https://www.reddit.com/r/AskReddit/comments/1res1vc/how_does_a_kiss_work_and_how_do_you_initiate_it/
2026-02-25T23:13:09+00:00,1repw07,memes,126.67,76,7,0.88,https://www.reddit.com/r/memes/comments/1repw07/why_not_i_mean_a_tires_a_tire/
2026-02-25T23:13:09+00:00,1resllf,aww,25.68,19,1,1.0,https://www.reddit.com/r/aww/comments/1resllf/all_beauty_no_brain/
2026-02-25T23:13:09+00:00,1resm0s,todayilearned,25.23,3,2,0.58,https://www.reddit.com/r/todayilearned/comments/1resm0s/til_vega_yes_that_superbright_standard_star_has_a/
2026-02-25T23:13:14+00:00,1reqpjr,AskReddit,96.5,1,7,0.67,https://www.reddit.com/r/AskReddit/comments/1reqpjr/what_is_the_largest_amount_of_money_you_ever/
2026-02-25T23:13:14+00:00,1reslbp,AskReddit,26.03,1,3,1.0,https://www.reddit.com/r/AskReddit/comments/1reslbp/people_who_where_a_teen_in_the_80s_was_it_really/
2026-02-25T23:13:14+00:00,1reslgd,AskReddit,25.92,1,1,1.0,https://www.reddit.com/r/AskReddit/comments/1reslgd/what_do_you_think_about_ai_and_how_it_affects_the/
2026-02-25T23:13:14+00:00,1resv62,AskReddit,15.48,0,2,0.33,https://www.reddit.com/r/AskReddit/comments/1resv62/what_happens_to_crazy_mario_brosso_recently_a/
2026-02-25T23:13:19+00:00,1resuv2,memes,15.9,16,3,0.95,https://www.reddit.com/r/memes/comments/1resuv2/sometimes_theres_good_movie_remakes_sometimes/
2026-02-25T23:13:19+00:00,1rerj6i,AskReddit,66.08,1,5,0.67,https://www.reddit.com/r/AskReddit/comments/1rerj6i/what_difference_does_it_make_where_covid_came_from/
2026-02-25T23:13:19+00:00,1resuzw,gaming,15.73,5,5,0.67,https://www.reddit.com/r/gaming/comments/1resuzw/flesh_wire_announcement_trailer_new_game_from_us/
2026-02-25T23:13:24+00:00,1repx4a,AskReddit,125.78,2,5,1.0,https://www.reddit.com/r/AskReddit/comments/1repx4a/whats_something_people_think_is_sexy_but_actually/
2026-02-25T23:13:24+00:00,1resv8s,AskReddit,15.57,1,1,0.67,https://www.reddit.com/r/AskReddit/comments/1resv8s/what_do_you_think_about_tyra_banks_after_the_antm/
2026-02-25T23:13:24+00:00,1resux8,AskReddit,15.9,0,0,0.33,https://www.reddit.com/r/AskReddit/comments/1resux8/people_who_built_something_from_scratch_app/
2026-02-25T23:13:24+00:00,1rerj8l,AskReddit,66.1,1,9,1.0,https://www.reddit.com/r/AskReddit/comments/1rerj8l/how_likely_is_a_united_states_war_with_iran_what/
2026-02-25T23:13:29+00:00,1ret5dx,AskReddit,5.18,1,0,1.0,https://www.reddit.com/r/AskReddit/comments/1ret5dx/what_is_your_goto_story_to_tell_at_a_social_event/
2026-02-25T23:13:29+00:00,1ret54o,AskReddit,5.45,3,3,1.0,https://www.reddit.com/r/AskReddit/comments/1ret54o/what_impression_did_you_have_after_working_with/
2026-02-25T23:13:29+00:00,1ret4u6,AskReddit,5.75,1,2,1.0,https://www.reddit.com/r/AskReddit/comments/1ret4u6/what_is_something_everyone_loves_that_you/
2026-02-25T23:13:29+00:00,1ret4sp,AskReddit,5.8,0,2,0.5,https://www.reddit.com/r/AskReddit/comments/1ret4sp/your_most_recent_ex_just_got_arrested_and_reaches/
2026-02-25T23:13:29+00:00,1ret4nn,AskReddit,5.97,1,0,1.0,https://www.reddit.com/r/AskReddit/comments/1ret4nn/who_had_the_best_half_time_show/
2026-02-25T23:13:39+00:00,1rerjbr,AskReddit,66.25,3,4,1.0,https://www.reddit.com/r/AskReddit/comments/1rerjbr/what_is_your_most_embarrassing_story_about/
2026-02-25T23:13:39+00:00,1rerjow,movies,65.87,8,2,0.79,https://www.reddit.com/r/movies/comments/1rerjow/michelle_yeoh_stars_in_sandiwara_a_new_short_film/
2026-02-25T23:13:39+00:00,1repxbs,AskReddit,125.82,1,2,1.0,https://www.reddit.com/r/AskReddit/comments/1repxbs/whats_something_you_used_to_judge_people_for_that/
2026-02-25T23:13:39+00:00,1rerjck,AskReddit,66.23,1,14,0.67,https://www.reddit.com/r/AskReddit/comments/1rerjck/what_behaviour_instantly_makes_you_trust_someone/
2026-02-25T23:13:39+00:00,1reqqig,AskReddit,95.93,5,14,0.86,https://www.reddit.com/r/AskReddit/comments/1reqqig/whats_a_thing_that_shouldnt_but_made_you_feel/
2026-02-25T23:13:44+00:00,1rertc7,AskReddit,55.82,1,5,1.0,https://www.reddit.com/r/AskReddit/comments/1rertc7/what_is_the_best_way_for_a_20_year_old_female_to/
2026-02-25T23:13:49+00:00,1resd3t,Music,35.3,1,8,0.67,https://www.reddit.com/r/Music/comments/1resd3t/question_about_lady_madonna_by_the_beatles/
2026-02-25T23:13:49+00:00,1res38l,AskReddit,45.58,0,13,0.25,https://www.reddit.com/r/AskReddit/comments/1res38l/who_has_a_good_chance_at_becoming_the_next_us/
2026-02-25T23:13:49+00:00,1rertfc,AskReddit,55.8,2,3,1.0,https://www.reddit.com/r/AskReddit/comments/1rertfc/whats_something_society_considers_weird_but_is/
2026-02-25T23:13:49+00:00,1reqq99,AskReddit,96.35,0,11,0.5,https://www.reddit.com/r/AskReddit/comments/1reqq99/what_makes_you_happy/
2026-02-25T23:13:54+00:00,1reqqyv,AskReddit,95.7,1,14,0.67,https://www.reddit.com/r/AskReddit/comments/1reqqyv/what_is_a_poor_person_meal_that_you_still_eat/
2026-02-25T23:13:54+00:00,1res3ff,AskReddit,45.45,1,2,1.0,https://www.reddit.com/r/AskReddit/comments/1res3ff/fast_food_workers_what_is_the_most_disrespectful/
2026-02-25T23:13:54+00:00,1res2pw,AskReddit,46.22,3,33,0.8,https://www.reddit.com/r/AskReddit/comments/1res2pw/what_food_you_eat_daily/
2026-02-25T23:13:59+00:00,1res2nk,AskReddit,46.37,3,14,1.0,https://www.reddit.com/r/AskReddit/comments/1res2nk/serious_what_qualities_or_behaviors_make_the/
2026-02-25T23:14:04+00:00,1resd6r,AskReddit,35.47,1,0,1.0,https://www.reddit.com/r/AskReddit/comments/1resd6r/what_political_change_in_the_us_over_the_past_5/
2026-02-25T23:14:04+00:00,1rescit,AskReddit,36.13,2,13,1.0,https://www.reddit.com/r/AskReddit/comments/1rescit/whats_a_skill_everyone_should_learn_before_they/
2026-02-25T23:14:04+00:00,1resd7w,aww,35.43,8,0,1.0,https://www.reddit.com/r/aww/comments/1resd7w/my_cat_didnt_bite_but_she_judge/
2026-02-25T23:14:10+00:00,1resm0p,AskReddit,26.25,1,4,1.0,https://www.reddit.com/r/AskReddit/comments/1resm0p/what_did_people_do_casually_in_the_90s_that/
2026-02-25T23:14:10+00:00,1resm31,AskReddit,26.17,32,11,1.0,https://www.reddit.com/r/AskReddit/comments/1resm31/whats_the_craziest_reason_youve_cut_someone_off/
2026-02-25T23:14:15+00:00,1resmg7,AskReddit,25.93,0,6,0.5,https://www.reddit.com/r/AskReddit/comments/1resmg7/who_do_you_think_is_the_worst_politician_right_now/
2026-02-25T23:14:15+00:00,1resm1h,AskReddit,26.3,3,5,1.0,https://www.reddit.com/r/AskReddit/comments/1resm1h/dont_judge_a_book_by_its_cover_how_logical_is/
2026-02-25T23:14:15+00:00,1resmqt,AskReddit,25.63,0,11,0.5,https://www.reddit.com/r/AskReddit/comments/1resmqt/women_what_height_would_you_want_your_partner_to/
2026-02-25T23:14:20+00:00,1repxte,worldnews,125.98,23,4,0.89,https://www.reddit.com/r/worldnews/comments/1repxte/venezuela_attorney_general_saab_has_tendered/
2026-02-25T23:14:25+00:00,1reswe3,AskReddit,15.32,23,10,0.91,https://www.reddit.com/r/AskReddit/comments/1reswe3/sex_workers_of_reddit_whats_the_weirdest_kink_a/
2026-02-25T23:14:25+00:00,1resvnx,AskReddit,16.1,0,2,0.5,https://www.reddit.com/r/AskReddit/comments/1resvnx/whats_one_thing_you_learned_from_your_biggest/
2026-02-25T23:14:30+00:00,1repxgu,AskReddit,126.52,2,9,1.0,https://www.reddit.com/r/AskReddit/comments/1repxgu/what_albums_do_you_think_are_perfect_in_every_way/
2026-02-25T23:14:30+00:00,1ret68q,AskReddit,5.3,1,1,1.0,https://www.reddit.com/r/AskReddit/comments/1ret68q/what_behavior_in_an_online_friendship_immediately/
2026-02-25T23:14:30+00:00,1ret65j,AskReddit,5.38,2,4,1.0,https://www.reddit.com/r/AskReddit/comments/1ret65j/what_did_kash_patel_mean_when_he_said_regarding/
2026-02-25T23:14:30+00:00,1ret63o,AskReddit,5.43,1,0,1.0,https://www.reddit.com/r/AskReddit/comments/1ret63o/if_your_house_could_talk_what_secret_would_it/
2026-02-25T23:14:30+00:00,1ret5zk,AskReddit,5.53,1,0,1.0,https://www.reddit.com/r/AskReddit/comments/1ret5zk/where_does_a_south_alabama_man_38yo_who_works_a/
2026-02-25T23:14:30+00:00,1ret5r3,AskReddit,5.78,2,2,1.0,https://www.reddit.com/r/AskReddit/comments/1ret5r3/whats_a_big_mistake_you_made_at_work_that_went/
2026-02-25T23:14:30+00:00,1ret5ql,AskReddit,5.8,1,1,1.0,https://www.reddit.com/r/AskReddit/comments/1ret5ql/if_you_were_on_an_island_what_would_be_1_artist/
2026-02-25T23:14:30+00:00,1ret5f0,AskReddit,6.15,2,4,1.0,https://www.reddit.com/r/AskReddit/comments/1ret5f0/whats_something_people_dont_learn_until_its_too/
2026-02-25T23:14:40+00:00,1rerkif,AskReddit,66.05,1,9,0.67,https://www.reddit.com/r/AskReddit/comments/1rerkif/serious_men_of_reddit_what_is_something_a_lot_of/
2026-02-25T23:14:40+00:00,1rerki4,AskReddit,66.07,0,20,0.44,https://www.reddit.com/r/AskReddit/comments/1rerki4/how_should_a_man_with_a_very_below_average_penis/
2026-02-25T23:14:40+00:00,1repxs0,AskReddit,126.37,0,8,0.4,https://www.reddit.com/r/AskReddit/comments/1repxs0/people_under_he_age_of_30_is_sex_sacred_to_you/
2026-02-25T23:14:40+00:00,1rerk3z,AskReddit,66.45,1,6,0.67,https://www.reddit.com/r/AskReddit/comments/1rerk3z/high_school_and_college_students_what_percentage/
2026-02-25T23:14:40+00:00,1reruj9,AskReddit,55.53,1,3,1.0,https://www.reddit.com/r/AskReddit/comments/1reruj9/what_occupation_do_you_think_is_way_better_than/
2026-02-25T23:14:45+00:00,1rertzs,AskReddit,56.15,1,2,1.0,https://www.reddit.com/r/AskReddit/comments/1rertzs/whats_a_habit_you_never_questioned_until_someone/
2026-02-25T23:14:45+00:00,1reru78,AskReddit,55.97,2,9,1.0,https://www.reddit.com/r/AskReddit/comments/1reru78/whats_a_side_hustle_that_has_made_you_a_good/
2026-02-25T23:14:50+00:00,1resdq8,AskReddit,35.65,69,124,0.96,https://www.reddit.com/r/AskReddit/comments/1resdq8/whats_the_best_relationship_advice_you_could_give/
2026-02-25T23:14:50+00:00,1res3oh,AskReddit,46.1,2,7,1.0,https://www.reddit.com/r/AskReddit/comments/1res3oh/what_job_looks_impressive_from_the_outside_but_is/
2026-02-25T23:14:50+00:00,1res4de,funny,45.32,1,2,0.6,https://www.reddit.com/r/funny/comments/1res4de/alright_imma_head_out/
2026-02-25T23:14:50+00:00,1reqrkr,AskReddit,96.0,0,5,0.5,https://www.reddit.com/r/AskReddit/comments/1reqrkr/whats_the_most_dangerous_thing_youve_ever_done/
2026-02-25T23:14:55+00:00,1reqryw,memes,95.67,7,1,1.0,https://www.reddit.com/r/memes/comments/1reqryw/quite_the_damp_patch/
2026-02-25T23:14:55+00:00,1res3na,AskReddit,46.23,0,1,0.33,https://www.reddit.com/r/AskReddit/comments/1res3na/what_false_narrative_made_you_popular_in_high/
2026-02-25T23:14:55+00:00,1reqr8a,AskReddit,96.43,2,17,0.67,https://www.reddit.com/r/AskReddit/comments/1reqr8a/how_would_you_get_one_million_people_to_give_you/
2026-02-25T23:15:00+00:00,1res44y,AskReddit,45.73,0,4,0.33,https://www.reddit.com/r/AskReddit/comments/1res44y/trump_signed_a_79b_education_funding_bill_into/
2026-02-25T23:15:00+00:00,1resdyh,AskReddit,35.58,3,27,1.0,https://www.reddit.com/r/AskReddit/comments/1resdyh/whats_your_favourite_dog_breed/
2026-02-25T23:15:00+00:00,1rerty0,AskReddit,56.45,1,14,0.6,https://www.reddit.com/r/AskReddit/comments/1rerty0/last_night_in_the_sotu_trump_said_voting_is_a/
2026-02-25T23:15:00+00:00,1res3l3,AskReddit,46.37,1,9,0.67,https://www.reddit.com/r/AskReddit/comments/1res3l3/how_do_you_feel_about_british_royal_family_after/
2026-02-25T23:15:05+00:00,1reqs41,AskReddit,95.68,1,23,0.67,https://www.reddit.com/r/AskReddit/comments/1reqs41/whats_a_clear_sign_that_someone_is_not_a_good/
2026-02-25T23:15:11+00:00,1resnny,AskReddit,25.62,1,2,1.0,https://www.reddit.com/r/AskReddit/comments/1resnny/what_is_great_advice_youve_received_just/
2026-02-25T23:15:16+00:00,1resxcp,AskReddit,15.2,0,0,0.29,https://www.reddit.com/r/AskReddit/comments/1resxcp/vegans_on_reddit_what_runs_through_your_mind_when/
2026-02-25T23:15:16+00:00,1resx86,AskReddit,15.3,2,1,0.75,https://www.reddit.com/r/AskReddit/comments/1resx86/what_is_a_harmless_truth_about_the_world_that_you/
2026-02-25T23:15:16+00:00,1reswyp,Music,15.55,0,0,0.33,https://www.reddit.com/r/Music/comments/1reswyp/looking_for_deleted_ai_youtube_song/
2026-02-25T23:15:21+00:00,1reswqp,AskReddit,15.87,1,3,0.67,https://www.reddit.com/r/AskReddit/comments/1reswqp/whats_a_good_hidden_gem_movie_for_the_middle_of/
2026-02-25T23:15:21+00:00,1resnz2,AskReddit,25.42,0,5,0.5,https://www.reddit.com/r/AskReddit/comments/1resnz2/people_who_havent_pooped_yet_in_2026_why_are_you/
2026-02-25T23:15:21+00:00,1reswln,AskReddit,16.03,0,1,0.5,https://www.reddit.com/r/AskReddit/comments/1reswln/what_was_it_like_on_911_for_people_who_were_in/
2026-02-25T23:15:21+00:00,1resxeg,aww,15.23,13,0,1.0,https://www.reddit.com/r/aww/comments/1resxeg/flying_squirrels_really_know_hot_to_melt_hearts/
2026-02-25T23:15:21+00:00,1reswog,movies,15.95,2,0,1.0,https://www.reddit.com/r/movies/comments/1reswog/my_five_favorite_interview_films/
2026-02-25T23:15:26+00:00,1rervdu,AskReddit,55.42,3,23,1.0,https://www.reddit.com/r/AskReddit/comments/1rervdu/whats_the_one_thing_that_completely_changed_your/
2026-02-25T23:15:26+00:00,1resnpw,AskReddit,25.82,1,14,0.67,https://www.reddit.com/r/AskReddit/comments/1resnpw/what_do_we_genuinely_do_if_ww3_started/
2026-02-25T23:15:26+00:00,1rerv2f,AskReddit,55.73,0,5,0.4,https://www.reddit.com/r/AskReddit/comments/1rerv2f/what_is_your_opinion_of_the_usa_mens_hockey_team/
2026-02-25T23:15:26+00:00,1rerlb7,AskReddit,65.9,0,8,0.5,https://www.reddit.com/r/AskReddit/comments/1rerlb7/how_did_harambes_code_written_nearly_4000_years/
2026-02-25T23:15:31+00:00,1ret75a,AskReddit,5.42,1,1,1.0,https://www.reddit.com/r/AskReddit/comments/1ret75a/whats_your_toxic_trait_in_friendships/
2026-02-25T23:15:31+00:00,1ret74f,AskReddit,5.43,1,2,1.0,https://www.reddit.com/r/AskReddit/comments/1ret74f/whats_the_most_recent_small_thing_someone_said_or/
2026-02-25T23:15:31+00:00,1ret6px,AskReddit,5.83,2,2,1.0,https://www.reddit.com/r/AskReddit/comments/1ret6px/whats_the_stupidest_thing_youve_done_while/
2026-02-25T23:15:31+00:00,1ret6w6,Music,5.68,1,0,1.0,https://www.reddit.com/r/Music/comments/1ret6w6/tim_eric_spaghetti_again_comedy/
2026-02-25T23:15:41+00:00,1rerlt0,movies,65.63,7,0,0.7,https://www.reddit.com/r/movies/comments/1rerlt0/baz_luhrmann_says_filming_australia_was_the_most/
2026-02-25T23:15:41+00:00,1rerlbt,memes,66.15,4,2,0.83,https://www.reddit.com/r/memes/comments/1rerlbt/im_with_the_cat/
2026-02-25T23:15:41+00:00,1resni4,AskReddit,26.3,2,6,1.0,https://www.reddit.com/r/AskReddit/comments/1resni4/whats_a_breakup_situation_where_you_genuinely/
2026-02-25T23:15:41+00:00,1repypp,AskReddit,126.42,10,31,0.92,https://www.reddit.com/r/AskReddit/comments/1repypp/what_is_the_most_unusual_country_you_have_visited/
2026-02-25T23:15:41+00:00,1reruvb,memes,56.2,5,1,1.0,https://www.reddit.com/r/memes/comments/1reruvb/i_love_spicy_food_but_not_when_i_get_hiccups/
2026-02-25T23:15:46+00:00,1rerlu6,AskReddit,65.68,2,11,1.0,https://www.reddit.com/r/AskReddit/comments/1rerlu6/whats_a_good_reason_or_your_reason_to_keep_going/
2026-02-25T23:15:46+00:00,1rerut9,aww,56.35,8,2,0.9,https://www.reddit.com/r/aww/comments/1rerut9/someones_hungry_he_eats_like_he_hasnt_been_fed_in/
2026-02-25T23:15:51+00:00,1res50b,AskReddit,45.68,0,8,0.5,https://www.reddit.com/r/AskReddit/comments/1res50b/at_what_age_gap_do_you_consider_it_creepy_for_an/
2026-02-25T23:15:56+00:00,1reruzt,AskReddit,56.32,1,12,1.0,https://www.reddit.com/r/AskReddit/comments/1reruzt/what_becomes_harder_once_you_grow_up/
2026-02-25T23:15:56+00:00,1resevv,AskReddit,35.53,2,13,1.0,https://www.reddit.com/r/AskReddit/comments/1resevv/what_do_you_miss_most_about_the_early_internet/
2026-02-25T23:15:56+00:00,1res53g,AskReddit,45.67,0,3,0.25,https://www.reddit.com/r/AskReddit/comments/1res53g/usa_and_iran_negotiations_tomorrow_what_should_we/
2026-02-25T23:16:01+00:00,1resecd,Music,36.17,0,0,0.5,https://www.reddit.com/r/Music/comments/1resecd/globebased_radio_explorer_that_autoskips_talk/
2026-02-25T23:16:01+00:00,1reqsno,movies,96.02,1963,225,0.98,https://www.reddit.com/r/movies/comments/1reqsno/paramount_posts_q4_loss_of_573_million/
2026-02-25T23:16:01+00:00,1resew8,AskReddit,35.62,1,2,1.0,https://www.reddit.com/r/AskReddit/comments/1resew8/whats_the_most_useful_thing_you_learned_from_a/
2026-02-25T23:16:11+00:00,1resenr,worldnews,36.02,16,4,0.81,https://www.reddit.com/r/worldnews/comments/1resenr/cuban_border_guards_attacked_by_speedboat/
2026-02-25T23:16:11+00:00,1reqsqr,Music,96.1,5,1,1.0,https://www.reddit.com/r/Music/comments/1reqsqr/the_cure_a_chain_of_flowers_rock/
2026-02-25T23:16:16+00:00,1resoyr,AskReddit,25.32,1,1,1.0,https://www.reddit.com/r/AskReddit/comments/1resoyr/people_with_chronic_back_pain_how_did_it_start/
2026-02-25T23:16:22+00:00,1resy3f,AskReddit,15.62,1,4,0.67,https://www.reddit.com/r/AskReddit/comments/1resy3f/what_is_so_bad_about_using_the_selfclean_button/
2026-02-25T23:16:22+00:00,1resoi0,AskReddit,25.92,1,10,0.67,https://www.reddit.com/r/AskReddit/comments/1resoi0/why_dont_you_just_snap_out_of_it/
2026-02-25T23:16:27+00:00,1resy73,Music,15.6,2,0,1.0,https://www.reddit.com/r/Music/comments/1resy73/donald_byrd_falling_like_dominoes_jazz_funk/
2026-02-25T23:16:27+00:00,1resosj,AskReddit,25.68,1,2,1.0,https://www.reddit.com/r/AskReddit/comments/1resosj/ford_focus_2010_16_tdi_engine_malfunction/
2026-02-25T23:16:27+00:00,1resy0q,worldnews,15.75,17,0,0.95,https://www.reddit.com/r/worldnews/comments/1resy0q/russia_disrupts_trumps_ukraine_talks_with_timed/
2026-02-25T23:16:32+00:00,1repzx6,AskReddit,126.05,1,5,1.0,https://www.reddit.com/r/AskReddit/comments/1repzx6/what_is_the_craziest_thing_youve_ever_seen_at_a/
2026-02-25T23:16:32+00:00,1req03p,AskReddit,125.87,3,36,1.0,https://www.reddit.com/r/AskReddit/comments/1req03p/what_would_a_stranger_say_if_they_saw_your/
2026-02-25T23:16:41+00:00,1ret7p7,AskReddit,6.0,1,9,0.56,https://www.reddit.com/r/AskReddit/comments/1ret7p7/people_who_enjoy_morning_sex_how_do_you_actually/
2026-02-25T23:16:41+00:00,1ret7nj,AskReddit,6.05,0,2,0.5,https://www.reddit.com/r/AskReddit/comments/1ret7nj/people_who_support_the_death_penalty_why/
2026-02-25T23:16:41+00:00,1ret7gq,AskReddit,6.23,0,1,0.5,https://www.reddit.com/r/AskReddit/comments/1ret7gq/whats_an_underrated_anime_more_people_need_to/
2026-02-25T23:16:41+00:00,1rermuu,AskReddit,65.57,2,5,1.0,https://www.reddit.com/r/AskReddit/comments/1rermuu/what_seemed_completely_normal_as_a_child_but_now/
2026-02-25T23:16:47+00:00,1rerw6t,memes,55.92,3,1,1.0,https://www.reddit.com/r/memes/comments/1rerw6t/sssshhh_zip_it/
2026-02-25T23:16:52+00:00,1rerw9w,worldnews,55.88,50,13,0.9,https://www.reddit.com/r/worldnews/comments/1rerw9w/trump_hits_iran_with_new_sanctions_ahead_of/
2026-02-25T23:16:52+00:00,1reqtid,Music,95.97,189,37,0.98,https://www.reddit.com/r/Music/comments/1reqtid/singer_d4vd_is_target_of_los_angeles_grand_jury/
2026-02-25T23:16:52+00:00,1res5w8,AskReddit,45.78,1,14,0.67,https://www.reddit.com/r/AskReddit/comments/1res5w8/when_did_you_first_smoke_weed_and_who_were_you/
2026-02-25T23:16:52+00:00,1res5py,AskReddit,45.97,0,10,0.5,https://www.reddit.com/r/AskReddit/comments/1res5py/if_your_pet_animal_spoke_to_you_how_would_you/
2026-02-25T23:16:52+00:00,1resg7g,AskReddit,35.08,1,2,1.0,https://www.reddit.com/r/AskReddit/comments/1resg7g/what_have_you_always_wanted_to_try/
2026-02-25T23:16:57+00:00,1reqtsx,AskReddit,95.77,0,54,0.42,https://www.reddit.com/r/AskReddit/comments/1reqtsx/what_is_the_meaning_of_having_a_womans_body_if_we/
2026-02-25T23:16:57+00:00,1reqtjx,AskReddit,96.02,0,4,0.43,https://www.reddit.com/r/AskReddit/comments/1reqtjx/what_are_the_best_sites_etc_to_sign_someones/
2026-02-25T23:17:02+00:00,1res693,AskReddit,45.57,0,8,0.18,https://www.reddit.com/r/AskReddit/comments/1res693/whats_your_secret_to_have_a_great_scat_sex/
2026-02-25T23:17:02+00:00,1res665,AskReddit,45.65,0,12,0.5,https://www.reddit.com/r/AskReddit/comments/1res665/would_you_say_theres_a_severe_lack_of_empathy_in/
2026-02-25T23:17:08+00:00,1resfnv,AskReddit,35.92,3,2,1.0,https://www.reddit.com/r/AskReddit/comments/1resfnv/whats_the_lowest_point_youve_ever_been_in_your/
2026-02-25T23:17:13+00:00,1reqtub,AskReddit,95.98,185,470,0.95,https://www.reddit.com/r/AskReddit/comments/1reqtub/whats_something_harmless_that_gets_people_weirdly/
2026-02-25T23:17:13+00:00,1respal,aww,25.92,6,0,1.0,https://www.reddit.com/r/aww/comments/1respal/local_street_king_claiming_new_territory_my_car/
2026-02-25T23:17:13+00:00,1respf6,AskReddit,25.77,1,3,1.0,https://www.reddit.com/r/AskReddit/comments/1respf6/denizens_of_reddit_with_strange_phobias_what/
2026-02-25T23:17:13+00:00,1respl2,AskReddit,25.6,2,5,1.0,https://www.reddit.com/r/AskReddit/comments/1respl2/what_do_your_days_off_look_like/
2026-02-25T23:17:23+00:00,1resyrb,AskReddit,16.02,2,7,0.75,https://www.reddit.com/r/AskReddit/comments/1resyrb/where_were_you_on_911/
2026-02-25T23:17:23+00:00,1rerncr,AskReddit,65.78,0,9,0.25,https://www.reddit.com/r/AskReddit/comments/1rerncr/girl_to_girl_lets_not_gatekeep_whats_a_feminine/
2026-02-25T23:17:23+00:00,1reszdf,AskReddit,15.38,1,6,0.67,https://www.reddit.com/r/AskReddit/comments/1reszdf/whats_a_minor_skill_youve_always_wanted_to_pick/
2026-02-25T23:17:28+00:00,1resz2k,AskReddit,15.78,1,9,0.6,https://www.reddit.com/r/AskReddit/comments/1resz2k/what_advice_would_you_give_too_somebody_who_is/
2026-02-25T23:17:33+00:00,1renjvt,worldnews,216.12,513,318,0.89,https://www.reddit.com/r/worldnews/comments/1renjvt/us_sends_deadliest_fighter_jets_to_israel_as_iran/
2026-02-25T23:17:33+00:00,1rek0u2,aww,337.62,17,0,1.0,https://www.reddit.com/r/aww/comments/1rek0u2/the_man_of_the_house_resting_from_hard_work/
2026-02-25T23:17:33+00:00,1rerna5,aww,66.02,32,0,1.0,https://www.reddit.com/r/aww/comments/1rerna5/these_girls_love_each_other_so_much/
2026-02-25T23:17:33+00:00,1reknmr,worldnews,316.08,26,2,0.73,https://www.reddit.com/r/worldnews/comments/1reknmr/us_embassy_to_offer_its_first_consular_services/
2026-02-25T23:17:33+00:00,1rejmwo,worldnews,350.67,372,18,0.99,https://www.reddit.com/r/worldnews/comments/1rejmwo/spain_declassifies_files_on_1981_attempted_coup/
2026-02-25T23:17:33+00:00,1ren9bm,gaming,226.83,1768,167,0.97,https://www.reddit.com/r/gaming/comments/1ren9bm/ubisoft_suffers_major_talent_drain_because_theyre/
2026-02-25T23:17:33+00:00,1reok9f,Music,179.9,7,0,1.0,https://www.reddit.com/r/Music/comments/1reok9f/alan_parsons_project_sirius_eye_in_the_sky_rock/
2026-02-25T23:17:33+00:00,1renen4,science,221.35,72,2,0.89,https://www.reddit.com/r/science/comments/1renen4/almost_1in3_american_adolescents_has_diabetes_or/
2026-02-25T23:17:33+00:00,1ret9al,AskReddit,5.18,2,1,1.0,https://www.reddit.com/r/AskReddit/comments/1ret9al/what_album_did_you_listen_to_while_going_through/
2026-02-25T23:17:33+00:00,1ret91g,gaming,5.43,6,6,0.69,https://www.reddit.com/r/gaming/comments/1ret91g/polygon_published_this/
2026-02-25T23:17:33+00:00,1ret8rc,memes,5.77,1,0,1.0,https://www.reddit.com/r/memes/comments/1ret8rc/downfall_of_unreal_engine/
2026-02-25T23:17:43+00:00,1ren5o4,funny,230.52,166,17,0.93,https://www.reddit.com/r/funny/comments/1ren5o4/i_said_dentist_appointment/
2026-02-25T23:17:43+00:00,1relf83,funny,290.42,295,11,0.9,https://www.reddit.com/r/funny/comments/1relf83/everything/
2026-02-25T23:17:43+00:00,1rep724,AskReddit,156.6,5,16,1.0,https://www.reddit.com/r/AskReddit/comments/1rep724/whats_the_most_unprofessional_thing_youve_seen_at/
2026-02-25T23:17:43+00:00,1remsr5,memes,242.98,0,4,0.38,https://www.reddit.com/r/memes/comments/1remsr5/ok_boomers/
2026-02-25T23:17:43+00:00,1refia1,gaming,497.63,815,327,0.94,https://www.reddit.com/r/gaming/comments/1refia1/resident_evil_requiem_review_thread/
2026-02-25T23:17:43+00:00,1remrzo,movies,243.68,1,0,0.55,https://www.reddit.com/r/movies/comments/1remrzo/new_york_international_childrens_film_festival/
2026-02-25T23:17:43+00:00,1relwl0,memes,273.58,7,3,0.89,https://www.reddit.com/r/memes/comments/1relwl0/suffering_from_severe_intellectualitythey_say/
2026-02-25T23:17:43+00:00,1ren2wf,movies,233.25,4,34,0.52,https://www.reddit.com/r/movies/comments/1ren2wf/why_the_prestige_2006_still_deserves_more/
2026-02-25T23:17:43+00:00,1rej5kk,movies,367.43,994,297,0.88,https://www.reddit.com/r/movies/comments/1rej5kk/the_fall_and_rise_of_scream_7_a_fired_star_a_500k/
2026-02-25T23:17:43+00:00,1reodm9,funny,186.72,623,70,0.98,https://www.reddit.com/r/funny/comments/1reodm9/the_town_of_mexico_missouri_was_named_after/
2026-02-25T23:17:43+00:00,1refkug,funny,495.25,0,3,0.25,https://www.reddit.com/r/funny/comments/1refkug/look_out_behind_you/
2026-02-25T23:17:43+00:00,1remx55,aww,238.83,66,2,0.97,https://www.reddit.com/r/aww/comments/1remx55/the_beautiful_margot_from_our_shelter/
2026-02-25T23:17:43+00:00,1reltj6,worldnews,276.62,44,1,0.81,https://www.reddit.com/r/worldnews/comments/1reltj6/sri_lanka_navy_and_coast_guard_seize_4_indian/
2026-02-25T23:17:43+00:00,1rejc8a,worldnews,361.0,130,83,0.81,https://www.reddit.com/r/worldnews/comments/1rejc8a/propahlavi_chants_on_campus_mark_historic_shift/
2026-02-25T23:17:43+00:00,1rem4vs,todayilearned,265.87,109,7,0.98,https://www.reddit.com/r/todayilearned/comments/1rem4vs/til_about_lodoicea_maldivica_a_palm_tree_with/
2026-02-25T23:17:43+00:00,1relyaq,Music,271.92,0,2,0.2,https://www.reddit.com/r/Music/comments/1relyaq/blues_verses_soft_metal/
2026-02-25T23:17:43+00:00,1remo7e,aww,247.25,3,0,0.72,https://www.reddit.com/r/aww/comments/1remo7e/good_morning/
2026-02-25T23:17:43+00:00,1rene4r,memes,222.05,13,5,0.76,https://www.reddit.com/r/memes/comments/1rene4r/man_i_am_so_sick_of_february/
2026-02-25T23:17:43+00:00,1ren5dx,memes,230.77,10,3,0.92,https://www.reddit.com/r/memes/comments/1ren5dx/youtube_is_ran_by_morons/
2026-02-25T23:17:43+00:00,1renpzq,todayilearned,210.12,1994,77,0.98,https://www.reddit.com/r/todayilearned/comments/1renpzq/til_roughly_100000_african_elephants_were_killed/
2026-02-25T23:17:43+00:00,1reiiu5,todayilearned,389.28,23048,715,0.98,https://www.reddit.com/r/todayilearned/comments/1reiiu5/til_that_cancún_didnt_exist_until_1970_its/
2026-02-25T23:17:43+00:00,1rem646,movies,264.73,3,2,0.66,https://www.reddit.com/r/movies/comments/1rem646/emily_carey_martin_freeman_sam_spruell_to_star_in/
2026-02-25T23:17:43+00:00,1renjmz,science,216.52,27,4,0.86,https://www.reddit.com/r/science/comments/1renjmz/climate_change_could_threaten_monarch_mass/
2026-02-25T23:17:43+00:00,1rep6r5,AskReddit,156.92,97,221,0.98,https://www.reddit.com/r/AskReddit/comments/1rep6r5/whats_something_society_treats_as_embarrassing/
2026-02-25T23:17:43+00:00,1ren1tm,worldnews,234.32,96,17,0.74,https://www.reddit.com/r/worldnews/comments/1ren1tm/human_rights_protections_for_transgender_kiwis/
2026-02-25T23:17:43+00:00,1rejnnh,gaming,350.13,3978,226,0.97,https://www.reddit.com/r/gaming/comments/1rejnnh/someone_at_xbox_testing_in_production_brave/
2026-02-25T23:17:43+00:00,1rencdi,Music,223.9,86,22,0.8,https://www.reddit.com/r/Music/comments/1rencdi/highly_suspect_my_name_is_human_indie_rock/
2026-02-25T23:17:43+00:00,1ren7st,Music,228.38,0,13,0.43,https://www.reddit.com/r/Music/comments/1ren7st/your_top_10_songs_off_all_time/
2026-02-25T23:17:43+00:00,1relh2m,Music,288.63,17,0,1.0,https://www.reddit.com/r/Music/comments/1relh2m/kraftwerk_tour_de_france_electronic_1983/
2026-02-25T23:17:43+00:00,1remmor,aww,248.67,196,6,1.0,https://www.reddit.com/r/aww/comments/1remmor/cats_are_now_tolerant_roommates_yay_thank_you/
2026-02-25T23:17:43+00:00,1remtpy,worldnews,242.07,797,192,0.97,https://www.reddit.com/r/worldnews/comments/1remtpy/armed_confrontation_in_cuban_waters_leaves_four/
2026-02-25T23:17:43+00:00,1remcor,movies,258.23,15,5,0.66,https://www.reddit.com/r/movies/comments/1remcor/david_f_sandberg_to_direct_horror_film_a_little/
2026-02-25T23:17:43+00:00,1rejn79,movies,350.55,19,7,0.77,https://www.reddit.com/r/movies/comments/1rejn79/new_luther_movie_casts_stephen_dillane_anya/
2026-02-25T23:17:43+00:00,1reja5y,movies,362.98,0,16,0.44,https://www.reddit.com/r/movies/comments/1reja5y/favorite_animated_films_from_these_famous_studios/
2026-02-25T23:17:43+00:00,1relhnk,memes,288.07,1,0,0.6,https://www.reddit.com/r/memes/comments/1relhnk/classic_faces/
2026-02-25T23:17:48+00:00,1remn9c,Music,248.23,2,0,0.76,https://www.reddit.com/r/Music/comments/1remn9c/suicidal_tendencies_enter_shikari_counterparts/
2026-02-25T23:17:48+00:00,1remcq7,Music,258.27,1838,60,0.98,https://www.reddit.com/r/Music/comments/1remcq7/driver_who_killed_dixie_chicks_founding_member/
2026-02-25T23:17:48+00:00,1refwx8,funny,482.87,1132,73,0.96,https://www.reddit.com/r/funny/comments/1refwx8/it_works_as_long_as_it_makes_noise/
2026-02-25T23:17:48+00:00,1refry7,worldnews,487.9,222,7,0.95,https://www.reddit.com/r/worldnews/comments/1refry7/russias_transneft_cuts_oil_intake_after_ukrainian/
2026-02-25T23:17:48+00:00,1ren12l,aww,235.13,709,14,1.0,https://www.reddit.com/r/aww/comments/1ren12l/my_cats_keeping_me_company_today/
2026-02-25T23:17:48+00:00,1req12z,AskReddit,126.08,1,2,1.0,https://www.reddit.com/r/AskReddit/comments/1req12z/whats_your_1_gripe_today/
2026-02-25T23:17:48+00:00,1relx18,funny,273.22,1226,34,0.94,https://www.reddit.com/r/funny/comments/1relx18/interrupting_cow/
2026-02-25T23:17:48+00:00,1renfrv,worldnews,220.57,6568,594,0.97,https://www.reddit.com/r/worldnews/comments/1renfrv/cuba_says_four_shot_dead_on_usregistered_speedboat/
2026-02-25T23:17:48+00:00,1rek1tz,worldnews,336.97,54,2,0.81,https://www.reddit.com/r/worldnews/comments/1rek1tz/ecuador_withdraws_from_un_palestinian_rights/
2026-02-25T23:17:48+00:00,1rejfdg,worldnews,358.12,29,3,0.76,https://www.reddit.com/r/worldnews/comments/1rejfdg/germany_urges_iran_to_engage_constructively_in/
2026-02-25T23:17:48+00:00,1relbgg,gaming,294.1,151,48,0.86,https://www.reddit.com/r/gaming/comments/1relbgg/mortal_kombat_ii_official_trailer_ii/
2026-02-25T23:17:48+00:00,1rekibd,worldnews,321.38,70,24,0.72,https://www.reddit.com/r/worldnews/comments/1rekibd/speaker_of_the_knesset_medal_pm_modi_conferred/
2026-02-25T23:17:48+00:00,1renp9d,gaming,210.95,0,28,0.24,https://www.reddit.com/r/gaming/comments/1renp9d/development_update_overwatch_rush/
2026-02-25T23:17:48+00:00,1remb4e,aww,259.88,20,1,0.84,https://www.reddit.com/r/aww/comments/1remb4e/charlie/
2026-02-25T23:17:48+00:00,1rel6ka,aww,298.58,59,3,0.99,https://www.reddit.com/r/aww/comments/1rel6ka/cute_baby/
2026-02-25T23:17:48+00:00,1rekknw,movies,318.97,0,14,0.24,https://www.reddit.com/r/movies/comments/1rekknw/which_films_in_your_opinion_are_excellent_but/
2026-02-25T23:17:48+00:00,1ren2qg,memes,233.48,2,3,0.63,https://www.reddit.com/r/memes/comments/1ren2qg/run_for_you_lives/
2026-02-25T23:17:48+00:00,1rerx8w,todayilearned,55.8,3,0,0.67,https://www.reddit.com/r/todayilearned/comments/1rerx8w/til_peter_gabriel_rode_a_bicycle_around_the_stage/
2026-02-25T23:17:48+00:00,1rerxmg,aww,55.38,14,1,1.0,https://www.reddit.com/r/aww/comments/1rerxmg/my_love_bug/
2026-02-25T23:17:48+00:00,1reneu0,gaming,221.4,5,44,0.61,https://www.reddit.com/r/gaming/comments/1reneu0/whats_your_favorite_bullet_hell_genre_game/
2026-02-25T23:17:48+00:00,1reiist,todayilearned,389.4,1248,250,0.87,https://www.reddit.com/r/todayilearned/comments/1reiist/til_erotic_photography_started_in_1839_nsfw/
2026-02-25T23:17:48+00:00,1renovk,Music,211.3,1,0,0.67,https://www.reddit.com/r/Music/comments/1renovk/feeder_high_alternative_rock_1998/
2026-02-25T23:17:48+00:00,1renitf,memes,217.42,12,2,0.83,https://www.reddit.com/r/memes/comments/1renitf/why_are_cats_like_this/
2026-02-25T23:17:48+00:00,1rem7us,memes,263.22,1501,56,0.98,https://www.reddit.com/r/memes/comments/1rem7us/alchemy_is_truly_alive_and_well/
2026-02-25T23:17:53+00:00,1reirms,todayilearned,380.73,47,0,0.9,https://www.reddit.com/r/todayilearned/comments/1reirms/til_that_in_ww2_canada_trained_a_group_of_covert/
2026-02-25T23:17:53+00:00,1renniq,Music,212.77,2,0,1.0,https://www.reddit.com/r/Music/comments/1renniq/night_tapes_swordsman_audiotree_live_performance/
2026-02-25T23:17:53+00:00,1relsve,aww,277.4,118,8,0.98,https://www.reddit.com/r/aww/comments/1relsve/its_her_birthday/
2026-02-25T23:17:53+00:00,1rekmts,movies,317.12,1787,276,0.95,https://www.reddit.com/r/movies/comments/1rekmts/new_poster_for_mortal_kombat_ii/
2026-02-25T23:17:53+00:00,1rels49,memes,278.13,1279,34,0.96,https://www.reddit.com/r/memes/comments/1rels49/this_design/
2026-02-25T23:17:53+00:00,1reldb2,memes,292.45,0,10,0.41,https://www.reddit.com/r/memes/comments/1reldb2/they_were_deported/
2026-02-25T23:17:53+00:00,1reilak,science,387.02,9,3,0.7,https://www.reddit.com/r/science/comments/1reilak/mystery_of_snowmanshaped_space_objects_cracked/
2026-02-25T23:17:53+00:00,1rerxjw,AskReddit,55.53,2,6,1.0,https://www.reddit.com/r/AskReddit/comments/1rerxjw/whats_the_last_gift_you_gave_yourself/
2026-02-25T23:17:53+00:00,1rep57u,AskReddit,158.62,2,17,0.63,https://www.reddit.com/r/AskReddit/comments/1rep57u/whats_yalls_favorite_video_game/
2026-02-25T23:17:53+00:00,1reiiwc,gaming,389.38,0,46,0.33,https://www.reddit.com/r/gaming/comments/1reiiwc/your_take_on_good_video_game_movies/
2026-02-25T23:17:53+00:00,1rel9g4,aww,296.07,520,9,0.99,https://www.reddit.com/r/aww/comments/1rel9g4/my_majestic_battlescarred_old_boy/
2026-02-25T23:17:53+00:00,1relr7t,science,279.0,92,23,0.89,https://www.reddit.com/r/science/comments/1relr7t/sperm_swim_more_quickly_in_summer_study_finds/
2026-02-25T23:17:53+00:00,1rejwjp,worldnews,341.93,0,19,0.41,https://www.reddit.com/r/worldnews/comments/1rejwjp/donald_trump_on_indiapak_prez_says_pakistan_pm/
2026-02-25T23:17:53+00:00,1rekx5q,aww,307.58,65,6,0.95,https://www.reddit.com/r/aww/comments/1rekx5q/my_cute_smiley_boy_pilot_is_nearly_2_and_would/
2026-02-25T23:17:53+00:00,1rekoip,movies,315.62,1826,518,0.95,https://www.reddit.com/r/movies/comments/1rekoip/mortal_kombat_ii_official_trailer_ii/
2026-02-25T23:17:53+00:00,1ren01a,memes,236.28,0,13,0.42,https://www.reddit.com/r/memes/comments/1ren01a/i_think_humanity_might_have_already_lost_any/
2026-02-25T23:17:53+00:00,1rem6zf,memes,264.12,10,6,0.87,https://www.reddit.com/r/memes/comments/1rem6zf/who_knew_as_an_adult_that_my_biggest_op_would_be/
2026-02-25T23:17:53+00:00,1requ68,AskReddit,96.3,4,12,0.83,https://www.reddit.com/r/AskReddit/comments/1requ68/ladies_and_gentlemen_how_are_you_feeling_on_this/
2026-02-25T23:17:53+00:00,1res6gz,Music,46.22,1,0,1.0,https://www.reddit.com/r/Music/comments/1res6gz/album_updates_additions_feb_25_2026/
2026-02-25T23:17:53+00:00,1rejv0f,funny,343.4,1300,40,0.97,https://www.reddit.com/r/funny/comments/1rejv0f/press_x_to_dispense_treats/
2026-02-25T23:17:53+00:00,1renjfm,Music,216.87,0,18,0.2,https://www.reddit.com/r/Music/comments/1renjfm/red_clay_highway_sparks_on_the_tailgate_country/
2026-02-25T23:17:53+00:00,1relbc5,Music,294.28,1,1,1.0,https://www.reddit.com/r/Music/comments/1relbc5/tina_turner_when_the_heartache_is_over_dancerock/
2026-02-25T23:17:53+00:00,1reodl7,aww,186.92,29,0,0.94,https://www.reddit.com/r/aww/comments/1reodl7/sleepy_kitties_in_the_window_of_the_local_thai/
2026-02-25T23:17:53+00:00,1reimyn,science,385.33,1187,115,0.98,https://www.reddit.com/r/science/comments/1reimyn/a_new_projection_study_estimates_that_nearly_a/
2026-02-25T23:17:53+00:00,1rep5cj,AskReddit,158.5,0,2,0.33,https://www.reddit.com/r/AskReddit/comments/1rep5cj/now_that_millions_of_documents_related_to_the/
2026-02-25T23:17:53+00:00,1remnwg,Music,247.73,3,0,1.0,https://www.reddit.com/r/Music/comments/1remnwg/ingrown_to_tour_the_us_this_spring_with_mask/
2026-02-25T23:17:53+00:00,1ren1hv,movies,234.8,651,213,0.89,https://www.reddit.com/r/movies/comments/1ren1hv/i_think_the_fifth_element_is_a_perfect_movie_and/
2026-02-25T23:17:53+00:00,1rempc5,movies,246.4,13,112,0.63,https://www.reddit.com/r/movies/comments/1rempc5/movies_that_are_way_better_on_the_big_screen/
2026-02-25T23:17:53+00:00,1rejaio,movies,362.78,0,31,0.44,https://www.reddit.com/r/movies/comments/1rejaio/what_are_the_best_javier_bardem_movies/
2026-02-25T23:17:53+00:00,1requos,gaming,95.77,158,37,0.96,https://www.reddit.com/r/gaming/comments/1requos/resident_evil_requiem_is_the_highest_rated_new/
2026-02-25T23:17:59+00:00,1rem2tg,worldnews,267.97,54,9,0.77,https://www.reddit.com/r/worldnews/comments/1rem2tg/isis_teaching_recruits_how_to_use_ai_responsibly/
2026-02-25T23:17:59+00:00,1remofk,aww,247.32,8,0,0.91,https://www.reddit.com/r/aww/comments/1remofk/gelada_baboons/
2026-02-25T23:17:59+00:00,1rem3db,memes,267.48,50,1,0.96,https://www.reddit.com/r/memes/comments/1rem3db/you_have_her_eyes/
2026-02-25T23:17:59+00:00,1reoalh,aww,189.98,18,1,0.93,https://www.reddit.com/r/aww/comments/1reoalh/eevee_used_rest_its_super_effective/
2026-02-25T23:17:59+00:00,1rekwjp,aww,308.2,13,1,0.88,https://www.reddit.com/r/aww/comments/1rekwjp/her_thoughts_as_i_climbed_onto_thus_sofa/
2026-02-25T23:17:59+00:00,1renj4s,movies,217.27,0,4,0.25,https://www.reddit.com/r/movies/comments/1renj4s/marc_platt_produced_movies/
2026-02-25T23:17:59+00:00,1rem3c7,memes,267.52,6,5,0.69,https://www.reddit.com/r/memes/comments/1rem3c7/damn_bro/
2026-02-25T23:17:59+00:00,1rep7h8,AskReddit,156.43,18,14,0.58,https://www.reddit.com/r/AskReddit/comments/1rep7h8/if_you_have_only_fans_how_do_you_deal_with_the/
2026-02-25T23:17:59+00:00,1rep6a5,AskReddit,157.63,1,3,1.0,https://www.reddit.com/r/AskReddit/comments/1rep6a5/which_scifi_movietv_show_clothes_better_fit_your/
2026-02-25T23:17:59+00:00,1relo65,gaming,282.12,0,30,0.35,https://www.reddit.com/r/gaming/comments/1relo65/resident_evil_requiem_often_uses_8gb_of_vram_at/
2026-02-25T23:17:59+00:00,1rena65,aww,226.42,11,4,0.8,https://www.reddit.com/r/aww/comments/1rena65/he_is_so_done_with_today/
2026-02-25T23:17:59+00:00,1remm9k,aww,249.37,12,0,0.84,https://www.reddit.com/r/aww/comments/1remm9k/shifu_loves_this_kinda_sunny_days/
2026-02-25T23:17:59+00:00,1reoj3r,worldnews,181.47,23,2,0.71,https://www.reddit.com/r/worldnews/comments/1reoj3r/métis_leaders_unveil_1920s_model_dog_sled/
2026-02-25T23:17:59+00:00,1reikvr,todayilearned,387.55,320,21,0.94,https://www.reddit.com/r/todayilearned/comments/1reikvr/til_about_lionel_crabb_a_royal_navy_diver_who/
2026-02-25T23:17:59+00:00,1renmyl,memes,213.42,49,6,0.9,https://www.reddit.com/r/memes/comments/1renmyl/now_were_free_fallin/
2026-02-25T23:17:59+00:00,1renkzo,science,215.42,786,12,0.98,https://www.reddit.com/r/science/comments/1renkzo/neurosurgeons_are_really_good_at_removing_brain/
2026-02-25T23:17:59+00:00,1remcak,aww,258.92,13,1,1.0,https://www.reddit.com/r/aww/comments/1remcak/bert_my_tripod_kitty/
2026-02-25T23:17:59+00:00,1ren8r6,memes,227.77,0,19,0.49,https://www.reddit.com/r/memes/comments/1ren8r6/pov_breaking_a_bone/
2026-02-25T23:17:59+00:00,1rejs9s,worldnews,346.02,754,68,0.96,https://www.reddit.com/r/worldnews/comments/1rejs9s/ukraine_to_cover_4000_km_of_roads_with_antidrone/
2026-02-25T23:17:59+00:00,1reiv5g,worldnews,377.35,43,12,0.75,https://www.reddit.com/r/worldnews/comments/1reiv5g/carney_to_travel_to_india_with_very_good_image/
2026-02-25T23:17:59+00:00,1rel39a,aww,301.87,82,9,1.0,https://www.reddit.com/r/aww/comments/1rel39a/pov_you_are_about_to_touch_the_belly/
2026-02-25T23:17:59+00:00,1rem0rb,movies,269.87,3,1,0.56,https://www.reddit.com/r/movies/comments/1rem0rb/bluff_and_extraction_2_cinematographer_is_annoying/
2026-02-25T23:17:59+00:00,1rejvh4,movies,343.05,0,22,0.46,https://www.reddit.com/r/movies/comments/1rejvh4/1_give_me_your_favorite_actiondrama_film_of_all/
2026-02-25T23:17:59+00:00,1resh0c,AskReddit,35.35,1,2,1.0,https://www.reddit.com/r/AskReddit/comments/1resh0c/how_much_mobile_data_do_you_use_each_month_and/
2026-02-25T23:18:04+00:00,1reniih,Music,217.97,0,6,0.1,https://www.reddit.com/r/Music/comments/1reniih/kanye_wests_spokesperson_milo_yiannopolous_ye/
2026-02-25T23:18:04+00:00,1rerxfd,AskReddit,55.85,1,1,1.0,https://www.reddit.com/r/AskReddit/comments/1rerxfd/what_separates_average_sex_from_great_sex/
2026-02-25T23:18:04+00:00,1rerx2w,aww,56.23,8,2,1.0,https://www.reddit.com/r/aww/comments/1rerx2w/sister_love_the_new_babies/
2026-02-25T23:18:04+00:00,1rempt4,memes,246.15,83,20,0.82,https://www.reddit.com/r/memes/comments/1rempt4/omelet_du_frommage/
2026-02-25T23:18:04+00:00,1reoe52,movies,186.52,4,1,0.66,https://www.reddit.com/r/movies/comments/1reoe52/before_the_godfather_the_real_meeting_at_castello/
2026-02-25T23:18:04+00:00,1resgas,Music,36.2,41,54,0.82,https://www.reddit.com/r/Music/comments/1resgas/why_hasnt_huey_lewis_and_the_news_been_inducted/
2026-02-25T23:18:04+00:00,1remcg7,funny,258.83,0,4,0.3,https://www.reddit.com/r/funny/comments/1remcg7/explosive/
2026-02-25T23:18:04+00:00,1rekgig,science,323.37,129,43,0.8,https://www.reddit.com/r/science/comments/1rekgig/higher_intakes_of_total_processed_and_unprocessed/
2026-02-25T23:18:09+00:00,1rekxx7,movies,307.12,30,64,0.77,https://www.reddit.com/r/movies/comments/1rekxx7/the_one/
2026-02-25T23:18:09+00:00,1rem98q,memes,262.12,674,53,0.93,https://www.reddit.com/r/memes/comments/1rem98q/universal_guide_for_buying_anything_in_todays/
2026-02-25T23:18:09+00:00,1reog03,science,184.72,327,14,0.98,https://www.reddit.com/r/science/comments/1reog03/a_recent_article_that_reviewed_evidence_from_29/
2026-02-25T23:18:09+00:00,1resgjs,AskReddit,36.02,1,5,1.0,https://www.reddit.com/r/AskReddit/comments/1resgjs/whats_your_favorite_country_and_why/
2026-02-25T23:18:09+00:00,1reku2y,aww,310.68,8,2,0.73,https://www.reddit.com/r/aww/comments/1reku2y/i_very_love_small_dog/
2026-02-25T23:18:09+00:00,1rekr0e,aww,313.6,12,3,1.0,https://www.reddit.com/r/aww/comments/1rekr0e/he_is_living_his_best_life/
2026-02-25T23:18:09+00:00,1rep64c,memes,157.98,9,1,1.0,https://www.reddit.com/r/memes/comments/1rep64c/time_to_hit_the_road/
2026-02-25T23:18:09+00:00,1requmq,AskReddit,96.08,1,17,0.67,https://www.reddit.com/r/AskReddit/comments/1requmq/what_is_legal_but_still_messed_up_to_do/
2026-02-25T23:18:09+00:00,1requf5,AskReddit,96.35,9,44,0.8,https://www.reddit.com/r/AskReddit/comments/1requf5/what_do_you_think_happens_after_we_die/
2026-02-25T23:18:15+00:00,1reoftw,gaming,184.98,394,202,0.9,https://www.reddit.com/r/gaming/comments/1reoftw/loot_box_litigation_new_york_attorney_general/
2026-02-25T23:18:15+00:00,1resgy9,AskReddit,35.68,1,1,1.0,https://www.reddit.com/r/AskReddit/comments/1resgy9/what_are_you_feeling_today/
2026-02-25T23:18:15+00:00,1rekem0,funny,325.37,2560,13,0.97,https://www.reddit.com/r/funny/comments/1rekem0/oc_must_be/
2026-02-25T23:18:15+00:00,1resqt0,AskReddit,25.23,0,1,0.2,https://www.reddit.com/r/AskReddit/comments/1resqt0/how_do_you_get_a_pickle_out_of_a_vending_machine/
2026-02-25T23:18:15+00:00,1reofzh,aww,184.82,59,21,0.96,https://www.reddit.com/r/aww/comments/1reofzh/he_loves_the_water_and_never_misses_a_walk/
2026-02-25T23:18:15+00:00,1reiovl,worldnews,383.8,35,3,0.77,https://www.reddit.com/r/worldnews/comments/1reiovl/rubio_begins_talks_with_caribbean_leaders_amid/
2026-02-25T23:18:15+00:00,1remrsu,Music,244.4,0,6,0.35,https://www.reddit.com/r/Music/comments/1remrsu/spice_girls_night_on_the_masked_singer/
2026-02-25T23:18:15+00:00,1reimnd,science,385.98,343,17,0.96,https://www.reddit.com/r/science/comments/1reimnd/chinese_scientists_successfully_built_an_aqueous/
2026-02-25T23:18:20+00:00,1resqn8,AskReddit,25.5,4,9,1.0,https://www.reddit.com/r/AskReddit/comments/1resqn8/whats_something_you_learned_too_late_in_life/
2026-02-25T23:18:20+00:00,1ret033,AskReddit,15.6,2,11,1.0,https://www.reddit.com/r/AskReddit/comments/1ret033/whats_a_mistake_youll_never_make_again/
2026-02-25T23:18:25+00:00,1req2aw,memes,125.48,0,4,0.33,https://www.reddit.com/r/memes/comments/1req2aw/bro_shouldve_just_focused_in_his_goals_instead_of/
2026-02-25T23:18:25+00:00,1ret0dc,AskReddit,15.37,0,3,0.5,https://www.reddit.com/r/AskReddit/comments/1ret0dc/911_operators_whats_the_weirdest_reasons_people/
2026-02-25T23:18:30+00:00,1reszwb,AskReddit,15.95,1,2,1.0,https://www.reddit.com/r/AskReddit/comments/1reszwb/whats_a_smell_that_instantly_takes_you_back_to/
2026-02-25T23:18:30+00:00,1reszlh,AskReddit,16.28,1,5,0.67,https://www.reddit.com/r/AskReddit/comments/1reszlh/what_is_a_harmless_lie_your_parents_told_you_as_a/
2026-02-25T23:18:30+00:00,1reroj1,memes,65.7,9,8,0.76,https://www.reddit.com/r/memes/comments/1reroj1/ts_so_real/
2026-02-25T23:18:30+00:00,1ret09v,AskReddit,15.55,0,4,0.5,https://www.reddit.com/r/AskReddit/comments/1ret09v/what_is_the_fattest_thing_youve_done_this_week/
2026-02-25T23:18:35+00:00,1rerx2j,AskReddit,56.77,0,3,0.5,https://www.reddit.com/r/AskReddit/comments/1rerx2j/how_do_you_think_canadas_military_aid_will_impact/
2026-02-25T23:18:35+00:00,1rero47,AskReddit,66.22,1,8,1.0,https://www.reddit.com/r/AskReddit/comments/1rero47/whats_the_biggest_letdown_about_being_an_adult/
2026-02-25T23:18:35+00:00,1reta76,funny,5.22,1,1,1.0,https://www.reddit.com/r/funny/comments/1reta76/boyohboyohboy/
2026-02-25T23:18:35+00:00,1reta1r,AskReddit,5.4,1,0,1.0,https://www.reddit.com/r/AskReddit/comments/1reta1r/exextremists_of_reddit_whats_your_story/
2026-02-25T23:18:35+00:00,1ret9rp,AskReddit,5.7,0,0,0.5,https://www.reddit.com/r/AskReddit/comments/1ret9rp/whats_a_harmless_human_habit_that_would_break_an/
2026-02-25T23:18:35+00:00,1ret9ph,AskReddit,5.78,1,1,1.0,https://www.reddit.com/r/AskReddit/comments/1ret9ph/if_you_were_a_genie_how_would_you_get_back_at/
2026-02-25T23:18:35+00:00,1ret9ub,Music,5.6,1,0,0.67,https://www.reddit.com/r/Music/comments/1ret9ub/a_quick_question_for_everyone/
2026-02-25T23:18:35+00:00,1ret9vg,memes,5.57,5,3,1.0,https://www.reddit.com/r/memes/comments/1ret9vg/a_short_story/
2026-02-25T23:18:45+00:00,1req238,AskReddit,126.05,3,18,0.72,https://www.reddit.com/r/AskReddit/comments/1req238/whats_something_everyone_pretends_to_understand/
2026-02-25T23:18:45+00:00,1reroni,gaming,65.85,136,51,0.9,https://www.reddit.com/r/gaming/comments/1reroni/who_do_we_talk_to/
2026-02-25T23:18:50+00:00,1reryml,AskReddit,55.38,1,7,1.0,https://www.reddit.com/r/AskReddit/comments/1reryml/whats_your_favorite_chicken_marinade_and_whats/
2026-02-25T23:18:50+00:00,1req1c1,AskReddit,126.85,1,15,0.67,https://www.reddit.com/r/AskReddit/comments/1req1c1/if_animals_could_talk_which_one_would_be_the/
2026-02-25T23:18:50+00:00,1rerofr,AskReddit,66.12,0,7,0.5,https://www.reddit.com/r/AskReddit/comments/1rerofr/how_did_youwould_you_react_to_a_close_friend/
2026-02-25T23:18:50+00:00,1res7w3,AskReddit,45.72,2,4,1.0,https://www.reddit.com/r/AskReddit/comments/1res7w3/what_did_you_do_on_autopilot_for_years_before/
2026-02-25T23:18:50+00:00,1res87e,AskReddit,45.37,0,2,0.5,https://www.reddit.com/r/AskReddit/comments/1res87e/how_can_you_help_by_leaving_a_1_star_review_for/
2026-02-25T23:18:55+00:00,1rep8s7,memes,155.98,8721,98,0.98,https://www.reddit.com/r/memes/comments/1rep8s7/weve_all_been_there/
2026-02-25T23:18:55+00:00,1reqv90,AskReddit,96.23,3,5,1.0,https://www.reddit.com/r/AskReddit/comments/1reqv90/what_is_the_weirdest_belief_about_the_world_that/
2026-02-25T23:18:55+00:00,1reqw33,Music,95.33,257,0,0.99,https://www.reddit.com/r/Music/comments/1reqw33/miguel_leads_ice_out_chant_at_nyc_show_in/
2026-02-25T23:18:55+00:00,1res7x4,AskReddit,45.77,1,2,1.0,https://www.reddit.com/r/AskReddit/comments/1res7x4/foster_teens_of_reddit_what_iswouldve_been_your/
2026-02-25T23:19:00+00:00,1rep8pa,AskReddit,156.17,1,85,0.53,https://www.reddit.com/r/AskReddit/comments/1rep8pa/you_are_given_1000000_but_you_have_to_live_inside/
2026-02-25T23:19:00+00:00,1rep96e,memes,155.65,73,13,0.84,https://www.reddit.com/r/memes/comments/1rep96e/yall_rate_my_meme_potential/
2026-02-25T23:19:00+00:00,1res881,Music,45.52,1,1,1.0,https://www.reddit.com/r/Music/comments/1res881/no_savage_gizwop_box_instrumental/
2026-02-25T23:19:00+00:00,1rep8t9,aww,156.05,9,0,0.81,https://www.reddit.com/r/aww/comments/1rep8t9/i_accidentally_opened_the_front_camera_and_this/
2026-02-25T23:19:00+00:00,1res84l,AskReddit,45.62,1,9,0.67,https://www.reddit.com/r/AskReddit/comments/1res84l/whats_your_reason_for_not_protesting_at_least/
2026-02-25T23:19:00+00:00,1res7rh,AskReddit,46.02,1,0,1.0,https://www.reddit.com/r/AskReddit/comments/1res7rh/what_made_you_give_up_onenight_stands/
2026-02-25T23:19:00+00:00,1rery4o,Music,56.07,1,1,1.0,https://www.reddit.com/r/Music/comments/1rery4o/mitski_wheres_my_phone_indie/
2026-02-25T23:19:05+00:00,1rerxx3,AskReddit,56.37,1,2,1.0,https://www.reddit.com/r/AskReddit/comments/1rerxx3/how_have_people_dealt_with_a_lack_of_sex_in_their/
2026-02-25T23:19:05+00:00,1reqvhw,aww,96.13,21,5,0.69,https://www.reddit.com/r/aww/comments/1reqvhw/someone_was_happy_to_see_potatoes_at_the_weekly/
2026-02-25T23:19:10+00:00,1reshbf,AskReddit,36.2,1,2,1.0,https://www.reddit.com/r/AskReddit/comments/1reshbf/whats_something_thats_happened_this_february_that/
2026-02-25T23:19:10+00:00,1resi4a,memes,35.37,1,1,0.67,https://www.reddit.com/r/memes/comments/1resi4a/ocfizzy_glizzy_we_arent_slowly_drifting_away_from/
2026-02-25T23:19:10+00:00,1resht2,aww,35.68,9,0,1.0,https://www.reddit.com/r/aww/comments/1resht2/a_new_pillow/
2026-02-25T23:19:10+00:00,1reshbk,Music,36.18,1,0,1.0,https://www.reddit.com/r/Music/comments/1reshbk/linda_ronstadt_desperado_country_rock_live/
2026-02-25T23:19:10+00:00,1reqvov,todayilearned,96.0,257,49,0.96,https://www.reddit.com/r/todayilearned/comments/1reqvov/til_in_the_1950s_and_60s_vernon_florida_had_a/
2026-02-25T23:19:16+00:00,1reshgz,AskReddit,36.15,1,4,1.0,https://www.reddit.com/r/AskReddit/comments/1reshgz/women_whats_an_ideal_height_for_your_partner/
2026-02-25T23:19:16+00:00,1resr0s,AskReddit,26.02,2,4,1.0,https://www.reddit.com/r/AskReddit/comments/1resr0s/what_the_best_experience_in_life_you_had_ever/
2026-02-25T23:19:16+00:00,1req2ol,funny,125.97,0,4,0.24,https://www.reddit.com/r/funny/comments/1req2ol/they_wouldnt_do_openings_like_this_anymore_today/
2026-02-25T23:19:21+00:00,1resr5b,AskReddit,25.95,2,5,0.63,https://www.reddit.com/r/AskReddit/comments/1resr5b/what_billionaire_is_the_biggest_international/
2026-02-25T23:19:26+00:00,1ret1ee,AskReddit,15.3,1,8,0.67,https://www.reddit.com/r/AskReddit/comments/1ret1ee/people_who_are_afraid_of_heights_what_scares_you/
2026-02-25T23:19:26+00:00,1ret19d,AskReddit,15.43,2,9,0.75,https://www.reddit.com/r/AskReddit/comments/1ret19d/whats_a_minor_superpower_youd_actually_love_to/
2026-02-25T23:19:26+00:00,1ret0q5,AskReddit,16.02,1,6,0.67,https://www.reddit.com/r/AskReddit/comments/1ret0q5/if_you_could_take_a_trip_or_vacation_anywhere_in/
2026-02-25T23:19:31+00:00,1ret167,AskReddit,15.62,3,4,1.0,https://www.reddit.com/r/AskReddit/comments/1ret167/what_is_something_you_have_learned_just_is_not/
2026-02-25T23:19:31+00:00,1rerovo,movies,66.4,40,12,0.82,https://www.reddit.com/r/movies/comments/1rerovo/stranger_than_fiction_2006/
2026-02-25T23:19:36+00:00,1req2jk,AskReddit,126.43,3,5,0.8,https://www.reddit.com/r/AskReddit/comments/1req2jk/who_is_the_one_person_that_matters_the_most_in/
2026-02-25T23:19:36+00:00,1reta8q,funny,6.18,0,2,0.33,https://www.reddit.com/r/funny/comments/1reta8q/funny_cake/
2026-02-25T23:19:36+00:00,1retarw,AskReddit,5.6,2,6,1.0,https://www.reddit.com/r/AskReddit/comments/1retarw/what_are_the_3_movies_anyone_should_watch_before/
2026-02-25T23:19:36+00:00,1retaov,AskReddit,5.7,1,2,1.0,https://www.reddit.com/r/AskReddit/comments/1retaov/what_single_moment_truly_defined_your_2025/
2026-02-25T23:19:36+00:00,1retalj,AskReddit,5.8,1,2,1.0,https://www.reddit.com/r/AskReddit/comments/1retalj/what_perfume_would_you_recommend_for_a_man/
2026-02-25T23:19:36+00:00,1retala,AskReddit,5.82,1,1,1.0,https://www.reddit.com/r/AskReddit/comments/1retala/people_who_often_carry_out_employee_background/
2026-02-25T23:19:46+00:00,1rerp3n,AskReddit,66.42,1,4,1.0,https://www.reddit.com/r/AskReddit/comments/1rerp3n/what_would_be_your_ideal_first_date/
2026-02-25T23:19:46+00:00,1rerpym,aww,65.5,6,1,0.88,https://www.reddit.com/r/aww/comments/1rerpym/hes_not_thrilled_about_the_new_hat_but_he_looks/
2026-02-25T23:19:46+00:00,1rerpvn,AskReddit,65.58,1,5,0.67,https://www.reddit.com/r/AskReddit/comments/1rerpvn/what_is_one_of_your_favourite_film_plots/
2026-02-25T23:19:46+00:00,1req2oh,AskReddit,126.47,2,8,0.75,https://www.reddit.com/r/AskReddit/comments/1req2oh/whats_one_piece_of_advice_youd_take_to_the_grave/
2026-02-25T23:19:46+00:00,1reryv0,AskReddit,56.08,1,4,1.0,https://www.reddit.com/r/AskReddit/comments/1reryv0/what_is_the_best_collecting_hobby_like_watches_or/
2026-02-25T23:19:46+00:00,1reqwxi,AskReddit,95.28,2,4,1.0,https://www.reddit.com/r/AskReddit/comments/1reqwxi/whats_the_creepiest_thing_a_child_has_ever_said/
2026-02-25T23:19:46+00:00,1res8i4,funny,46.05,0,5,0.32,https://www.reddit.com/r/funny/comments/1res8i4/fuck_blue_hat_boy/
2026-02-25T23:19:51+00:00,1reryo8,AskReddit,56.35,1,6,1.0,https://www.reddit.com/r/AskReddit/comments/1reryo8/what_is_your_favorite_horror_icon/
2026-02-25T23:19:51+00:00,1res8up,AskReddit,45.75,1,12,1.0,https://www.reddit.com/r/AskReddit/comments/1res8up/what_instantly_makes_you_lose_respect_for_someone/
2026-02-25T23:19:51+00:00,1res9cn,Music,45.22,1,1,1.0,https://www.reddit.com/r/Music/comments/1res9cn/the_bluez_brothaz_tpain_young_cash_tell_me/
2026-02-25T23:19:51+00:00,1rerz1a,AskReddit,56.0,1,11,1.0,https://www.reddit.com/r/AskReddit/comments/1rerz1a/how_do_you_know_when_a_good_job_isnt_worth_it/
2026-02-25T23:19:56+00:00,1rep989,AskReddit,156.52,27,250,0.91,https://www.reddit.com/r/AskReddit/comments/1rep989/whats_a_single_sentence_someone_said_that_youve/
2026-02-25T23:19:56+00:00,1rerzhp,AskReddit,55.62,1,6,1.0,https://www.reddit.com/r/AskReddit/comments/1rerzhp/what_happened_to_that_alien_spaceship_asteroid/
2026-02-25T23:19:56+00:00,1reqwyk,memes,95.42,9,0,1.0,https://www.reddit.com/r/memes/comments/1reqwyk/why_the_rage_bait_reddit_why/
2026-02-25T23:20:01+00:00,1resitm,AskReddit,35.47,1,3,1.0,https://www.reddit.com/r/AskReddit/comments/1resitm/what_are_your_experiences_that_back_up_your/
2026-02-25T23:20:01+00:00,1rep9nt,memes,156.15,15,1,0.95,https://www.reddit.com/r/memes/comments/1rep9nt/decisions_decisions/
2026-02-25T23:20:01+00:00,1repa1r,AskReddit,155.77,0,23,0.2,https://www.reddit.com/r/AskReddit/comments/1repa1r/with_how_unpopular_lgbtq_policies_are_should/
2026-02-25T23:20:01+00:00,1reqwev,movies,96.08,0,1,0.25,https://www.reddit.com/r/movies/comments/1reqwev/which_of_these_movies_shot_in_the_southwest_would/
2026-02-25T23:20:01+00:00,1rep9yo,aww,155.85,100,2,0.98,https://www.reddit.com/r/aww/comments/1rep9yo/emma_the_bear/
2026-02-25T23:20:06+00:00,1res8r6,Music,46.1,3,2,1.0,https://www.reddit.com/r/Music/comments/1res8r6/communityvoted_greatest_rock_songs_list/
2026-02-25T23:20:06+00:00,1resrs7,AskReddit,26.03,1,4,1.0,https://www.reddit.com/r/AskReddit/comments/1resrs7/how_do_you_personally_find_inner_peace_is_it_ever/
2026-02-25T23:20:11+00:00,1resima,AskReddit,35.83,2,14,1.0,https://www.reddit.com/r/AskReddit/comments/1resima/what_is_your_favorite_cereal/
2026-02-25T23:20:11+00:00,1res8m9,AskReddit,46.35,2,9,1.0,https://www.reddit.com/r/AskReddit/comments/1res8m9/anyone_have_some_advice_on_how_to_relate_to_high/
2026-02-25T23:20:11+00:00,1res8gf,AskReddit,46.5,1,3,1.0,https://www.reddit.com/r/AskReddit/comments/1res8gf/where_is_the_chat_button_because_reddit_changed/
2026-02-25T23:20:11+00:00,1resibd,AskReddit,36.17,1,0,1.0,https://www.reddit.com/r/AskReddit/comments/1resibd/what_was_your_worst_bad_stomach_experience/
2026-02-25T23:20:16+00:00,1resskt,AskReddit,25.32,0,14,0.5,https://www.reddit.com/r/AskReddit/comments/1resskt/how_do_you_get_a_pickle_out_of_a_ketchup_bottle/
2026-02-25T23:20:22+00:00,1reqwsq,movies,96.02,6,56,0.62,https://www.reddit.com/r/movies/comments/1reqwsq/the_best_notamerican_movies_you_would_always/
2026-02-25T23:20:22+00:00,1ress53,AskReddit,25.9,1,8,1.0,https://www.reddit.com/r/AskReddit/comments/1ress53/whats_a_small_change_you_made_daily_that_helped/
2026-02-25T23:20:22+00:00,1resrrj,aww,26.32,13,1,1.0,https://www.reddit.com/r/aww/comments/1resrrj/cute_enough_to_get_away_with_everything/
2026-02-25T23:20:22+00:00,1ret1kw,Music,16.05,1,0,1.0,https://www.reddit.com/r/Music/comments/1ret1kw/thunderbyrd_all_the_saints_rock/
2026-02-25T23:20:27+00:00,1req45b,funny,125.58,18,5,0.75,https://www.reddit.com/r/funny/comments/1req45b/grandma_sets_an_alarm/
2026-02-25T23:20:27+00:00,1req3yb,AskReddit,125.78,3,5,0.67,https://www.reddit.com/r/AskReddit/comments/1req3yb/should_professional_referees_have_to_do_postgame/
2026-02-25T23:20:27+00:00,1req3e2,AskReddit,126.42,2,22,0.75,https://www.reddit.com/r/AskReddit/comments/1req3e2/what_do_you_think_of_marriage/
2026-02-25T23:20:27+00:00,1ret1nx,Music,16.07,2,0,1.0,https://www.reddit.com/r/Music/comments/1ret1nx/jimmy_the_spoon/
2026-02-25T23:20:32+00:00,1ret1tr,AskReddit,16.0,0,0,0.5,https://www.reddit.com/r/AskReddit/comments/1ret1tr/youre_sent_back_100_years_with_the_mission_to/
2026-02-25T23:20:37+00:00,1req428,AskReddit,125.83,7,37,0.82,https://www.reddit.com/r/AskReddit/comments/1req428/do_you_have_a_person_in_your_life_who_sneezes_or/
2026-02-25T23:20:37+00:00,1retbsu,AskReddit,5.52,1,2,1.0,https://www.reddit.com/r/AskReddit/comments/1retbsu/how_do_you_be_a_stronger_unpacker_of_text_like/
2026-02-25T23:20:37+00:00,1retb8d,AskReddit,6.15,2,3,1.0,https://www.reddit.com/r/AskReddit/comments/1retb8d/what_is_the_hardest_thing_you_have_helped_a/
2026-02-25T23:20:47+00:00,1rerzft,AskReddit,56.52,1,4,1.0,https://www.reddit.com/r/AskReddit/comments/1rerzft/how_would_you_describe_a_healthymeasured_usage_of/
2026-02-25T23:20:47+00:00,1req3zn,AskReddit,126.08,1,20,0.6,https://www.reddit.com/r/AskReddit/comments/1req3zn/people_who_have_tasted_venison_whats_it_like_is/
2026-02-25T23:20:47+00:00,1rerq5v,AskReddit,66.3,2,3,1.0,https://www.reddit.com/r/AskReddit/comments/1rerq5v/what_are_the_current_safest_best_countries_to/
2026-02-25T23:20:47+00:00,1res0e8,AskReddit,55.53,1,5,0.67,https://www.reddit.com/r/AskReddit/comments/1res0e8/people_who_have_witnessed_somebody_die_what/
2026-02-25T23:20:47+00:00,1res9gr,AskReddit,46.03,1,1,1.0,https://www.reddit.com/r/AskReddit/comments/1res9gr/whats_the_most_absurd_hoa_rule_youve_ever_heard/
2026-02-25T23:20:47+00:00,1rerzum,AskReddit,56.12,1,5,1.0,https://www.reddit.com/r/AskReddit/comments/1rerzum/adult_sons_how_have_you_gotten_back_at_your_dad/
2026-02-25T23:20:47+00:00,1res9j2,AskReddit,45.97,1,4,1.0,https://www.reddit.com/r/AskReddit/comments/1res9j2/how_do_you_explain_things_that_only_make_sense_in/
2026-02-25T23:20:52+00:00,1rerqok,AskReddit,65.85,9,51,1.0,https://www.reddit.com/r/AskReddit/comments/1rerqok/people_who_are_terrified_of_spiders_what_is_it/
2026-02-25T23:20:52+00:00,1res9y3,AskReddit,45.58,0,1,0.25,https://www.reddit.com/r/AskReddit/comments/1res9y3/for_those_who_were_told_to_return_to_the_office/
2026-02-25T23:20:52+00:00,1res0lq,AskReddit,55.38,2,10,1.0,https://www.reddit.com/r/AskReddit/comments/1res0lq/what_are_the_most_epic_scenes_in_movies_because/
2026-02-25T23:20:52+00:00,1res9uf,AskReddit,45.7,2,9,1.0,https://www.reddit.com/r/AskReddit/comments/1res9uf/what_is_the_meaning_of_life/
2026-02-25T23:20:52+00:00,1rerqor,AskReddit,65.83,2,7,1.0,https://www.reddit.com/r/AskReddit/comments/1rerqor/whats_the_worst_day_of_your_life_and_why/
2026-02-25T23:20:52+00:00,1reqxc4,AskReddit,95.98,313,127,0.92,https://www.reddit.com/r/AskReddit/comments/1reqxc4/how_would_you_feel_about_voting_in_an_election/
2026-02-25T23:20:57+00:00,1res0gt,funny,55.62,0,10,0.16,https://www.reddit.com/r/funny/comments/1res0gt/lasagna_anyone/
2026-02-25T23:20:57+00:00,1res0ek,AskReddit,55.68,1,7,1.0,https://www.reddit.com/r/AskReddit/comments/1res0ek/whats_something_random_you_could_talk_about_for/
2026-02-25T23:21:02+00:00,1resjih,AskReddit,35.72,3,1,1.0,https://www.reddit.com/r/AskReddit/comments/1resjih/whats_the_best_affordable_experience_that_you/
2026-02-25T23:21:02+00:00,1res9vy,AskReddit,45.83,1,2,1.0,https://www.reddit.com/r/AskReddit/comments/1res9vy/parents_of_daughters_your_daughter_reaches_out_to/
2026-02-25T23:21:02+00:00,1res9v1,movies,45.85,0,0,0.18,https://www.reddit.com/r/movies/comments/1res9v1/i_am_mother_seems_misunderstood/
2026-02-25T23:21:02+00:00,1reqxlx,Music,95.87,6,0,0.88,https://www.reddit.com/r/Music/comments/1reqxlx/social_distortions_mike_ness_on_kicking_cancer/
2026-02-25T23:21:02+00:00,1resa6o,Music,45.5,1,0,1.0,https://www.reddit.com/r/Music/comments/1resa6o/the_bluez_brothaz_tpain_young_cash_shot_check/
2026-02-25T23:21:07+00:00,1resjde,AskReddit,35.95,1,6,1.0,https://www.reddit.com/r/AskReddit/comments/1resjde/what_is_your_mood_today/
2026-02-25T23:21:07+00:00,1rest19,AskReddit,25.67,1,3,0.67,https://www.reddit.com/r/AskReddit/comments/1rest19/what_are_some_interesting_topics_to_make/
2026-02-25T23:21:12+00:00,1resa2m,worldnews,45.8,3,1,1.0,https://www.reddit.com/r/worldnews/comments/1resa2m/argentinian_government_broadens_rigi_benefits_for/
2026-02-25T23:21:12+00:00,1resjcb,AskReddit,36.07,39,14,1.0,https://www.reddit.com/r/AskReddit/comments/1resjcb/what_was_your_biggest_dream_growing_up_and_what/
2026-02-25T23:21:17+00:00,1reqy2p,memes,95.63,9,2,0.91,https://www.reddit.com/r/memes/comments/1reqy2p/me_when_i_am_headbanging_in_my_room_to_metal_and/
2026-02-25T23:21:17+00:00,1resjc3,AskReddit,36.15,1,6,1.0,https://www.reddit.com/r/AskReddit/comments/1resjc3/what_mistake_taught_you_the_most_valuable_lesson/
2026-02-25T23:21:17+00:00,1resteb,worldnews,25.47,7,0,0.82,https://www.reddit.com/r/worldnews/comments/1resteb/germanys_merz_hails_china_ties_as_he_seeks_reset/
2026-02-25T23:21:17+00:00,1reqx4c,AskReddit,96.62,2,11,0.75,https://www.reddit.com/r/AskReddit/comments/1reqx4c/what_was_that_junk_food_you_liked_the_most_but/
2026-02-25T23:21:17+00:00,1req4x0,memes,125.65,16,3,0.87,https://www.reddit.com/r/memes/comments/1req4x0/the_only_ice_i_like_is_either_in_a_cooler_or/
2026-02-25T23:21:17+00:00,1rest0c,todayilearned,25.87,14,1,1.0,https://www.reddit.com/r/todayilearned/comments/1rest0c/til_in_1994_shopping_channel_qvc_attempted_a_96/
2026-02-25T23:21:17+00:00,1ressya,AskReddit,25.93,0,3,0.33,https://www.reddit.com/r/AskReddit/comments/1ressya/how_do_you_breathe/
2026-02-25T23:21:23+00:00,1restcr,AskReddit,25.6,1,0,1.0,https://www.reddit.com/r/AskReddit/comments/1restcr/how_do_you_exist_be_a_human/
2026-02-25T23:21:23+00:00,1req4vt,Music,125.78,10,1,1.0,https://www.reddit.com/r/Music/comments/1req4vt/they_might_be_giants_the_guitar_alt_rock/
2026-02-25T23:21:23+00:00,1resjq9,AskReddit,35.85,2,5,1.0,https://www.reddit.com/r/AskReddit/comments/1resjq9/apartment_people_whats_the_most_ridiculous_thing/
2026-02-25T23:21:23+00:00,1ressqj,AskReddit,26.27,2,4,0.75,https://www.reddit.com/r/AskReddit/comments/1ressqj/whats_a_show_you_just_cant_get_into_or_just_not/
2026-02-25T23:21:23+00:00,1ret2n5,funny,15.98,130,21,0.93,https://www.reddit.com/r/funny/comments/1ret2n5/epileptic_attack/
2026-02-25T23:21:23+00:00,1ret2ob,Music,15.97,1,0,1.0,https://www.reddit.com/r/Music/comments/1ret2ob/is_yumenoshima_from_uk_rampage_in_44/
2026-02-25T23:21:28+00:00,1restkb,AskReddit,25.48,2,2,1.0,https://www.reddit.com/r/AskReddit/comments/1restkb/if_youve_shit_yourself_as_an_adult_whyhow_did_it/
2026-02-25T23:21:33+00:00,1ret3eb,AskReddit,15.38,3,1,1.0,https://www.reddit.com/r/AskReddit/comments/1ret3eb/how_would_you_react_to_the_early_stages_of_a/
2026-02-25T23:21:33+00:00,1ret3by,AskReddit,15.45,2,1,1.0,https://www.reddit.com/r/AskReddit/comments/1ret3by/whats_a_rule_you_follow_that_makes_zero_logical/
2026-02-25T23:21:33+00:00,1rerrij,AskReddit,65.6,3,15,1.0,https://www.reddit.com/r/AskReddit/comments/1rerrij/what_place_instantly_changes_your_mood_the_moment/
2026-02-25T23:21:33+00:00,1req4lf,AskReddit,126.23,3,1,1.0,https://www.reddit.com/r/AskReddit/comments/1req4lf/whats_the_best_example_of_steak_too_juicy_lobster/
2026-02-25T23:21:38+00:00,1req59c,AskReddit,125.65,2,5,1.0,https://www.reddit.com/r/AskReddit/comments/1req59c/serious_what_is_the_best_dating_app_for_longterm/
2026-02-25T23:21:38+00:00,1retcz7,AskReddit,5.28,2,2,1.0,https://www.reddit.com/r/AskReddit/comments/1retcz7/which_offline_apps_do_people_consistently_use/
2026-02-25T23:21:38+00:00,1retc8s,AskReddit,6.1,1,9,1.0,https://www.reddit.com/r/AskReddit/comments/1retc8s/how_did_you_improve_your_quality_of_life/
2026-02-25T23:21:50+00:00,1res14m,AskReddit,55.8,0,2,0.5,https://www.reddit.com/r/AskReddit/comments/1res14m/what_makes_the_boring_person_so_boring/
2026-02-25T23:21:50+00:00,1res14z,aww,55.78,23,2,0.97,https://www.reddit.com/r/aww/comments/1res14z/baby_flower/
2026-02-25T23:21:55+00:00,1req4ds,aww,126.82,21,0,0.97,https://www.reddit.com/r/aww/comments/1req4ds/from_pup_to_pooch_happy_4th_birthday_charlie_angel/
2026-02-25T23:21:55+00:00,1resaze,AskReddit,45.57,2,12,1.0,https://www.reddit.com/r/AskReddit/comments/1resaze/people_who_work_at_hr_whats_the_most_bizarre/
2026-02-25T23:21:55+00:00,1res1gm,AskReddit,55.53,3,5,1.0,https://www.reddit.com/r/AskReddit/comments/1res1gm/what_food_changed_something_from_the_original/
2026-02-25T23:22:00+00:00,1res1fj,AskReddit,55.63,1,1,1.0,https://www.reddit.com/r/AskReddit/comments/1res1fj/what_do_you_think_is_the_most_overrepresented/
2026-02-25T23:22:00+00:00,1res0uw,AskReddit,56.23,1,3,0.67,https://www.reddit.com/r/AskReddit/comments/1res0uw/what_unanswered_questions_about_the_epstein_case/
2026-02-25T23:22:00+00:00,1resauv,Music,45.77,2,0,1.0,https://www.reddit.com/r/Music/comments/1resauv/venus_hum_ft_bmg_i_feel_love_electronic_pop/
2026-02-25T23:22:11+00:00,1reqyxd,AskReddit,95.67,2,17,0.75,https://www.reddit.com/r/AskReddit/comments/1reqyxd/whats_a_fair_amount_per_package_to_charge_for/
2026-02-25T23:22:11+00:00,1reskir,AskReddit,35.82,0,8,0.33,https://www.reddit.com/r/AskReddit/comments/1reskir/women_whats_an_ideal_height_for_your_partner/
2026-02-25T23:22:11+00:00,1reqy73,Music,96.43,2,1,1.0,https://www.reddit.com/r/Music/comments/1reqy73/billy_idol_talks_rock_hall_nomination_new/
2026-02-25T23:22:11+00:00,1reske1,AskReddit,35.97,1,24,0.67,https://www.reddit.com/r/AskReddit/comments/1reske1/any_suggestion_how_to_survive_sex_for_longer/
2026-02-25T23:22:11+00:00,1repbu9,AskReddit,156.03,2,4,1.0,https://www.reddit.com/r/AskReddit/comments/1repbu9/26_yo_leaving_corporate_what_are_some_tipsadvice/
2026-02-25T23:22:11+00:00,1resu0l,AskReddit,25.72,0,7,0.25,https://www.reddit.com/r/AskReddit/comments/1resu0l/your_appendix_is_a_ticking_time_bomb_that_you_can/
2026-02-25T23:22:16+00:00,1resk52,movies,36.3,0,21,0.5,https://www.reddit.com/r/movies/comments/1resk52/home_theater_viewing_request/
2026-02-25T23:22:16+00:00,1reqyr1,AskReddit,95.93,1,4,1.0,https://www.reddit.com/r/AskReddit/comments/1reqyr1/what_happened_to_that_megaman_x_explainer_guy/
2026-02-25T23:22:21+00:00,1req5uz,AskReddit,125.8,0,41,0.47,https://www.reddit.com/r/AskReddit/comments/1req5uz/if_crime_is_legal_without_any_consequences_for/
2026-02-25T23:22:26+00:00,1ret3zz,AskReddit,15.63,2,5,1.0,https://www.reddit.com/r/AskReddit/comments/1ret3zz/what_is_a_completely_overrated_food_or_drink/
2026-02-25T23:22:26+00:00,1ret3yr,AskReddit,15.67,1,0,1.0,https://www.reddit.com/r/AskReddit/comments/1ret3yr/whats_the_pettiest_thing_youve_done_that_you/
2026-02-25T23:22:26+00:00,1req62c,funny,125.7,92,5,0.96,https://www.reddit.com/r/funny/comments/1req62c/inflation_sushi/
2026-02-25T23:22:31+00:00,1restpt,AskReddit,26.35,1,3,1.0,https://www.reddit.com/r/AskReddit/comments/1restpt/what_is_a_personality_trait_people_like_to_say_is/
2026-02-25T23:22:31+00:00,1ret4db,AskReddit,15.32,2,19,0.67,https://www.reddit.com/r/AskReddit/comments/1ret4db/if_youve_shat_yourself_as_an_adult_howwhy_did_it/
2026-02-25T23:22:31+00:00,1ret3xm,AskReddit,15.78,1,0,1.0,https://www.reddit.com/r/AskReddit/comments/1ret3xm/what_was_the_best_thing_ai_did_for_you/
2026-02-25T23:22:31+00:00,1ret3pr,AskReddit,16.02,1,2,1.0,https://www.reddit.com/r/AskReddit/comments/1ret3pr/if_someone_in_prison_develops_dementia_and/
2026-02-25T23:22:31+00:00,1ret43b,AskReddit,15.62,3,6,0.71,https://www.reddit.com/r/AskReddit/comments/1ret43b/what_do_you_think_of_the_doj_withholding_some/
2026-02-25T23:22:36+00:00,1rerrus,AskReddit,66.3,1,6,1.0,https://www.reddit.com/r/AskReddit/comments/1rerrus/who_did_you_lose_your_virginity_with_for_the/
2026-02-25T23:22:36+00:00,1ret47d,AskReddit,15.58,2,8,1.0,https://www.reddit.com/r/AskReddit/comments/1ret47d/whats_your_biggest_regret/
2026-02-25T23:22:36+00:00,1req5ds,AskReddit,126.5,4,20,1.0,https://www.reddit.com/r/AskReddit/comments/1req5ds/what_is_a_small_everyday_thing_that_irrationally/
2026-02-25T23:22:41+00:00,1retdct,AskReddit,5.95,1,1,1.0,https://www.reddit.com/r/AskReddit/comments/1retdct/which_pokemon_would_you_say_is_the_ugliest_and/
2026-02-25T23:22:41+00:00,1retd4w,AskReddit,6.17,1,1,1.0,https://www.reddit.com/r/AskReddit/comments/1retd4w/what_question_do_you_think_is_the_dumbest_not/
2026-02-25T23:22:41+00:00,1reizy9,movies,377.6,14,6,0.64,https://www.reddit.com/r/movies/comments/1reizy9/pretty_lethal_official_trailer_prime_video/
2026-02-25T23:22:41+00:00,1req688,movies,125.78,0,17,0.27,https://www.reddit.com/r/movies/comments/1req688/bourne_again/
2026-02-25T23:22:52+00:00,1res27y,AskReddit,55.68,1,4,1.0,https://www.reddit.com/r/AskReddit/comments/1res27y/what_seems_very_difficult_until_you_try_it/
2026-02-25T23:22:52+00:00,1res1px,AskReddit,56.2,0,10,0.2,https://www.reddit.com/r/AskReddit/comments/1res1px/dear_men_and_anyone_who_can_answer_this_this_male/
2026-02-25T23:22:52+00:00,1repcz3,AskReddit,155.57,4,24,0.83,https://www.reddit.com/r/AskReddit/comments/1repcz3/how_do_u_deal_with_overthinking_about_some_one/
2026-02-25T23:22:52+00:00,1rersny,AskReddit,65.67,10,48,1.0,https://www.reddit.com/r/AskReddit/comments/1rersny/whats_your_favourite_fruit/
2026-02-25T23:22:52+00:00,1res1v7,movies,56.03,0,10,0.44,https://www.reddit.com/r/movies/comments/1res1v7/lance_armstrong_movie_starring_austin_butler/
2026-02-25T23:22:52+00:00,1resbdu,AskReddit,46.1,2,4,1.0,https://www.reddit.com/r/AskReddit/comments/1resbdu/what_movie_would_you_recommend_for_tonight/
2026-02-25T23:22:52+00:00,1repccn,AskReddit,156.2,0,12,0.5,https://www.reddit.com/r/AskReddit/comments/1repccn/whats_the_secret_to_lasting_long_during_sex/
2026-02-25T23:22:52+00:00,1resbxg,memes,45.53,6,1,1.0,https://www.reddit.com/r/memes/comments/1resbxg/ahh_good_ol_captcha_tests/
2026-02-25T23:22:57+00:00,1res1q4,worldnews,56.27,32,7,0.81,https://www.reddit.com/r/worldnews/comments/1res1q4/iran_accuses_us_of_spreading_big_lies_after_trump/
2026-02-25T23:22:57+00:00,1resbvj,AskReddit,45.67,2,8,1.0,https://www.reddit.com/r/AskReddit/comments/1resbvj/whats_a_subtle_sign_someone_is_emotionally_mature/
2026-02-25T23:22:57+00:00,1res25j,aww,55.83,19,2,0.96,https://www.reddit.com/r/aww/comments/1res25j/little_missy/
2026-02-25T23:22:57+00:00,1res2i6,aww,55.48,49,5,0.95,https://www.reddit.com/r/aww/comments/1res2i6/happy_10th_adoption_anniversary_to_my_rocket/
2026-02-25T23:22:57+00:00,1resc9w,AskReddit,45.27,3,8,1.0,https://www.reddit.com/r/AskReddit/comments/1resc9w/whats_a_very_nontypical_fooddrink_you_really_enjoy/
2026-02-25T23:22:57+00:00,1rers1m,AskReddit,66.43,0,10,0.5,https://www.reddit.com/r/AskReddit/comments/1rers1m/assuming_the_opposite_of_love_is_apathy_what/
2026-02-25T23:22:57+00:00,1rersaw,memes,66.12,0,7,0.2,https://www.reddit.com/r/memes/comments/1rersaw/ive_been_putting_everyone_whos_put_hate_comments/
2026-02-25T23:22:57+00:00,1reslrj,aww,35.32,11,2,1.0,https://www.reddit.com/r/aww/comments/1reslrj/neighborhood_watch/
2026-02-25T23:23:02+00:00,1repd1j,worldnews,155.68,618,95,0.94,https://www.reddit.com/r/worldnews/comments/1repd1j/us_to_allow_resale_of_venezuelan_oil_to_cuba/
2026-02-25T23:23:07+00:00,1res23u,AskReddit,56.05,1,3,1.0,https://www.reddit.com/r/AskReddit/comments/1res23u/political_lines_aside_who_do_you_think_are_the/
2026-02-25T23:23:07+00:00,1res1vc,AskReddit,56.28,1,6,0.67,https://www.reddit.com/r/AskReddit/comments/1res1vc/how_does_a_kiss_work_and_how_do_you_initiate_it/
2026-02-25T23:23:07+00:00,1reqzey,AskReddit,96.12,1,4,0.57,https://www.reddit.com/r/AskReddit/comments/1reqzey/when_will_james_talarico_and_jasmine_crockett/
2026-02-25T23:23:07+00:00,1resllf,aww,35.65,25,1,1.0,https://www.reddit.com/r/aww/comments/1resllf/all_beauty_no_brain/
2026-02-25T23:23:12+00:00,1reqzm1,AskReddit,96.02,1,1,0.67,https://www.reddit.com/r/AskReddit/comments/1reqzm1/ladies_do_you_ever_get_random_hair_shedding_days/
2026-02-25T23:23:12+00:00,1reslbp,AskReddit,36.0,1,3,1.0,https://www.reddit.com/r/AskReddit/comments/1reslbp/people_who_where_a_teen_in_the_80s_was_it_really/
2026-02-25T23:23:12+00:00,1reslgd,AskReddit,35.88,1,1,1.0,https://www.reddit.com/r/AskReddit/comments/1reslgd/what_do_you_think_about_ai_and_how_it_affects_the/
2026-02-25T23:23:12+00:00,1resv62,AskReddit,25.45,0,2,0.33,https://www.reddit.com/r/AskReddit/comments/1resv62/what_happens_to_crazy_mario_brosso_recently_a/
2026-02-25T23:23:17+00:00,1resm0s,todayilearned,35.37,4,2,0.6,https://www.reddit.com/r/todayilearned/comments/1resm0s/til_vega_yes_that_superbright_standard_star_has_a/
2026-02-25T23:23:17+00:00,1resuv2,memes,25.87,45,5,0.95,https://www.reddit.com/r/memes/comments/1resuv2/sometimes_theres_good_movie_remakes_sometimes/
2026-02-25T23:23:23+00:00,1resuzw,gaming,25.8,1,10,0.52,https://www.reddit.com/r/gaming/comments/1resuzw/flesh_wire_announcement_trailer_new_game_from_us/
2026-02-25T23:23:23+00:00,1resux8,AskReddit,25.88,0,0,0.33,https://www.reddit.com/r/AskReddit/comments/1resux8/people_who_built_something_from_scratch_app/
2026-02-25T23:23:28+00:00,1ret54o,AskReddit,15.43,3,3,1.0,https://www.reddit.com/r/AskReddit/comments/1ret54o/what_impression_did_you_have_after_working_with/
2026-02-25T23:23:28+00:00,1ret5dx,AskReddit,15.17,1,0,1.0,https://www.reddit.com/r/AskReddit/comments/1ret5dx/what_is_your_goto_story_to_tell_at_a_social_event/
2026-02-25T23:23:28+00:00,1req6e3,funny,126.4,40,8,0.77,https://www.reddit.com/r/funny/comments/1req6e3/agghh_lemme_just_put_it_back_again/
2026-02-25T23:23:28+00:00,1req71k,AskReddit,125.7,0,14,0.5,https://www.reddit.com/r/AskReddit/comments/1req71k/what_is_the_craziest_thing_that_you_have_read_in/
2026-02-25T23:23:33+00:00,1resv8s,AskReddit,25.72,1,1,0.67,https://www.reddit.com/r/AskReddit/comments/1resv8s/what_do_you_think_about_tyra_banks_after_the_antm/
2026-02-25T23:23:33+00:00,1ret4nn,AskReddit,16.03,1,1,1.0,https://www.reddit.com/r/AskReddit/comments/1ret4nn/who_had_the_best_half_time_show/
2026-02-25T23:23:33+00:00,1ret4u6,AskReddit,15.82,1,3,1.0,https://www.reddit.com/r/AskReddit/comments/1ret4u6/what_is_something_everyone_loves_that_you/
2026-02-25T23:23:33+00:00,1ret4sp,AskReddit,15.87,0,3,0.5,https://www.reddit.com/r/AskReddit/comments/1ret4sp/your_most_recent_ex_just_got_arrested_and_reaches/
2026-02-25T23:23:43+00:00,1retead,AskReddit,5.92,3,6,1.0,https://www.reddit.com/r/AskReddit/comments/1retead/what_is_the_most_important_thing_you_have_ever/
2026-02-25T23:23:52+00:00,1req76z,science,125.97,71,18,0.91,https://www.reddit.com/r/science/comments/1req76z/animals_perception_of_time_is_linked_to_the_pace/
2026-02-25T23:23:52+00:00,1resd3t,Music,45.35,1,8,0.67,https://www.reddit.com/r/Music/comments/1resd3t/question_about_lady_madonna_by_the_beatles/
2026-02-25T23:23:52+00:00,1rertfc,AskReddit,65.85,2,3,1.0,https://www.reddit.com/r/AskReddit/comments/1rertfc/whats_something_society_considers_weird_but_is/
2026-02-25T23:23:52+00:00,1rertc7,AskReddit,65.95,1,6,1.0,https://www.reddit.com/r/AskReddit/comments/1rertc7/what_is_the_best_way_for_a_20_year_old_female_to/
2026-02-25T23:23:52+00:00,1res38l,AskReddit,55.63,0,13,0.25,https://www.reddit.com/r/AskReddit/comments/1res38l/who_has_a_good_chance_at_becoming_the_next_us/
2026-02-25T23:23:58+00:00,1res3ff,AskReddit,55.52,1,2,1.0,https://www.reddit.com/r/AskReddit/comments/1res3ff/fast_food_workers_what_is_the_most_disrespectful/
2026-02-25T23:23:58+00:00,1res2pw,AskReddit,56.28,3,33,0.8,https://www.reddit.com/r/AskReddit/comments/1res2pw/what_food_you_eat_daily/
2026-02-25T23:24:03+00:00,1resd7w,aww,45.42,9,0,1.0,https://www.reddit.com/r/aww/comments/1resd7w/my_cat_didnt_bite_but_she_judge/
2026-02-25T23:24:03+00:00,1res2nk,AskReddit,56.43,3,15,1.0,https://www.reddit.com/r/AskReddit/comments/1res2nk/serious_what_qualities_or_behaviors_make_the/
2026-02-25T23:24:03+00:00,1rescit,AskReddit,46.12,2,13,1.0,https://www.reddit.com/r/AskReddit/comments/1rescit/whats_a_skill_everyone_should_learn_before_they/
2026-02-25T23:24:08+00:00,1resd6r,AskReddit,45.53,1,0,1.0,https://www.reddit.com/r/AskReddit/comments/1resd6r/what_political_change_in_the_us_over_the_past_5/
2026-02-25T23:24:08+00:00,1resm31,AskReddit,36.13,36,32,0.93,https://www.reddit.com/r/AskReddit/comments/1resm31/whats_the_craziest_reason_youve_cut_someone_off/
2026-02-25T23:24:13+00:00,1resm0p,AskReddit,36.3,1,4,1.0,https://www.reddit.com/r/AskReddit/comments/1resm0p/what_did_people_do_casually_in_the_90s_that/
2026-02-25T23:24:23+00:00,1resmqt,AskReddit,35.77,0,12,0.5,https://www.reddit.com/r/AskReddit/comments/1resmqt/women_what_height_would_you_want_your_partner_to/
2026-02-25T23:24:23+00:00,1resm1h,AskReddit,36.43,3,5,1.0,https://www.reddit.com/r/AskReddit/comments/1resm1h/dont_judge_a_book_by_its_cover_how_logical_is/
2026-02-25T23:24:23+00:00,1resmg7,AskReddit,36.07,0,6,0.5,https://www.reddit.com/r/AskReddit/comments/1resmg7/who_do_you_think_is_the_worst_politician_right_now/
2026-02-25T23:24:23+00:00,1reswe3,AskReddit,25.28,26,21,0.79,https://www.reddit.com/r/AskReddit/comments/1reswe3/sex_workers_of_reddit_whats_the_weirdest_kink_a/
2026-02-25T23:24:23+00:00,1rer0b0,AskReddit,96.45,2,12,0.63,https://www.reddit.com/r/AskReddit/comments/1rer0b0/what_is_some_situation_that_always_happen_to_you/
2026-02-25T23:24:28+00:00,1resvnx,AskReddit,26.15,0,2,0.5,https://www.reddit.com/r/AskReddit/comments/1resvnx/whats_one_thing_you_learned_from_your_biggest/
2026-02-25T23:24:28+00:00,1ret5zk,AskReddit,15.5,1,2,1.0,https://www.reddit.com/r/AskReddit/comments/1ret5zk/where_does_a_south_alabama_man_38yo_who_works_a/
2026-02-25T23:24:28+00:00,1req7og,AskReddit,126.1,4,12,0.83,https://www.reddit.com/r/AskReddit/comments/1req7og/have_you_ever_had_a_near_death_experience_and_if/
2026-02-25T23:24:28+00:00,1ret65j,AskReddit,15.35,3,5,1.0,https://www.reddit.com/r/AskReddit/comments/1ret65j/what_did_kash_patel_mean_when_he_said_regarding/
2026-02-25T23:24:33+00:00,1ret5ql,AskReddit,15.85,1,1,1.0,https://www.reddit.com/r/AskReddit/comments/1ret5ql/if_you_were_on_an_island_what_would_be_1_artist/
2026-02-25T23:24:33+00:00,1ret63o,AskReddit,15.48,1,0,1.0,https://www.reddit.com/r/AskReddit/comments/1ret63o/if_your_house_could_talk_what_secret_would_it/
2026-02-25T23:24:33+00:00,1ret5r3,AskReddit,15.83,2,3,1.0,https://www.reddit.com/r/AskReddit/comments/1ret5r3/whats_a_big_mistake_you_made_at_work_that_went/
2026-02-25T23:24:33+00:00,1ret5f0,AskReddit,16.2,3,6,1.0,https://www.reddit.com/r/AskReddit/comments/1ret5f0/whats_something_people_dont_learn_until_its_too/
2026-02-25T23:24:39+00:00,1ret68q,AskReddit,15.45,2,2,1.0,https://www.reddit.com/r/AskReddit/comments/1ret68q/what_behavior_in_an_online_friendship_immediately/
2026-02-25T23:24:44+00:00,1retf7a,AskReddit,5.93,2,3,1.0,https://www.reddit.com/r/AskReddit/comments/1retf7a/whats_something_you_did_in_2025_that_made_you_go/
2026-02-25T23:24:44+00:00,1retf66,AskReddit,5.95,1,2,1.0,https://www.reddit.com/r/AskReddit/comments/1retf66/if_youre_running_errands_all_day_whats_your_goto/
2026-02-25T23:24:44+00:00,1retf1u,AskReddit,6.08,1,3,1.0,https://www.reddit.com/r/AskReddit/comments/1retf1u/what_made_you_decide_to_go_sober/
2026-02-25T23:24:44+00:00,1reru78,AskReddit,65.95,2,9,1.0,https://www.reddit.com/r/AskReddit/comments/1reru78/whats_a_side_hustle_that_has_made_you_a_good/
2026-02-25T23:24:53+00:00,1res4de,funny,55.37,1,2,0.6,https://www.reddit.com/r/funny/comments/1res4de/alright_imma_head_out/
2026-02-25T23:24:53+00:00,1req7o6,memes,126.52,4,1,0.75,https://www.reddit.com/r/memes/comments/1req7o6/hes_not_just_in_the_files_hes_everyehere/
2026-02-25T23:24:53+00:00,1res3oh,AskReddit,56.15,2,7,1.0,https://www.reddit.com/r/AskReddit/comments/1res3oh/what_job_looks_impressive_from_the_outside_but_is/
2026-02-25T23:24:53+00:00,1repeol,AskReddit,155.87,0,5,0.5,https://www.reddit.com/r/AskReddit/comments/1repeol/whats_the_strangest_or_most_embarrassing_thing/
2026-02-25T23:24:53+00:00,1resdq8,AskReddit,45.7,76,140,0.96,https://www.reddit.com/r/AskReddit/comments/1resdq8/whats_the_best_relationship_advice_you_could_give/
2026-02-25T23:24:58+00:00,1res3na,AskReddit,56.28,0,1,0.33,https://www.reddit.com/r/AskReddit/comments/1res3na/what_false_narrative_made_you_popular_in_high/
2026-02-25T23:24:58+00:00,1resdyh,AskReddit,45.55,3,30,1.0,https://www.reddit.com/r/AskReddit/comments/1resdyh/whats_your_favourite_dog_breed/
2026-02-25T23:25:03+00:00,1res44y,AskReddit,55.78,0,4,0.33,https://www.reddit.com/r/AskReddit/comments/1res44y/trump_signed_a_79b_education_funding_bill_into/
2026-02-25T23:25:03+00:00,1rerty0,AskReddit,66.5,2,15,0.67,https://www.reddit.com/r/AskReddit/comments/1rerty0/last_night_in_the_sotu_trump_said_voting_is_a/
2026-02-25T23:25:03+00:00,1res3l3,AskReddit,56.42,1,9,0.67,https://www.reddit.com/r/AskReddit/comments/1res3l3/how_do_you_feel_about_british_royal_family_after/
2026-02-25T23:25:14+00:00,1resnny,AskReddit,35.67,1,2,1.0,https://www.reddit.com/r/AskReddit/comments/1resnny/what_is_great_advice_youve_received_just/
2026-02-25T23:25:14+00:00,1resxcp,AskReddit,25.17,0,0,0.29,https://www.reddit.com/r/AskReddit/comments/1resxcp/vegans_on_reddit_what_runs_through_your_mind_when/
2026-02-25T23:25:19+00:00,1resx86,AskReddit,25.35,2,1,0.75,https://www.reddit.com/r/AskReddit/comments/1resx86/what_is_a_harmless_truth_about_the_world_that_you/
2026-02-25T23:25:19+00:00,1reswln,AskReddit,26.0,0,2,0.5,https://www.reddit.com/r/AskReddit/comments/1reswln/what_was_it_like_on_911_for_people_who_were_in/
2026-02-25T23:25:19+00:00,1reswyp,Music,25.6,0,0,0.25,https://www.reddit.com/r/Music/comments/1reswyp/looking_for_deleted_ai_youtube_song/
2026-02-25T23:25:19+00:00,1reswog,movies,25.92,2,0,1.0,https://www.reddit.com/r/movies/comments/1reswog/my_five_favorite_interview_films/
2026-02-25T23:25:19+00:00,1resxeg,aww,25.2,16,1,0.86,https://www.reddit.com/r/aww/comments/1resxeg/flying_squirrels_really_know_hot_to_melt_hearts/
2026-02-25T23:25:24+00:00,1resnz2,AskReddit,35.47,0,6,0.5,https://www.reddit.com/r/AskReddit/comments/1resnz2/people_who_havent_pooped_yet_in_2026_why_are_you/
2026-02-25T23:25:24+00:00,1rervdu,AskReddit,65.38,3,26,1.0,https://www.reddit.com/r/AskReddit/comments/1rervdu/whats_the_one_thing_that_completely_changed_your/
2026-02-25T23:25:24+00:00,1reswqp,AskReddit,25.92,1,3,0.67,https://www.reddit.com/r/AskReddit/comments/1reswqp/whats_a_good_hidden_gem_movie_for_the_middle_of/
2026-02-25T23:25:29+00:00,1ret75a,AskReddit,15.38,1,4,1.0,https://www.reddit.com/r/AskReddit/comments/1ret75a/whats_your_toxic_trait_in_friendships/
2026-02-25T23:25:29+00:00,1resnpw,AskReddit,35.87,1,15,0.67,https://www.reddit.com/r/AskReddit/comments/1resnpw/what_do_we_genuinely_do_if_ww3_started/
2026-02-25T23:25:29+00:00,1rerv2f,AskReddit,65.78,0,5,0.4,https://www.reddit.com/r/AskReddit/comments/1rerv2f/what_is_your_opinion_of_the_usa_mens_hockey_team/
2026-02-25T23:25:34+00:00,1ret6w6,Music,15.73,1,0,1.0,https://www.reddit.com/r/Music/comments/1ret6w6/tim_eric_spaghetti_again_comedy/
2026-02-25T23:25:39+00:00,1ret74f,AskReddit,15.57,1,3,1.0,https://www.reddit.com/r/AskReddit/comments/1ret74f/whats_the_most_recent_small_thing_someone_said_or/
2026-02-25T23:25:39+00:00,1ret6px,AskReddit,15.97,2,3,1.0,https://www.reddit.com/r/AskReddit/comments/1ret6px/whats_the_stupidest_thing_youve_done_while/
2026-02-25T23:25:39+00:00,1repfjq,AskReddit,155.77,9,18,0.92,https://www.reddit.com/r/AskReddit/comments/1repfjq/what_your_worstbest_experience_with_online_friends/
2026-02-25T23:25:39+00:00,1resni4,AskReddit,36.27,2,6,1.0,https://www.reddit.com/r/AskReddit/comments/1resni4/whats_a_breakup_situation_where_you_genuinely/
2026-02-25T23:25:44+00:00,1req8n7,aww,126.43,361,11,0.98,https://www.reddit.com/r/aww/comments/1req8n7/the_reason_my_phone_storage_is_full/
2026-02-25T23:25:44+00:00,1reruvb,memes,66.25,5,1,1.0,https://www.reddit.com/r/memes/comments/1reruvb/i_love_spicy_food_but_not_when_i_get_hiccups/
2026-02-25T23:25:44+00:00,1retfvx,funny,6.17,0,2,0.17,https://www.reddit.com/r/funny/comments/1retfvx/funny_cake_poor_grandpa/
2026-02-25T23:25:44+00:00,1retgqm,AskReddit,5.28,1,2,1.0,https://www.reddit.com/r/AskReddit/comments/1retgqm/if_you_take_the_cost_of_your_first_vehicle_and/
2026-02-25T23:25:44+00:00,1retgis,AskReddit,5.5,1,2,1.0,https://www.reddit.com/r/AskReddit/comments/1retgis/why_dont_men_wear_heels_instead_of_women/
2026-02-25T23:25:44+00:00,1retg55,AskReddit,5.9,1,0,1.0,https://www.reddit.com/r/AskReddit/comments/1retg55/what_small_actionsstatements_immediately_made_you/
2026-02-25T23:25:44+00:00,1retfx8,AskReddit,6.13,2,4,1.0,https://www.reddit.com/r/AskReddit/comments/1retfx8/what_makes_you_happy_today/
2026-02-25T23:25:56+00:00,1rerut9,aww,66.52,9,2,0.91,https://www.reddit.com/r/aww/comments/1rerut9/someones_hungry_he_eats_like_he_hasnt_been_fed_in/
2026-02-25T23:25:56+00:00,1reruzt,AskReddit,66.32,1,12,1.0,https://www.reddit.com/r/AskReddit/comments/1reruzt/what_becomes_harder_once_you_grow_up/
2026-02-25T23:25:56+00:00,1res50b,AskReddit,55.77,0,9,0.5,https://www.reddit.com/r/AskReddit/comments/1res50b/at_what_age_gap_do_you_consider_it_creepy_for_an/
2026-02-25T23:26:02+00:00,1res53g,AskReddit,55.77,0,3,0.25,https://www.reddit.com/r/AskReddit/comments/1res53g/usa_and_iran_negotiations_tomorrow_what_should_we/
2026-02-25T23:26:02+00:00,1req91m,AskReddit,126.38,0,17,0.33,https://www.reddit.com/r/AskReddit/comments/1req91m/what_does_it_mean_if_exes_keep_making_eye_contact/
2026-02-25T23:26:02+00:00,1resevv,AskReddit,45.63,2,13,1.0,https://www.reddit.com/r/AskReddit/comments/1resevv/what_do_you_miss_most_about_the_early_internet/
2026-02-25T23:26:02+00:00,1resecd,Music,46.18,0,0,0.5,https://www.reddit.com/r/Music/comments/1resecd/globebased_radio_explorer_that_autoskips_talk/
2026-02-25T23:26:07+00:00,1resew8,AskReddit,45.72,1,2,1.0,https://www.reddit.com/r/AskReddit/comments/1resew8/whats_the_most_useful_thing_you_learned_from_a/
2026-02-25T23:26:12+00:00,1repf6e,memes,156.68,39,4,0.94,https://www.reddit.com/r/memes/comments/1repf6e/where_dreams_go_to_die/
2026-02-25T23:26:17+00:00,1resenr,worldnews,46.12,21,4,0.77,https://www.reddit.com/r/worldnews/comments/1resenr/cuban_border_guards_attacked_by_speedboat/
2026-02-25T23:26:22+00:00,1resoyr,AskReddit,35.42,1,2,1.0,https://www.reddit.com/r/AskReddit/comments/1resoyr/people_with_chronic_back_pain_how_did_it_start/
2026-02-25T23:26:22+00:00,1rer2nf,AskReddit,96.08,0,10,0.4,https://www.reddit.com/r/AskReddit/comments/1rer2nf/what_is_your_favorite_thing_to_do/
2026-02-25T23:26:22+00:00,1repfps,AskReddit,156.32,1,5,1.0,https://www.reddit.com/r/AskReddit/comments/1repfps/if_your_thoughts_made_sound_effects_what_noises/
2026-02-25T23:26:22+00:00,1repfh5,AskReddit,156.57,5,15,1.0,https://www.reddit.com/r/AskReddit/comments/1repfh5/whats_a_trend_that_needs_to_disappear_already/
2026-02-25T23:26:22+00:00,1resosj,AskReddit,35.6,1,2,1.0,https://www.reddit.com/r/AskReddit/comments/1resosj/ford_focus_2010_16_tdi_engine_malfunction/
2026-02-25T23:26:27+00:00,1resy3f,AskReddit,25.7,1,4,0.67,https://www.reddit.com/r/AskReddit/comments/1resy3f/what_is_so_bad_about_using_the_selfclean_button/
2026-02-25T23:26:27+00:00,1resoi0,AskReddit,36.0,1,10,0.67,https://www.reddit.com/r/AskReddit/comments/1resoi0/why_dont_you_just_snap_out_of_it/
2026-02-25T23:26:32+00:00,1resy0q,worldnews,25.83,27,0,0.97,https://www.reddit.com/r/worldnews/comments/1resy0q/russia_disrupts_trumps_ukraine_talks_with_timed/
2026-02-25T23:26:32+00:00,1resy73,Music,25.68,2,0,1.0,https://www.reddit.com/r/Music/comments/1resy73/donald_byrd_falling_like_dominoes_jazz_funk/
2026-02-25T23:26:43+00:00,1ret7nj,AskReddit,16.08,0,8,0.5,https://www.reddit.com/r/AskReddit/comments/1ret7nj/people_who_support_the_death_penalty_why/
2026-02-25T23:26:43+00:00,1ret7gq,AskReddit,16.27,0,2,0.5,https://www.reddit.com/r/AskReddit/comments/1ret7gq/whats_an_underrated_anime_more_people_need_to/
2026-02-25T23:26:43+00:00,1rethp9,AskReddit,5.22,3,7,1.0,https://www.reddit.com/r/AskReddit/comments/1rethp9/whats_something_people_do_that_instantly_tells/
2026-02-25T23:26:43+00:00,1rethjc,AskReddit,5.38,5,20,1.0,https://www.reddit.com/r/AskReddit/comments/1rethjc/how_often_do_you_cook_at_home/
2026-02-25T23:26:43+00:00,1reth3m,AskReddit,5.87,3,3,1.0,https://www.reddit.com/r/AskReddit/comments/1reth3m/if_you_could_customize_anything_what_would_you/
2026-02-25T23:26:43+00:00,1reth24,AskReddit,5.9,1,1,1.0,https://www.reddit.com/r/AskReddit/comments/1reth24/this_year_valentines_day_was_a_saturday_still/
2026-02-25T23:26:43+00:00,1retgtc,gaming,6.17,0,3,0.5,https://www.reddit.com/r/gaming/comments/1retgtc/games_that_are_like_mass_effect_and_dark_souls/
2026-02-25T23:26:48+00:00,1reqahx,worldnews,125.67,250,19,0.97,https://www.reddit.com/r/worldnews/comments/1reqahx/iceland_to_hold_eu_referendum_in_the_coming/
2026-02-25T23:26:48+00:00,1ret7p7,AskReddit,16.12,0,10,0.5,https://www.reddit.com/r/AskReddit/comments/1ret7p7/people_who_enjoy_morning_sex_how_do_you_actually/
2026-02-25T23:26:48+00:00,1res5w8,AskReddit,55.72,1,14,0.67,https://www.reddit.com/r/AskReddit/comments/1res5w8/when_did_you_first_smoke_weed_and_who_were_you/
2026-02-25T23:26:58+00:00,1repg3i,AskReddit,156.52,3,11,1.0,https://www.reddit.com/r/AskReddit/comments/1repg3i/what_social_norm_actually_harms_people_more_than/
2026-02-25T23:26:58+00:00,1rerw6t,memes,66.1,3,1,1.0,https://www.reddit.com/r/memes/comments/1rerw6t/sssshhh_zip_it/
2026-02-25T23:26:58+00:00,1rerw9w,worldnews,65.98,56,17,0.9,https://www.reddit.com/r/worldnews/comments/1rerw9w/trump_hits_iran_with_new_sanctions_ahead_of/
2026-02-25T23:26:58+00:00,1res5py,AskReddit,56.07,0,10,0.5,https://www.reddit.com/r/AskReddit/comments/1res5py/if_your_pet_animal_spoke_to_you_how_would_you/
2026-02-25T23:26:58+00:00,1repg5z,AskReddit,156.47,3,19,0.67,https://www.reddit.com/r/AskReddit/comments/1repg5z/what_was_the_last_emoji_you_used/
2026-02-25T23:26:58+00:00,1resg7g,AskReddit,45.18,1,2,1.0,https://www.reddit.com/r/AskReddit/comments/1resg7g/what_have_you_always_wanted_to_try/
2026-02-25T23:26:58+00:00,1repghl,Music,156.12,174,62,0.83,https://www.reddit.com/r/Music/comments/1repghl/sum_41_fatlip_punk/
2026-02-25T23:26:58+00:00,1req9rc,AskReddit,126.58,1,11,0.67,https://www.reddit.com/r/AskReddit/comments/1req9rc/whats_a_movie_thats_truly_made_you_cry/
2026-02-25T23:27:03+00:00,1res693,AskReddit,55.58,0,8,0.18,https://www.reddit.com/r/AskReddit/comments/1res693/whats_your_secret_to_have_a_great_scat_sex/
2026-02-25T23:27:08+00:00,1res665,AskReddit,55.75,0,12,0.5,https://www.reddit.com/r/AskReddit/comments/1res665/would_you_say_theres_a_severe_lack_of_empathy_in/
2026-02-25T23:27:08+00:00,1rer3jt,AskReddit,95.87,0,2,0.5,https://www.reddit.com/r/AskReddit/comments/1rer3jt/how_do_you_think_we_will_pay_for_things_when_we/
2026-02-25T23:27:08+00:00,1resfnv,AskReddit,45.92,3,2,1.0,https://www.reddit.com/r/AskReddit/comments/1resfnv/whats_the_lowest_point_youve_ever_been_in_your/
2026-02-25T23:27:13+00:00,1respal,aww,35.92,8,0,1.0,https://www.reddit.com/r/aww/comments/1respal/local_street_king_claiming_new_territory_my_car/
2026-02-25T23:27:13+00:00,1rer43m,worldnews,95.43,240,49,0.87,https://www.reddit.com/r/worldnews/comments/1rer43m/rubio_boosts_dictator_orbáns_bid_for_another_term/
2026-02-25T23:27:18+00:00,1repgpo,science,156.2,51,3,0.94,https://www.reddit.com/r/science/comments/1repgpo/toxic_waste_from_screens_ends_up_in_endangered/
2026-02-25T23:27:18+00:00,1respf6,AskReddit,35.85,1,3,1.0,https://www.reddit.com/r/AskReddit/comments/1respf6/denizens_of_reddit_with_strange_phobias_what/
2026-02-25T23:27:18+00:00,1respl2,AskReddit,35.68,2,5,1.0,https://www.reddit.com/r/AskReddit/comments/1respl2/what_do_your_days_off_look_like/
2026-02-25T23:27:18+00:00,1reszdf,AskReddit,25.3,1,6,0.67,https://www.reddit.com/r/AskReddit/comments/1reszdf/whats_a_minor_skill_youve_always_wanted_to_pick/
2026-02-25T23:27:23+00:00,1resyrb,AskReddit,26.02,2,10,0.75,https://www.reddit.com/r/AskReddit/comments/1resyrb/where_were_you_on_911/
2026-02-25T23:27:28+00:00,1rer3yk,AskReddit,95.8,0,4,0.5,https://www.reddit.com/r/AskReddit/comments/1rer3yk/what_songs_got_better_with_age/
2026-02-25T23:27:28+00:00,1resz2k,AskReddit,25.78,1,9,0.6,https://www.reddit.com/r/AskReddit/comments/1resz2k/what_advice_would_you_give_too_somebody_who_is/
2026-02-25T23:27:28+00:00,1reoraf,funny,182.73,93,12,0.86,https://www.reddit.com/r/funny/comments/1reoraf/these_are_notoriously_difficult_to_figure_out/
2026-02-25T23:27:34+00:00,1ret8rc,memes,15.78,3,0,1.0,https://www.reddit.com/r/memes/comments/1ret8rc/downfall_of_unreal_engine/
2026-02-25T23:27:34+00:00,1ret91g,gaming,15.45,112,46,0.88,https://www.reddit.com/r/gaming/comments/1ret91g/polygon_published_this/
2026-02-25T23:27:39+00:00,1ret9al,AskReddit,15.28,2,1,1.0,https://www.reddit.com/r/AskReddit/comments/1ret9al/what_album_did_you_listen_to_while_going_through/
2026-02-25T23:27:39+00:00,1rephww,AskReddit,155.3,0,9,0.5,https://www.reddit.com/r/AskReddit/comments/1rephww/what_is_the_kindest_thing_a_stranger_has_ever/
2026-02-25T23:27:39+00:00,1reqald,movies,126.42,0,24,0.31,https://www.reddit.com/r/movies/comments/1reqald/i_find_the_description_of_promising_young_woman/
2026-02-25T23:27:44+00:00,1reqb43,AskReddit,125.97,0,8,0.5,https://www.reddit.com/r/AskReddit/comments/1reqb43/whats_your_favorite_pizza_topping/
2026-02-25T23:27:44+00:00,1rerxmg,aww,65.32,16,1,1.0,https://www.reddit.com/r/aww/comments/1rerxmg/my_love_bug/
2026-02-25T23:27:49+00:00,1renwnl,aww,213.68,24,4,0.97,https://www.reddit.com/r/aww/comments/1renwnl/thanks_for_flowers_papa_i_will_eat_them_later/
2026-02-25T23:27:49+00:00,1reti83,AskReddit,5.8,4,11,1.0,https://www.reddit.com/r/AskReddit/comments/1reti83/which_fastfood_chain_do_you_think_is_overrated/
2026-02-25T23:27:49+00:00,1reqx8k,worldnews,103.03,1,0,0.6,https://www.reddit.com/r/worldnews/comments/1reqx8k/modi_india_stands_with_israel_with_full_conviction/
2026-02-25T23:27:49+00:00,1rens2z,science,218.08,7,1,0.82,https://www.reddit.com/r/science/comments/1rens2z/programmable_integrated_quantum_photonics_nature/
2026-02-25T23:27:49+00:00,1renw1l,movies,214.25,137,54,0.83,https://www.reddit.com/r/movies/comments/1renw1l/unleashed_2005_danny_fight_1_vs_4_in_the_pool/
2026-02-25T23:27:49+00:00,1reqbcn,AskReddit,125.82,0,4,0.5,https://www.reddit.com/r/AskReddit/comments/1reqbcn/if_you_found_out_something_you_really_liked_like/
2026-02-25T23:27:59+00:00,1reop1t,funny,185.48,29,24,0.7,https://www.reddit.com/r/funny/comments/1reop1t/21st_century_declarations_of_love/
2026-02-25T23:27:59+00:00,1reqar7,AskReddit,126.58,0,24,0.33,https://www.reddit.com/r/AskReddit/comments/1reqar7/how_do_you_feel_about_people_who_dont_wanna_have/
2026-02-25T23:27:59+00:00,1rerxjw,AskReddit,65.63,3,8,1.0,https://www.reddit.com/r/AskReddit/comments/1rerxjw/whats_the_last_gift_you_gave_yourself/
2026-02-25T23:27:59+00:00,1renz6m,science,211.23,261,40,0.97,https://www.reddit.com/r/science/comments/1renz6m/urine_tests_confirm_alcohol_consumption_in_wild/
2026-02-25T23:27:59+00:00,1rer4ew,worldnews,95.87,150,51,0.9,https://www.reddit.com/r/worldnews/comments/1rer4ew/cuba_says_its_forces_have_killed_four_on/
2026-02-25T23:27:59+00:00,1resh0c,AskReddit,45.35,1,2,1.0,https://www.reddit.com/r/AskReddit/comments/1resh0c/how_much_mobile_data_do_you_use_each_month_and/
2026-02-25T23:28:04+00:00,1reph7t,AskReddit,156.45,1,6,1.0,https://www.reddit.com/r/AskReddit/comments/1reph7t/what_is_the_worst_state/
2026-02-25T23:28:04+00:00,1rerx2w,aww,66.23,9,2,1.0,https://www.reddit.com/r/aww/comments/1rerx2w/sister_love_the_new_babies/
2026-02-25T23:28:09+00:00,1resgjs,AskReddit,46.02,1,5,1.0,https://www.reddit.com/r/AskReddit/comments/1resgjs/whats_your_favorite_country_and_why/
2026-02-25T23:28:09+00:00,1resgas,Music,46.28,57,85,0.79,https://www.reddit.com/r/Music/comments/1resgas/why_hasnt_huey_lewis_and_the_news_been_inducted/
2026-02-25T23:28:09+00:00,1rer4e9,AskReddit,96.05,0,3,0.25,https://www.reddit.com/r/AskReddit/comments/1rer4e9/what_are_your_favorite_movies_and_why/
2026-02-25T23:28:14+00:00,1rer4wg,AskReddit,95.58,0,3,0.25,https://www.reddit.com/r/AskReddit/comments/1rer4wg/hi_hows_your_day/
2026-02-25T23:28:14+00:00,1resqt0,AskReddit,35.22,0,1,0.17,https://www.reddit.com/r/AskReddit/comments/1resqt0/how_do_you_get_a_pickle_out_of_a_vending_machine/
2026-02-25T23:28:19+00:00,1rer4ps,AskReddit,95.87,0,17,0.25,https://www.reddit.com/r/AskReddit/comments/1rer4ps/how_do_you_guys_make_money_asking_as_a_15_year_old/
2026-02-25T23:28:19+00:00,1resqn8,AskReddit,35.48,7,16,1.0,https://www.reddit.com/r/AskReddit/comments/1resqn8/whats_something_you_learned_too_late_in_life/
2026-02-25T23:28:19+00:00,1resgy9,AskReddit,45.75,1,1,1.0,https://www.reddit.com/r/AskReddit/comments/1resgy9/what_are_you_feeling_today/
2026-02-25T23:28:25+00:00,1ret033,AskReddit,25.68,2,11,1.0,https://www.reddit.com/r/AskReddit/comments/1ret033/whats_a_mistake_youll_never_make_again/
2026-02-25T23:28:25+00:00,1reonfc,aww,187.53,1969,187,0.97,https://www.reddit.com/r/aww/comments/1reonfc/he_may_look_serious_but_hes_a_total_sweetheart/
2026-02-25T23:28:30+00:00,1ret09v,AskReddit,25.55,0,4,0.5,https://www.reddit.com/r/AskReddit/comments/1ret09v/what_is_the_fattest_thing_youve_done_this_week/
2026-02-25T23:28:30+00:00,1ret0dc,AskReddit,25.45,0,4,0.5,https://www.reddit.com/r/AskReddit/comments/1ret0dc/911_operators_whats_the_weirdest_reasons_people/
2026-02-25T23:28:30+00:00,1reszwb,AskReddit,25.95,1,2,1.0,https://www.reddit.com/r/AskReddit/comments/1reszwb/whats_a_smell_that_instantly_takes_you_back_to/
2026-02-25T23:28:30+00:00,1rerx2j,AskReddit,66.68,0,3,0.5,https://www.reddit.com/r/AskReddit/comments/1rerx2j/how_do_you_think_canadas_military_aid_will_impact/
2026-02-25T23:28:30+00:00,1ret9vg,memes,15.48,17,5,1.0,https://www.reddit.com/r/memes/comments/1ret9vg/a_short_story/
2026-02-25T23:28:35+00:00,1reta76,funny,15.22,1,1,1.0,https://www.reddit.com/r/funny/comments/1reta76/boyohboyohboy/
2026-02-25T23:28:35+00:00,1ret9ub,Music,15.6,1,0,0.67,https://www.reddit.com/r/Music/comments/1ret9ub/a_quick_question_for_everyone/
2026-02-25T23:28:35+00:00,1ret9ph,AskReddit,15.78,1,2,1.0,https://www.reddit.com/r/AskReddit/comments/1ret9ph/if_you_were_a_genie_how_would_you_get_back_at/
2026-02-25T23:28:35+00:00,1reszlh,AskReddit,26.37,1,5,0.67,https://www.reddit.com/r/AskReddit/comments/1reszlh/what_is_a_harmless_lie_your_parents_told_you_as_a/
2026-02-25T23:28:40+00:00,1reta1r,AskReddit,15.48,0,0,0.5,https://www.reddit.com/r/AskReddit/comments/1reta1r/exextremists_of_reddit_whats_your_story/
2026-02-25T23:28:40+00:00,1ret9rp,AskReddit,15.78,0,0,0.5,https://www.reddit.com/r/AskReddit/comments/1ret9rp/whats_a_harmless_human_habit_that_would_break_an/
2026-02-25T23:28:45+00:00,1res7w3,AskReddit,55.63,2,4,1.0,https://www.reddit.com/r/AskReddit/comments/1res7w3/what_did_you_do_on_autopilot_for_years_before/
2026-02-25T23:28:50+00:00,1reryml,AskReddit,65.38,1,7,1.0,https://www.reddit.com/r/AskReddit/comments/1reryml/whats_your_favorite_chicken_marinade_and_whats/
2026-02-25T23:28:50+00:00,1res87e,AskReddit,55.37,0,2,0.5,https://www.reddit.com/r/AskReddit/comments/1res87e/how_can_you_help_by_leaving_a_1_star_review_for/
2026-02-25T23:29:00+00:00,1res7x4,AskReddit,55.85,1,2,1.0,https://www.reddit.com/r/AskReddit/comments/1res7x4/foster_teens_of_reddit_what_iswouldve_been_your/
2026-02-25T23:29:00+00:00,1res881,Music,55.52,1,1,1.0,https://www.reddit.com/r/Music/comments/1res881/no_savage_gizwop_box_instrumental/
2026-02-25T23:29:00+00:00,1res84l,AskReddit,55.62,1,9,0.67,https://www.reddit.com/r/AskReddit/comments/1res84l/whats_your_reason_for_not_protesting_at_least/
2026-02-25T23:29:00+00:00,1repj0v,AskReddit,155.58,6,21,1.0,https://www.reddit.com/r/AskReddit/comments/1repj0v/which_hack_managed_to_boost_your_confidence_and/
2026-02-25T23:29:10+00:00,1resi4a,memes,45.37,1,1,0.67,https://www.reddit.com/r/memes/comments/1resi4a/ocfizzy_glizzy_we_arent_slowly_drifting_away_from/
2026-02-25T23:29:10+00:00,1rer5wy,AskReddit,95.48,0,16,0.33,https://www.reddit.com/r/AskReddit/comments/1rer5wy/what_should_be_free_but_isnt/
2026-02-25T23:29:10+00:00,1reshbk,Music,46.18,1,0,1.0,https://www.reddit.com/r/Music/comments/1reshbk/linda_ronstadt_desperado_country_rock_live/
2026-02-25T23:29:10+00:00,1reshbf,AskReddit,46.2,1,2,1.0,https://www.reddit.com/r/AskReddit/comments/1reshbf/whats_something_thats_happened_this_february_that/
2026-02-25T23:29:10+00:00,1resht2,aww,45.68,10,0,1.0,https://www.reddit.com/r/aww/comments/1resht2/a_new_pillow/
2026-02-25T23:29:15+00:00,1rer5k4,AskReddit,95.92,2,19,0.75,https://www.reddit.com/r/AskReddit/comments/1rer5k4/does_someone_saying_they_love_you_mean_more_than/
2026-02-25T23:29:15+00:00,1reshgz,AskReddit,46.13,1,4,1.0,https://www.reddit.com/r/AskReddit/comments/1reshgz/women_whats_an_ideal_height_for_your_partner/
2026-02-25T23:29:20+00:00,1rer56m,AskReddit,96.37,0,2,0.5,https://www.reddit.com/r/AskReddit/comments/1rer56m/teachers_of_reddit_what_was_some_extremely_wrong/
2026-02-25T23:29:20+00:00,1resr0s,AskReddit,36.08,2,4,1.0,https://www.reddit.com/r/AskReddit/comments/1resr0s/what_the_best_experience_in_life_you_had_ever/
2026-02-25T23:29:20+00:00,1rer4vc,funny,96.72,15,8,0.7,https://www.reddit.com/r/funny/comments/1rer4vc/hot_cakes/
2026-02-25T23:29:25+00:00,1resr5b,AskReddit,36.02,2,5,0.63,https://www.reddit.com/r/AskReddit/comments/1resr5b/what_billionaire_is_the_biggest_international/
2026-02-25T23:29:25+00:00,1repj78,AskReddit,155.82,0,19,0.5,https://www.reddit.com/r/AskReddit/comments/1repj78/how_do_you_think_trump_will_react_when_everything/
2026-02-25T23:29:30+00:00,1ret19d,AskReddit,25.5,2,10,0.75,https://www.reddit.com/r/AskReddit/comments/1ret19d/whats_a_minor_superpower_youd_actually_love_to/
2026-02-25T23:29:30+00:00,1ret0q5,AskReddit,26.08,1,6,0.67,https://www.reddit.com/r/AskReddit/comments/1ret0q5/if_you_could_take_a_trip_or_vacation_anywhere_in/
2026-02-25T23:29:30+00:00,1ret1ee,AskReddit,25.37,1,9,0.67,https://www.reddit.com/r/AskReddit/comments/1ret1ee/people_who_are_afraid_of_heights_what_scares_you/
2026-02-25T23:29:30+00:00,1rer5r3,todayilearned,95.98,210,0,0.98,https://www.reddit.com/r/todayilearned/comments/1rer5r3/til_that_an_indian_man_traveling_to_vienna_in/
2026-02-25T23:29:35+00:00,1retarw,AskReddit,15.58,2,10,1.0,https://www.reddit.com/r/AskReddit/comments/1retarw/what_are_the_3_movies_anyone_should_watch_before/
2026-02-25T23:29:35+00:00,1ret167,AskReddit,25.68,4,8,1.0,https://www.reddit.com/r/AskReddit/comments/1ret167/what_is_something_you_have_learned_just_is_not/
2026-02-25T23:29:35+00:00,1retala,AskReddit,15.8,1,1,1.0,https://www.reddit.com/r/AskReddit/comments/1retala/people_who_often_carry_out_employee_background/
2026-02-25T23:29:41+00:00,1retaov,AskReddit,15.78,1,3,1.0,https://www.reddit.com/r/AskReddit/comments/1retaov/what_single_moment_truly_defined_your_2025/
2026-02-25T23:29:41+00:00,1reta8q,funny,16.27,0,2,0.33,https://www.reddit.com/r/funny/comments/1reta8q/funny_cake/
2026-02-25T23:29:41+00:00,1retalj,AskReddit,15.88,1,4,1.0,https://www.reddit.com/r/AskReddit/comments/1retalj/what_perfume_would_you_recommend_for_a_man/
2026-02-25T23:29:46+00:00,1res8i4,funny,56.05,0,5,0.32,https://www.reddit.com/r/funny/comments/1res8i4/fuck_blue_hat_boy/
2026-02-25T23:29:46+00:00,1reryv0,AskReddit,66.08,1,4,1.0,https://www.reddit.com/r/AskReddit/comments/1reryv0/what_is_the_best_collecting_hobby_like_watches_or/
2026-02-25T23:29:51+00:00,1retkh0,AskReddit,5.4,2,6,1.0,https://www.reddit.com/r/AskReddit/comments/1retkh0/what_are_your_all_time_favorite_movies/
2026-02-25T23:29:51+00:00,1retjut,AskReddit,6.08,1,3,1.0,https://www.reddit.com/r/AskReddit/comments/1retjut/what_is_something_someone_told_you_not_to_do_that/
2026-02-25T23:29:51+00:00,1retjsl,AskReddit,6.13,1,9,1.0,https://www.reddit.com/r/AskReddit/comments/1retjsl/people_who_love_their_jobs_what_do_you_do/
2026-02-25T23:29:51+00:00,1rerz1a,AskReddit,66.0,1,11,1.0,https://www.reddit.com/r/AskReddit/comments/1rerz1a/how_do_you_know_when_a_good_job_isnt_worth_it/
2026-02-25T23:29:51+00:00,1reqd0p,AskReddit,126.02,7,14,1.0,https://www.reddit.com/r/AskReddit/comments/1reqd0p/what_is_the_most_tactless_question_youve_heard/
2026-02-25T23:29:51+00:00,1reryo8,AskReddit,66.35,1,6,1.0,https://www.reddit.com/r/AskReddit/comments/1reryo8/what_is_your_favorite_horror_icon/
2026-02-25T23:30:00+00:00,1res8up,AskReddit,55.9,1,12,1.0,https://www.reddit.com/r/AskReddit/comments/1res8up/what_instantly_makes_you_lose_respect_for_someone/
2026-02-25T23:30:00+00:00,1res9cn,Music,55.37,1,1,1.0,https://www.reddit.com/r/Music/comments/1res9cn/the_bluez_brothaz_tpain_young_cash_tell_me/
2026-02-25T23:30:00+00:00,1rerzhp,AskReddit,65.68,1,6,1.0,https://www.reddit.com/r/AskReddit/comments/1rerzhp/what_happened_to_that_alien_spaceship_asteroid/
2026-02-25T23:30:00+00:00,1resitm,AskReddit,45.45,1,3,1.0,https://www.reddit.com/r/AskReddit/comments/1resitm/what_are_your_experiences_that_back_up_your/
2026-02-25T23:30:05+00:00,1rer65t,AskReddit,96.13,0,1,0.5,https://www.reddit.com/r/AskReddit/comments/1rer65t/what_was_your_best_make_em_eat_their_words/
2026-02-25T23:30:05+00:00,1res8r6,Music,56.08,4,3,1.0,https://www.reddit.com/r/Music/comments/1res8r6/communityvoted_greatest_rock_songs_list/
2026-02-25T23:30:05+00:00,1rer68e,AskReddit,96.07,50,128,0.93,https://www.reddit.com/r/AskReddit/comments/1rer68e/whats_something_that_gets_harder_instead_of/
2026-02-25T23:30:11+00:00,1resrs7,AskReddit,36.12,1,5,1.0,https://www.reddit.com/r/AskReddit/comments/1resrs7/how_do_you_personally_find_inner_peace_is_it_ever/
2026-02-25T23:30:11+00:00,1resibd,AskReddit,46.17,1,0,1.0,https://www.reddit.com/r/AskReddit/comments/1resibd/what_was_your_worst_bad_stomach_experience/
2026-02-25T23:30:11+00:00,1rer642,movies,96.28,0,1,0.31,https://www.reddit.com/r/movies/comments/1rer642/is_there_an_high_quality_image_of_this_poster_of/
2026-02-25T23:30:11+00:00,1res8m9,AskReddit,56.35,2,9,1.0,https://www.reddit.com/r/AskReddit/comments/1res8m9/anyone_have_some_advice_on_how_to_relate_to_high/
2026-02-25T23:30:11+00:00,1res8gf,AskReddit,56.5,1,3,1.0,https://www.reddit.com/r/AskReddit/comments/1res8gf/where_is_the_chat_button_because_reddit_changed/
2026-02-25T23:30:11+00:00,1resskt,AskReddit,35.23,0,14,0.5,https://www.reddit.com/r/AskReddit/comments/1resskt/how_do_you_get_a_pickle_out_of_a_ketchup_bottle/
2026-02-25T23:30:16+00:00,1resima,AskReddit,45.92,2,15,1.0,https://www.reddit.com/r/AskReddit/comments/1resima/what_is_your_favorite_cereal/
2026-02-25T23:30:21+00:00,1resrrj,aww,36.3,19,1,0.96,https://www.reddit.com/r/aww/comments/1resrrj/cute_enough_to_get_away_with_everything/
2026-02-25T23:30:21+00:00,1ress53,AskReddit,35.88,1,8,1.0,https://www.reddit.com/r/AskReddit/comments/1ress53/whats_a_small_change_you_made_daily_that_helped/
2026-02-25T23:30:26+00:00,1ret1nx,Music,26.05,2,0,1.0,https://www.reddit.com/r/Music/comments/1ret1nx/jimmy_the_spoon/
2026-02-25T23:30:26+00:00,1reqdiq,AskReddit,126.0,1,7,0.67,https://www.reddit.com/r/AskReddit/comments/1reqdiq/what_do_you_understand_easily_that_others_usually/
2026-02-25T23:30:26+00:00,1ret1kw,Music,26.12,1,0,1.0,https://www.reddit.com/r/Music/comments/1ret1kw/thunderbyrd_all_the_saints_rock/
2026-02-25T23:30:31+00:00,1rer6yv,AskReddit,95.68,1,12,0.67,https://www.reddit.com/r/AskReddit/comments/1rer6yv/would_you_still_marry_this_person_if_you_can_go/
2026-02-25T23:30:36+00:00,1ret1tr,AskReddit,26.07,0,0,0.5,https://www.reddit.com/r/AskReddit/comments/1ret1tr/youre_sent_back_100_years_with_the_mission_to/
2026-02-25T23:30:36+00:00,1retbsu,AskReddit,15.5,1,3,1.0,https://www.reddit.com/r/AskReddit/comments/1retbsu/how_do_you_be_a_stronger_unpacker_of_text_like/
2026-02-25T23:30:36+00:00,1retb8d,AskReddit,16.13,3,5,1.0,https://www.reddit.com/r/AskReddit/comments/1retb8d/what_is_the_hardest_thing_you_have_helped_a/
2026-02-25T23:30:46+00:00,1res9gr,AskReddit,56.02,1,1,1.0,https://www.reddit.com/r/AskReddit/comments/1res9gr/whats_the_most_absurd_hoa_rule_youve_ever_heard/
2026-02-25T23:30:46+00:00,1res0e8,AskReddit,65.52,1,5,0.67,https://www.reddit.com/r/AskReddit/comments/1res0e8/people_who_have_witnessed_somebody_die_what/
2026-02-25T23:30:46+00:00,1reqdur,AskReddit,126.0,51,268,0.96,https://www.reddit.com/r/AskReddit/comments/1reqdur/what_was_something_that_ended_your_crush_on/
2026-02-25T23:30:52+00:00,1res0lq,AskReddit,65.38,2,10,1.0,https://www.reddit.com/r/AskReddit/comments/1res0lq/what_are_the_most_epic_scenes_in_movies_because/
2026-02-25T23:30:52+00:00,1res9j2,AskReddit,56.05,1,4,1.0,https://www.reddit.com/r/AskReddit/comments/1res9j2/how_do_you_explain_things_that_only_make_sense_in/
2026-02-25T23:30:52+00:00,1rerzum,AskReddit,66.2,1,5,1.0,https://www.reddit.com/r/AskReddit/comments/1rerzum/adult_sons_how_have_you_gotten_back_at_your_dad/
2026-02-25T23:30:52+00:00,1retlke,AskReddit,5.2,1,1,1.0,https://www.reddit.com/r/AskReddit/comments/1retlke/larry_summers_resigned_from_harvard_over_his_ties/
2026-02-25T23:30:52+00:00,1retler,AskReddit,5.35,2,2,1.0,https://www.reddit.com/r/AskReddit/comments/1retler/if_aliens_have_been_watching_earth_what_human/
2026-02-25T23:30:52+00:00,1retlce,AskReddit,5.42,1,1,1.0,https://www.reddit.com/r/AskReddit/comments/1retlce/what_is_the_craziest_discovery_you_ever_made/
2026-02-25T23:30:52+00:00,1retlb2,AskReddit,5.45,1,0,1.0,https://www.reddit.com/r/AskReddit/comments/1retlb2/whats_a_sign_you_have_control_issues_even_in_the/
2026-02-25T23:30:52+00:00,1retl6a,AskReddit,5.62,1,0,1.0,https://www.reddit.com/r/AskReddit/comments/1retl6a/how_small_do_you_think_your_online_footprint_is/
2026-02-25T23:30:52+00:00,1retkrx,Music,6.07,2,0,0.75,https://www.reddit.com/r/Music/comments/1retkrx/neil_young_and_crazy_horse/
2026-02-25T23:30:52+00:00,1retli7,memes,5.27,1,0,1.0,https://www.reddit.com/r/memes/comments/1retli7/ive_seen_an_awfull_lot_of_stickers_since_you/
2026-02-25T23:30:52+00:00,1rerzft,AskReddit,66.6,1,4,1.0,https://www.reddit.com/r/AskReddit/comments/1rerzft/how_would_you_describe_a_healthymeasured_usage_of/
2026-02-25T23:30:52+00:00,1res9y3,AskReddit,55.58,0,1,0.25,https://www.reddit.com/r/AskReddit/comments/1res9y3/for_those_who_were_told_to_return_to_the_office/
2026-02-25T23:31:01+00:00,1res0gt,funny,65.68,0,10,0.16,https://www.reddit.com/r/funny/comments/1res0gt/lasagna_anyone/
2026-02-25T23:31:01+00:00,1res9uf,AskReddit,55.85,2,9,1.0,https://www.reddit.com/r/AskReddit/comments/1res9uf/what_is_the_meaning_of_life/
2026-02-25T23:31:01+00:00,1res0ek,AskReddit,65.75,1,7,1.0,https://www.reddit.com/r/AskReddit/comments/1res0ek/whats_something_random_you_could_talk_about_for/
2026-02-25T23:31:01+00:00,1res9vy,AskReddit,55.82,1,2,1.0,https://www.reddit.com/r/AskReddit/comments/1res9vy/parents_of_daughters_your_daughter_reaches_out_to/
2026-02-25T23:31:11+00:00,1resjih,AskReddit,45.87,3,1,1.0,https://www.reddit.com/r/AskReddit/comments/1resjih/whats_the_best_affordable_experience_that_you/
2026-02-25T23:31:11+00:00,1resjcb,AskReddit,46.05,40,21,1.0,https://www.reddit.com/r/AskReddit/comments/1resjcb/what_was_your_biggest_dream_growing_up_and_what/
2026-02-25T23:31:11+00:00,1rest19,AskReddit,35.73,1,3,0.67,https://www.reddit.com/r/AskReddit/comments/1rest19/what_are_some_interesting_topics_to_make/
2026-02-25T23:31:11+00:00,1resjde,AskReddit,46.02,1,7,1.0,https://www.reddit.com/r/AskReddit/comments/1resjde/what_is_your_mood_today/
2026-02-25T23:31:16+00:00,1resjc3,AskReddit,46.13,1,6,1.0,https://www.reddit.com/r/AskReddit/comments/1resjc3/what_mistake_taught_you_the_most_valuable_lesson/
2026-02-25T23:31:16+00:00,1rest0c,todayilearned,35.85,18,1,0.96,https://www.reddit.com/r/todayilearned/comments/1rest0c/til_in_1994_shopping_channel_qvc_attempted_a_96/
2026-02-25T23:31:16+00:00,1resa2m,worldnews,55.87,4,1,1.0,https://www.reddit.com/r/worldnews/comments/1resa2m/argentinian_government_broadens_rigi_benefits_for/
2026-02-25T23:31:16+00:00,1ressya,AskReddit,35.92,0,3,0.33,https://www.reddit.com/r/AskReddit/comments/1ressya/how_do_you_breathe/
2026-02-25T23:31:22+00:00,1ret2n5,funny,25.97,325,36,0.96,https://www.reddit.com/r/funny/comments/1ret2n5/epileptic_attack/
2026-02-25T23:31:22+00:00,1resjq9,AskReddit,45.83,2,5,1.0,https://www.reddit.com/r/AskReddit/comments/1resjq9/apartment_people_whats_the_most_ridiculous_thing/
2026-02-25T23:31:22+00:00,1ressqj,AskReddit,36.25,2,4,0.75,https://www.reddit.com/r/AskReddit/comments/1ressqj/whats_a_show_you_just_cant_get_into_or_just_not/
2026-02-25T23:31:22+00:00,1rer7ki,gaming,95.92,5,57,0.59,https://www.reddit.com/r/gaming/comments/1rer7ki/what_video_game_weapon_or_armor_looks_cool_but/
2026-02-25T23:31:22+00:00,1resteb,worldnews,35.55,4,0,0.64,https://www.reddit.com/r/worldnews/comments/1resteb/germanys_merz_hails_china_ties_as_he_seeks_reset/
2026-02-25T23:31:27+00:00,1restkb,AskReddit,35.47,2,2,1.0,https://www.reddit.com/r/AskReddit/comments/1restkb/if_youve_shit_yourself_as_an_adult_whyhow_did_it/
2026-02-25T23:31:27+00:00,1restcr,AskReddit,35.67,1,1,1.0,https://www.reddit.com/r/AskReddit/comments/1restcr/how_do_you_exist_be_a_human/
2026-02-25T23:31:27+00:00,1repkxi,todayilearned,156.12,11389,184,0.98,https://www.reddit.com/r/todayilearned/comments/1repkxi/til_while_recording_samples_for_the_mellotron_an/
2026-02-25T23:31:27+00:00,1ret2ob,Music,26.03,1,0,1.0,https://www.reddit.com/r/Music/comments/1ret2ob/is_yumenoshima_from_uk_rampage_in_44/
2026-02-25T23:31:32+00:00,1ret3eb,AskReddit,25.37,3,3,1.0,https://www.reddit.com/r/AskReddit/comments/1ret3eb/how_would_you_react_to_the_early_stages_of_a/
2026-02-25T23:31:32+00:00,1ret3by,AskReddit,25.43,2,1,1.0,https://www.reddit.com/r/AskReddit/comments/1ret3by/whats_a_rule_you_follow_that_makes_zero_logical/
2026-02-25T23:31:37+00:00,1retc8s,AskReddit,16.08,1,10,1.0,https://www.reddit.com/r/AskReddit/comments/1retc8s/how_did_you_improve_your_quality_of_life/
2026-02-25T23:31:42+00:00,1retcz7,AskReddit,15.35,2,5,1.0,https://www.reddit.com/r/AskReddit/comments/1retcz7/which_offline_apps_do_people_consistently_use/
2026-02-25T23:31:52+00:00,1resaze,AskReddit,55.52,2,12,1.0,https://www.reddit.com/r/AskReddit/comments/1resaze/people_who_work_at_hr_whats_the_most_bizarre/
2026-02-25T23:32:02+00:00,1retmih,AskReddit,5.33,1,2,1.0,https://www.reddit.com/r/AskReddit/comments/1retmih/whats_advice_that_sounds_cliché_but_is_actually/
2026-02-25T23:32:02+00:00,1retm9a,AskReddit,5.62,1,1,1.0,https://www.reddit.com/r/AskReddit/comments/1retm9a/what_happened_when_you_caught_your_ex_using_a/
2026-02-25T23:32:02+00:00,1retlto,AskReddit,6.08,1,1,1.0,https://www.reddit.com/r/AskReddit/comments/1retlto/if_you_could_redo_a_moment_in_your_life_what/
2026-02-25T23:32:02+00:00,1retlqp,AskReddit,6.17,1,1,1.0,https://www.reddit.com/r/AskReddit/comments/1retlqp/whats_a_place_you_visited_once_and_decided_never/
2026-02-25T23:32:02+00:00,1retlme,AskReddit,6.3,3,11,1.0,https://www.reddit.com/r/AskReddit/comments/1retlme/what_do_you_do_if_you_dont_have_internet/
2026-02-25T23:32:02+00:00,1retm1f,aww,5.85,2,0,1.0,https://www.reddit.com/r/aww/comments/1retm1f/simón_the_lord_of_the_yang_says_hi/
2026-02-25T23:32:02+00:00,1res14z,aww,65.98,25,2,1.0,https://www.reddit.com/r/aww/comments/1res14z/baby_flower/
2026-02-25T23:32:02+00:00,1res1gm,AskReddit,65.65,3,5,1.0,https://www.reddit.com/r/AskReddit/comments/1res1gm/what_food_changed_something_from_the_original/
2026-02-25T23:32:02+00:00,1reqehu,AskReddit,126.63,3,43,0.71,https://www.reddit.com/r/AskReddit/comments/1reqehu/what_is_a_1010_non_alcoholic_drink/
2026-02-25T23:32:02+00:00,1resauv,Music,55.8,2,0,1.0,https://www.reddit.com/r/Music/comments/1resauv/venus_hum_ft_bmg_i_feel_love_electronic_pop/
2026-02-25T23:32:02+00:00,1res0uw,AskReddit,66.27,1,3,0.67,https://www.reddit.com/r/AskReddit/comments/1res0uw/what_unanswered_questions_about_the_epstein_case/
2026-02-25T23:32:02+00:00,1replme,funny,156.02,3457,83,0.97,https://www.reddit.com/r/funny/comments/1replme/comments/
2026-02-25T23:32:12+00:00,1reske1,AskReddit,45.98,1,24,0.67,https://www.reddit.com/r/AskReddit/comments/1reske1/any_suggestion_how_to_survive_sex_for_longer/
2026-02-25T23:32:12+00:00,1rer8vb,AskReddit,95.4,24,19,0.88,https://www.reddit.com/r/AskReddit/comments/1rer8vb/who_feels_tired_of_all_the_bots_on_this_subreddit/
2026-02-25T23:32:17+00:00,1repm6m,AskReddit,155.73,2,22,0.75,https://www.reddit.com/r/AskReddit/comments/1repm6m/what_is_the_best_compliment_you_have_ever_received/
2026-02-25T23:32:17+00:00,1resk52,movies,46.32,0,24,0.43,https://www.reddit.com/r/movies/comments/1resk52/home_theater_viewing_request/
2026-02-25T23:32:17+00:00,1resu0l,AskReddit,35.82,0,7,0.25,https://www.reddit.com/r/AskReddit/comments/1resu0l/your_appendix_is_a_ticking_time_bomb_that_you_can/
2026-02-25T23:32:17+00:00,1reskir,AskReddit,45.92,0,9,0.33,https://www.reddit.com/r/AskReddit/comments/1reskir/women_whats_an_ideal_height_for_your_partner/
2026-02-25T23:32:22+00:00,1reqg1e,AskReddit,125.32,2,14,1.0,https://www.reddit.com/r/AskReddit/comments/1reqg1e/what_current_series_are_you_watching_that_youd/
2026-02-25T23:32:22+00:00,1ret3zz,AskReddit,25.57,2,9,1.0,https://www.reddit.com/r/AskReddit/comments/1ret3zz/what_is_a_completely_overrated_food_or_drink/
2026-02-25T23:32:27+00:00,1restpt,AskReddit,36.28,1,5,1.0,https://www.reddit.com/r/AskReddit/comments/1restpt/what_is_a_personality_trait_people_like_to_say_is/
2026-02-25T23:32:27+00:00,1ret3xm,AskReddit,25.72,1,0,1.0,https://www.reddit.com/r/AskReddit/comments/1ret3xm/what_was_the_best_thing_ai_did_for_you/
2026-02-25T23:32:27+00:00,1ret3pr,AskReddit,25.95,1,2,1.0,https://www.reddit.com/r/AskReddit/comments/1ret3pr/if_someone_in_prison_develops_dementia_and/
2026-02-25T23:32:32+00:00,1reqfwm,aww,125.62,19,0,1.0,https://www.reddit.com/r/aww/comments/1reqfwm/my_dog_is_so_strange/
2026-02-25T23:32:32+00:00,1ret4db,AskReddit,25.33,2,23,0.67,https://www.reddit.com/r/AskReddit/comments/1ret4db/if_youve_shat_yourself_as_an_adult_howwhy_did_it/
2026-02-25T23:32:32+00:00,1ret43b,AskReddit,25.63,7,9,0.82,https://www.reddit.com/r/AskReddit/comments/1ret43b/what_do_you_think_of_the_doj_withholding_some/
2026-02-25T23:32:32+00:00,1ret3yr,AskReddit,25.77,1,0,1.0,https://www.reddit.com/r/AskReddit/comments/1ret3yr/whats_the_pettiest_thing_youve_done_that_you/
2026-02-25T23:32:38+00:00,1reqfjg,AskReddit,126.1,0,4,0.5,https://www.reddit.com/r/AskReddit/comments/1reqfjg/what_are_the_main_things_people_should_learn/
2026-02-25T23:32:38+00:00,1ret47d,AskReddit,25.62,3,14,1.0,https://www.reddit.com/r/AskReddit/comments/1ret47d/whats_your_biggest_regret/
2026-02-25T23:32:38+00:00,1retdct,AskReddit,15.9,1,3,1.0,https://www.reddit.com/r/AskReddit/comments/1retdct/which_pokemon_would_you_say_is_the_ugliest_and/
2026-02-25T23:32:38+00:00,1retd4w,AskReddit,16.12,1,1,1.0,https://www.reddit.com/r/AskReddit/comments/1retd4w/what_question_do_you_think_is_the_dumbest_not/
2026-02-25T23:32:43+00:00,1reqfm1,AskReddit,126.12,1,33,0.56,https://www.reddit.com/r/AskReddit/comments/1reqfm1/whats_the_wildest_place_youve_ever_hooked_up/
2026-02-25T23:32:48+00:00,1res1px,AskReddit,66.13,0,10,0.2,https://www.reddit.com/r/AskReddit/comments/1res1px/dear_men_and_anyone_who_can_answer_this_this_male/
2026-02-25T23:32:53+00:00,1resbxg,memes,55.55,6,1,1.0,https://www.reddit.com/r/memes/comments/1resbxg/ahh_good_ol_captcha_tests/
2026-02-25T23:32:53+00:00,1res2i6,aww,65.42,50,7,0.95,https://www.reddit.com/r/aww/comments/1res2i6/happy_10th_adoption_anniversary_to_my_rocket/
2026-02-25T23:32:53+00:00,1resc9w,AskReddit,55.2,3,9,1.0,https://www.reddit.com/r/AskReddit/comments/1resc9w/whats_a_very_nontypical_fooddrink_you_really_enjoy/
2026-02-25T23:32:53+00:00,1reslrj,aww,45.25,13,2,1.0,https://www.reddit.com/r/aww/comments/1reslrj/neighborhood_watch/
2026-02-25T23:33:03+00:00,1res27y,AskReddit,65.87,1,4,1.0,https://www.reddit.com/r/AskReddit/comments/1res27y/what_seems_very_difficult_until_you_try_it/
2026-02-25T23:33:03+00:00,1res1q4,worldnews,66.37,39,9,0.8,https://www.reddit.com/r/worldnews/comments/1res1q4/iran_accuses_us_of_spreading_big_lies_after_trump/
2026-02-25T23:33:03+00:00,1res1v7,movies,66.22,0,10,0.5,https://www.reddit.com/r/movies/comments/1res1v7/lance_armstrong_movie_starring_austin_butler/
2026-02-25T23:33:03+00:00,1resbvj,AskReddit,55.77,2,8,1.0,https://www.reddit.com/r/AskReddit/comments/1resbvj/whats_a_subtle_sign_someone_is_emotionally_mature/
2026-02-25T23:33:03+00:00,1retn9j,AskReddit,5.47,0,2,0.5,https://www.reddit.com/r/AskReddit/comments/1retn9j/how_common_is_it_for_a_woman_to_get_chlamydia/
2026-02-25T23:33:03+00:00,1retn5m,AskReddit,5.58,1,6,1.0,https://www.reddit.com/r/AskReddit/comments/1retn5m/what_food_combination_seems_really_strange_or/
2026-02-25T23:33:03+00:00,1retn3b,AskReddit,5.67,1,2,1.0,https://www.reddit.com/r/AskReddit/comments/1retn3b/whats_something_everyone_should_experience_at/
2026-02-25T23:33:03+00:00,1retn20,AskReddit,5.72,1,1,1.0,https://www.reddit.com/r/AskReddit/comments/1retn20/what_are_the_reasons_for_ending_ones_own_life/
2026-02-25T23:33:03+00:00,1retmjk,AskReddit,6.32,1,3,1.0,https://www.reddit.com/r/AskReddit/comments/1retmjk/whats_the_most_common_purpose_why_someone_goes_to/
2026-02-25T23:33:03+00:00,1retn0q,aww,5.75,1,0,1.0,https://www.reddit.com/r/aww/comments/1retn0q/storm_protocol_become_one_with_the_treadmill/
2026-02-25T23:33:03+00:00,1resbdu,AskReddit,56.28,3,4,1.0,https://www.reddit.com/r/AskReddit/comments/1resbdu/what_movie_would_you_recommend_for_tonight/
2026-02-25T23:33:03+00:00,1res25j,aww,65.93,19,2,0.96,https://www.reddit.com/r/aww/comments/1res25j/little_missy/
2026-02-25T23:33:03+00:00,1repn1v,AskReddit,155.62,0,5,0.2,https://www.reddit.com/r/AskReddit/comments/1repn1v/what_according_to_you_is_the_right_age_for/
2026-02-25T23:33:08+00:00,1res23u,AskReddit,66.07,1,3,1.0,https://www.reddit.com/r/AskReddit/comments/1res23u/political_lines_aside_who_do_you_think_are_the/
2026-02-25T23:33:08+00:00,1repmzw,todayilearned,155.75,219,37,0.94,https://www.reddit.com/r/todayilearned/comments/1repmzw/til_jim_hanks_tom_hanks_brother_voices_woody_for/
2026-02-25T23:33:08+00:00,1reslgd,AskReddit,45.82,1,1,1.0,https://www.reddit.com/r/AskReddit/comments/1reslgd/what_do_you_think_about_ai_and_how_it_affects_the/
2026-02-25T23:33:08+00:00,1resllf,aww,45.67,29,1,1.0,https://www.reddit.com/r/aww/comments/1resllf/all_beauty_no_brain/
2026-02-25T23:33:08+00:00,1res1vc,AskReddit,66.3,1,6,0.67,https://www.reddit.com/r/AskReddit/comments/1res1vc/how_does_a_kiss_work_and_how_do_you_initiate_it/
2026-02-25T23:33:13+00:00,1resv62,AskReddit,35.47,0,2,0.33,https://www.reddit.com/r/AskReddit/comments/1resv62/what_happens_to_crazy_mario_brosso_recently_a/
2026-02-25T23:33:13+00:00,1reslbp,AskReddit,46.02,1,3,1.0,https://www.reddit.com/r/AskReddit/comments/1reslbp/people_who_where_a_teen_in_the_80s_was_it_really/
2026-02-25T23:33:13+00:00,1reqgx7,AskReddit,125.3,0,7,0.5,https://www.reddit.com/r/AskReddit/comments/1reqgx7/if_humans_suddenly_lost_the_ability_to_feel/
2026-02-25T23:33:13+00:00,1resuv2,memes,35.8,73,7,0.98,https://www.reddit.com/r/memes/comments/1resuv2/sometimes_theres_good_movie_remakes_sometimes/
2026-02-25T23:33:18+00:00,1reqgiv,aww,125.77,19,5,0.83,https://www.reddit.com/r/aww/comments/1reqgiv/didnt_realize_she_was_actually_stuck_in_this/
2026-02-25T23:33:18+00:00,1resm0s,todayilearned,45.38,4,2,0.6,https://www.reddit.com/r/todayilearned/comments/1resm0s/til_vega_yes_that_superbright_standard_star_has_a/
2026-02-25T23:33:24+00:00,1resux8,AskReddit,35.9,0,0,0.33,https://www.reddit.com/r/AskReddit/comments/1resux8/people_who_built_something_from_scratch_app/
2026-02-25T23:33:24+00:00,1rer9ov,aww,95.7,18,0,1.0,https://www.reddit.com/r/aww/comments/1rer9ov/batman_knows_all_your_dirty_sins/
2026-02-25T23:33:24+00:00,1resuzw,gaming,35.82,3,14,0.54,https://www.reddit.com/r/gaming/comments/1resuzw/flesh_wire_announcement_trailer_new_game_from_us/
2026-02-25T23:33:29+00:00,1ret5dx,AskReddit,25.18,1,0,1.0,https://www.reddit.com/r/AskReddit/comments/1ret5dx/what_is_your_goto_story_to_tell_at_a_social_event/
2026-02-25T23:33:34+00:00,1resv8s,AskReddit,35.73,1,1,0.67,https://www.reddit.com/r/AskReddit/comments/1resv8s/what_do_you_think_about_tyra_banks_after_the_antm/
2026-02-25T23:33:34+00:00,1ret54o,AskReddit,25.53,3,4,1.0,https://www.reddit.com/r/AskReddit/comments/1ret54o/what_impression_did_you_have_after_working_with/
2026-02-25T23:33:34+00:00,1ret4sp,AskReddit,25.88,0,3,0.5,https://www.reddit.com/r/AskReddit/comments/1ret4sp/your_most_recent_ex_just_got_arrested_and_reaches/
2026-02-25T23:33:39+00:00,1ret4u6,AskReddit,25.92,1,3,1.0,https://www.reddit.com/r/AskReddit/comments/1ret4u6/what_is_something_everyone_loves_that_you/
2026-02-25T23:33:39+00:00,1ret4nn,AskReddit,26.13,1,1,1.0,https://www.reddit.com/r/AskReddit/comments/1ret4nn/who_had_the_best_half_time_show/
2026-02-25T23:33:49+00:00,1retead,AskReddit,16.02,3,13,1.0,https://www.reddit.com/r/AskReddit/comments/1retead/what_is_the_most_important_thing_you_have_ever/
2026-02-25T23:33:49+00:00,1reqh3z,aww,125.73,18,2,0.92,https://www.reddit.com/r/aww/comments/1reqh3z/my_friends_cat_looks_adorable/
2026-02-25T23:33:49+00:00,1reqgw9,AskReddit,125.92,2,5,1.0,https://www.reddit.com/r/AskReddit/comments/1reqgw9/what_are_some_lesser_known_undisclosed_realities/
2026-02-25T23:33:49+00:00,1res38l,AskReddit,65.58,0,13,0.25,https://www.reddit.com/r/AskReddit/comments/1res38l/who_has_a_good_chance_at_becoming_the_next_us/
2026-02-25T23:33:54+00:00,1reqgh1,AskReddit,126.42,20,36,1.0,https://www.reddit.com/r/AskReddit/comments/1reqgh1/what_is_the_dumbest_thing_youve_done_for_a_girl/
2026-02-25T23:33:54+00:00,1res2pw,AskReddit,66.22,4,33,0.83,https://www.reddit.com/r/AskReddit/comments/1res2pw/what_food_you_eat_daily/
2026-02-25T23:33:54+00:00,1resd3t,Music,55.38,1,8,0.67,https://www.reddit.com/r/Music/comments/1resd3t/question_about_lady_madonna_by_the_beatles/
2026-02-25T23:34:04+00:00,1retnz8,aww,5.68,2,0,1.0,https://www.reddit.com/r/aww/comments/1retnz8/i_spent_half_an_hour_looking_for_her_until_it/
2026-02-25T23:34:04+00:00,1reto3i,movies,5.55,1,1,0.67,https://www.reddit.com/r/movies/comments/1reto3i/i_made_a_little_movie_tracker_app_over_the_past/
2026-02-25T23:34:04+00:00,1retnrm,memes,5.92,1,0,1.0,https://www.reddit.com/r/memes/comments/1retnrm/does_this_happen_to_anyone_else/
2026-02-25T23:34:04+00:00,1retngf,memes,6.28,1,0,1.0,https://www.reddit.com/r/memes/comments/1retngf/hopefully_sleuth_bot_doesnt_burn_me_at_the_stake/
2026-02-25T23:34:04+00:00,1retnuk,science,5.83,2,2,0.75,https://www.reddit.com/r/science/comments/1retnuk/ptsd_and_major_depressive_disorder_are_associated/
2026-02-25T23:34:04+00:00,1res3ff,AskReddit,65.62,1,2,1.0,https://www.reddit.com/r/AskReddit/comments/1res3ff/fast_food_workers_what_is_the_most_disrespectful/
2026-02-25T23:34:04+00:00,1res2nk,AskReddit,66.45,3,14,1.0,https://www.reddit.com/r/AskReddit/comments/1res2nk/serious_what_qualities_or_behaviors_make_the/
2026-02-25T23:34:04+00:00,1rescit,AskReddit,56.13,2,13,1.0,https://www.reddit.com/r/AskReddit/comments/1rescit/whats_a_skill_everyone_should_learn_before_they/
2026-02-25T23:34:10+00:00,1resm31,AskReddit,46.17,45,47,0.94,https://www.reddit.com/r/AskReddit/comments/1resm31/whats_the_craziest_reason_youve_cut_someone_off/
2026-02-25T23:34:10+00:00,1resd7w,aww,55.53,11,0,1.0,https://www.reddit.com/r/aww/comments/1resd7w/my_cat_didnt_bite_but_she_judge/
2026-02-25T23:34:15+00:00,1resm0p,AskReddit,46.33,1,4,1.0,https://www.reddit.com/r/AskReddit/comments/1resm0p/what_did_people_do_casually_in_the_90s_that/
2026-02-25T23:34:20+00:00,1resmg7,AskReddit,46.02,0,6,0.5,https://www.reddit.com/r/AskReddit/comments/1resmg7/who_do_you_think_is_the_worst_politician_right_now/
2026-02-25T23:34:25+00:00,1resmqt,AskReddit,45.8,0,12,0.5,https://www.reddit.com/r/AskReddit/comments/1resmqt/women_what_height_would_you_want_your_partner_to/
2026-02-25T23:34:25+00:00,1reswe3,AskReddit,35.32,65,40,0.84,https://www.reddit.com/r/AskReddit/comments/1reswe3/sex_workers_of_reddit_whats_the_weirdest_kink_a/
2026-02-25T23:34:25+00:00,1ret65j,AskReddit,25.3,4,5,1.0,https://www.reddit.com/r/AskReddit/comments/1ret65j/what_did_kash_patel_mean_when_he_said_regarding/
2026-02-25T23:34:30+00:00,1resvnx,AskReddit,36.18,0,2,0.5,https://www.reddit.com/r/AskReddit/comments/1resvnx/whats_one_thing_you_learned_from_your_biggest/
2026-02-25T23:34:30+00:00,1reralf,AskReddit,95.87,0,5,0.5,https://www.reddit.com/r/AskReddit/comments/1reralf/how_did_you_find_your_first_paying_clients_and/
2026-02-25T23:34:30+00:00,1resm1h,AskReddit,46.55,3,5,1.0,https://www.reddit.com/r/AskReddit/comments/1resm1h/dont_judge_a_book_by_its_cover_how_logical_is/
2026-02-25T23:34:30+00:00,1ret5f0,AskReddit,26.15,4,8,1.0,https://www.reddit.com/r/AskReddit/comments/1ret5f0/whats_something_people_dont_learn_until_its_too/
2026-02-25T23:34:35+00:00,1ret5zk,AskReddit,25.62,1,2,1.0,https://www.reddit.com/r/AskReddit/comments/1ret5zk/where_does_a_south_alabama_man_38yo_who_works_a/
2026-02-25T23:34:35+00:00,1ret5ql,AskReddit,25.88,1,1,1.0,https://www.reddit.com/r/AskReddit/comments/1ret5ql/if_you_were_on_an_island_what_would_be_1_artist/
2026-02-25T23:34:40+00:00,1ret68q,AskReddit,25.47,2,3,1.0,https://www.reddit.com/r/AskReddit/comments/1ret68q/what_behavior_in_an_online_friendship_immediately/
2026-02-25T23:34:40+00:00,1reqhng,AskReddit,126.03,3,18,1.0,https://www.reddit.com/r/AskReddit/comments/1reqhng/fellow_depressed_and_people_with_harsh_anxiety/
2026-02-25T23:34:40+00:00,1ret5r3,AskReddit,25.95,2,4,1.0,https://www.reddit.com/r/AskReddit/comments/1ret5r3/whats_a_big_mistake_you_made_at_work_that_went/
2026-02-25T23:34:40+00:00,1ret63o,AskReddit,25.6,1,0,1.0,https://www.reddit.com/r/AskReddit/comments/1ret63o/if_your_house_could_talk_what_secret_would_it/
2026-02-25T23:34:40+00:00,1retf66,AskReddit,15.88,1,4,1.0,https://www.reddit.com/r/AskReddit/comments/1retf66/if_youre_running_errands_all_day_whats_your_goto/
2026-02-25T23:34:45+00:00,1retf7a,AskReddit,15.95,2,3,1.0,https://www.reddit.com/r/AskReddit/comments/1retf7a/whats_something_you_did_in_2025_that_made_you_go/
2026-02-25T23:34:51+00:00,1retf1u,AskReddit,16.2,1,5,1.0,https://www.reddit.com/r/AskReddit/comments/1retf1u/what_made_you_decide_to_go_sober/
2026-02-25T23:34:51+00:00,1resdq8,AskReddit,55.67,76,154,0.94,https://www.reddit.com/r/AskReddit/comments/1resdq8/whats_the_best_relationship_advice_you_could_give/
2026-02-25T23:34:56+00:00,1res3oh,AskReddit,66.2,2,7,1.0,https://www.reddit.com/r/AskReddit/comments/1res3oh/what_job_looks_impressive_from_the_outside_but_is/
2026-02-25T23:34:56+00:00,1retp30,AskReddit,5.28,1,1,1.0,https://www.reddit.com/r/AskReddit/comments/1retp30/whats_that_one_dream_car_you_want_to_own_one_day/
2026-02-25T23:34:56+00:00,1retonl,AskReddit,5.78,1,1,1.0,https://www.reddit.com/r/AskReddit/comments/1retonl/whats_the_best_raccoon_repellant_to_use_on_a/
2026-02-25T23:34:56+00:00,1retoma,AskReddit,5.82,0,1,0.5,https://www.reddit.com/r/AskReddit/comments/1retoma/there_are_people_who_can_tell_you_about_earning/
2026-02-25T23:35:06+00:00,1res3na,AskReddit,66.42,0,1,0.33,https://www.reddit.com/r/AskReddit/comments/1res3na/what_false_narrative_made_you_popular_in_high/
2026-02-25T23:35:06+00:00,1resdyh,AskReddit,55.68,2,31,0.75,https://www.reddit.com/r/AskReddit/comments/1resdyh/whats_your_favourite_dog_breed/
2026-02-25T23:35:06+00:00,1res44y,AskReddit,65.83,0,4,0.33,https://www.reddit.com/r/AskReddit/comments/1res44y/trump_signed_a_79b_education_funding_bill_into/
2026-02-25T23:35:11+00:00,1repp0b,AskReddit,155.73,1,7,0.67,https://www.reddit.com/r/AskReddit/comments/1repp0b/what_is_a_small_decision_you_made_years_ago_that/
2026-02-25T23:35:11+00:00,1res3l3,AskReddit,66.55,1,9,0.67,https://www.reddit.com/r/AskReddit/comments/1res3l3/how_do_you_feel_about_british_royal_family_after/
2026-02-25T23:35:16+00:00,1resxcp,AskReddit,35.2,0,0,0.29,https://www.reddit.com/r/AskReddit/comments/1resxcp/vegans_on_reddit_what_runs_through_your_mind_when/
2026-02-25T23:35:16+00:00,1resnny,AskReddit,45.7,1,2,1.0,https://www.reddit.com/r/AskReddit/comments/1resnny/what_is_great_advice_youve_received_just/
2026-02-25T23:35:16+00:00,1reswyp,Music,35.55,0,0,0.25,https://www.reddit.com/r/Music/comments/1reswyp/looking_for_deleted_ai_youtube_song/
2026-02-25T23:35:16+00:00,1reswog,movies,35.87,2,1,1.0,https://www.reddit.com/r/movies/comments/1reswog/my_five_favorite_interview_films/
2026-02-25T23:35:21+00:00,1reswln,AskReddit,36.03,0,3,0.5,https://www.reddit.com/r/AskReddit/comments/1reswln/what_was_it_like_on_911_for_people_who_were_in/
2026-02-25T23:35:26+00:00,1resxeg,aww,35.32,20,4,0.67,https://www.reddit.com/r/aww/comments/1resxeg/flying_squirrels_really_know_hot_to_melt_hearts/
2026-02-25T23:35:26+00:00,1resnz2,AskReddit,45.5,0,6,0.5,https://www.reddit.com/r/AskReddit/comments/1resnz2/people_who_havent_pooped_yet_in_2026_why_are_you/
2026-02-25T23:35:26+00:00,1resx86,AskReddit,35.47,2,1,0.75,https://www.reddit.com/r/AskReddit/comments/1resx86/what_is_a_harmless_truth_about_the_world_that_you/
2026-02-25T23:35:32+00:00,1reswqp,AskReddit,36.05,1,3,0.67,https://www.reddit.com/r/AskReddit/comments/1reswqp/whats_a_good_hidden_gem_movie_for_the_middle_of/
2026-02-25T23:35:32+00:00,1resnpw,AskReddit,45.92,1,15,0.67,https://www.reddit.com/r/AskReddit/comments/1resnpw/what_do_we_genuinely_do_if_ww3_started/
2026-02-25T23:35:32+00:00,1reqis6,AskReddit,125.7,4,21,0.7,https://www.reddit.com/r/AskReddit/comments/1reqis6/serious_what_is_astroturfing/
2026-02-25T23:35:32+00:00,1ret75a,AskReddit,25.43,1,4,1.0,https://www.reddit.com/r/AskReddit/comments/1ret75a/whats_your_toxic_trait_in_friendships/
2026-02-25T23:35:37+00:00,1rerbnm,todayilearned,95.83,1183,155,0.94,https://www.reddit.com/r/todayilearned/comments/1rerbnm/til_ben_shapiro_and_mara_wilson_matilda_mrs/
2026-02-25T23:35:37+00:00,1ret6w6,Music,25.78,1,0,1.0,https://www.reddit.com/r/Music/comments/1ret6w6/tim_eric_spaghetti_again_comedy/
2026-02-25T23:35:37+00:00,1ret6px,AskReddit,25.93,2,5,1.0,https://www.reddit.com/r/AskReddit/comments/1ret6px/whats_the_stupidest_thing_youve_done_while/
2026-02-25T23:35:42+00:00,1resni4,AskReddit,46.32,2,6,1.0,https://www.reddit.com/r/AskReddit/comments/1resni4/whats_a_breakup_situation_where_you_genuinely/
2026-02-25T23:35:42+00:00,1retgqm,AskReddit,15.25,1,3,1.0,https://www.reddit.com/r/AskReddit/comments/1retgqm/if_you_take_the_cost_of_your_first_vehicle_and/
2026-02-25T23:35:42+00:00,1retg55,AskReddit,15.87,1,0,1.0,https://www.reddit.com/r/AskReddit/comments/1retg55/what_small_actionsstatements_immediately_made_you/
2026-02-25T23:35:42+00:00,1reqj4q,AskReddit,125.5,2,22,0.75,https://www.reddit.com/r/AskReddit/comments/1reqj4q/your_favorite_celebrity_in_right_in_front_of_you/
2026-02-25T23:35:42+00:00,1ret74f,AskReddit,25.62,1,2,1.0,https://www.reddit.com/r/AskReddit/comments/1ret74f/whats_the_most_recent_small_thing_someone_said_or/
2026-02-25T23:35:42+00:00,1retfvx,funny,16.13,0,6,0.24,https://www.reddit.com/r/funny/comments/1retfvx/funny_cake_poor_grandpa/
2026-02-25T23:35:47+00:00,1retfx8,AskReddit,16.18,6,21,1.0,https://www.reddit.com/r/AskReddit/comments/1retfx8/what_makes_you_happy_today/
2026-02-25T23:35:47+00:00,1retgis,AskReddit,15.55,2,4,1.0,https://www.reddit.com/r/AskReddit/comments/1retgis/why_dont_men_wear_heels_instead_of_women/
2026-02-25T23:35:57+00:00,1retpz8,AskReddit,5.33,1,2,1.0,https://www.reddit.com/r/AskReddit/comments/1retpz8/how_would_things_be_like_if_the_world_is_devoid/
2026-02-25T23:35:57+00:00,1retpvh,AskReddit,5.45,2,3,1.0,https://www.reddit.com/r/AskReddit/comments/1retpvh/whats_the_most_affordable_and_greenest_city_youve/
2026-02-25T23:35:57+00:00,1retpdu,AskReddit,5.97,1,3,1.0,https://www.reddit.com/r/AskReddit/comments/1retpdu/what_do_you_think_is_the_most_overrated_financial/
2026-02-25T23:35:57+00:00,1retpbr,AskReddit,6.03,1,3,1.0,https://www.reddit.com/r/AskReddit/comments/1retpbr/whats_the_most_awkward_situation_youve_ever_been/
2026-02-25T23:35:57+00:00,1retq0m,Music,5.28,0,0,0.5,https://www.reddit.com/r/Music/comments/1retq0m/describe_my_tame_impala_taste/
2026-02-25T23:35:57+00:00,1retpdj,memes,5.97,1,0,0.67,https://www.reddit.com/r/memes/comments/1retpdj/ive_seen_an_awful_lot_of_stickers_since_you/
2026-02-25T23:36:07+00:00,1res50b,AskReddit,65.95,0,11,0.5,https://www.reddit.com/r/AskReddit/comments/1res50b/at_what_age_gap_do_you_consider_it_creepy_for_an/
2026-02-25T23:36:07+00:00,1resevv,AskReddit,55.72,2,13,1.0,https://www.reddit.com/r/AskReddit/comments/1resevv/what_do_you_miss_most_about_the_early_internet/
2026-02-25T23:36:07+00:00,1res53g,AskReddit,65.85,0,3,0.25,https://www.reddit.com/r/AskReddit/comments/1res53g/usa_and_iran_negotiations_tomorrow_what_should_we/
2026-02-25T23:36:12+00:00,1resew8,AskReddit,55.8,1,2,1.0,https://www.reddit.com/r/AskReddit/comments/1resew8/whats_the_most_useful_thing_you_learned_from_a/
2026-02-25T23:36:22+00:00,1resenr,worldnews,56.2,29,4,0.8,https://www.reddit.com/r/worldnews/comments/1resenr/cuban_border_guards_attacked_by_speedboat/
2026-02-25T23:36:27+00:00,1resoyr,AskReddit,45.5,1,2,1.0,https://www.reddit.com/r/AskReddit/comments/1resoyr/people_with_chronic_back_pain_how_did_it_start/
2026-02-25T23:36:27+00:00,1resosj,AskReddit,45.68,1,2,1.0,https://www.reddit.com/r/AskReddit/comments/1resosj/ford_focus_2010_16_tdi_engine_malfunction/
2026-02-25T23:36:27+00:00,1resoi0,AskReddit,46.0,1,10,0.67,https://www.reddit.com/r/AskReddit/comments/1resoi0/why_dont_you_just_snap_out_of_it/
2026-02-25T23:36:33+00:00,1resy73,Music,35.7,3,0,1.0,https://www.reddit.com/r/Music/comments/1resy73/donald_byrd_falling_like_dominoes_jazz_funk/
2026-02-25T23:36:33+00:00,1resy3f,AskReddit,35.8,1,4,0.67,https://www.reddit.com/r/AskReddit/comments/1resy3f/what_is_so_bad_about_using_the_selfclean_button/
2026-02-25T23:36:33+00:00,1resy0q,worldnews,35.85,49,0,0.97,https://www.reddit.com/r/worldnews/comments/1resy0q/russia_disrupts_trumps_ukraine_talks_with_timed/
2026-02-25T23:36:43+00:00,1repq4f,memes,156.18,50,3,0.98,https://www.reddit.com/r/memes/comments/1repq4f/its_happen_to_us_all/
2026-02-25T23:36:43+00:00,1rethjc,AskReddit,15.38,11,49,0.92,https://www.reddit.com/r/AskReddit/comments/1rethjc/how_often_do_you_cook_at_home/
2026-02-25T23:36:43+00:00,1reth3m,AskReddit,15.87,3,3,1.0,https://www.reddit.com/r/AskReddit/comments/1reth3m/if_you_could_customize_anything_what_would_you/
2026-02-25T23:36:43+00:00,1ret7gq,AskReddit,26.27,0,2,0.5,https://www.reddit.com/r/AskReddit/comments/1ret7gq/whats_an_underrated_anime_more_people_need_to/
2026-02-25T23:36:48+00:00,1reqjwe,AskReddit,125.8,2,8,1.0,https://www.reddit.com/r/AskReddit/comments/1reqjwe/how_seriously_do_you_take_someones_musical_tastes/
2026-02-25T23:36:48+00:00,1reppo5,movies,156.72,1,4,0.56,https://www.reddit.com/r/movies/comments/1reppo5/random_coincidences_in_a_double_bill/
2026-02-25T23:36:48+00:00,1ret7nj,AskReddit,26.17,0,12,0.5,https://www.reddit.com/r/AskReddit/comments/1ret7nj/people_who_support_the_death_penalty_why/
2026-02-25T23:36:48+00:00,1rethp9,AskReddit,15.3,3,9,0.8,https://www.reddit.com/r/AskReddit/comments/1rethp9/whats_something_people_do_that_instantly_tells/
2026-02-25T23:36:48+00:00,1reth24,AskReddit,15.98,1,7,1.0,https://www.reddit.com/r/AskReddit/comments/1reth24/this_year_valentines_day_was_a_saturday_still/
2026-02-25T23:36:48+00:00,1retgtc,gaming,16.25,0,11,0.5,https://www.reddit.com/r/gaming/comments/1retgtc/games_that_are_like_mass_effect_and_dark_souls/
2026-02-25T23:36:53+00:00,1res5w8,AskReddit,65.8,1,14,0.67,https://www.reddit.com/r/AskReddit/comments/1res5w8/when_did_you_first_smoke_weed_and_who_were_you/
2026-02-25T23:36:53+00:00,1reqk3v,AskReddit,125.68,0,5,0.5,https://www.reddit.com/r/AskReddit/comments/1reqk3v/whats_one_move_in_bed_that_makes_anyone_go_crazy/
2026-02-25T23:36:53+00:00,1ret7p7,AskReddit,26.2,0,9,0.5,https://www.reddit.com/r/AskReddit/comments/1ret7p7/people_who_enjoy_morning_sex_how_do_you_actually/
2026-02-25T23:36:58+00:00,1reqk7z,memes,125.65,0,10,0.31,https://www.reddit.com/r/memes/comments/1reqk7z/oh_no_ai_anyway/
2026-02-25T23:36:58+00:00,1res5py,AskReddit,66.07,0,10,0.5,https://www.reddit.com/r/AskReddit/comments/1res5py/if_your_pet_animal_spoke_to_you_how_would_you/
2026-02-25T23:36:58+00:00,1retqg0,AskReddit,5.83,1,7,0.6,https://www.reddit.com/r/AskReddit/comments/1retqg0/how_often_do_you_wear_a_cowboy_hat/
2026-02-25T23:36:58+00:00,1resg7g,AskReddit,55.18,1,2,1.0,https://www.reddit.com/r/AskReddit/comments/1resg7g/what_have_you_always_wanted_to_try/
2026-02-25T23:37:08+00:00,1resfnv,AskReddit,55.92,3,3,1.0,https://www.reddit.com/r/AskReddit/comments/1resfnv/whats_the_lowest_point_youve_ever_been_in_your/
2026-02-25T23:37:08+00:00,1res693,AskReddit,65.67,0,8,0.18,https://www.reddit.com/r/AskReddit/comments/1res693/whats_your_secret_to_have_a_great_scat_sex/
2026-02-25T23:37:13+00:00,1res665,AskReddit,65.83,0,12,0.5,https://www.reddit.com/r/AskReddit/comments/1res665/would_you_say_theres_a_severe_lack_of_empathy_in/
2026-02-25T23:37:13+00:00,1reprdz,science,155.45,1815,211,0.95,https://www.reddit.com/r/science/comments/1reprdz/donald_trump_gained_2024_votes_in_areas_where/
2026-02-25T23:37:19+00:00,1respal,aww,46.02,9,0,1.0,https://www.reddit.com/r/aww/comments/1respal/local_street_king_claiming_new_territory_my_car/
2026-02-25T23:37:19+00:00,1reprdo,AskReddit,155.55,2,10,1.0,https://www.reddit.com/r/AskReddit/comments/1reprdo/what_happened_at_work_that_made_you_realize_that/
2026-02-25T23:37:19+00:00,1respf6,AskReddit,45.87,1,3,1.0,https://www.reddit.com/r/AskReddit/comments/1respf6/denizens_of_reddit_with_strange_phobias_what/
2026-02-25T23:37:19+00:00,1reszdf,AskReddit,35.32,1,6,0.67,https://www.reddit.com/r/AskReddit/comments/1reszdf/whats_a_minor_skill_youve_always_wanted_to_pick/
2026-02-25T23:37:19+00:00,1respl2,AskReddit,45.7,2,6,1.0,https://www.reddit.com/r/AskReddit/comments/1respl2/what_do_your_days_off_look_like/
2026-02-25T23:37:24+00:00,1rerdrl,Music,95.53,0,6,0.34,https://www.reddit.com/r/Music/comments/1rerdrl/kurt_cobains_1994_death_alleged_homicide_by/
2026-02-25T23:37:24+00:00,1resyrb,AskReddit,36.03,3,16,0.8,https://www.reddit.com/r/AskReddit/comments/1resyrb/where_were_you_on_911/
2026-02-25T23:37:29+00:00,1rerd38,AskReddit,96.3,2,9,0.75,https://www.reddit.com/r/AskReddit/comments/1rerd38/what_is_the_most_ignorant_opinion_you_truly/
2026-02-25T23:37:29+00:00,1rep23z,AskReddit,181.57,1,7,1.0,https://www.reddit.com/r/AskReddit/comments/1rep23z/how_would_you_feel_finding_out_that_you_are_your/
2026-02-25T23:37:29+00:00,1resz2k,AskReddit,35.8,1,10,0.6,https://www.reddit.com/r/AskReddit/comments/1resz2k/what_advice_would_you_give_too_somebody_who_is/
2026-02-25T23:37:34+00:00,1rerdhd,memes,95.98,67,8,0.96,https://www.reddit.com/r/memes/comments/1rerdhd/i_forgorrr/
2026-02-25T23:37:34+00:00,1ret8rc,memes,25.78,5,0,1.0,https://www.reddit.com/r/memes/comments/1ret8rc/downfall_of_unreal_engine/
2026-02-25T23:37:34+00:00,1rep1ar,AskReddit,182.48,26,11,0.94,https://www.reddit.com/r/AskReddit/comments/1rep1ar/why_did_reddit_just_release_the_worst_app_update/
2026-02-25T23:37:34+00:00,1rerd10,AskReddit,96.45,0,6,0.5,https://www.reddit.com/r/AskReddit/comments/1rerd10/what_app_do_you_highly_recommend/
2026-02-25T23:37:34+00:00,1ret91g,gaming,25.45,271,108,0.92,https://www.reddit.com/r/gaming/comments/1ret91g/polygon_published_this/
2026-02-25T23:37:34+00:00,1rerdsh,AskReddit,95.67,1,3,1.0,https://www.reddit.com/r/AskReddit/comments/1rerdsh/what_do_you_think_would_be_more_devastating/
2026-02-25T23:37:39+00:00,1rerdd1,AskReddit,96.18,0,4,0.33,https://www.reddit.com/r/AskReddit/comments/1rerdd1/how_do_you_tell_a_woman_to_calm_down_and_that_she/
2026-02-25T23:37:39+00:00,1rerdar,AskReddit,96.23,0,4,0.5,https://www.reddit.com/r/AskReddit/comments/1rerdar/do_you_think_kissing_in_public_is_normal_or_weird/
2026-02-25T23:37:39+00:00,1repqqi,AskReddit,156.52,0,8,0.33,https://www.reddit.com/r/AskReddit/comments/1repqqi/if_you_had_to_finish_100_big_macs_and_you_can/
2026-02-25T23:37:39+00:00,1reo9bb,memes,211.0,1782,418,0.91,https://www.reddit.com/r/memes/comments/1reo9bb/can_you_name/
2026-02-25T23:37:44+00:00,1ret9al,AskReddit,25.37,2,1,1.0,https://www.reddit.com/r/AskReddit/comments/1ret9al/what_album_did_you_listen_to_while_going_through/
2026-02-25T23:37:44+00:00,1reo2ua,memes,217.27,69,6,0.82,https://www.reddit.com/r/memes/comments/1reo2ua/it_really_do_be_like_that/
2026-02-25T23:37:44+00:00,1rep1bf,AskReddit,182.63,1,8,0.67,https://www.reddit.com/r/AskReddit/comments/1rep1bf/at_the_height_of_their_fame_who_got_more_action/
2026-02-25T23:37:44+00:00,1reqk9m,AskReddit,126.37,1,8,0.67,https://www.reddit.com/r/AskReddit/comments/1reqk9m/what_are_you_most_scary_about_the_future/
2026-02-25T23:37:49+00:00,1reti83,AskReddit,15.8,4,40,0.83,https://www.reddit.com/r/AskReddit/comments/1reti83/which_fastfood_chain_do_you_think_is_overrated/
2026-02-25T23:37:49+00:00,1rep2sm,gaming,181.15,0,23,0.24,https://www.reddit.com/r/gaming/comments/1rep2sm/anyone_knows_any_simple_and_free_aim_trainers/
2026-02-25T23:37:49+00:00,1rep1yc,AskReddit,182.05,1,2,1.0,https://www.reddit.com/r/AskReddit/comments/1rep1yc/how_did_you_know_or_realize_a_friend_was_going_to/
2026-02-25T23:37:49+00:00,1reo7be,Music,213.1,75,1,0.98,https://www.reddit.com/r/Music/comments/1reo7be/oliver_power_grant_a_founding_member_of_wutang/
2026-02-25T23:37:55+00:00,1reo201,movies,218.27,6,0,0.69,https://www.reddit.com/r/movies/comments/1reo201/jonathan_levine_to_direct_grady_hendrix/
2026-02-25T23:37:55+00:00,1rep20b,AskReddit,182.1,1,6,0.67,https://www.reddit.com/r/AskReddit/comments/1rep20b/whos_a_cringy_content_creator/
2026-02-25T23:37:55+00:00,1rep1rd,AskReddit,182.35,2,12,0.75,https://www.reddit.com/r/AskReddit/comments/1rep1rd/what_would_you_do_if_you_had_a_time_machine/
2026-02-25T23:37:55+00:00,1reqkd5,AskReddit,126.45,1,12,1.0,https://www.reddit.com/r/AskReddit/comments/1reqkd5/what_can_you_buy_in_america_with_25_cents/
2026-02-25T23:38:00+00:00,1reo8yx,movies,211.7,0,17,0.32,https://www.reddit.com/r/movies/comments/1reo8yx/baz_luhrmann_wants_an_elvis_presley_cinematic/
2026-02-25T23:38:00+00:00,1retrlv,funny,5.6,0,1,0.5,https://www.reddit.com/r/funny/comments/1retrlv/fletch_chevy_chases_finest_hour_at_40/
2026-02-25T23:38:00+00:00,1retrr4,AskReddit,5.45,1,1,1.0,https://www.reddit.com/r/AskReddit/comments/1retrr4/do_you_get_turned_on_taking_nudes_of_yourself_and/
2026-02-25T23:38:00+00:00,1retrka,Music,5.65,3,1,1.0,https://www.reddit.com/r/Music/comments/1retrka/exclusive_sean_diddy_combs_could_be_dragged_back/
2026-02-25T23:38:00+00:00,1reoy09,Music,186.23,0,23,0.23,https://www.reddit.com/r/Music/comments/1reoy09/i_know_this_was_prolly_posted_several_times_but/
2026-02-25T23:38:09+00:00,1resh0c,AskReddit,55.52,1,2,1.0,https://www.reddit.com/r/AskReddit/comments/1resh0c/how_much_mobile_data_do_you_use_each_month_and/
2026-02-25T23:38:09+00:00,1reoz1j,aww,185.35,180,2,0.99,https://www.reddit.com/r/aww/comments/1reoz1j/we_found_this_little_baby_about_a_month_and_a/
2026-02-25T23:38:09+00:00,1reo57i,movies,215.48,2950,798,0.84,https://www.reddit.com/r/movies/comments/1reo57i/teens_are_over_superheroes_want_to_see_more/
2026-02-25T23:38:09+00:00,1resgas,Music,56.28,71,111,0.78,https://www.reddit.com/r/Music/comments/1resgas/why_hasnt_huey_lewis_and_the_news_been_inducted/
2026-02-25T23:38:09+00:00,1rerepq,AskReddit,95.33,1,11,1.0,https://www.reddit.com/r/AskReddit/comments/1rerepq/what_subject_do_you_know_the_most_about/
2026-02-25T23:38:15+00:00,1resgjs,AskReddit,56.12,1,5,1.0,https://www.reddit.com/r/AskReddit/comments/1resgjs/whats_your_favorite_country_and_why/
2026-02-25T23:38:15+00:00,1resqt0,AskReddit,45.23,0,1,0.17,https://www.reddit.com/r/AskReddit/comments/1resqt0/how_do_you_get_a_pickle_out_of_a_vending_machine/
2026-02-25T23:38:20+00:00,1resqn8,AskReddit,45.5,9,18,1.0,https://www.reddit.com/r/AskReddit/comments/1resqn8/whats_something_you_learned_too_late_in_life/
2026-02-25T23:38:25+00:00,1ret033,AskReddit,35.68,2,12,1.0,https://www.reddit.com/r/AskReddit/comments/1ret033/whats_a_mistake_youll_never_make_again/
2026-02-25T23:38:25+00:00,1resgy9,AskReddit,55.85,1,1,1.0,https://www.reddit.com/r/AskReddit/comments/1resgy9/what_are_you_feeling_today/
2026-02-25T23:38:25+00:00,1rerexl,AskReddit,95.38,1,4,1.0,https://www.reddit.com/r/AskReddit/comments/1rerexl/what_is_a_point_of_no_return_that_youve_crossed/
2026-02-25T23:38:30+00:00,1rere5r,AskReddit,96.25,3,5,1.0,https://www.reddit.com/r/AskReddit/comments/1rere5r/whats_the_most_cringe_thing_youve_ever_done_to/
2026-02-25T23:38:30+00:00,1reps7r,AskReddit,155.9,2,12,1.0,https://www.reddit.com/r/AskReddit/comments/1reps7r/whats_the_strangest_craving_youve_had/
2026-02-25T23:38:30+00:00,1reqlmp,AskReddit,125.72,5,12,0.86,https://www.reddit.com/r/AskReddit/comments/1reqlmp/whats_a_moment_that_made_you_rethink_a_friendship/
2026-02-25T23:38:35+00:00,1repryj,aww,156.25,771,12,1.0,https://www.reddit.com/r/aww/comments/1repryj/he_wants_to_say_hi/
2026-02-25T23:38:35+00:00,1ret0dc,AskReddit,35.53,0,4,0.5,https://www.reddit.com/r/AskReddit/comments/1ret0dc/911_operators_whats_the_weirdest_reasons_people/
2026-02-25T23:38:35+00:00,1ret09v,AskReddit,35.63,0,4,0.5,https://www.reddit.com/r/AskReddit/comments/1ret09v/what_is_the_fattest_thing_youve_done_this_week/
2026-02-25T23:38:35+00:00,1reta76,funny,25.22,0,1,0.25,https://www.reddit.com/r/funny/comments/1reta76/boyohboyohboy/
2026-02-25T23:38:35+00:00,1reszwb,AskReddit,36.03,1,2,1.0,https://www.reddit.com/r/AskReddit/comments/1reszwb/whats_a_smell_that_instantly_takes_you_back_to/
2026-02-25T23:38:35+00:00,1reszlh,AskReddit,36.37,1,5,0.67,https://www.reddit.com/r/AskReddit/comments/1reszlh/what_is_a_harmless_lie_your_parents_told_you_as_a/
2026-02-25T23:38:35+00:00,1ret9ub,Music,25.6,0,0,0.5,https://www.reddit.com/r/Music/comments/1ret9ub/a_quick_question_for_everyone/
2026-02-25T23:38:35+00:00,1ret9vg,memes,25.57,54,13,0.95,https://www.reddit.com/r/memes/comments/1ret9vg/a_short_story/
2026-02-25T23:38:40+00:00,1reta1r,AskReddit,25.48,0,0,0.5,https://www.reddit.com/r/AskReddit/comments/1reta1r/exextremists_of_reddit_whats_your_story/
2026-02-25T23:38:40+00:00,1ret9rp,AskReddit,25.78,0,0,0.5,https://www.reddit.com/r/AskReddit/comments/1ret9rp/whats_a_harmless_human_habit_that_would_break_an/
2026-02-25T23:38:40+00:00,1ret9ph,AskReddit,25.87,1,3,1.0,https://www.reddit.com/r/AskReddit/comments/1ret9ph/if_you_were_a_genie_how_would_you_get_back_at/
2026-02-25T23:38:46+00:00,1reprz2,gaming,156.42,0,28,0.21,https://www.reddit.com/r/gaming/comments/1reprz2/horizon_hunters_gathering/
2026-02-25T23:38:51+00:00,1res7w3,AskReddit,65.73,2,4,1.0,https://www.reddit.com/r/AskReddit/comments/1res7w3/what_did_you_do_on_autopilot_for_years_before/
2026-02-25T23:38:51+00:00,1reqlwb,memes,125.8,8,2,0.9,https://www.reddit.com/r/memes/comments/1reqlwb/i_hope_its_a_ps5/
2026-02-25T23:38:56+00:00,1reqlb0,movies,126.48,0,74,0.27,https://www.reddit.com/r/movies/comments/1reqlb0/adams_perfect_films/
2026-02-25T23:38:56+00:00,1res84l,AskReddit,65.55,1,9,0.67,https://www.reddit.com/r/AskReddit/comments/1res84l/whats_your_reason_for_not_protesting_at_least/
2026-02-25T23:39:01+00:00,1reqm5v,memes,125.7,111,65,0.88,https://www.reddit.com/r/memes/comments/1reqm5v/tough_decisions_ahead/
2026-02-25T23:39:01+00:00,1res7x4,AskReddit,65.87,1,2,1.0,https://www.reddit.com/r/AskReddit/comments/1res7x4/foster_teens_of_reddit_what_iswouldve_been_your/
2026-02-25T23:39:01+00:00,1retsu0,AskReddit,5.27,1,4,1.0,https://www.reddit.com/r/AskReddit/comments/1retsu0/there_are_many_people_here_who_like_to_drink_beer/
2026-02-25T23:39:01+00:00,1retske,AskReddit,5.58,2,3,1.0,https://www.reddit.com/r/AskReddit/comments/1retske/what_drives_you_crazy_in_relationships/
2026-02-25T23:39:01+00:00,1retsic,AskReddit,5.65,2,3,1.0,https://www.reddit.com/r/AskReddit/comments/1retsic/who_have_you_walked_in_on_having_sex/
2026-02-25T23:39:01+00:00,1rets0e,AskReddit,6.18,0,3,0.5,https://www.reddit.com/r/AskReddit/comments/1rets0e/what_is_it_like_going_on_anxiety_or_adhd/
2026-02-25T23:39:01+00:00,1retstf,science,5.28,3,2,0.8,https://www.reddit.com/r/science/comments/1retstf/overall_308nearly_1_in_3_american_adolescentshave/
2026-02-25T23:39:11+00:00,1res881,Music,65.7,1,1,1.0,https://www.reddit.com/r/Music/comments/1res881/no_savage_gizwop_box_instrumental/
2026-02-25T23:39:11+00:00,1resht2,aww,55.7,14,0,1.0,https://www.reddit.com/r/aww/comments/1resht2/a_new_pillow/
2026-02-25T23:39:11+00:00,1reqleb,gaming,126.63,45,65,0.74,https://www.reddit.com/r/gaming/comments/1reqleb/whats_your_travel_game/
2026-02-25T23:39:11+00:00,1reshbf,AskReddit,56.22,1,2,1.0,https://www.reddit.com/r/AskReddit/comments/1reshbf/whats_something_thats_happened_this_february_that/
2026-02-25T23:39:11+00:00,1resi4a,memes,55.38,1,1,0.67,https://www.reddit.com/r/memes/comments/1resi4a/ocfizzy_glizzy_we_arent_slowly_drifting_away_from/
2026-02-25T23:39:16+00:00,1reshgz,AskReddit,56.15,1,4,1.0,https://www.reddit.com/r/AskReddit/comments/1reshgz/women_whats_an_ideal_height_for_your_partner/
2026-02-25T23:39:21+00:00,1rerfcq,science,95.88,236,25,0.98,https://www.reddit.com/r/science/comments/1rerfcq/could_a_vaccine_prevent_dementia_shingles_shot/
2026-02-25T23:39:21+00:00,1resr0s,AskReddit,46.1,2,5,1.0,https://www.reddit.com/r/AskReddit/comments/1resr0s/what_the_best_experience_in_life_you_had_ever/
2026-02-25T23:39:21+00:00,1resr5b,AskReddit,45.95,2,6,0.63,https://www.reddit.com/r/AskReddit/comments/1resr5b/what_billionaire_is_the_biggest_international/
2026-02-25T23:39:26+00:00,1repsmm,AskReddit,156.43,0,9,0.33,https://www.reddit.com/r/AskReddit/comments/1repsmm/is_it_possible_to_make_a_catapult_or_trebuchet/
2026-02-25T23:39:32+00:00,1ret19d,AskReddit,35.53,2,10,0.75,https://www.reddit.com/r/AskReddit/comments/1ret19d/whats_a_minor_superpower_youd_actually_love_to/
2026-02-25T23:39:32+00:00,1ret0q5,AskReddit,36.12,1,6,0.67,https://www.reddit.com/r/AskReddit/comments/1ret0q5/if_you_could_take_a_trip_or_vacation_anywhere_in/
2026-02-25T23:39:32+00:00,1retarw,AskReddit,25.53,2,11,1.0,https://www.reddit.com/r/AskReddit/comments/1retarw/what_are_the_3_movies_anyone_should_watch_before/
2026-02-25T23:39:37+00:00,1rerftk,AskReddit,95.7,1,8,1.0,https://www.reddit.com/r/AskReddit/comments/1rerftk/what_superpower_would_be_the_most_practical_in/
2026-02-25T23:39:37+00:00,1ret1ee,AskReddit,35.48,1,10,0.67,https://www.reddit.com/r/AskReddit/comments/1ret1ee/people_who_are_afraid_of_heights_what_scares_you/
2026-02-25T23:39:37+00:00,1ret167,AskReddit,35.72,4,10,1.0,https://www.reddit.com/r/AskReddit/comments/1ret167/what_is_something_you_have_learned_just_is_not/
2026-02-25T23:39:37+00:00,1retala,AskReddit,25.83,1,1,1.0,https://www.reddit.com/r/AskReddit/comments/1retala/people_who_often_carry_out_employee_background/
2026-02-25T23:39:42+00:00,1reta8q,funny,26.28,0,2,0.33,https://www.reddit.com/r/funny/comments/1reta8q/funny_cake/
2026-02-25T23:39:42+00:00,1retaov,AskReddit,25.8,2,4,1.0,https://www.reddit.com/r/AskReddit/comments/1retaov/what_single_moment_truly_defined_your_2025/
2026-02-25T23:39:42+00:00,1res8i4,funny,65.98,0,5,0.32,https://www.reddit.com/r/funny/comments/1res8i4/fuck_blue_hat_boy/
2026-02-25T23:39:47+00:00,1retalj,AskReddit,25.98,1,4,1.0,https://www.reddit.com/r/AskReddit/comments/1retalj/what_perfume_would_you_recommend_for_a_man/
2026-02-25T23:39:52+00:00,1retjut,AskReddit,16.1,1,3,1.0,https://www.reddit.com/r/AskReddit/comments/1retjut/what_is_something_someone_told_you_not_to_do_that/
2026-02-25T23:39:52+00:00,1retjsl,AskReddit,16.15,1,9,1.0,https://www.reddit.com/r/AskReddit/comments/1retjsl/people_who_love_their_jobs_what_do_you_do/
2026-02-25T23:39:57+00:00,1retkh0,AskReddit,15.5,2,8,1.0,https://www.reddit.com/r/AskReddit/comments/1retkh0/what_are_your_all_time_favorite_movies/
2026-02-25T23:39:57+00:00,1res8up,AskReddit,65.85,1,12,1.0,https://www.reddit.com/r/AskReddit/comments/1res8up/what_instantly_makes_you_lose_respect_for_someone/
2026-02-25T23:40:02+00:00,1rettns,AskReddit,5.4,2,4,1.0,https://www.reddit.com/r/AskReddit/comments/1rettns/what_memory_from_the_past_still_feels_oddly_vivid/
2026-02-25T23:40:02+00:00,1rettao,AskReddit,5.82,3,2,1.0,https://www.reddit.com/r/AskReddit/comments/1rettao/what_makes_something_seem_not_worth_doing/
2026-02-25T23:40:02+00:00,1rett8t,AskReddit,5.88,3,2,1.0,https://www.reddit.com/r/AskReddit/comments/1rett8t/whats_one_thing_that_made_you_smile_today/
2026-02-25T23:40:02+00:00,1rettbq,worldnews,5.78,1,0,1.0,https://www.reddit.com/r/worldnews/comments/1rettbq/cuba_says_four_killed_after_us_boat_violates/
2026-02-25T23:40:12+00:00,1res8r6,Music,66.2,4,3,1.0,https://www.reddit.com/r/Music/comments/1res8r6/communityvoted_greatest_rock_songs_list/
2026-02-25T23:40:12+00:00,1resitm,AskReddit,55.65,1,3,1.0,https://www.reddit.com/r/AskReddit/comments/1resitm/what_are_your_experiences_that_back_up_your/
2026-02-25T23:40:12+00:00,1reqmdh,AskReddit,126.67,5,24,0.78,https://www.reddit.com/r/AskReddit/comments/1reqmdh/how_do_you_think_the_internet_is_different_today/
2026-02-25T23:40:12+00:00,1res8m9,AskReddit,66.37,2,9,1.0,https://www.reddit.com/r/AskReddit/comments/1res8m9/anyone_have_some_advice_on_how_to_relate_to_high/
2026-02-25T23:40:12+00:00,1resskt,AskReddit,45.25,0,14,0.5,https://www.reddit.com/r/AskReddit/comments/1resskt/how_do_you_get_a_pickle_out_of_a_ketchup_bottle/
2026-02-25T23:40:12+00:00,1reqmic,AskReddit,126.55,0,13,0.5,https://www.reddit.com/r/AskReddit/comments/1reqmic/what_is_a_job_youd_do_for_free_even_if_you_were/
2026-02-25T23:40:17+00:00,1resrs7,AskReddit,46.22,1,6,1.0,https://www.reddit.com/r/AskReddit/comments/1resrs7/how_do_you_personally_find_inner_peace_is_it_ever/
2026-02-25T23:40:17+00:00,1resima,AskReddit,55.93,2,15,1.0,https://www.reddit.com/r/AskReddit/comments/1resima/what_is_your_favorite_cereal/
2026-02-25T23:40:22+00:00,1repu68,aww,155.78,16,1,0.95,https://www.reddit.com/r/aww/comments/1repu68/buddy/
2026-02-25T23:40:22+00:00,1ress53,AskReddit,45.9,1,8,1.0,https://www.reddit.com/r/AskReddit/comments/1ress53/whats_a_small_change_you_made_daily_that_helped/
2026-02-25T23:40:22+00:00,1rergv6,AskReddit,95.48,4,19,1.0,https://www.reddit.com/r/AskReddit/comments/1rergv6/what_would_be_your_thoughtsactions_if_you_found/
2026-02-25T23:40:28+00:00,1ret1nx,Music,36.08,2,0,1.0,https://www.reddit.com/r/Music/comments/1ret1nx/jimmy_the_spoon/
2026-02-25T23:40:28+00:00,1rerga5,AskReddit,96.12,5,23,1.0,https://www.reddit.com/r/AskReddit/comments/1rerga5/who_or_what_has_been_your_biggest_letdown_in_your/
2026-02-25T23:40:28+00:00,1resrrj,aww,46.42,25,2,0.97,https://www.reddit.com/r/aww/comments/1resrrj/cute_enough_to_get_away_with_everything/
2026-02-25T23:40:28+00:00,1rerg2y,AskReddit,96.3,3,6,1.0,https://www.reddit.com/r/AskReddit/comments/1rerg2y/whats_the_best_way_to_start_your_life_into/
2026-02-25T23:40:28+00:00,1ret1kw,Music,36.15,1,0,1.0,https://www.reddit.com/r/Music/comments/1ret1kw/thunderbyrd_all_the_saints_rock/
2026-02-25T23:40:33+00:00,1ret1tr,AskReddit,36.02,0,0,0.5,https://www.reddit.com/r/AskReddit/comments/1ret1tr/youre_sent_back_100_years_with_the_mission_to/
2026-02-25T23:40:38+00:00,1retb8d,AskReddit,26.17,3,5,1.0,https://www.reddit.com/r/AskReddit/comments/1retb8d/what_is_the_hardest_thing_you_have_helped_a/
2026-02-25T23:40:43+00:00,1rergfo,AskReddit,96.23,7,35,0.9,https://www.reddit.com/r/AskReddit/comments/1rergfo/what_is_the_most_successful_pick_up_line_you_have/
2026-02-25T23:40:43+00:00,1retbsu,AskReddit,25.62,1,3,1.0,https://www.reddit.com/r/AskReddit/comments/1retbsu/how_do_you_be_a_stronger_unpacker_of_text_like/
2026-02-25T23:40:43+00:00,1reqnl4,AskReddit,125.98,0,7,0.5,https://www.reddit.com/r/AskReddit/comments/1reqnl4/which_youtubers_do_you_watch/
2026-02-25T23:40:48+00:00,1retlce,AskReddit,15.35,1,1,1.0,https://www.reddit.com/r/AskReddit/comments/1retlce/what_is_the_craziest_discovery_you_ever_made/
2026-02-25T23:40:48+00:00,1retkrx,Music,16.0,2,4,0.75,https://www.reddit.com/r/Music/comments/1retkrx/neil_young_and_crazy_horse/
2026-02-25T23:40:54+00:00,1retlke,AskReddit,15.23,1,1,1.0,https://www.reddit.com/r/AskReddit/comments/1retlke/larry_summers_resigned_from_harvard_over_his_ties/
2026-02-25T23:40:54+00:00,1retli7,memes,15.3,1,0,1.0,https://www.reddit.com/r/memes/comments/1retli7/ive_seen_an_awfull_lot_of_stickers_since_you/
2026-02-25T23:40:54+00:00,1retler,AskReddit,15.38,2,3,1.0,https://www.reddit.com/r/AskReddit/comments/1retler/if_aliens_have_been_watching_earth_what_human/
2026-02-25T23:40:59+00:00,1retlb2,AskReddit,15.57,1,0,1.0,https://www.reddit.com/r/AskReddit/comments/1retlb2/whats_a_sign_you_have_control_issues_even_in_the/
2026-02-25T23:40:59+00:00,1res9y3,AskReddit,65.7,0,1,0.25,https://www.reddit.com/r/AskReddit/comments/1res9y3/for_those_who_were_told_to_return_to_the_office/
2026-02-25T23:40:59+00:00,1retl6a,AskReddit,15.73,1,0,1.0,https://www.reddit.com/r/AskReddit/comments/1retl6a/how_small_do_you_think_your_online_footprint_is/
2026-02-25T23:41:04+00:00,1res9uf,AskReddit,65.9,2,9,1.0,https://www.reddit.com/r/AskReddit/comments/1res9uf/what_is_the_meaning_of_life/
2026-02-25T23:41:04+00:00,1retuhe,funny,5.5,11,2,0.87,https://www.reddit.com/r/funny/comments/1retuhe/i_therapy/
2026-02-25T23:41:04+00:00,1retufx,AskReddit,5.55,2,4,1.0,https://www.reddit.com/r/AskReddit/comments/1retufx/what_is_the_meaning_of_harassment_by_body_contact/
2026-02-25T23:41:04+00:00,1retucy,AskReddit,5.62,1,6,1.0,https://www.reddit.com/r/AskReddit/comments/1retucy/who_is_someone_you_wish_was_still_around/
2026-02-25T23:41:04+00:00,1retug9,Music,5.53,1,0,1.0,https://www.reddit.com/r/Music/comments/1retug9/wiyaala_yaga_yaga_afropop_2022/
2026-02-25T23:41:13+00:00,1resjih,AskReddit,55.9,3,1,1.0,https://www.reddit.com/r/AskReddit/comments/1resjih/whats_the_best_affordable_experience_that_you/
2026-02-25T23:41:13+00:00,1resjde,AskReddit,56.05,1,7,1.0,https://www.reddit.com/r/AskReddit/comments/1resjde/what_is_your_mood_today/
2026-02-25T23:41:13+00:00,1resjcb,AskReddit,56.08,41,22,1.0,https://www.reddit.com/r/AskReddit/comments/1resjcb/what_was_your_biggest_dream_growing_up_and_what/
2026-02-25T23:41:13+00:00,1rest19,AskReddit,45.77,1,3,0.67,https://www.reddit.com/r/AskReddit/comments/1rest19/what_are_some_interesting_topics_to_make/
2026-02-25T23:41:13+00:00,1rest0c,todayilearned,45.8,25,2,0.97,https://www.reddit.com/r/todayilearned/comments/1rest0c/til_in_1994_shopping_channel_qvc_attempted_a_96/
2026-02-25T23:41:18+00:00,1repv08,memes,155.88,324,11,0.98,https://www.reddit.com/r/memes/comments/1repv08/cant_be_the_only_one/
2026-02-25T23:41:18+00:00,1resjc3,AskReddit,56.17,1,6,1.0,https://www.reddit.com/r/AskReddit/comments/1resjc3/what_mistake_taught_you_the_most_valuable_lesson/
2026-02-25T23:41:18+00:00,1resteb,worldnews,45.48,8,1,0.72,https://www.reddit.com/r/worldnews/comments/1resteb/germanys_merz_hails_china_ties_as_he_seeks_reset/
2026-02-25T23:41:18+00:00,1rerhsj,AskReddit,95.43,4,35,0.84,https://www.reddit.com/r/AskReddit/comments/1rerhsj/what_do_you_crave_badly_right_now/
2026-02-25T23:41:24+00:00,1ressqj,AskReddit,46.28,2,4,0.75,https://www.reddit.com/r/AskReddit/comments/1ressqj/whats_a_show_you_just_cant_get_into_or_just_not/
2026-02-25T23:41:24+00:00,1ressya,AskReddit,46.05,0,3,0.33,https://www.reddit.com/r/AskReddit/comments/1ressya/how_do_you_breathe/
2026-02-25T23:41:24+00:00,1restkb,AskReddit,45.42,2,2,1.0,https://www.reddit.com/r/AskReddit/comments/1restkb/if_youve_shit_yourself_as_an_adult_whyhow_did_it/
2026-02-25T23:41:24+00:00,1ret2n5,funny,36.0,486,45,0.97,https://www.reddit.com/r/funny/comments/1ret2n5/epileptic_attack/
2026-02-25T23:41:24+00:00,1ret2ob,Music,35.98,1,0,1.0,https://www.reddit.com/r/Music/comments/1ret2ob/is_yumenoshima_from_uk_rampage_in_44/
2026-02-25T23:41:29+00:00,1resjq9,AskReddit,55.95,3,7,1.0,https://www.reddit.com/r/AskReddit/comments/1resjq9/apartment_people_whats_the_most_ridiculous_thing/
2026-02-25T23:41:29+00:00,1restcr,AskReddit,45.7,1,1,1.0,https://www.reddit.com/r/AskReddit/comments/1restcr/how_do_you_exist_be_a_human/
2026-02-25T23:41:34+00:00,1reqowh,AskReddit,125.5,2,2,0.75,https://www.reddit.com/r/AskReddit/comments/1reqowh/if_all_you_had_was_timehow_would_you_spend_it/
2026-02-25T23:41:34+00:00,1ret3eb,AskReddit,35.4,3,4,1.0,https://www.reddit.com/r/AskReddit/comments/1ret3eb/how_would_you_react_to_the_early_stages_of_a/
2026-02-25T23:41:34+00:00,1ret3by,AskReddit,35.47,2,1,1.0,https://www.reddit.com/r/AskReddit/comments/1ret3by/whats_a_rule_you_follow_that_makes_zero_logical/
2026-02-25T23:41:39+00:00,1repv23,AskReddit,156.18,3,3,1.0,https://www.reddit.com/r/AskReddit/comments/1repv23/hey_redditors_what_is_your_strangest_childhood/
2026-02-25T23:41:44+00:00,1retcz7,AskReddit,25.38,2,5,1.0,https://www.reddit.com/r/AskReddit/comments/1retcz7/which_offline_apps_do_people_consistently_use/
2026-02-25T23:41:44+00:00,1retc8s,AskReddit,26.2,1,11,1.0,https://www.reddit.com/r/AskReddit/comments/1retc8s/how_did_you_improve_your_quality_of_life/
2026-02-25T23:41:44+00:00,1rerhsn,AskReddit,95.87,119,180,0.98,https://www.reddit.com/r/AskReddit/comments/1rerhsn/what_is_something_that_happened_to_you_growing_up/
2026-02-25T23:41:49+00:00,1rerhug,aww,95.88,59,3,1.0,https://www.reddit.com/r/aww/comments/1rerhug/gretel_from_our_shelter_no_more_pj/
2026-02-25T23:41:54+00:00,1resaze,AskReddit,65.55,2,12,1.0,https://www.reddit.com/r/AskReddit/comments/1resaze/people_who_work_at_hr_whats_the_most_bizarre/
2026-02-25T23:42:00+00:00,1retlqp,AskReddit,16.13,1,2,1.0,https://www.reddit.com/r/AskReddit/comments/1retlqp/whats_a_place_you_visited_once_and_decided_never/
2026-02-25T23:42:00+00:00,1retmih,AskReddit,15.3,1,3,1.0,https://www.reddit.com/r/AskReddit/comments/1retmih/whats_advice_that_sounds_cliché_but_is_actually/
2026-02-25T23:42:00+00:00,1retm9a,AskReddit,15.58,0,2,0.5,https://www.reddit.com/r/AskReddit/comments/1retm9a/what_happened_when_you_caught_your_ex_using_a/
2026-02-25T23:42:05+00:00,1retlme,AskReddit,16.35,3,21,0.8,https://www.reddit.com/r/AskReddit/comments/1retlme/what_do_you_do_if_you_dont_have_internet/
2026-02-25T23:42:05+00:00,1retvgy,AskReddit,5.45,1,1,1.0,https://www.reddit.com/r/AskReddit/comments/1retvgy/what_would_a_movie_about_femboys_be_called_if_it/
2026-02-25T23:42:05+00:00,1retv2g,AskReddit,5.88,1,3,1.0,https://www.reddit.com/r/AskReddit/comments/1retv2g/what_do_you_do_when_you_get_bored/
2026-02-25T23:42:05+00:00,1retlto,AskReddit,16.13,2,3,1.0,https://www.reddit.com/r/AskReddit/comments/1retlto/if_you_could_redo_a_moment_in_your_life_what/
2026-02-25T23:42:05+00:00,1retm1f,aww,15.9,5,0,1.0,https://www.reddit.com/r/aww/comments/1retm1f/simón_the_lord_of_the_yang_says_hi/
2026-02-25T23:42:14+00:00,1reske1,AskReddit,56.02,1,24,0.67,https://www.reddit.com/r/AskReddit/comments/1reske1/any_suggestion_how_to_survive_sex_for_longer/
2026-02-25T23:42:20+00:00,1repw9v,AskReddit,155.57,3,14,1.0,https://www.reddit.com/r/AskReddit/comments/1repw9v/whats_a_better_feeling_than_getting_home_from/
2026-02-25T23:42:20+00:00,1resu0l,AskReddit,45.87,0,8,0.25,https://www.reddit.com/r/AskReddit/comments/1resu0l/your_appendix_is_a_ticking_time_bomb_that_you_can/
2026-02-25T23:42:25+00:00,1ret3zz,AskReddit,35.62,2,9,1.0,https://www.reddit.com/r/AskReddit/comments/1ret3zz/what_is_a_completely_overrated_food_or_drink/
2026-02-25T23:42:25+00:00,1reskir,AskReddit,56.05,0,9,0.33,https://www.reddit.com/r/AskReddit/comments/1reskir/women_whats_an_ideal_height_for_your_partner/
2026-02-25T23:42:25+00:00,1resk52,movies,56.45,0,26,0.38,https://www.reddit.com/r/movies/comments/1resk52/home_theater_viewing_request/
2026-02-25T23:42:25+00:00,1restpt,AskReddit,46.25,1,5,1.0,https://www.reddit.com/r/AskReddit/comments/1restpt/what_is_a_personality_trait_people_like_to_say_is/
2026-02-25T23:42:30+00:00,1ret43b,AskReddit,35.6,1,13,0.53,https://www.reddit.com/r/AskReddit/comments/1ret43b/what_do_you_think_of_the_doj_withholding_some/
2026-02-25T23:42:30+00:00,1ret3xm,AskReddit,35.77,1,1,1.0,https://www.reddit.com/r/AskReddit/comments/1ret3xm/what_was_the_best_thing_ai_did_for_you/
2026-02-25T23:42:30+00:00,1ret3pr,AskReddit,36.0,1,2,1.0,https://www.reddit.com/r/AskReddit/comments/1ret3pr/if_someone_in_prison_develops_dementia_and/
2026-02-25T23:42:35+00:00,1ret4db,AskReddit,35.38,2,24,0.67,https://www.reddit.com/r/AskReddit/comments/1ret4db/if_youve_shat_yourself_as_an_adult_howwhy_did_it/
2026-02-25T23:42:35+00:00,1repvuc,memes,156.28,227,18,0.93,https://www.reddit.com/r/memes/comments/1repvuc/well_the_look_on_his_face_says_it_all/
2026-02-25T23:42:35+00:00,1ret3yr,AskReddit,35.82,1,0,1.0,https://www.reddit.com/r/AskReddit/comments/1ret3yr/whats_the_pettiest_thing_youve_done_that_you/
2026-02-25T23:42:40+00:00,1repvph,AskReddit,156.48,0,2,0.33,https://www.reddit.com/r/AskReddit/comments/1repvph/what_movies_live_rentfree_in_your_mind/
2026-02-25T23:42:40+00:00,1rericw,AskReddit,96.25,3,33,1.0,https://www.reddit.com/r/AskReddit/comments/1rericw/whats_something_you_have_absolutely_no_patience/
2026-02-25T23:42:45+00:00,1ret47d,AskReddit,35.73,3,15,1.0,https://www.reddit.com/r/AskReddit/comments/1ret47d/whats_your_biggest_regret/
2026-02-25T23:42:45+00:00,1retd4w,AskReddit,26.23,1,1,1.0,https://www.reddit.com/r/AskReddit/comments/1retd4w/what_question_do_you_think_is_the_dumbest_not/
2026-02-25T23:42:45+00:00,1retdct,AskReddit,26.02,1,3,1.0,https://www.reddit.com/r/AskReddit/comments/1retdct/which_pokemon_would_you_say_is_the_ugliest_and/
2026-02-25T23:42:50+00:00,1resc9w,AskReddit,65.15,3,10,1.0,https://www.reddit.com/r/AskReddit/comments/1resc9w/whats_a_very_nontypical_fooddrink_you_really_enjoy/
2026-02-25T23:42:56+00:00,1reqq22,AskReddit,125.67,1,4,1.0,https://www.reddit.com/r/AskReddit/comments/1reqq22/how_do_you_make_that_edit_thats_like_someone/
2026-02-25T23:42:56+00:00,1reslrj,aww,55.3,18,3,1.0,https://www.reddit.com/r/aww/comments/1reslrj/neighborhood_watch/
2026-02-25T23:42:56+00:00,1reriws,aww,95.95,10,0,0.92,https://www.reddit.com/r/aww/comments/1reriws/empezando_la_posición_de_yoga_de_las_tardes/
2026-02-25T23:43:01+00:00,1resbxg,memes,65.68,6,1,1.0,https://www.reddit.com/r/memes/comments/1resbxg/ahh_good_ol_captcha_tests/
2026-02-25T23:43:01+00:00,1resbvj,AskReddit,65.73,2,11,1.0,https://www.reddit.com/r/AskReddit/comments/1resbvj/whats_a_subtle_sign_someone_is_emotionally_mature/
2026-02-25T23:43:01+00:00,1retn20,AskReddit,15.68,0,3,0.5,https://www.reddit.com/r/AskReddit/comments/1retn20/what_are_the_reasons_for_ending_ones_own_life/
2026-02-25T23:43:01+00:00,1retn5m,AskReddit,15.55,1,10,1.0,https://www.reddit.com/r/AskReddit/comments/1retn5m/what_food_combination_seems_really_strange_or/
2026-02-25T23:43:01+00:00,1retn0q,aww,15.72,1,0,1.0,https://www.reddit.com/r/aww/comments/1retn0q/storm_protocol_become_one_with_the_treadmill/
2026-02-25T23:43:06+00:00,1retn9j,AskReddit,15.52,0,3,0.5,https://www.reddit.com/r/AskReddit/comments/1retn9j/how_common_is_it_for_a_woman_to_get_chlamydia/
2026-02-25T23:43:06+00:00,1retn3b,AskReddit,15.72,2,4,1.0,https://www.reddit.com/r/AskReddit/comments/1retn3b/whats_something_everyone_should_experience_at/
2026-02-25T23:43:06+00:00,1retmjk,AskReddit,16.37,0,5,0.33,https://www.reddit.com/r/AskReddit/comments/1retmjk/whats_the_most_common_purpose_why_someone_goes_to/
2026-02-25T23:43:06+00:00,1resbdu,AskReddit,66.33,3,6,1.0,https://www.reddit.com/r/AskReddit/comments/1resbdu/what_movie_would_you_recommend_for_tonight/
2026-02-25T23:43:06+00:00,1retwm3,AskReddit,5.3,2,7,1.0,https://www.reddit.com/r/AskReddit/comments/1retwm3/where_on_a_plane_do_you_prefer_to_sit/
2026-02-25T23:43:06+00:00,1retwd7,AskReddit,5.55,1,1,1.0,https://www.reddit.com/r/AskReddit/comments/1retwd7/why_would_women_want_to_free_the_nipple_if_it_is/
2026-02-25T23:43:06+00:00,1retwan,AskReddit,5.62,2,1,1.0,https://www.reddit.com/r/AskReddit/comments/1retwan/what_video_would_you_use_to_sum_up_the_internet/
2026-02-25T23:43:06+00:00,1retvyq,AskReddit,5.97,1,1,1.0,https://www.reddit.com/r/AskReddit/comments/1retvyq/larry_summers_resigned_from_harvard_today_over/
2026-02-25T23:43:06+00:00,1retwc2,aww,5.58,5,0,1.0,https://www.reddit.com/r/aww/comments/1retwc2/mew_is_the_most_interesting_cat_in_the_world/
2026-02-25T23:43:15+00:00,1reslgd,AskReddit,55.93,1,2,1.0,https://www.reddit.com/r/AskReddit/comments/1reslgd/what_do_you_think_about_ai_and_how_it_affects_the/
2026-02-25T23:43:15+00:00,1repw07,memes,156.77,100,14,0.88,https://www.reddit.com/r/memes/comments/1repw07/why_not_i_mean_a_tires_a_tire/
2026-02-25T23:43:15+00:00,1reslbp,AskReddit,56.05,1,3,1.0,https://www.reddit.com/r/AskReddit/comments/1reslbp/people_who_where_a_teen_in_the_80s_was_it_really/
2026-02-25T23:43:15+00:00,1resv62,AskReddit,45.5,0,2,0.33,https://www.reddit.com/r/AskReddit/comments/1resv62/what_happens_to_crazy_mario_brosso_recently_a/
2026-02-25T23:43:15+00:00,1reqpjr,AskReddit,126.52,1,7,0.67,https://www.reddit.com/r/AskReddit/comments/1reqpjr/what_is_the_largest_amount_of_money_you_ever/
2026-02-25T23:43:15+00:00,1resm0s,todayilearned,55.33,5,2,0.62,https://www.reddit.com/r/todayilearned/comments/1resm0s/til_vega_yes_that_superbright_standard_star_has_a/
2026-02-25T23:43:15+00:00,1resllf,aww,55.78,35,1,1.0,https://www.reddit.com/r/aww/comments/1resllf/all_beauty_no_brain/
2026-02-25T23:43:21+00:00,1resuv2,memes,45.93,84,7,0.99,https://www.reddit.com/r/memes/comments/1resuv2/sometimes_theres_good_movie_remakes_sometimes/
2026-02-25T23:43:21+00:00,1repx4a,AskReddit,155.73,2,5,1.0,https://www.reddit.com/r/AskReddit/comments/1repx4a/whats_something_people_think_is_sexy_but_actually/
2026-02-25T23:43:21+00:00,1rerj6i,AskReddit,96.12,1,5,0.67,https://www.reddit.com/r/AskReddit/comments/1rerj6i/what_difference_does_it_make_where_covid_came_from/
2026-02-25T23:43:26+00:00,1rerj8l,AskReddit,96.13,1,11,1.0,https://www.reddit.com/r/AskReddit/comments/1rerj8l/how_likely_is_a_united_states_war_with_iran_what/
2026-02-25T23:43:26+00:00,1resuzw,gaming,45.85,9,18,0.6,https://www.reddit.com/r/gaming/comments/1resuzw/flesh_wire_announcement_trailer_new_game_from_us/
2026-02-25T23:43:26+00:00,1ret5dx,AskReddit,35.13,1,0,1.0,https://www.reddit.com/r/AskReddit/comments/1ret5dx/what_is_your_goto_story_to_tell_at_a_social_event/
2026-02-25T23:43:31+00:00,1resux8,AskReddit,46.02,0,0,0.33,https://www.reddit.com/r/AskReddit/comments/1resux8/people_who_built_something_from_scratch_app/
2026-02-25T23:43:31+00:00,1resv8s,AskReddit,45.68,1,2,0.67,https://www.reddit.com/r/AskReddit/comments/1resv8s/what_do_you_think_about_tyra_banks_after_the_antm/
2026-02-25T23:43:36+00:00,1rerjow,movies,95.82,8,2,0.75,https://www.reddit.com/r/movies/comments/1rerjow/michelle_yeoh_stars_in_sandiwara_a_new_short_film/
2026-02-25T23:43:36+00:00,1rerjbr,AskReddit,96.2,3,4,1.0,https://www.reddit.com/r/AskReddit/comments/1rerjbr/what_is_your_most_embarrassing_story_about/
2026-02-25T23:43:36+00:00,1ret4sp,AskReddit,35.92,0,3,0.5,https://www.reddit.com/r/AskReddit/comments/1ret4sp/your_most_recent_ex_just_got_arrested_and_reaches/
2026-02-25T23:43:42+00:00,1rerjck,AskReddit,96.28,1,14,0.67,https://www.reddit.com/r/AskReddit/comments/1rerjck/what_behaviour_instantly_makes_you_trust_someone/
2026-02-25T23:43:42+00:00,1reqqig,AskReddit,125.98,4,14,0.75,https://www.reddit.com/r/AskReddit/comments/1reqqig/whats_a_thing_that_shouldnt_but_made_you_feel/
2026-02-25T23:43:42+00:00,1ret54o,AskReddit,35.67,2,4,0.75,https://www.reddit.com/r/AskReddit/comments/1ret54o/what_impression_did_you_have_after_working_with/
2026-02-25T23:43:42+00:00,1repxbs,AskReddit,155.87,1,2,1.0,https://www.reddit.com/r/AskReddit/comments/1repxbs/whats_something_you_used_to_judge_people_for_that/
2026-02-25T23:43:42+00:00,1ret4u6,AskReddit,35.97,0,3,0.5,https://www.reddit.com/r/AskReddit/comments/1ret4u6/what_is_something_everyone_loves_that_you/
2026-02-25T23:43:47+00:00,1ret4nn,AskReddit,36.27,1,2,1.0,https://www.reddit.com/r/AskReddit/comments/1ret4nn/who_had_the_best_half_time_show/
2026-02-25T23:43:53+00:00,1retead,AskReddit,26.08,3,15,1.0,https://www.reddit.com/r/AskReddit/comments/1retead/what_is_the_most_important_thing_you_have_ever/
2026-02-25T23:43:53+00:00,1reqqyv,AskReddit,125.68,1,14,0.67,https://www.reddit.com/r/AskReddit/comments/1reqqyv/what_is_a_poor_person_meal_that_you_still_eat/
2026-02-25T23:43:53+00:00,1resd3t,Music,65.37,1,8,0.67,https://www.reddit.com/r/Music/comments/1resd3t/question_about_lady_madonna_by_the_beatles/
2026-02-25T23:44:03+00:00,1retnrm,memes,15.9,1,1,1.0,https://www.reddit.com/r/memes/comments/1retnrm/does_this_happen_to_anyone_else/
2026-02-25T23:44:03+00:00,1reto3i,movies,15.53,0,6,0.38,https://www.reddit.com/r/movies/comments/1reto3i/i_made_a_little_movie_tracker_app_over_the_past/
2026-02-25T23:44:03+00:00,1retngf,memes,16.27,1,0,1.0,https://www.reddit.com/r/memes/comments/1retngf/hopefully_sleuth_bot_doesnt_burn_me_at_the_stake/
2026-02-25T23:44:08+00:00,1rescit,AskReddit,66.2,2,14,1.0,https://www.reddit.com/r/AskReddit/comments/1rescit/whats_a_skill_everyone_should_learn_before_they/
2026-02-25T23:44:08+00:00,1retnz8,aww,15.75,7,0,1.0,https://www.reddit.com/r/aww/comments/1retnz8/i_spent_half_an_hour_looking_for_her_until_it/
2026-02-25T23:44:08+00:00,1retnuk,science,15.9,9,2,0.8,https://www.reddit.com/r/science/comments/1retnuk/ptsd_and_major_depressive_disorder_are_associated/
2026-02-25T23:44:08+00:00,1retxit,AskReddit,5.35,1,2,0.67,https://www.reddit.com/r/AskReddit/comments/1retxit/what_are_the_most_unforgettable_scandals_you/
2026-02-25T23:44:08+00:00,1resm31,AskReddit,56.13,50,64,0.93,https://www.reddit.com/r/AskReddit/comments/1resm31/whats_the_craziest_reason_youve_cut_someone_off/
2026-02-25T23:44:18+00:00,1resd7w,aww,65.67,11,0,0.93,https://www.reddit.com/r/aww/comments/1resd7w/my_cat_didnt_bite_but_she_judge/
2026-02-25T23:44:18+00:00,1resm0p,AskReddit,56.38,1,4,1.0,https://www.reddit.com/r/AskReddit/comments/1resm0p/what_did_people_do_casually_in_the_90s_that/
2026-02-25T23:44:18+00:00,1resmg7,AskReddit,55.98,0,6,0.5,https://www.reddit.com/r/AskReddit/comments/1resmg7/who_do_you_think_is_the_worst_politician_right_now/
2026-02-25T23:44:28+00:00,1repxte,worldnews,156.12,25,4,0.89,https://www.reddit.com/r/worldnews/comments/1repxte/venezuela_attorney_general_saab_has_tendered/
2026-02-25T23:44:28+00:00,1reswe3,AskReddit,45.37,118,68,0.84,https://www.reddit.com/r/AskReddit/comments/1reswe3/sex_workers_of_reddit_whats_the_weirdest_kink_a/
2026-02-25T23:44:28+00:00,1repxgu,AskReddit,156.48,2,9,1.0,https://www.reddit.com/r/AskReddit/comments/1repxgu/what_albums_do_you_think_are_perfect_in_every_way/
2026-02-25T23:44:28+00:00,1resvnx,AskReddit,46.15,0,3,0.5,https://www.reddit.com/r/AskReddit/comments/1resvnx/whats_one_thing_you_learned_from_your_biggest/
2026-02-25T23:44:28+00:00,1ret65j,AskReddit,35.35,4,6,1.0,https://www.reddit.com/r/AskReddit/comments/1ret65j/what_did_kash_patel_mean_when_he_said_regarding/
2026-02-25T23:44:33+00:00,1resm1h,AskReddit,56.6,3,6,1.0,https://www.reddit.com/r/AskReddit/comments/1resm1h/dont_judge_a_book_by_its_cover_how_logical_is/
2026-02-25T23:44:33+00:00,1resmqt,AskReddit,55.93,0,12,0.5,https://www.reddit.com/r/AskReddit/comments/1resmqt/women_what_height_would_you_want_your_partner_to/
2026-02-25T23:44:33+00:00,1ret5ql,AskReddit,35.85,1,1,1.0,https://www.reddit.com/r/AskReddit/comments/1ret5ql/if_you_were_on_an_island_what_would_be_1_artist/
2026-02-25T23:44:33+00:00,1ret5f0,AskReddit,36.2,4,10,1.0,https://www.reddit.com/r/AskReddit/comments/1ret5f0/whats_something_people_dont_learn_until_its_too/
2026-02-25T23:44:38+00:00,1rerkif,AskReddit,96.02,1,9,0.67,https://www.reddit.com/r/AskReddit/comments/1rerkif/serious_men_of_reddit_what_is_something_a_lot_of/
2026-02-25T23:44:38+00:00,1ret63o,AskReddit,35.57,1,0,1.0,https://www.reddit.com/r/AskReddit/comments/1ret63o/if_your_house_could_talk_what_secret_would_it/
2026-02-25T23:44:38+00:00,1ret5zk,AskReddit,35.67,1,2,1.0,https://www.reddit.com/r/AskReddit/comments/1ret5zk/where_does_a_south_alabama_man_38yo_who_works_a/
2026-02-25T23:44:43+00:00,1ret68q,AskReddit,35.52,2,3,1.0,https://www.reddit.com/r/AskReddit/comments/1ret68q/what_behavior_in_an_online_friendship_immediately/
2026-02-25T23:44:43+00:00,1rerk3z,AskReddit,96.5,1,6,0.67,https://www.reddit.com/r/AskReddit/comments/1rerk3z/high_school_and_college_students_what_percentage/
2026-02-25T23:44:43+00:00,1repxs0,AskReddit,156.42,0,8,0.4,https://www.reddit.com/r/AskReddit/comments/1repxs0/people_under_he_age_of_30_is_sex_sacred_to_you/
2026-02-25T23:44:49+00:00,1ret5r3,AskReddit,36.1,2,5,1.0,https://www.reddit.com/r/AskReddit/comments/1ret5r3/whats_a_big_mistake_you_made_at_work_that_went/
2026-02-25T23:44:49+00:00,1retf66,AskReddit,26.03,1,5,1.0,https://www.reddit.com/r/AskReddit/comments/1retf66/if_youre_running_errands_all_day_whats_your_goto/
2026-02-25T23:44:49+00:00,1resdq8,AskReddit,65.63,84,160,0.94,https://www.reddit.com/r/AskReddit/comments/1resdq8/whats_the_best_relationship_advice_you_could_give/
2026-02-25T23:44:49+00:00,1retf7a,AskReddit,26.02,2,4,1.0,https://www.reddit.com/r/AskReddit/comments/1retf7a/whats_something_you_did_in_2025_that_made_you_go/
2026-02-25T23:44:54+00:00,1retoma,AskReddit,15.78,0,2,0.33,https://www.reddit.com/r/AskReddit/comments/1retoma/there_are_people_who_can_tell_you_about_earning/
2026-02-25T23:44:54+00:00,1retf1u,AskReddit,26.25,1,5,1.0,https://www.reddit.com/r/AskReddit/comments/1retf1u/what_made_you_decide_to_go_sober/
2026-02-25T23:44:59+00:00,1reqrkr,AskReddit,126.15,0,5,0.5,https://www.reddit.com/r/AskReddit/comments/1reqrkr/whats_the_most_dangerous_thing_youve_ever_done/
2026-02-25T23:44:59+00:00,1retp30,AskReddit,15.33,1,2,1.0,https://www.reddit.com/r/AskReddit/comments/1retp30/whats_that_one_dream_car_you_want_to_own_one_day/
2026-02-25T23:44:59+00:00,1retonl,AskReddit,15.83,2,4,1.0,https://www.reddit.com/r/AskReddit/comments/1retonl/whats_the_best_raccoon_repellant_to_use_on_a/
2026-02-25T23:44:59+00:00,1reqr8a,AskReddit,126.5,2,17,0.67,https://www.reddit.com/r/AskReddit/comments/1reqr8a/how_would_you_get_one_million_people_to_give_you/
2026-02-25T23:45:04+00:00,1resdyh,AskReddit,65.65,2,33,0.75,https://www.reddit.com/r/AskReddit/comments/1resdyh/whats_your_favourite_dog_breed/
2026-02-25T23:45:09+00:00,1retycd,AskReddit,5.45,2,5,0.75,https://www.reddit.com/r/AskReddit/comments/1retycd/what_is_the_morality_involved_in_drinking_alcohol/
2026-02-25T23:45:09+00:00,1retxqb,AskReddit,6.13,3,11,1.0,https://www.reddit.com/r/AskReddit/comments/1retxqb/if_friendly_aliens_visited_earth_whats_the_first/
2026-02-25T23:45:19+00:00,1reqs41,AskReddit,125.92,1,23,0.67,https://www.reddit.com/r/AskReddit/comments/1reqs41/whats_a_clear_sign_that_someone_is_not_a_good/
2026-02-25T23:45:19+00:00,1resnny,AskReddit,55.75,1,2,1.0,https://www.reddit.com/r/AskReddit/comments/1resnny/what_is_great_advice_youve_received_just/
2026-02-25T23:45:19+00:00,1reswog,movies,45.92,2,2,1.0,https://www.reddit.com/r/movies/comments/1reswog/my_five_favorite_interview_films/
2026-02-25T23:45:19+00:00,1reswln,AskReddit,46.0,0,3,0.5,https://www.reddit.com/r/AskReddit/comments/1reswln/what_was_it_like_on_911_for_people_who_were_in/
2026-02-25T23:45:19+00:00,1reswyp,Music,45.6,0,0,0.25,https://www.reddit.com/r/Music/comments/1reswyp/looking_for_deleted_ai_youtube_song/
2026-02-25T23:45:24+00:00,1resxcp,AskReddit,45.33,0,0,0.29,https://www.reddit.com/r/AskReddit/comments/1resxcp/vegans_on_reddit_what_runs_through_your_mind_when/
2026-02-25T23:45:24+00:00,1resxeg,aww,45.28,18,5,0.65,https://www.reddit.com/r/aww/comments/1resxeg/flying_squirrels_really_know_hot_to_melt_hearts/
2026-02-25T23:45:24+00:00,1resx86,AskReddit,45.43,2,1,0.75,https://www.reddit.com/r/AskReddit/comments/1resx86/what_is_a_harmless_truth_about_the_world_that_you/
2026-02-25T23:45:29+00:00,1resnz2,AskReddit,55.55,0,6,0.5,https://www.reddit.com/r/AskReddit/comments/1resnz2/people_who_havent_pooped_yet_in_2026_why_are_you/
2026-02-25T23:45:29+00:00,1rerlb7,AskReddit,95.95,1,8,0.56,https://www.reddit.com/r/AskReddit/comments/1rerlb7/how_did_harambes_code_written_nearly_4000_years/
2026-02-25T23:45:29+00:00,1ret75a,AskReddit,35.38,1,4,1.0,https://www.reddit.com/r/AskReddit/comments/1ret75a/whats_your_toxic_trait_in_friendships/
2026-02-25T23:45:34+00:00,1resnpw,AskReddit,55.95,1,15,0.67,https://www.reddit.com/r/AskReddit/comments/1resnpw/what_do_we_genuinely_do_if_ww3_started/
2026-02-25T23:45:34+00:00,1ret6w6,Music,35.73,1,0,1.0,https://www.reddit.com/r/Music/comments/1ret6w6/tim_eric_spaghetti_again_comedy/
2026-02-25T23:45:34+00:00,1reswqp,AskReddit,46.08,1,3,0.67,https://www.reddit.com/r/AskReddit/comments/1reswqp/whats_a_good_hidden_gem_movie_for_the_middle_of/
2026-02-25T23:45:39+00:00,1ret6px,AskReddit,35.97,2,5,1.0,https://www.reddit.com/r/AskReddit/comments/1ret6px/whats_the_stupidest_thing_youve_done_while/
2026-02-25T23:45:39+00:00,1retg55,AskReddit,25.82,1,0,1.0,https://www.reddit.com/r/AskReddit/comments/1retg55/what_small_actionsstatements_immediately_made_you/
2026-02-25T23:45:39+00:00,1repypp,AskReddit,156.38,12,31,0.94,https://www.reddit.com/r/AskReddit/comments/1repypp/what_is_the_most_unusual_country_you_have_visited/
2026-02-25T23:45:39+00:00,1ret74f,AskReddit,35.57,1,2,1.0,https://www.reddit.com/r/AskReddit/comments/1ret74f/whats_the_most_recent_small_thing_someone_said_or/
2026-02-25T23:45:44+00:00,1rerlt0,movies,95.68,14,0,0.81,https://www.reddit.com/r/movies/comments/1rerlt0/baz_luhrmann_says_filming_australia_was_the_most/
2026-02-25T23:45:44+00:00,1resni4,AskReddit,56.35,2,6,1.0,https://www.reddit.com/r/AskReddit/comments/1resni4/whats_a_breakup_situation_where_you_genuinely/
2026-02-25T23:45:44+00:00,1retgqm,AskReddit,25.28,1,3,1.0,https://www.reddit.com/r/AskReddit/comments/1retgqm/if_you_take_the_cost_of_your_first_vehicle_and/
2026-02-25T23:45:50+00:00,1retfvx,funny,26.27,0,6,0.2,https://www.reddit.com/r/funny/comments/1retfvx/funny_cake_poor_grandpa/
2026-02-25T23:45:50+00:00,1retgis,AskReddit,25.6,2,5,1.0,https://www.reddit.com/r/AskReddit/comments/1retgis/why_dont_men_wear_heels_instead_of_women/
2026-02-25T23:45:50+00:00,1rerlu6,AskReddit,95.75,4,16,1.0,https://www.reddit.com/r/AskReddit/comments/1rerlu6/whats_a_good_reason_or_your_reason_to_keep_going/
2026-02-25T23:45:50+00:00,1retfx8,AskReddit,26.23,8,38,1.0,https://www.reddit.com/r/AskReddit/comments/1retfx8/what_makes_you_happy_today/
2026-02-25T23:45:55+00:00,1retq0m,Music,15.25,0,0,0.33,https://www.reddit.com/r/Music/comments/1retq0m/describe_my_tame_impala_taste/
2026-02-25T23:45:55+00:00,1retpbr,AskReddit,16.0,1,4,1.0,https://www.reddit.com/r/AskReddit/comments/1retpbr/whats_the_most_awkward_situation_youve_ever_been/
2026-02-25T23:46:00+00:00,1retpdu,AskReddit,16.02,1,3,1.0,https://www.reddit.com/r/AskReddit/comments/1retpdu/what_do_you_think_is_the_most_overrated_financial/
2026-02-25T23:46:00+00:00,1retpdj,memes,16.02,1,1,0.67,https://www.reddit.com/r/memes/comments/1retpdj/ive_seen_an_awful_lot_of_stickers_since_you/
2026-02-25T23:46:00+00:00,1retpz8,AskReddit,15.38,1,3,1.0,https://www.reddit.com/r/AskReddit/comments/1retpz8/how_would_things_be_like_if_the_world_is_devoid/
2026-02-25T23:46:05+00:00,1resevv,AskReddit,65.68,2,14,1.0,https://www.reddit.com/r/AskReddit/comments/1resevv/what_do_you_miss_most_about_the_early_internet/
2026-02-25T23:46:05+00:00,1retpvh,AskReddit,15.58,2,4,1.0,https://www.reddit.com/r/AskReddit/comments/1retpvh/whats_the_most_affordable_and_greenest_city_youve/
2026-02-25T23:46:05+00:00,1reqsno,movies,126.08,2646,268,0.98,https://www.reddit.com/r/movies/comments/1reqsno/paramount_posts_q4_loss_of_573_million/
2026-02-25T23:46:10+00:00,1retz31,memes,5.67,1,0,1.0,https://www.reddit.com/r/memes/comments/1retz31/does_anyone_know_how_to_slow_down_time/
2026-02-25T23:46:20+00:00,1reqsqr,Music,126.25,6,1,1.0,https://www.reddit.com/r/Music/comments/1reqsqr/the_cure_a_chain_of_flowers_rock/
2026-02-25T23:46:20+00:00,1resew8,AskReddit,65.93,1,2,1.0,https://www.reddit.com/r/AskReddit/comments/1resew8/whats_the_most_useful_thing_you_learned_from_a/
2026-02-25T23:46:20+00:00,1resenr,worldnews,66.17,36,6,0.81,https://www.reddit.com/r/worldnews/comments/1resenr/cuban_border_guards_attacked_by_speedboat/
2026-02-25T23:46:25+00:00,1resoyr,AskReddit,55.47,1,4,1.0,https://www.reddit.com/r/AskReddit/comments/1resoyr/people_with_chronic_back_pain_how_did_it_start/
2026-02-25T23:46:35+00:00,1resoi0,AskReddit,56.13,1,11,0.67,https://www.reddit.com/r/AskReddit/comments/1resoi0/why_dont_you_just_snap_out_of_it/
2026-02-25T23:46:35+00:00,1resy3f,AskReddit,45.83,1,4,0.67,https://www.reddit.com/r/AskReddit/comments/1resy3f/what_is_so_bad_about_using_the_selfclean_button/
2026-02-25T23:46:35+00:00,1resy73,Music,45.73,3,0,1.0,https://www.reddit.com/r/Music/comments/1resy73/donald_byrd_falling_like_dominoes_jazz_funk/
2026-02-25T23:46:35+00:00,1resosj,AskReddit,55.82,1,2,1.0,https://www.reddit.com/r/AskReddit/comments/1resosj/ford_focus_2010_16_tdi_engine_malfunction/
2026-02-25T23:46:35+00:00,1repzx6,AskReddit,156.1,1,5,1.0,https://www.reddit.com/r/AskReddit/comments/1repzx6/what_is_the_craziest_thing_youve_ever_seen_at_a/
2026-02-25T23:46:35+00:00,1resy0q,worldnews,45.88,66,0,0.98,https://www.reddit.com/r/worldnews/comments/1resy0q/russia_disrupts_trumps_ukraine_talks_with_timed/
2026-02-25T23:46:35+00:00,1req03p,AskReddit,155.92,3,37,1.0,https://www.reddit.com/r/AskReddit/comments/1req03p/what_would_a_stranger_say_if_they_saw_your/
2026-02-25T23:46:40+00:00,1ret7gq,AskReddit,36.22,0,2,0.5,https://www.reddit.com/r/AskReddit/comments/1ret7gq/whats_an_underrated_anime_more_people_need_to/
2026-02-25T23:46:40+00:00,1reth3m,AskReddit,25.82,3,3,1.0,https://www.reddit.com/r/AskReddit/comments/1reth3m/if_you_could_customize_anything_what_would_you/
2026-02-25T23:46:45+00:00,1rethjc,AskReddit,25.42,12,55,0.93,https://www.reddit.com/r/AskReddit/comments/1rethjc/how_often_do_you_cook_at_home/
2026-02-25T23:46:51+00:00,1ret7nj,AskReddit,36.22,0,13,0.5,https://www.reddit.com/r/AskReddit/comments/1ret7nj/people_who_support_the_death_penalty_why/
2026-02-25T23:46:51+00:00,1retgtc,gaming,26.3,0,14,0.29,https://www.reddit.com/r/gaming/comments/1retgtc/games_that_are_like_mass_effect_and_dark_souls/
2026-02-25T23:46:56+00:00,1reqtid,Music,126.03,452,56,0.98,https://www.reddit.com/r/Music/comments/1reqtid/singer_d4vd_is_target_of_los_angeles_grand_jury/
2026-02-25T23:46:56+00:00,1rethp9,AskReddit,25.43,5,13,0.86,https://www.reddit.com/r/AskReddit/comments/1rethp9/whats_something_people_do_that_instantly_tells/
2026-02-25T23:46:56+00:00,1reth24,AskReddit,26.12,2,8,1.0,https://www.reddit.com/r/AskReddit/comments/1reth24/this_year_valentines_day_was_a_saturday_still/
2026-02-25T23:46:56+00:00,1retqg0,AskReddit,15.8,1,8,0.6,https://www.reddit.com/r/AskReddit/comments/1retqg0/how_often_do_you_wear_a_cowboy_hat/
2026-02-25T23:46:56+00:00,1reqtsx,AskReddit,125.75,0,54,0.42,https://www.reddit.com/r/AskReddit/comments/1reqtsx/what_is_the_meaning_of_having_a_womans_body_if_we/
2026-02-25T23:47:01+00:00,1ret7p7,AskReddit,36.33,0,10,0.5,https://www.reddit.com/r/AskReddit/comments/1ret7p7/people_who_enjoy_morning_sex_how_do_you_actually/
2026-02-25T23:47:01+00:00,1reqtjx,AskReddit,126.08,0,4,0.44,https://www.reddit.com/r/AskReddit/comments/1reqtjx/what_are_the_best_sites_etc_to_sign_someones/
2026-02-25T23:47:01+00:00,1resg7g,AskReddit,65.23,1,2,1.0,https://www.reddit.com/r/AskReddit/comments/1resg7g/what_have_you_always_wanted_to_try/
2026-02-25T23:47:11+00:00,1resfnv,AskReddit,65.97,3,3,1.0,https://www.reddit.com/r/AskReddit/comments/1resfnv/whats_the_lowest_point_youve_ever_been_in_your/
2026-02-25T23:47:11+00:00,1reu0eb,AskReddit,5.18,2,8,1.0,https://www.reddit.com/r/AskReddit/comments/1reu0eb/whos_more_famous_godzilla_or_pikachu/
2026-02-25T23:47:11+00:00,1retzkk,AskReddit,6.15,2,7,1.0,https://www.reddit.com/r/AskReddit/comments/1retzkk/where_would_you_recommend_going_to_relax_this/
2026-02-25T23:47:21+00:00,1reqtub,AskReddit,126.12,225,580,0.94,https://www.reddit.com/r/AskReddit/comments/1reqtub/whats_something_harmless_that_gets_people_weirdly/
2026-02-25T23:47:21+00:00,1respal,aww,56.05,10,0,1.0,https://www.reddit.com/r/aww/comments/1respal/local_street_king_claiming_new_territory_my_car/
2026-02-25T23:47:21+00:00,1respf6,AskReddit,55.9,1,3,1.0,https://www.reddit.com/r/AskReddit/comments/1respf6/denizens_of_reddit_with_strange_phobias_what/
2026-02-25T23:47:21+00:00,1resyrb,AskReddit,45.98,3,18,0.8,https://www.reddit.com/r/AskReddit/comments/1resyrb/where_were_you_on_911/
2026-02-25T23:47:26+00:00,1respl2,AskReddit,55.82,2,6,1.0,https://www.reddit.com/r/AskReddit/comments/1respl2/what_do_your_days_off_look_like/
2026-02-25T23:47:26+00:00,1reszdf,AskReddit,45.43,1,6,0.67,https://www.reddit.com/r/AskReddit/comments/1reszdf/whats_a_minor_skill_youve_always_wanted_to_pick/
2026-02-25T23:47:31+00:00,1resz2k,AskReddit,45.83,1,11,0.6,https://www.reddit.com/r/AskReddit/comments/1resz2k/what_advice_would_you_give_too_somebody_who_is/
2026-02-25T23:47:31+00:00,1rerncr,AskReddit,95.92,0,9,0.25,https://www.reddit.com/r/AskReddit/comments/1rerncr/girl_to_girl_lets_not_gatekeep_whats_a_feminine/
2026-02-25T23:47:31+00:00,1rerna5,aww,95.98,42,0,0.99,https://www.reddit.com/r/aww/comments/1rerna5/these_girls_love_each_other_so_much/
2026-02-25T23:47:31+00:00,1rek0u2,aww,367.58,18,0,1.0,https://www.reddit.com/r/aww/comments/1rek0u2/the_man_of_the_house_resting_from_hard_work/
2026-02-25T23:47:31+00:00,1ret91g,gaming,35.4,289,137,0.91,https://www.reddit.com/r/gaming/comments/1ret91g/polygon_published_this/
2026-02-25T23:47:36+00:00,1renen4,science,251.4,70,2,0.89,https://www.reddit.com/r/science/comments/1renen4/almost_1in3_american_adolescents_has_diabetes_or/
2026-02-25T23:47:36+00:00,1ren9bm,gaming,256.88,1943,174,0.97,https://www.reddit.com/r/gaming/comments/1ren9bm/ubisoft_suffers_major_talent_drain_because_theyre/
2026-02-25T23:47:36+00:00,1regjlo,funny,489.33,0,2,0.15,https://www.reddit.com/r/funny/comments/1regjlo/zombie_got/
2026-02-25T23:47:36+00:00,1reok9f,Music,209.95,5,0,0.86,https://www.reddit.com/r/Music/comments/1reok9f/alan_parsons_project_sirius_eye_in_the_sky_rock/
2026-02-25T23:47:36+00:00,1rejmwo,worldnews,380.72,405,21,0.99,https://www.reddit.com/r/worldnews/comments/1rejmwo/spain_declassifies_files_on_1981_attempted_coup/
2026-02-25T23:47:41+00:00,1renjvt,worldnews,246.25,515,317,0.89,https://www.reddit.com/r/worldnews/comments/1renjvt/us_sends_deadliest_fighter_jets_to_israel_as_iran/
2026-02-25T23:47:41+00:00,1reknmr,worldnews,346.22,28,2,0.72,https://www.reddit.com/r/worldnews/comments/1reknmr/us_embassy_to_offer_its_first_consular_services/
2026-02-25T23:47:41+00:00,1remrzo,movies,273.65,1,0,0.55,https://www.reddit.com/r/movies/comments/1remrzo/new_york_international_childrens_film_festival/
2026-02-25T23:47:41+00:00,1remsr5,memes,272.95,0,4,0.38,https://www.reddit.com/r/memes/comments/1remsr5/ok_boomers/
2026-02-25T23:47:41+00:00,1ren1tm,worldnews,264.28,109,19,0.75,https://www.reddit.com/r/worldnews/comments/1ren1tm/human_rights_protections_for_transgender_kiwis/
2026-02-25T23:47:41+00:00,1rejnnh,gaming,380.1,4169,232,0.97,https://www.reddit.com/r/gaming/comments/1rejnnh/someone_at_xbox_testing_in_production_brave/
2026-02-25T23:47:41+00:00,1ren7st,Music,258.35,0,13,0.38,https://www.reddit.com/r/Music/comments/1ren7st/your_top_10_songs_off_all_time/
2026-02-25T23:47:41+00:00,1ret8rc,memes,35.9,5,1,1.0,https://www.reddit.com/r/memes/comments/1ret8rc/downfall_of_unreal_engine/
2026-02-25T23:47:41+00:00,1regfcp,todayilearned,493.83,13465,293,0.98,https://www.reddit.com/r/todayilearned/comments/1regfcp/til_about_the_thrasis_region_of_mars_due_to_mars/
2026-02-25T23:47:41+00:00,1relwl0,memes,303.55,7,3,0.89,https://www.reddit.com/r/memes/comments/1relwl0/suffering_from_severe_intellectualitythey_say/
2026-02-25T23:47:41+00:00,1relf83,funny,320.38,343,13,0.91,https://www.reddit.com/r/funny/comments/1relf83/everything/
2026-02-25T23:47:41+00:00,1ren2wf,movies,263.22,5,37,0.53,https://www.reddit.com/r/movies/comments/1ren2wf/why_the_prestige_2006_still_deserves_more/
2026-02-25T23:47:47+00:00,1ren5o4,funny,260.58,188,18,0.94,https://www.reddit.com/r/funny/comments/1ren5o4/i_said_dentist_appointment/
2026-02-25T23:47:47+00:00,1regovp,todayilearned,484.07,811,37,0.98,https://www.reddit.com/r/todayilearned/comments/1regovp/til_heinrich_kramer_the_man_responsible_the_early/
2026-02-25T23:47:47+00:00,1relh2m,Music,318.7,19,0,1.0,https://www.reddit.com/r/Music/comments/1relh2m/kraftwerk_tour_de_france_electronic_1983/
2026-02-25T23:47:47+00:00,1rep6r5,AskReddit,186.98,106,232,0.97,https://www.reddit.com/r/AskReddit/comments/1rep6r5/whats_something_society_treats_as_embarrassing/
2026-02-25T23:47:47+00:00,1rek1tz,worldnews,366.95,56,2,0.82,https://www.reddit.com/r/worldnews/comments/1rek1tz/ecuador_withdraws_from_un_palestinian_rights/
2026-02-25T23:47:47+00:00,1ren12l,aww,265.12,768,14,1.0,https://www.reddit.com/r/aww/comments/1ren12l/my_cats_keeping_me_company_today/
2026-02-25T23:47:47+00:00,1remcor,movies,288.3,16,5,0.66,https://www.reddit.com/r/movies/comments/1remcor/david_f_sandberg_to_direct_horror_film_a_little/
2026-02-25T23:47:47+00:00,1ren2qg,memes,263.47,2,4,0.67,https://www.reddit.com/r/memes/comments/1ren2qg/run_for_you_lives/
2026-02-25T23:47:47+00:00,1req12z,AskReddit,156.07,1,2,1.0,https://www.reddit.com/r/AskReddit/comments/1req12z/whats_your_1_gripe_today/
2026-02-25T23:47:47+00:00,1renfrv,worldnews,250.55,7362,649,0.97,https://www.reddit.com/r/worldnews/comments/1renfrv/cuba_says_four_shot_dead_on_usregistered_speedboat/
2026-02-25T23:47:47+00:00,1reltj6,worldnews,306.68,44,1,0.81,https://www.reddit.com/r/worldnews/comments/1reltj6/sri_lanka_navy_and_coast_guard_seize_4_indian/
2026-02-25T23:47:47+00:00,1renpzq,todayilearned,240.18,2201,77,0.99,https://www.reddit.com/r/todayilearned/comments/1renpzq/til_roughly_100000_african_elephants_were_killed/
2026-02-25T23:47:47+00:00,1rem4vs,todayilearned,295.93,133,7,0.98,https://www.reddit.com/r/todayilearned/comments/1rem4vs/til_about_lodoicea_maldivica_a_palm_tree_with/
2026-02-25T23:47:47+00:00,1regj7h,todayilearned,489.9,45,25,0.67,https://www.reddit.com/r/todayilearned/comments/1regj7h/til_nickelback_producer_joey_moi_went_to/
2026-02-25T23:47:47+00:00,1rencdi,Music,253.97,88,24,0.79,https://www.reddit.com/r/Music/comments/1rencdi/highly_suspect_my_name_is_human_indie_rock/
2026-02-25T23:47:47+00:00,1remx55,aww,268.9,76,2,0.98,https://www.reddit.com/r/aww/comments/1remx55/the_beautiful_margot_from_our_shelter/
2026-02-25T23:47:47+00:00,1ren5dx,memes,260.83,10,3,0.92,https://www.reddit.com/r/memes/comments/1ren5dx/youtube_is_ran_by_morons/
2026-02-25T23:47:47+00:00,1rem7us,memes,293.2,2155,67,0.98,https://www.reddit.com/r/memes/comments/1rem7us/alchemy_is_truly_alive_and_well/
2026-02-25T23:47:47+00:00,1ret9al,AskReddit,35.42,2,1,1.0,https://www.reddit.com/r/AskReddit/comments/1ret9al/what_album_did_you_listen_to_while_going_through/
2026-02-25T23:47:47+00:00,1remtpy,worldnews,272.13,798,192,0.97,https://www.reddit.com/r/worldnews/comments/1remtpy/armed_confrontation_in_cuban_waters_leaves_four/
2026-02-25T23:47:47+00:00,1relbgg,gaming,324.08,164,51,0.86,https://www.reddit.com/r/gaming/comments/1relbgg/mortal_kombat_ii_official_trailer_ii/
2026-02-25T23:47:47+00:00,1rene4r,memes,252.12,11,5,0.71,https://www.reddit.com/r/memes/comments/1rene4r/man_i_am_so_sick_of_february/
2026-02-25T23:47:47+00:00,1reodm9,funny,216.78,705,75,0.99,https://www.reddit.com/r/funny/comments/1reodm9/the_town_of_mexico_missouri_was_named_after/
2026-02-25T23:47:47+00:00,1rekibd,worldnews,351.37,73,25,0.72,https://www.reddit.com/r/worldnews/comments/1rekibd/speaker_of_the_knesset_medal_pm_modi_conferred/
2026-02-25T23:47:47+00:00,1remmor,aww,278.73,213,6,1.0,https://www.reddit.com/r/aww/comments/1remmor/cats_are_now_tolerant_roommates_yay_thank_you/
2026-02-25T23:47:47+00:00,1renitf,memes,247.4,12,2,0.83,https://www.reddit.com/r/memes/comments/1renitf/why_are_cats_like_this/
2026-02-25T23:47:47+00:00,1renjmz,science,246.58,33,4,0.84,https://www.reddit.com/r/science/comments/1renjmz/climate_change_could_threaten_monarch_mass/
2026-02-25T23:47:47+00:00,1rejn79,movies,380.62,17,7,0.74,https://www.reddit.com/r/movies/comments/1rejn79/new_luther_movie_casts_stephen_dillane_anya/
2026-02-25T23:47:52+00:00,1rep724,AskReddit,186.75,3,16,0.81,https://www.reddit.com/r/AskReddit/comments/1rep724/whats_the_most_unprofessional_thing_youve_seen_at/
2026-02-25T23:47:52+00:00,1remcq7,Music,288.33,2028,65,0.98,https://www.reddit.com/r/Music/comments/1remcq7/driver_who_killed_dixie_chicks_founding_member/
2026-02-25T23:47:52+00:00,1relsve,aww,307.38,127,9,0.98,https://www.reddit.com/r/aww/comments/1relsve/its_her_birthday/
2026-02-25T23:47:52+00:00,1ren01a,memes,266.27,0,13,0.45,https://www.reddit.com/r/memes/comments/1ren01a/i_think_humanity_might_have_already_lost_any/
2026-02-25T23:47:52+00:00,1regsfd,funny,480.68,7011,265,0.96,https://www.reddit.com/r/funny/comments/1regsfd/reddit_every_few_months/
2026-02-25T23:47:52+00:00,1renp9d,gaming,241.02,0,28,0.23,https://www.reddit.com/r/gaming/comments/1renp9d/development_update_overwatch_rush/
2026-02-25T23:47:52+00:00,1rel6ka,aww,328.65,66,3,0.99,https://www.reddit.com/r/aww/comments/1rel6ka/cute_baby/
2026-02-25T23:47:52+00:00,1rempc5,movies,276.38,14,116,0.62,https://www.reddit.com/r/movies/comments/1rempc5/movies_that_are_way_better_on_the_big_screen/
2026-02-25T23:47:52+00:00,1rekmts,movies,347.1,1872,291,0.95,https://www.reddit.com/r/movies/comments/1rekmts/new_poster_for_mortal_kombat_ii/
2026-02-25T23:47:52+00:00,1reti83,AskReddit,25.85,4,60,0.83,https://www.reddit.com/r/AskReddit/comments/1reti83/which_fastfood_chain_do_you_think_is_overrated/
2026-02-25T23:47:52+00:00,1remb4e,aww,289.95,20,1,0.84,https://www.reddit.com/r/aww/comments/1remb4e/charlie/
2026-02-25T23:47:52+00:00,1rem6zf,memes,294.1,9,6,0.86,https://www.reddit.com/r/memes/comments/1rem6zf/who_knew_as_an_adult_that_my_biggest_op_would_be/
2026-02-25T23:47:52+00:00,1relr7t,science,308.98,99,22,0.89,https://www.reddit.com/r/science/comments/1relr7t/sperm_swim_more_quickly_in_summer_study_finds/
2026-02-25T23:47:52+00:00,1requos,gaming,125.75,157,37,0.96,https://www.reddit.com/r/gaming/comments/1requos/resident_evil_requiem_is_the_highest_rated_new/
2026-02-25T23:47:57+00:00,1relx18,funny,303.37,1281,35,0.94,https://www.reddit.com/r/funny/comments/1relx18/interrupting_cow/
2026-02-25T23:47:57+00:00,1rejwjp,worldnews,372.0,0,19,0.43,https://www.reddit.com/r/worldnews/comments/1rejwjp/donald_trump_on_indiapak_prez_says_pakistan_pm/
2026-02-25T23:47:57+00:00,1rejfdg,worldnews,388.27,32,3,0.79,https://www.reddit.com/r/worldnews/comments/1rejfdg/germany_urges_iran_to_engage_constructively_in/
2026-02-25T23:47:57+00:00,1reneu0,gaming,251.55,3,51,0.57,https://www.reddit.com/r/gaming/comments/1reneu0/whats_your_favorite_bullet_hell_genre_game/
2026-02-25T23:47:57+00:00,1rekoip,movies,345.68,1903,535,0.95,https://www.reddit.com/r/movies/comments/1rekoip/mortal_kombat_ii_official_trailer_ii/
2026-02-25T23:47:57+00:00,1rels49,memes,308.2,1366,34,0.96,https://www.reddit.com/r/memes/comments/1rels49/this_design/
2026-02-25T23:47:57+00:00,1reodl7,aww,216.98,36,0,0.95,https://www.reddit.com/r/aww/comments/1reodl7/sleepy_kitties_in_the_window_of_the_local_thai/
2026-02-25T23:47:57+00:00,1retrka,Music,15.6,17,4,0.9,https://www.reddit.com/r/Music/comments/1retrka/exclusive_sean_diddy_combs_could_be_dragged_back/
2026-02-25T23:47:57+00:00,1rep5cj,AskReddit,188.57,0,2,0.33,https://www.reddit.com/r/AskReddit/comments/1rep5cj/now_that_millions_of_documents_related_to_the/
2026-02-25T23:47:57+00:00,1rep57u,AskReddit,188.68,2,17,0.63,https://www.reddit.com/r/AskReddit/comments/1rep57u/whats_yalls_favorite_video_game/
2026-02-25T23:47:57+00:00,1remm9k,aww,279.33,12,0,0.84,https://www.reddit.com/r/aww/comments/1remm9k/shifu_loves_this_kinda_sunny_days/
2026-02-25T23:47:57+00:00,1remcak,aww,288.88,14,1,0.95,https://www.reddit.com/r/aww/comments/1remcak/bert_my_tripod_kitty/
2026-02-25T23:47:57+00:00,1rekx5q,aww,337.65,60,6,0.93,https://www.reddit.com/r/aww/comments/1rekx5q/my_cute_smiley_boy_pilot_is_nearly_2_and_would/
2026-02-25T23:47:57+00:00,1renmyl,memes,243.38,52,7,0.91,https://www.reddit.com/r/memes/comments/1renmyl/now_were_free_fallin/
2026-02-25T23:47:57+00:00,1rejv0f,funny,373.47,1468,40,0.97,https://www.reddit.com/r/funny/comments/1rejv0f/press_x_to_dispense_treats/
2026-02-25T23:47:57+00:00,1ren1hv,movies,264.87,687,217,0.89,https://www.reddit.com/r/movies/comments/1ren1hv/i_think_the_fifth_element_is_a_perfect_movie_and/
2026-02-25T23:47:57+00:00,1rem0rb,movies,299.83,0,1,0.5,https://www.reddit.com/r/movies/comments/1rem0rb/bluff_and_extraction_2_cinematographer_is_annoying/
2026-02-25T23:47:57+00:00,1renkzo,science,245.38,869,12,0.98,https://www.reddit.com/r/science/comments/1renkzo/neurosurgeons_are_really_good_at_removing_brain/
2026-02-25T23:48:02+00:00,1reoalh,aww,220.03,20,1,0.96,https://www.reddit.com/r/aww/comments/1reoalh/eevee_used_rest_its_super_effective/
2026-02-25T23:48:02+00:00,1remofk,aww,277.37,6,0,0.81,https://www.reddit.com/r/aww/comments/1remofk/gelada_baboons/
2026-02-25T23:48:02+00:00,1rel9g4,aww,326.22,578,10,0.99,https://www.reddit.com/r/aww/comments/1rel9g4/my_majestic_battlescarred_old_boy/
2026-02-25T23:48:02+00:00,1regpq8,funny,483.45,44818,210,0.96,https://www.reddit.com/r/funny/comments/1regpq8/class_participation/
2026-02-25T23:48:02+00:00,1rep7h8,AskReddit,186.48,17,14,0.57,https://www.reddit.com/r/AskReddit/comments/1rep7h8/if_you_have_only_fans_how_do_you_deal_with_the/
2026-02-25T23:48:02+00:00,1rempt4,memes,276.12,86,20,0.82,https://www.reddit.com/r/memes/comments/1rempt4/omelet_du_frommage/
2026-02-25T23:48:02+00:00,1retrlv,funny,15.63,0,2,0.43,https://www.reddit.com/r/funny/comments/1retrlv/fletch_chevy_chases_finest_hour_at_40/
2026-02-25T23:48:02+00:00,1rel39a,aww,331.92,79,9,0.98,https://www.reddit.com/r/aww/comments/1rel39a/pov_you_are_about_to_touch_the_belly/
2026-02-25T23:48:02+00:00,1ren8r6,memes,257.82,0,19,0.47,https://www.reddit.com/r/memes/comments/1ren8r6/pov_breaking_a_bone/
2026-02-25T23:48:02+00:00,1rem3c7,memes,297.57,6,5,0.69,https://www.reddit.com/r/memes/comments/1rem3c7/damn_bro/
2026-02-25T23:48:02+00:00,1remcg7,funny,288.8,0,4,0.33,https://www.reddit.com/r/funny/comments/1remcg7/explosive/
2026-02-25T23:48:02+00:00,1rem2tg,worldnews,298.02,61,11,0.79,https://www.reddit.com/r/worldnews/comments/1rem2tg/isis_teaching_recruits_how_to_use_ai_responsibly/
2026-02-25T23:48:02+00:00,1reoe52,movies,216.48,2,2,0.57,https://www.reddit.com/r/movies/comments/1reoe52/before_the_godfather_the_real_meeting_at_castello/
2026-02-25T23:48:02+00:00,1rekgig,science,353.33,139,45,0.8,https://www.reddit.com/r/science/comments/1rekgig/higher_intakes_of_total_processed_and_unprocessed/
2026-02-25T23:48:02+00:00,1reniih,Music,247.93,0,6,0.1,https://www.reddit.com/r/Music/comments/1reniih/kanye_wests_spokesperson_milo_yiannopolous_ye/
2026-02-25T23:48:02+00:00,1rem3db,memes,297.53,60,1,0.97,https://www.reddit.com/r/memes/comments/1rem3db/you_have_her_eyes/
2026-02-25T23:48:08+00:00,1reoj3r,worldnews,211.62,25,2,0.71,https://www.reddit.com/r/worldnews/comments/1reoj3r/métis_leaders_unveil_1920s_model_dog_sled/
2026-02-25T23:48:08+00:00,1rejs9s,worldnews,376.17,812,72,0.96,https://www.reddit.com/r/worldnews/comments/1rejs9s/ukraine_to_cover_4000_km_of_roads_with_antidrone/
2026-02-25T23:48:08+00:00,1relo65,gaming,312.27,0,30,0.33,https://www.reddit.com/r/gaming/comments/1relo65/resident_evil_requiem_often_uses_8gb_of_vram_at/
2026-02-25T23:48:08+00:00,1retrr4,AskReddit,15.58,0,2,0.5,https://www.reddit.com/r/AskReddit/comments/1retrr4/do_you_get_turned_on_taking_nudes_of_yourself_and/
2026-02-25T23:48:08+00:00,1rena65,aww,256.57,15,4,0.86,https://www.reddit.com/r/aww/comments/1rena65/he_is_so_done_with_today/
2026-02-25T23:48:08+00:00,1resh0c,AskReddit,65.5,1,2,1.0,https://www.reddit.com/r/AskReddit/comments/1resh0c/how_much_mobile_data_do_you_use_each_month_and/
2026-02-25T23:48:08+00:00,1reog03,science,214.7,367,14,0.98,https://www.reddit.com/r/science/comments/1reog03/a_recent_article_that_reviewed_evidence_from_29/
2026-02-25T23:48:08+00:00,1requmq,AskReddit,126.07,1,17,0.67,https://www.reddit.com/r/AskReddit/comments/1requmq/what_is_legal_but_still_messed_up_to_do/
2026-02-25T23:48:08+00:00,1rep64c,memes,187.97,7,1,0.83,https://www.reddit.com/r/memes/comments/1rep64c/time_to_hit_the_road/
2026-02-25T23:48:08+00:00,1resgas,Music,66.27,83,127,0.79,https://www.reddit.com/r/Music/comments/1resgas/why_hasnt_huey_lewis_and_the_news_been_inducted/
2026-02-25T23:48:13+00:00,1rem98q,memes,292.18,795,56,0.94,https://www.reddit.com/r/memes/comments/1rem98q/universal_guide_for_buying_anything_in_todays/
2026-02-25T23:48:13+00:00,1rekr0e,aww,343.67,12,3,1.0,https://www.reddit.com/r/aww/comments/1rekr0e/he_is_living_his_best_life/
2026-02-25T23:48:13+00:00,1rekxx7,movies,337.18,28,68,0.75,https://www.reddit.com/r/movies/comments/1rekxx7/the_one/
2026-02-25T23:48:13+00:00,1requf5,AskReddit,126.42,9,45,0.8,https://www.reddit.com/r/AskReddit/comments/1requf5/what_do_you_think_happens_after_we_die/
2026-02-25T23:48:13+00:00,1reu0ir,AskReddit,6.08,2,1,1.0,https://www.reddit.com/r/AskReddit/comments/1reu0ir/larry_summers_resigned_from_harvard_today_over/
2026-02-25T23:48:13+00:00,1reku2y,aww,340.75,11,2,0.79,https://www.reddit.com/r/aww/comments/1reku2y/i_very_love_small_dog/
2026-02-25T23:48:23+00:00,1rekem0,funny,355.5,2694,13,0.97,https://www.reddit.com/r/funny/comments/1rekem0/oc_must_be/
2026-02-25T23:48:23+00:00,1reofzh,aww,214.95,61,21,0.96,https://www.reddit.com/r/aww/comments/1reofzh/he_loves_the_water_and_never_misses_a_walk/
2026-02-25T23:48:23+00:00,1resgjs,AskReddit,66.25,1,5,1.0,https://www.reddit.com/r/AskReddit/comments/1resgjs/whats_your_favorite_country_and_why/
2026-02-25T23:48:23+00:00,1resqt0,AskReddit,55.37,0,1,0.17,https://www.reddit.com/r/AskReddit/comments/1resqt0/how_do_you_get_a_pickle_out_of_a_vending_machine/
2026-02-25T23:48:23+00:00,1reoftw,gaming,215.12,418,211,0.9,https://www.reddit.com/r/gaming/comments/1reoftw/loot_box_litigation_new_york_attorney_general/
2026-02-25T23:48:28+00:00,1req2aw,memes,155.53,0,4,0.33,https://www.reddit.com/r/memes/comments/1req2aw/bro_shouldve_just_focused_in_his_goals_instead_of/
2026-02-25T23:48:28+00:00,1ret033,AskReddit,45.73,2,12,1.0,https://www.reddit.com/r/AskReddit/comments/1ret033/whats_a_mistake_youll_never_make_again/
2026-02-25T23:48:28+00:00,1resqn8,AskReddit,55.63,9,19,1.0,https://www.reddit.com/r/AskReddit/comments/1resqn8/whats_something_you_learned_too_late_in_life/
2026-02-25T23:48:28+00:00,1reroj1,memes,95.67,9,9,0.74,https://www.reddit.com/r/memes/comments/1reroj1/ts_so_real/
2026-02-25T23:48:33+00:00,1ret09v,AskReddit,45.6,0,4,0.5,https://www.reddit.com/r/AskReddit/comments/1ret09v/what_is_the_fattest_thing_youve_done_this_week/
2026-02-25T23:48:33+00:00,1rero47,AskReddit,96.18,1,8,1.0,https://www.reddit.com/r/AskReddit/comments/1rero47/whats_the_biggest_letdown_about_being_an_adult/
2026-02-25T23:48:33+00:00,1reszwb,AskReddit,46.0,1,2,1.0,https://www.reddit.com/r/AskReddit/comments/1reszwb/whats_a_smell_that_instantly_takes_you_back_to/
2026-02-25T23:48:33+00:00,1reszlh,AskReddit,46.33,1,5,0.67,https://www.reddit.com/r/AskReddit/comments/1reszlh/what_is_a_harmless_lie_your_parents_told_you_as_a/
2026-02-25T23:48:38+00:00,1ret9vg,memes,35.62,92,18,0.88,https://www.reddit.com/r/memes/comments/1ret9vg/a_short_story/
2026-02-25T23:48:38+00:00,1ret0dc,AskReddit,45.58,0,4,0.5,https://www.reddit.com/r/AskReddit/comments/1ret0dc/911_operators_whats_the_weirdest_reasons_people/
2026-02-25T23:48:38+00:00,1ret9ub,Music,35.65,0,0,0.5,https://www.reddit.com/r/Music/comments/1ret9ub/a_quick_question_for_everyone/
2026-02-25T23:48:38+00:00,1ret9ph,AskReddit,35.83,1,3,1.0,https://www.reddit.com/r/AskReddit/comments/1ret9ph/if_you_were_a_genie_how_would_you_get_back_at/
2026-02-25T23:48:43+00:00,1ret9rp,AskReddit,35.83,0,0,0.5,https://www.reddit.com/r/AskReddit/comments/1ret9rp/whats_a_harmless_human_habit_that_would_break_an/
2026-02-25T23:48:43+00:00,1reta76,funny,35.35,0,1,0.2,https://www.reddit.com/r/funny/comments/1reta76/boyohboyohboy/
2026-02-25T23:48:43+00:00,1reta1r,AskReddit,35.53,0,0,0.5,https://www.reddit.com/r/AskReddit/comments/1reta1r/exextremists_of_reddit_whats_your_story/
2026-02-25T23:48:48+00:00,1reroni,gaming,95.9,166,55,0.9,https://www.reddit.com/r/gaming/comments/1reroni/who_do_we_talk_to/
2026-02-25T23:48:53+00:00,1req238,AskReddit,156.18,3,18,0.8,https://www.reddit.com/r/AskReddit/comments/1req238/whats_something_everyone_pretends_to_understand/
2026-02-25T23:48:59+00:00,1req1c1,AskReddit,157.0,1,15,0.67,https://www.reddit.com/r/AskReddit/comments/1req1c1/if_animals_could_talk_which_one_would_be_the/
2026-02-25T23:48:59+00:00,1reqv90,AskReddit,126.3,3,5,1.0,https://www.reddit.com/r/AskReddit/comments/1reqv90/what_is_the_weirdest_belief_about_the_world_that/
2026-02-25T23:48:59+00:00,1reqw33,Music,125.4,256,0,0.99,https://www.reddit.com/r/Music/comments/1reqw33/miguel_leads_ice_out_chant_at_nyc_show_in/
2026-02-25T23:48:59+00:00,1rep8t9,aww,186.03,10,0,0.82,https://www.reddit.com/r/aww/comments/1rep8t9/i_accidentally_opened_the_front_camera_and_this/
2026-02-25T23:48:59+00:00,1rep96e,memes,185.63,78,13,0.85,https://www.reddit.com/r/memes/comments/1rep96e/yall_rate_my_meme_potential/
2026-02-25T23:48:59+00:00,1retstf,science,15.25,12,2,0.83,https://www.reddit.com/r/science/comments/1retstf/overall_308nearly_1_in_3_american_adolescentshave/
2026-02-25T23:48:59+00:00,1rep8s7,memes,186.05,11010,118,0.98,https://www.reddit.com/r/memes/comments/1rep8s7/weve_all_been_there/
2026-02-25T23:48:59+00:00,1retsic,AskReddit,15.62,0,5,0.5,https://www.reddit.com/r/AskReddit/comments/1retsic/who_have_you_walked_in_on_having_sex/
2026-02-25T23:49:04+00:00,1rep8pa,AskReddit,186.23,1,85,0.53,https://www.reddit.com/r/AskReddit/comments/1rep8pa/you_are_given_1000000_but_you_have_to_live_inside/
2026-02-25T23:49:04+00:00,1retsu0,AskReddit,15.32,1,5,1.0,https://www.reddit.com/r/AskReddit/comments/1retsu0/there_are_many_people_here_who_like_to_drink_beer/
2026-02-25T23:49:04+00:00,1retske,AskReddit,15.63,2,4,1.0,https://www.reddit.com/r/AskReddit/comments/1retske/what_drives_you_crazy_in_relationships/
2026-02-25T23:49:04+00:00,1reqvhw,aww,126.12,29,5,0.73,https://www.reddit.com/r/aww/comments/1reqvhw/someone_was_happy_to_see_potatoes_at_the_weekly/
2026-02-25T23:49:04+00:00,1rets0e,AskReddit,16.23,2,6,0.75,https://www.reddit.com/r/AskReddit/comments/1rets0e/what_is_it_like_going_on_anxiety_or_adhd/
2026-02-25T23:49:09+00:00,1resi4a,memes,65.35,2,1,0.75,https://www.reddit.com/r/memes/comments/1resi4a/ocfizzy_glizzy_we_arent_slowly_drifting_away_from/
2026-02-25T23:49:09+00:00,1resht2,aww,65.67,15,1,1.0,https://www.reddit.com/r/aww/comments/1resht2/a_new_pillow/
2026-02-25T23:49:14+00:00,1reqvov,todayilearned,126.07,259,49,0.96,https://www.reddit.com/r/todayilearned/comments/1reqvov/til_in_the_1950s_and_60s_vernon_florida_had_a/
2026-02-25T23:49:14+00:00,1reu242,AskReddit,5.33,2,4,0.75,https://www.reddit.com/r/AskReddit/comments/1reu242/what_would_be_considered_the_most_insane_use_of/
2026-02-25T23:49:14+00:00,1reu1qo,AskReddit,5.77,2,3,1.0,https://www.reddit.com/r/AskReddit/comments/1reu1qo/what_is_this_new_ai_detector_for_reddit_update/
2026-02-25T23:49:14+00:00,1reu1bq,AskReddit,6.22,0,1,0.5,https://www.reddit.com/r/AskReddit/comments/1reu1bq/whats_something_people_think_is_harmless_but_it/
2026-02-25T23:49:14+00:00,1reshdc,aww,66.22,1,0,1.0,https://www.reddit.com/r/aww/comments/1reshdc/arme_un_banquete_para_los_gatos_de_la_calle/
2026-02-25T23:49:14+00:00,1req2ol,funny,155.93,0,4,0.24,https://www.reddit.com/r/funny/comments/1req2ol/they_wouldnt_do_openings_like_this_anymore_today/
2026-02-25T23:49:24+00:00,1resr5b,AskReddit,56.0,2,6,0.63,https://www.reddit.com/r/AskReddit/comments/1resr5b/what_billionaire_is_the_biggest_international/
2026-02-25T23:49:24+00:00,1resr0s,AskReddit,56.15,2,5,1.0,https://www.reddit.com/r/AskReddit/comments/1resr0s/what_the_best_experience_in_life_you_had_ever/
2026-02-25T23:49:29+00:00,1rerovo,movies,96.37,42,12,0.83,https://www.reddit.com/r/movies/comments/1rerovo/stranger_than_fiction_2006/
2026-02-25T23:49:34+00:00,1ret1ee,AskReddit,45.43,1,9,0.67,https://www.reddit.com/r/AskReddit/comments/1ret1ee/people_who_are_afraid_of_heights_what_scares_you/
2026-02-25T23:49:34+00:00,1req2jk,AskReddit,156.4,3,5,0.8,https://www.reddit.com/r/AskReddit/comments/1req2jk/who_is_the_one_person_that_matters_the_most_in/
2026-02-25T23:49:34+00:00,1retarw,AskReddit,35.57,2,11,1.0,https://www.reddit.com/r/AskReddit/comments/1retarw/what_are_the_3_movies_anyone_should_watch_before/
2026-02-25T23:49:39+00:00,1ret19d,AskReddit,45.65,2,10,0.75,https://www.reddit.com/r/AskReddit/comments/1ret19d/whats_a_minor_superpower_youd_actually_love_to/
2026-02-25T23:49:39+00:00,1ret0q5,AskReddit,46.23,1,6,0.67,https://www.reddit.com/r/AskReddit/comments/1ret0q5/if_you_could_take_a_trip_or_vacation_anywhere_in/
2026-02-25T23:49:39+00:00,1retala,AskReddit,35.87,1,2,1.0,https://www.reddit.com/r/AskReddit/comments/1retala/people_who_often_carry_out_employee_background/
2026-02-25T23:49:45+00:00,1req2oh,AskReddit,156.45,2,7,0.75,https://www.reddit.com/r/AskReddit/comments/1req2oh/whats_one_piece_of_advice_youd_take_to_the_grave/
2026-02-25T23:49:45+00:00,1retaov,AskReddit,35.85,2,4,1.0,https://www.reddit.com/r/AskReddit/comments/1retaov/what_single_moment_truly_defined_your_2025/
2026-02-25T23:49:45+00:00,1ret167,AskReddit,45.85,5,12,1.0,https://www.reddit.com/r/AskReddit/comments/1ret167/what_is_something_you_have_learned_just_is_not/
2026-02-25T23:49:45+00:00,1retalj,AskReddit,35.95,1,6,1.0,https://www.reddit.com/r/AskReddit/comments/1retalj/what_perfume_would_you_recommend_for_a_man/
2026-02-25T23:49:45+00:00,1rerpym,aww,95.48,7,1,0.89,https://www.reddit.com/r/aww/comments/1rerpym/hes_not_thrilled_about_the_new_hat_but_he_looks/
2026-02-25T23:49:50+00:00,1reta8q,funny,36.42,0,2,0.33,https://www.reddit.com/r/funny/comments/1reta8q/funny_cake/
2026-02-25T23:49:50+00:00,1retjsl,AskReddit,26.12,1,9,1.0,https://www.reddit.com/r/AskReddit/comments/1retjsl/people_who_love_their_jobs_what_do_you_do/
2026-02-25T23:49:56+00:00,1rep989,AskReddit,186.52,32,287,0.9,https://www.reddit.com/r/AskReddit/comments/1rep989/whats_a_single_sentence_someone_said_that_youve/
2026-02-25T23:50:01+00:00,1retjut,AskReddit,26.25,1,4,1.0,https://www.reddit.com/r/AskReddit/comments/1retjut/what_is_something_someone_told_you_not_to_do_that/
2026-02-25T23:50:01+00:00,1rettao,AskReddit,15.8,3,2,1.0,https://www.reddit.com/r/AskReddit/comments/1rettao/what_makes_something_seem_not_worth_doing/
2026-02-25T23:50:01+00:00,1rep9yo,aww,185.85,106,2,0.98,https://www.reddit.com/r/aww/comments/1rep9yo/emma_the_bear/
2026-02-25T23:50:01+00:00,1reqwev,movies,126.08,0,1,0.14,https://www.reddit.com/r/movies/comments/1reqwev/which_of_these_movies_shot_in_the_southwest_would/
2026-02-25T23:50:06+00:00,1retkh0,AskReddit,25.65,2,11,1.0,https://www.reddit.com/r/AskReddit/comments/1retkh0/what_are_your_all_time_favorite_movies/
2026-02-25T23:50:06+00:00,1rettns,AskReddit,15.47,3,5,1.0,https://www.reddit.com/r/AskReddit/comments/1rettns/what_memory_from_the_past_still_feels_oddly_vivid/
2026-02-25T23:50:06+00:00,1rettbq,worldnews,15.85,1,0,1.0,https://www.reddit.com/r/worldnews/comments/1rettbq/cuba_says_four_killed_after_us_boat_violates/
2026-02-25T23:50:06+00:00,1rep9nt,memes,186.23,16,1,0.92,https://www.reddit.com/r/memes/comments/1rep9nt/decisions_decisions/
2026-02-25T23:50:06+00:00,1repa1r,AskReddit,185.85,0,23,0.2,https://www.reddit.com/r/AskReddit/comments/1repa1r/with_how_unpopular_lgbtq_policies_are_should/
2026-02-25T23:50:11+00:00,1rett8t,AskReddit,16.03,3,6,1.0,https://www.reddit.com/r/AskReddit/comments/1rett8t/whats_one_thing_that_made_you_smile_today/
2026-02-25T23:50:11+00:00,1resitm,AskReddit,65.63,1,3,1.0,https://www.reddit.com/r/AskReddit/comments/1resitm/what_are_your_experiences_that_back_up_your/
2026-02-25T23:50:17+00:00,1resskt,AskReddit,55.33,0,14,0.5,https://www.reddit.com/r/AskReddit/comments/1resskt/how_do_you_get_a_pickle_out_of_a_ketchup_bottle/
2026-02-25T23:50:17+00:00,1reu337,AskReddit,5.27,0,5,0.5,https://www.reddit.com/r/AskReddit/comments/1reu337/what_is_the_biggest_difference_between_the_ai/
2026-02-25T23:50:17+00:00,1reu2nd,AskReddit,5.78,0,1,0.5,https://www.reddit.com/r/AskReddit/comments/1reu2nd/what_is_the_minimum_grade_needed_for_a_newly/
2026-02-25T23:50:17+00:00,1reu2iz,AskReddit,5.92,2,1,1.0,https://www.reddit.com/r/AskReddit/comments/1reu2iz/whats_a_weird_habit_your_partner_has_that_you/
2026-02-25T23:50:17+00:00,1reu2mq,worldnews,5.8,0,0,0.43,https://www.reddit.com/r/worldnews/comments/1reu2mq/ahead_of_carney_trip_ottawa_says_india_is_no/
2026-02-25T23:50:17+00:00,1resima,AskReddit,65.93,2,15,1.0,https://www.reddit.com/r/AskReddit/comments/1resima/what_is_your_favorite_cereal/
2026-02-25T23:50:17+00:00,1ress53,AskReddit,55.82,1,8,1.0,https://www.reddit.com/r/AskReddit/comments/1ress53/whats_a_small_change_you_made_daily_that_helped/
2026-02-25T23:50:26+00:00,1resrs7,AskReddit,56.37,1,6,1.0,https://www.reddit.com/r/AskReddit/comments/1resrs7/how_do_you_personally_find_inner_peace_is_it_ever/
2026-02-25T23:50:26+00:00,1req3yb,AskReddit,155.77,2,5,0.6,https://www.reddit.com/r/AskReddit/comments/1req3yb/should_professional_referees_have_to_do_postgame/
2026-02-25T23:50:26+00:00,1req3e2,AskReddit,156.4,2,22,0.75,https://www.reddit.com/r/AskReddit/comments/1req3e2/what_do_you_think_of_marriage/
2026-02-25T23:50:26+00:00,1ret1nx,Music,46.05,2,0,1.0,https://www.reddit.com/r/Music/comments/1ret1nx/jimmy_the_spoon/
2026-02-25T23:50:26+00:00,1reqwsq,movies,126.08,5,66,0.59,https://www.reddit.com/r/movies/comments/1reqwsq/the_best_notamerican_movies_you_would_always/
2026-02-25T23:50:26+00:00,1resrrj,aww,56.38,34,2,1.0,https://www.reddit.com/r/aww/comments/1resrrj/cute_enough_to_get_away_with_everything/
2026-02-25T23:50:31+00:00,1ret1tr,AskReddit,45.98,0,0,0.5,https://www.reddit.com/r/AskReddit/comments/1ret1tr/youre_sent_back_100_years_with_the_mission_to/
2026-02-25T23:50:31+00:00,1ret1kw,Music,46.2,1,0,1.0,https://www.reddit.com/r/Music/comments/1ret1kw/thunderbyrd_all_the_saints_rock/
2026-02-25T23:50:36+00:00,1retb8d,AskReddit,36.13,3,5,1.0,https://www.reddit.com/r/AskReddit/comments/1retb8d/what_is_the_hardest_thing_you_have_helped_a/
2026-02-25T23:50:36+00:00,1req428,AskReddit,155.82,6,37,0.8,https://www.reddit.com/r/AskReddit/comments/1req428/do_you_have_a_person_in_your_life_who_sneezes_or/
2026-02-25T23:50:41+00:00,1retbsu,AskReddit,35.58,1,3,1.0,https://www.reddit.com/r/AskReddit/comments/1retbsu/how_do_you_be_a_stronger_unpacker_of_text_like/
2026-02-25T23:50:46+00:00,1req3zn,AskReddit,156.07,1,19,0.6,https://www.reddit.com/r/AskReddit/comments/1req3zn/people_who_have_tasted_venison_whats_it_like_is/
2026-02-25T23:50:52+00:00,1reqxc4,AskReddit,125.98,434,153,0.93,https://www.reddit.com/r/AskReddit/comments/1reqxc4/how_would_you_feel_about_voting_in_an_election/
2026-02-25T23:50:52+00:00,1rerqok,AskReddit,95.85,9,56,0.92,https://www.reddit.com/r/AskReddit/comments/1rerqok/people_who_are_terrified_of_spiders_what_is_it/
2026-02-25T23:50:52+00:00,1rerq5v,AskReddit,96.38,2,3,1.0,https://www.reddit.com/r/AskReddit/comments/1rerq5v/what_are_the_current_safest_best_countries_to/
2026-02-25T23:50:52+00:00,1retlke,AskReddit,25.2,1,1,1.0,https://www.reddit.com/r/AskReddit/comments/1retlke/larry_summers_resigned_from_harvard_over_his_ties/
2026-02-25T23:50:52+00:00,1retkrx,Music,26.07,4,5,0.83,https://www.reddit.com/r/Music/comments/1retkrx/neil_young_and_crazy_horse/
2026-02-25T23:50:52+00:00,1retlce,AskReddit,25.42,1,1,1.0,https://www.reddit.com/r/AskReddit/comments/1retlce/what_is_the_craziest_discovery_you_ever_made/
2026-02-25T23:50:57+00:00,1rerqor,AskReddit,95.92,2,7,1.0,https://www.reddit.com/r/AskReddit/comments/1rerqor/whats_the_worst_day_of_your_life_and_why/
2026-02-25T23:50:57+00:00,1retl6a,AskReddit,25.7,1,1,1.0,https://www.reddit.com/r/AskReddit/comments/1retl6a/how_small_do_you_think_your_online_footprint_is/
2026-02-25T23:50:57+00:00,1retler,AskReddit,25.43,2,3,1.0,https://www.reddit.com/r/AskReddit/comments/1retler/if_aliens_have_been_watching_earth_what_human/
2026-02-25T23:50:57+00:00,1retli7,memes,25.35,1,0,1.0,https://www.reddit.com/r/memes/comments/1retli7/ive_seen_an_awfull_lot_of_stickers_since_you/
2026-02-25T23:51:02+00:00,1reqxlx,Music,125.87,10,0,0.92,https://www.reddit.com/r/Music/comments/1reqxlx/social_distortions_mike_ness_on_kicking_cancer/
2026-02-25T23:51:02+00:00,1retlb2,AskReddit,25.62,1,0,1.0,https://www.reddit.com/r/AskReddit/comments/1retlb2/whats_a_sign_you_have_control_issues_even_in_the/
2026-02-25T23:51:02+00:00,1retug9,Music,15.5,1,0,1.0,https://www.reddit.com/r/Music/comments/1retug9/wiyaala_yaga_yaga_afropop_2022/
2026-02-25T23:51:02+00:00,1retufx,AskReddit,15.52,2,6,1.0,https://www.reddit.com/r/AskReddit/comments/1retufx/what_is_the_meaning_of_harassment_by_body_contact/
2026-02-25T23:51:07+00:00,1retucy,AskReddit,15.67,3,17,1.0,https://www.reddit.com/r/AskReddit/comments/1retucy/who_is_someone_you_wish_was_still_around/
2026-02-25T23:51:12+00:00,1rest19,AskReddit,55.75,1,3,0.67,https://www.reddit.com/r/AskReddit/comments/1rest19/what_are_some_interesting_topics_to_make/
2026-02-25T23:51:12+00:00,1retuhe,funny,15.63,53,6,0.9,https://www.reddit.com/r/funny/comments/1retuhe/i_therapy/
2026-02-25T23:51:12+00:00,1resjde,AskReddit,66.03,1,7,1.0,https://www.reddit.com/r/AskReddit/comments/1resjde/what_is_your_mood_today/
2026-02-25T23:51:12+00:00,1rest0c,todayilearned,55.78,33,2,0.98,https://www.reddit.com/r/todayilearned/comments/1rest0c/til_in_1994_shopping_channel_qvc_attempted_a_96/
2026-02-25T23:51:17+00:00,1resjcb,AskReddit,66.15,41,22,1.0,https://www.reddit.com/r/AskReddit/comments/1resjcb/what_was_your_biggest_dream_growing_up_and_what/
2026-02-25T23:51:17+00:00,1resteb,worldnews,55.47,10,2,0.75,https://www.reddit.com/r/worldnews/comments/1resteb/germanys_merz_hails_china_ties_as_he_seeks_reset/
2026-02-25T23:51:17+00:00,1reu3z5,AskReddit,5.25,2,1,1.0,https://www.reddit.com/r/AskReddit/comments/1reu3z5/what_is_that_bass_buzzing_sound_videos_have_when/
2026-02-25T23:51:17+00:00,1reu3l3,AskReddit,5.7,1,2,1.0,https://www.reddit.com/r/AskReddit/comments/1reu3l3/whats_your_favourite_song/
2026-02-25T23:51:17+00:00,1resjih,AskReddit,65.97,3,1,1.0,https://www.reddit.com/r/AskReddit/comments/1resjih/whats_the_best_affordable_experience_that_you/
2026-02-25T23:51:17+00:00,1reqy2p,memes,125.63,8,2,0.84,https://www.reddit.com/r/memes/comments/1reqy2p/me_when_i_am_headbanging_in_my_room_to_metal_and/
2026-02-25T23:51:17+00:00,1resjc3,AskReddit,66.15,1,6,1.0,https://www.reddit.com/r/AskReddit/comments/1resjc3/what_mistake_taught_you_the_most_valuable_lesson/
2026-02-25T23:51:27+00:00,1ret2ob,Music,46.03,1,0,1.0,https://www.reddit.com/r/Music/comments/1ret2ob/is_yumenoshima_from_uk_rampage_in_44/
2026-02-25T23:51:27+00:00,1reqx4c,AskReddit,126.78,2,11,0.75,https://www.reddit.com/r/AskReddit/comments/1reqx4c/what_was_that_junk_food_you_liked_the_most_but/
2026-02-25T23:51:27+00:00,1req4x0,memes,155.82,17,3,0.9,https://www.reddit.com/r/memes/comments/1req4x0/the_only_ice_i_like_is_either_in_a_cooler_or/
2026-02-25T23:51:27+00:00,1ret2n5,funny,46.05,599,59,0.97,https://www.reddit.com/r/funny/comments/1ret2n5/epileptic_attack/
2026-02-25T23:51:27+00:00,1req4vt,Music,155.85,10,1,1.0,https://www.reddit.com/r/Music/comments/1req4vt/they_might_be_giants_the_guitar_alt_rock/
2026-02-25T23:51:27+00:00,1restkb,AskReddit,55.47,2,2,1.0,https://www.reddit.com/r/AskReddit/comments/1restkb/if_youve_shit_yourself_as_an_adult_whyhow_did_it/
2026-02-25T23:51:27+00:00,1ressya,AskReddit,56.1,0,3,0.33,https://www.reddit.com/r/AskReddit/comments/1ressya/how_do_you_breathe/
2026-02-25T23:51:32+00:00,1ressqj,AskReddit,56.42,2,4,0.75,https://www.reddit.com/r/AskReddit/comments/1ressqj/whats_a_show_you_just_cant_get_into_or_just_not/
2026-02-25T23:51:32+00:00,1resjq9,AskReddit,66.0,3,8,1.0,https://www.reddit.com/r/AskReddit/comments/1resjq9/apartment_people_whats_the_most_ridiculous_thing/
2026-02-25T23:51:32+00:00,1ret3eb,AskReddit,45.37,3,4,1.0,https://www.reddit.com/r/AskReddit/comments/1ret3eb/how_would_you_react_to_the_early_stages_of_a/
2026-02-25T23:51:32+00:00,1restcr,AskReddit,55.75,1,1,1.0,https://www.reddit.com/r/AskReddit/comments/1restcr/how_do_you_exist_be_a_human/
2026-02-25T23:51:37+00:00,1ret3by,AskReddit,45.52,2,1,1.0,https://www.reddit.com/r/AskReddit/comments/1ret3by/whats_a_rule_you_follow_that_makes_zero_logical/
2026-02-25T23:51:37+00:00,1req4lf,AskReddit,156.3,3,1,1.0,https://www.reddit.com/r/AskReddit/comments/1req4lf/whats_the_best_example_of_steak_too_juicy_lobster/
2026-02-25T23:51:37+00:00,1req59c,AskReddit,155.63,2,5,1.0,https://www.reddit.com/r/AskReddit/comments/1req59c/serious_what_is_the_best_dating_app_for_longterm/
2026-02-25T23:51:47+00:00,1retc8s,AskReddit,36.25,1,11,1.0,https://www.reddit.com/r/AskReddit/comments/1retc8s/how_did_you_improve_your_quality_of_life/
2026-02-25T23:51:53+00:00,1retcz7,AskReddit,35.53,2,5,1.0,https://www.reddit.com/r/AskReddit/comments/1retcz7/which_offline_apps_do_people_consistently_use/
2026-02-25T23:51:53+00:00,1req4ds,aww,156.78,23,0,1.0,https://www.reddit.com/r/aww/comments/1req4ds/from_pup_to_pooch_happy_4th_birthday_charlie_angel/
2026-02-25T23:51:58+00:00,1retlqp,AskReddit,26.1,1,2,1.0,https://www.reddit.com/r/AskReddit/comments/1retlqp/whats_a_place_you_visited_once_and_decided_never/
2026-02-25T23:52:03+00:00,1retvgy,AskReddit,15.42,2,2,1.0,https://www.reddit.com/r/AskReddit/comments/1retvgy/what_would_a_movie_about_femboys_be_called_if_it/
2026-02-25T23:52:03+00:00,1retmih,AskReddit,25.35,1,3,1.0,https://www.reddit.com/r/AskReddit/comments/1retmih/whats_advice_that_sounds_cliché_but_is_actually/
2026-02-25T23:52:08+00:00,1retm9a,AskReddit,25.72,0,2,0.5,https://www.reddit.com/r/AskReddit/comments/1retm9a/what_happened_when_you_caught_your_ex_using_a/
2026-02-25T23:52:08+00:00,1retv2g,AskReddit,15.93,2,10,1.0,https://www.reddit.com/r/AskReddit/comments/1retv2g/what_do_you_do_when_you_get_bored/
2026-02-25T23:52:08+00:00,1retlto,AskReddit,26.18,2,5,1.0,https://www.reddit.com/r/AskReddit/comments/1retlto/if_you_could_redo_a_moment_in_your_life_what/
2026-02-25T23:52:08+00:00,1retm1f,aww,25.95,6,0,1.0,https://www.reddit.com/r/aww/comments/1retm1f/simón_the_lord_of_the_yang_says_hi/
2026-02-25T23:52:13+00:00,1retlme,AskReddit,26.48,4,23,0.83,https://www.reddit.com/r/AskReddit/comments/1retlme/what_do_you_do_if_you_dont_have_internet/
2026-02-25T23:52:13+00:00,1repbu9,AskReddit,186.07,2,4,1.0,https://www.reddit.com/r/AskReddit/comments/1repbu9/26_yo_leaving_corporate_what_are_some_tipsadvice/
2026-02-25T23:52:13+00:00,1reske1,AskReddit,66.0,0,24,0.5,https://www.reddit.com/r/AskReddit/comments/1reske1/any_suggestion_how_to_survive_sex_for_longer/
2026-02-25T23:52:18+00:00,1reqy73,Music,126.55,2,1,1.0,https://www.reddit.com/r/Music/comments/1reqy73/billy_idol_talks_rock_hall_nomination_new/
2026-02-25T23:52:18+00:00,1reu4nc,AskReddit,5.53,1,2,1.0,https://www.reddit.com/r/AskReddit/comments/1reu4nc/what_dental_product_did_you_try_that_surprisingly/
2026-02-25T23:52:18+00:00,1reu4ho,AskReddit,5.7,1,3,1.0,https://www.reddit.com/r/AskReddit/comments/1reu4ho/serious_what_would_be_a_good_substitute_for_a/
2026-02-25T23:52:18+00:00,1reu4rv,movies,5.4,0,0,0.33,https://www.reddit.com/r/movies/comments/1reu4rv/dvds_are_the_new_vinyl_record_why_gen_z_is/
2026-02-25T23:52:28+00:00,1resu0l,AskReddit,56.0,0,8,0.25,https://www.reddit.com/r/AskReddit/comments/1resu0l/your_appendix_is_a_ticking_time_bomb_that_you_can/
2026-02-25T23:52:28+00:00,1reqyr1,AskReddit,126.13,1,5,1.0,https://www.reddit.com/r/AskReddit/comments/1reqyr1/what_happened_to_that_megaman_x_explainer_guy/
2026-02-25T23:52:28+00:00,1req62c,funny,155.73,91,5,0.96,https://www.reddit.com/r/funny/comments/1req62c/inflation_sushi/
2026-02-25T23:52:28+00:00,1req5uz,AskReddit,155.92,0,41,0.44,https://www.reddit.com/r/AskReddit/comments/1req5uz/if_crime_is_legal_without_any_consequences_for/
2026-02-25T23:52:28+00:00,1restpt,AskReddit,56.3,1,5,1.0,https://www.reddit.com/r/AskReddit/comments/1restpt/what_is_a_personality_trait_people_like_to_say_is/
2026-02-25T23:52:28+00:00,1ret3pr,AskReddit,45.97,1,2,1.0,https://www.reddit.com/r/AskReddit/comments/1ret3pr/if_someone_in_prison_develops_dementia_and/
2026-02-25T23:52:28+00:00,1resk52,movies,66.5,0,28,0.38,https://www.reddit.com/r/movies/comments/1resk52/home_theater_viewing_request/
2026-02-25T23:52:33+00:00,1reskir,AskReddit,66.18,0,9,0.33,https://www.reddit.com/r/AskReddit/comments/1reskir/women_whats_an_ideal_height_for_your_partner/
2026-02-25T23:52:33+00:00,1ret3zz,AskReddit,45.75,2,9,1.0,https://www.reddit.com/r/AskReddit/comments/1ret3zz/what_is_a_completely_overrated_food_or_drink/
2026-02-25T23:52:33+00:00,1req5ds,AskReddit,156.45,4,20,1.0,https://www.reddit.com/r/AskReddit/comments/1req5ds/what_is_a_small_everyday_thing_that_irrationally/
2026-02-25T23:52:33+00:00,1ret43b,AskReddit,45.65,3,13,0.58,https://www.reddit.com/r/AskReddit/comments/1ret43b/what_do_you_think_of_the_doj_withholding_some/
2026-02-25T23:52:33+00:00,1ret3xm,AskReddit,45.82,1,1,1.0,https://www.reddit.com/r/AskReddit/comments/1ret3xm/what_was_the_best_thing_ai_did_for_you/
2026-02-25T23:52:38+00:00,1ret4db,AskReddit,45.43,2,25,0.67,https://www.reddit.com/r/AskReddit/comments/1ret4db/if_youve_shat_yourself_as_an_adult_howwhy_did_it/
2026-02-25T23:52:38+00:00,1ret3yr,AskReddit,45.87,1,0,1.0,https://www.reddit.com/r/AskReddit/comments/1ret3yr/whats_the_pettiest_thing_youve_done_that_you/
2026-02-25T23:52:43+00:00,1req688,movies,155.82,0,17,0.2,https://www.reddit.com/r/movies/comments/1req688/bourne_again/
2026-02-25T23:52:43+00:00,1retd4w,AskReddit,36.2,1,2,1.0,https://www.reddit.com/r/AskReddit/comments/1retd4w/what_question_do_you_think_is_the_dumbest_not/
2026-02-25T23:52:48+00:00,1ret47d,AskReddit,45.78,3,16,1.0,https://www.reddit.com/r/AskReddit/comments/1ret47d/whats_your_biggest_regret/
2026-02-25T23:52:48+00:00,1retdct,AskReddit,36.07,1,3,1.0,https://www.reddit.com/r/AskReddit/comments/1retdct/which_pokemon_would_you_say_is_the_ugliest_and/
2026-02-25T23:52:53+00:00,1repccn,AskReddit,186.22,2,12,0.62,https://www.reddit.com/r/AskReddit/comments/1repccn/whats_the_secret_to_lasting_long_during_sex/
2026-02-25T23:52:53+00:00,1repcz3,AskReddit,185.58,3,24,0.8,https://www.reddit.com/r/AskReddit/comments/1repcz3/how_do_u_deal_with_overthinking_about_some_one/
2026-02-25T23:52:53+00:00,1rersaw,memes,96.05,0,7,0.2,https://www.reddit.com/r/memes/comments/1rersaw/ive_been_putting_everyone_whos_put_hate_comments/
2026-02-25T23:52:53+00:00,1rersny,AskReddit,95.68,10,50,0.92,https://www.reddit.com/r/AskReddit/comments/1rersny/whats_your_favourite_fruit/
2026-02-25T23:52:53+00:00,1reslrj,aww,65.25,19,3,1.0,https://www.reddit.com/r/aww/comments/1reslrj/neighborhood_watch/
2026-02-25T23:52:59+00:00,1retn20,AskReddit,25.65,0,3,0.5,https://www.reddit.com/r/AskReddit/comments/1retn20/what_are_the_reasons_for_ending_ones_own_life/
2026-02-25T23:52:59+00:00,1retn0q,aww,25.68,1,0,1.0,https://www.reddit.com/r/aww/comments/1retn0q/storm_protocol_become_one_with_the_treadmill/
2026-02-25T23:52:59+00:00,1repd1j,worldnews,185.63,731,104,0.95,https://www.reddit.com/r/worldnews/comments/1repd1j/us_to_allow_resale_of_venezuelan_oil_to_cuba/
2026-02-25T23:53:04+00:00,1retn5m,AskReddit,25.6,1,10,1.0,https://www.reddit.com/r/AskReddit/comments/1retn5m/what_food_combination_seems_really_strange_or/
2026-02-25T23:53:04+00:00,1retvyq,AskReddit,15.93,1,1,1.0,https://www.reddit.com/r/AskReddit/comments/1retvyq/larry_summers_resigned_from_harvard_today_over/
2026-02-25T23:53:04+00:00,1retwc2,aww,15.55,15,3,1.0,https://www.reddit.com/r/aww/comments/1retwc2/mew_is_the_most_interesting_cat_in_the_world/
2026-02-25T23:53:04+00:00,1rers1m,AskReddit,96.55,0,10,0.5,https://www.reddit.com/r/AskReddit/comments/1rers1m/assuming_the_opposite_of_love_is_apathy_what/
2026-02-25T23:53:04+00:00,1retmjk,AskReddit,26.33,0,5,0.33,https://www.reddit.com/r/AskReddit/comments/1retmjk/whats_the_most_common_purpose_why_someone_goes_to/
2026-02-25T23:53:04+00:00,1retn3b,AskReddit,25.68,2,4,1.0,https://www.reddit.com/r/AskReddit/comments/1retn3b/whats_something_everyone_should_experience_at/
2026-02-25T23:53:09+00:00,1retn9j,AskReddit,25.57,1,3,0.67,https://www.reddit.com/r/AskReddit/comments/1retn9j/how_common_is_it_for_a_woman_to_get_chlamydia/
2026-02-25T23:53:09+00:00,1retwd7,AskReddit,15.6,1,1,1.0,https://www.reddit.com/r/AskReddit/comments/1retwd7/why_would_women_want_to_free_the_nipple_if_it_is/
2026-02-25T23:53:09+00:00,1retwan,AskReddit,15.67,2,1,1.0,https://www.reddit.com/r/AskReddit/comments/1retwan/what_video_would_you_use_to_sum_up_the_internet/
2026-02-25T23:53:14+00:00,1retwm3,AskReddit,15.43,2,14,0.75,https://www.reddit.com/r/AskReddit/comments/1retwm3/where_on_a_plane_do_you_prefer_to_sit/
2026-02-25T23:53:14+00:00,1reslbp,AskReddit,66.03,1,3,1.0,https://www.reddit.com/r/AskReddit/comments/1reslbp/people_who_where_a_teen_in_the_80s_was_it_really/
2026-02-25T23:53:14+00:00,1reslgd,AskReddit,65.92,1,2,1.0,https://www.reddit.com/r/AskReddit/comments/1reslgd/what_do_you_think_about_ai_and_how_it_affects_the/
2026-02-25T23:53:19+00:00,1resm0s,todayilearned,65.4,6,2,0.64,https://www.reddit.com/r/todayilearned/comments/1resm0s/til_vega_yes_that_superbright_standard_star_has_a/
2026-02-25T23:53:19+00:00,1resv62,AskReddit,55.57,0,2,0.33,https://www.reddit.com/r/AskReddit/comments/1resv62/what_happens_to_crazy_mario_brosso_recently_a/
2026-02-25T23:53:19+00:00,1resllf,aww,65.85,36,1,1.0,https://www.reddit.com/r/aww/comments/1resllf/all_beauty_no_brain/
2026-02-25T23:53:29+00:00,1req71k,AskReddit,155.72,0,14,0.5,https://www.reddit.com/r/AskReddit/comments/1req71k/what_is_the_craziest_thing_that_you_have_read_in/
2026-02-25T23:53:29+00:00,1resuv2,memes,56.07,103,8,0.99,https://www.reddit.com/r/memes/comments/1resuv2/sometimes_theres_good_movie_remakes_sometimes/
2026-02-25T23:53:29+00:00,1req6e3,funny,156.42,38,8,0.77,https://www.reddit.com/r/funny/comments/1req6e3/agghh_lemme_just_put_it_back_again/
2026-02-25T23:53:29+00:00,1ret5dx,AskReddit,45.18,1,0,1.0,https://www.reddit.com/r/AskReddit/comments/1ret5dx/what_is_your_goto_story_to_tell_at_a_social_event/
2026-02-25T23:53:29+00:00,1resuzw,gaming,55.9,10,28,0.61,https://www.reddit.com/r/gaming/comments/1resuzw/flesh_wire_announcement_trailer_new_game_from_us/
2026-02-25T23:53:34+00:00,1resv8s,AskReddit,55.73,1,2,0.67,https://www.reddit.com/r/AskReddit/comments/1resv8s/what_do_you_think_about_tyra_banks_after_the_antm/
2026-02-25T23:53:39+00:00,1ret4sp,AskReddit,45.97,0,3,0.5,https://www.reddit.com/r/AskReddit/comments/1ret4sp/your_most_recent_ex_just_got_arrested_and_reaches/
2026-02-25T23:53:44+00:00,1ret54o,AskReddit,45.7,2,4,0.75,https://www.reddit.com/r/AskReddit/comments/1ret54o/what_impression_did_you_have_after_working_with/
2026-02-25T23:53:49+00:00,1ret4u6,AskReddit,46.08,0,3,0.5,https://www.reddit.com/r/AskReddit/comments/1ret4u6/what_is_something_everyone_loves_that_you/
2026-02-25T23:53:49+00:00,1req76z,science,155.92,86,28,0.91,https://www.reddit.com/r/science/comments/1req76z/animals_perception_of_time_is_linked_to_the_pace/
2026-02-25T23:53:49+00:00,1rertc7,AskReddit,95.9,1,6,1.0,https://www.reddit.com/r/AskReddit/comments/1rertc7/what_is_the_best_way_for_a_20_year_old_female_to/
2026-02-25T23:53:54+00:00,1ret4nn,AskReddit,46.38,1,2,1.0,https://www.reddit.com/r/AskReddit/comments/1ret4nn/who_had_the_best_half_time_show/
2026-02-25T23:53:54+00:00,1rertfc,AskReddit,95.88,2,3,1.0,https://www.reddit.com/r/AskReddit/comments/1rertfc/whats_something_society_considers_weird_but_is/
2026-02-25T23:53:54+00:00,1retead,AskReddit,36.1,3,16,1.0,https://www.reddit.com/r/AskReddit/comments/1retead/what_is_the_most_important_thing_you_have_ever/
2026-02-25T23:53:59+00:00,1retngf,memes,26.2,1,0,1.0,https://www.reddit.com/r/memes/comments/1retngf/hopefully_sleuth_bot_doesnt_burn_me_at_the_stake/
2026-02-25T23:53:59+00:00,1retnrm,memes,25.83,2,1,1.0,https://www.reddit.com/r/memes/comments/1retnrm/does_this_happen_to_anyone_else/
2026-02-25T23:54:05+00:00,1retnz8,aww,25.7,9,0,1.0,https://www.reddit.com/r/aww/comments/1retnz8/i_spent_half_an_hour_looking_for_her_until_it/
2026-02-25T23:54:05+00:00,1reto3i,movies,25.57,0,6,0.27,https://www.reddit.com/r/movies/comments/1reto3i/i_made_a_little_movie_tracker_app_over_the_past/
2026-02-25T23:54:15+00:00,1resm31,AskReddit,66.25,58,71,0.92,https://www.reddit.com/r/AskReddit/comments/1resm31/whats_the_craziest_reason_youve_cut_someone_off/
2026-02-25T23:54:15+00:00,1retxit,AskReddit,15.47,1,2,0.67,https://www.reddit.com/r/AskReddit/comments/1retxit/what_are_the_most_unforgettable_scandals_you/
2026-02-25T23:54:15+00:00,1retnuk,science,26.02,22,3,0.87,https://www.reddit.com/r/science/comments/1retnuk/ptsd_and_major_depressive_disorder_are_associated/
2026-02-25T23:54:15+00:00,1resm0p,AskReddit,66.33,1,4,1.0,https://www.reddit.com/r/AskReddit/comments/1resm0p/what_did_people_do_casually_in_the_90s_that/
2026-02-25T23:54:15+00:00,1resmg7,AskReddit,65.93,0,6,0.5,https://www.reddit.com/r/AskReddit/comments/1resmg7/who_do_you_think_is_the_worst_politician_right_now/
2026-02-25T23:54:20+00:00,1reu6p5,AskReddit,5.33,0,2,0.5,https://www.reddit.com/r/AskReddit/comments/1reu6p5/if_girls_want_white_teeth_what_advice_would_you/
2026-02-25T23:54:20+00:00,1reu6ot,AskReddit,5.35,1,2,1.0,https://www.reddit.com/r/AskReddit/comments/1reu6ot/what_was_the_first_adult_money_purchase_you_made/
2026-02-25T23:54:20+00:00,1reu6nd,AskReddit,5.4,1,1,1.0,https://www.reddit.com/r/AskReddit/comments/1reu6nd/if_you_are_in_a_long_distance_relationship_what/
2026-02-25T23:54:20+00:00,1reu6iu,AskReddit,5.55,1,0,1.0,https://www.reddit.com/r/AskReddit/comments/1reu6iu/spill_ur_tea_whats_the_craziest_reason_youve_cut/
2026-02-25T23:54:20+00:00,1reu66j,AskReddit,5.92,1,1,1.0,https://www.reddit.com/r/AskReddit/comments/1reu66j/when_you_felt_like_you_needed_a_change_in_your/
2026-02-25T23:54:20+00:00,1reu65u,AskReddit,5.93,1,2,1.0,https://www.reddit.com/r/AskReddit/comments/1reu65u/what_are_your_thoughts_on_the_legacy_of_the_band/
2026-02-25T23:54:20+00:00,1reu5x3,AskReddit,6.2,1,0,1.0,https://www.reddit.com/r/AskReddit/comments/1reu5x3/whats_a_song_or_an_artistband_that_has_gotten_you/
2026-02-25T23:54:20+00:00,1reu6bf,Music,5.77,1,0,1.0,https://www.reddit.com/r/Music/comments/1reu6bf/girls_under_glass_frozen_cover_industrial/
2026-02-25T23:54:30+00:00,1req7og,AskReddit,156.13,2,12,0.67,https://www.reddit.com/r/AskReddit/comments/1req7og/have_you_ever_had_a_near_death_experience_and_if/
2026-02-25T23:54:30+00:00,1ret65j,AskReddit,45.38,4,6,1.0,https://www.reddit.com/r/AskReddit/comments/1ret65j/what_did_kash_patel_mean_when_he_said_regarding/
2026-02-25T23:54:30+00:00,1ret5ql,AskReddit,45.8,1,2,1.0,https://www.reddit.com/r/AskReddit/comments/1ret5ql/if_you_were_on_an_island_what_would_be_1_artist/
2026-02-25T23:54:30+00:00,1resmqt,AskReddit,65.88,0,13,0.5,https://www.reddit.com/r/AskReddit/comments/1resmqt/women_what_height_would_you_want_your_partner_to/
2026-02-25T23:54:35+00:00,1resm1h,AskReddit,66.63,3,8,1.0,https://www.reddit.com/r/AskReddit/comments/1resm1h/dont_judge_a_book_by_its_cover_how_logical_is/
2026-02-25T23:54:35+00:00,1reswe3,AskReddit,55.48,171,142,0.82,https://www.reddit.com/r/AskReddit/comments/1reswe3/sex_workers_of_reddit_whats_the_weirdest_kink_a/
2026-02-25T23:54:35+00:00,1ret5f0,AskReddit,46.23,4,14,1.0,https://www.reddit.com/r/AskReddit/comments/1ret5f0/whats_something_people_dont_learn_until_its_too/
2026-02-25T23:54:35+00:00,1resvnx,AskReddit,56.27,0,3,0.5,https://www.reddit.com/r/AskReddit/comments/1resvnx/whats_one_thing_you_learned_from_your_biggest/
2026-02-25T23:54:40+00:00,1ret63o,AskReddit,45.6,1,0,1.0,https://www.reddit.com/r/AskReddit/comments/1ret63o/if_your_house_could_talk_what_secret_would_it/
2026-02-25T23:54:40+00:00,1ret5zk,AskReddit,45.7,1,3,1.0,https://www.reddit.com/r/AskReddit/comments/1ret5zk/where_does_a_south_alabama_man_38yo_who_works_a/
2026-02-25T23:54:46+00:00,1reru78,AskReddit,95.98,2,9,1.0,https://www.reddit.com/r/AskReddit/comments/1reru78/whats_a_side_hustle_that_has_made_you_a_good/
2026-02-25T23:54:46+00:00,1retf7a,AskReddit,35.97,2,4,1.0,https://www.reddit.com/r/AskReddit/comments/1retf7a/whats_something_you_did_in_2025_that_made_you_go/
2026-02-25T23:54:51+00:00,1ret68q,AskReddit,45.65,2,3,1.0,https://www.reddit.com/r/AskReddit/comments/1ret68q/what_behavior_in_an_online_friendship_immediately/
2026-02-25T23:54:51+00:00,1retf66,AskReddit,36.07,1,5,1.0,https://www.reddit.com/r/AskReddit/comments/1retf66/if_youre_running_errands_all_day_whats_your_goto/
2026-02-25T23:54:51+00:00,1retoma,AskReddit,25.73,0,3,0.33,https://www.reddit.com/r/AskReddit/comments/1retoma/there_are_people_who_can_tell_you_about_earning/
2026-02-25T23:54:51+00:00,1ret5r3,AskReddit,46.13,2,5,1.0,https://www.reddit.com/r/AskReddit/comments/1ret5r3/whats_a_big_mistake_you_made_at_work_that_went/
2026-02-25T23:55:01+00:00,1repeol,AskReddit,186.0,0,5,0.5,https://www.reddit.com/r/AskReddit/comments/1repeol/whats_the_strangest_or_most_embarrassing_thing/
2026-02-25T23:55:01+00:00,1retf1u,AskReddit,36.37,1,5,1.0,https://www.reddit.com/r/AskReddit/comments/1retf1u/what_made_you_decide_to_go_sober/
2026-02-25T23:55:01+00:00,1retonl,AskReddit,25.87,2,4,1.0,https://www.reddit.com/r/AskReddit/comments/1retonl/whats_the_best_raccoon_repellant_to_use_on_a/
2026-02-25T23:55:01+00:00,1rerty0,AskReddit,96.47,0,21,0.44,https://www.reddit.com/r/AskReddit/comments/1rerty0/last_night_in_the_sotu_trump_said_voting_is_a/
2026-02-25T23:55:01+00:00,1retp30,AskReddit,25.37,2,6,1.0,https://www.reddit.com/r/AskReddit/comments/1retp30/whats_that_one_dream_car_you_want_to_own_one_day/
2026-02-25T23:55:16+00:00,1retxqb,AskReddit,16.25,6,26,1.0,https://www.reddit.com/r/AskReddit/comments/1retxqb/if_friendly_aliens_visited_earth_whats_the_first/
2026-02-25T23:55:16+00:00,1retycd,AskReddit,15.57,2,8,0.75,https://www.reddit.com/r/AskReddit/comments/1retycd/what_is_the_morality_involved_in_drinking_alcohol/
2026-02-25T23:55:21+00:00,1reswln,AskReddit,56.03,0,3,0.5,https://www.reddit.com/r/AskReddit/comments/1reswln/what_was_it_like_on_911_for_people_who_were_in/
2026-02-25T23:55:21+00:00,1reswog,movies,55.95,2,3,1.0,https://www.reddit.com/r/movies/comments/1reswog/my_five_favorite_interview_films/
2026-02-25T23:55:31+00:00,1reu7q1,AskReddit,5.33,0,2,0.5,https://www.reddit.com/r/AskReddit/comments/1reu7q1/veterans_of_america_how_do_you_feel_about_the/
2026-02-25T23:55:31+00:00,1reu7k5,AskReddit,5.52,1,1,1.0,https://www.reddit.com/r/AskReddit/comments/1reu7k5/what_happened_for_your_friendship_to_break_up/
2026-02-25T23:55:31+00:00,1reu72b,AskReddit,6.1,1,5,1.0,https://www.reddit.com/r/AskReddit/comments/1reu72b/what_major_is_the_biggest_scam_in_your_school/
2026-02-25T23:55:31+00:00,1reu6zi,aww,6.2,9,1,1.0,https://www.reddit.com/r/aww/comments/1reu6zi/tom_really_likes_sitting_like_people/
2026-02-25T23:55:31+00:00,1reu7eg,memes,5.7,1,0,1.0,https://www.reddit.com/r/memes/comments/1reu7eg/just_a_funny_thing_ive_noticed/
2026-02-25T23:55:31+00:00,1rervdu,AskReddit,95.5,3,28,1.0,https://www.reddit.com/r/AskReddit/comments/1rervdu/whats_the_one_thing_that_completely_changed_your/
2026-02-25T23:55:31+00:00,1resxeg,aww,55.4,21,5,0.67,https://www.reddit.com/r/aww/comments/1resxeg/flying_squirrels_really_know_hot_to_melt_hearts/
2026-02-25T23:55:31+00:00,1resnz2,AskReddit,65.58,0,6,0.5,https://www.reddit.com/r/AskReddit/comments/1resnz2/people_who_havent_pooped_yet_in_2026_why_are_you/
2026-02-25T23:55:31+00:00,1resnpw,AskReddit,65.9,1,16,0.67,https://www.reddit.com/r/AskReddit/comments/1resnpw/what_do_we_genuinely_do_if_ww3_started/
2026-02-25T23:55:31+00:00,1resx86,AskReddit,55.55,2,1,0.75,https://www.reddit.com/r/AskReddit/comments/1resx86/what_is_a_harmless_truth_about_the_world_that_you/
2026-02-25T23:55:31+00:00,1reswqp,AskReddit,56.03,1,3,0.67,https://www.reddit.com/r/AskReddit/comments/1reswqp/whats_a_good_hidden_gem_movie_for_the_middle_of/
2026-02-25T23:55:36+00:00,1ret75a,AskReddit,45.5,1,4,1.0,https://www.reddit.com/r/AskReddit/comments/1ret75a/whats_your_toxic_trait_in_friendships/
2026-02-25T23:55:36+00:00,1rerv2f,AskReddit,95.9,0,5,0.33,https://www.reddit.com/r/AskReddit/comments/1rerv2f/what_is_your_opinion_of_the_usa_mens_hockey_team/
2026-02-25T23:55:36+00:00,1ret74f,AskReddit,45.52,1,2,1.0,https://www.reddit.com/r/AskReddit/comments/1ret74f/whats_the_most_recent_small_thing_someone_said_or/
2026-02-25T23:55:36+00:00,1ret6w6,Music,45.77,1,0,1.0,https://www.reddit.com/r/Music/comments/1ret6w6/tim_eric_spaghetti_again_comedy/
2026-02-25T23:55:41+00:00,1ret6px,AskReddit,46.0,2,6,1.0,https://www.reddit.com/r/AskReddit/comments/1ret6px/whats_the_stupidest_thing_youve_done_while/
2026-02-25T23:55:41+00:00,1retgqm,AskReddit,35.23,1,3,1.0,https://www.reddit.com/r/AskReddit/comments/1retgqm/if_you_take_the_cost_of_your_first_vehicle_and/
2026-02-25T23:55:41+00:00,1retg55,AskReddit,35.85,1,0,1.0,https://www.reddit.com/r/AskReddit/comments/1retg55/what_small_actionsstatements_immediately_made_you/
2026-02-25T23:55:41+00:00,1repfjq,AskReddit,185.8,11,19,1.0,https://www.reddit.com/r/AskReddit/comments/1repfjq/what_your_worstbest_experience_with_online_friends/
2026-02-25T23:55:46+00:00,1resni4,AskReddit,66.38,2,6,1.0,https://www.reddit.com/r/AskReddit/comments/1resni4/whats_a_breakup_situation_where_you_genuinely/
2026-02-25T23:55:46+00:00,1reruvb,memes,96.28,6,1,1.0,https://www.reddit.com/r/memes/comments/1reruvb/i_love_spicy_food_but_not_when_i_get_hiccups/
2026-02-25T23:55:51+00:00,1req8n7,aww,156.55,489,14,0.99,https://www.reddit.com/r/aww/comments/1req8n7/the_reason_my_phone_storage_is_full/
2026-02-25T23:55:51+00:00,1retfvx,funny,36.28,0,6,0.19,https://www.reddit.com/r/funny/comments/1retfvx/funny_cake_poor_grandpa/
2026-02-25T23:55:51+00:00,1retq0m,Music,25.18,0,0,0.29,https://www.reddit.com/r/Music/comments/1retq0m/describe_my_tame_impala_taste/
2026-02-25T23:55:57+00:00,1retfx8,AskReddit,36.35,9,44,1.0,https://www.reddit.com/r/AskReddit/comments/1retfx8/what_makes_you_happy_today/
2026-02-25T23:55:57+00:00,1retgis,AskReddit,35.72,2,5,1.0,https://www.reddit.com/r/AskReddit/comments/1retgis/why_dont_men_wear_heels_instead_of_women/
2026-02-25T23:55:57+00:00,1rerut9,aww,96.53,9,2,0.91,https://www.reddit.com/r/aww/comments/1rerut9/someones_hungry_he_eats_like_he_hasnt_been_fed_in/
2026-02-25T23:55:57+00:00,1retpdj,memes,25.97,1,1,0.67,https://www.reddit.com/r/memes/comments/1retpdj/ive_seen_an_awful_lot_of_stickers_since_you/
2026-02-25T23:55:57+00:00,1retpbr,AskReddit,26.03,1,4,1.0,https://www.reddit.com/r/AskReddit/comments/1retpbr/whats_the_most_awkward_situation_youve_ever_been/
2026-02-25T23:56:02+00:00,1retpz8,AskReddit,25.42,3,6,1.0,https://www.reddit.com/r/AskReddit/comments/1retpz8/how_would_things_be_like_if_the_world_is_devoid/
2026-02-25T23:56:07+00:00,1retpdu,AskReddit,26.13,2,4,1.0,https://www.reddit.com/r/AskReddit/comments/1retpdu/what_do_you_think_is_the_most_overrated_financial/
2026-02-25T23:56:07+00:00,1retpvh,AskReddit,25.62,2,4,1.0,https://www.reddit.com/r/AskReddit/comments/1retpvh/whats_the_most_affordable_and_greenest_city_youve/
2026-02-25T23:56:12+00:00,1retz31,memes,15.7,1,1,1.0,https://www.reddit.com/r/memes/comments/1retz31/does_anyone_know_how_to_slow_down_time/
2026-02-25T23:56:17+00:00,1repf6e,memes,186.77,50,4,0.97,https://www.reddit.com/r/memes/comments/1repf6e/where_dreams_go_to_die/
2026-02-25T23:56:22+00:00,1repfps,AskReddit,186.32,1,5,1.0,https://www.reddit.com/r/AskReddit/comments/1repfps/if_your_thoughts_made_sound_effects_what_noises/
2026-02-25T23:56:22+00:00,1resoyr,AskReddit,65.42,1,5,1.0,https://www.reddit.com/r/AskReddit/comments/1resoyr/people_with_chronic_back_pain_how_did_it_start/
2026-02-25T23:56:22+00:00,1reu85b,AskReddit,5.73,0,0,0.5,https://www.reddit.com/r/AskReddit/comments/1reu85b/what_are_some_solutions_to_the_prevailing/
2026-02-25T23:56:22+00:00,1reu85a,aww,5.73,2,0,1.0,https://www.reddit.com/r/aww/comments/1reu85a/she_always_follows_me_wherever_i_go/
2026-02-25T23:56:22+00:00,1reu7us,memes,6.05,1,0,1.0,https://www.reddit.com/r/memes/comments/1reu7us/no_mom_not_this_time/
2026-02-25T23:56:32+00:00,1repfh5,AskReddit,186.73,3,15,0.81,https://www.reddit.com/r/AskReddit/comments/1repfh5/whats_a_trend_that_needs_to_disappear_already/
2026-02-25T23:56:32+00:00,1rer2nf,AskReddit,126.25,0,10,0.4,https://www.reddit.com/r/AskReddit/comments/1rer2nf/what_is_your_favorite_thing_to_do/
2026-02-25T23:56:37+00:00,1resy0q,worldnews,55.92,70,0,0.96,https://www.reddit.com/r/worldnews/comments/1resy0q/russia_disrupts_trumps_ukraine_talks_with_timed/
2026-02-25T23:56:37+00:00,1ret7gq,AskReddit,46.17,0,2,0.5,https://www.reddit.com/r/AskReddit/comments/1ret7gq/whats_an_underrated_anime_more_people_need_to/
2026-02-25T23:56:42+00:00,1resoi0,AskReddit,66.25,1,11,0.67,https://www.reddit.com/r/AskReddit/comments/1resoi0/why_dont_you_just_snap_out_of_it/
2026-02-25T23:56:42+00:00,1resy3f,AskReddit,55.95,1,4,0.67,https://www.reddit.com/r/AskReddit/comments/1resy3f/what_is_so_bad_about_using_the_selfclean_button/
2026-02-25T23:56:42+00:00,1reth3m,AskReddit,35.85,3,3,1.0,https://www.reddit.com/r/AskReddit/comments/1reth3m/if_you_could_customize_anything_what_would_you/
2026-02-25T23:56:47+00:00,1rethjc,AskReddit,35.45,12,58,0.93,https://www.reddit.com/r/AskReddit/comments/1rethjc/how_often_do_you_cook_at_home/
2026-02-25T23:56:47+00:00,1ret7nj,AskReddit,46.15,0,13,0.5,https://www.reddit.com/r/AskReddit/comments/1ret7nj/people_who_support_the_death_penalty_why/
2026-02-25T23:56:52+00:00,1reqahx,worldnews,155.73,301,21,0.98,https://www.reddit.com/r/worldnews/comments/1reqahx/iceland_to_hold_eu_referendum_in_the_coming/
2026-02-25T23:56:58+00:00,1repg5z,AskReddit,186.47,3,20,0.71,https://www.reddit.com/r/AskReddit/comments/1repg5z/what_was_the_last_emoji_you_used/
2026-02-25T23:56:58+00:00,1repg3i,AskReddit,186.52,3,11,1.0,https://www.reddit.com/r/AskReddit/comments/1repg3i/what_social_norm_actually_harms_people_more_than/
2026-02-25T23:56:58+00:00,1retgtc,gaming,36.42,0,25,0.27,https://www.reddit.com/r/gaming/comments/1retgtc/games_that_are_like_mass_effect_and_dark_souls/
2026-02-25T23:56:58+00:00,1rerw9w,worldnews,95.98,72,32,0.9,https://www.reddit.com/r/worldnews/comments/1rerw9w/trump_hits_iran_with_new_sanctions_ahead_of/
2026-02-25T23:56:58+00:00,1reth24,AskReddit,36.15,2,8,1.0,https://www.reddit.com/r/AskReddit/comments/1reth24/this_year_valentines_day_was_a_saturday_still/
2026-02-25T23:57:03+00:00,1req9rc,AskReddit,156.67,1,11,0.67,https://www.reddit.com/r/AskReddit/comments/1req9rc/whats_a_movie_thats_truly_made_you_cry/
2026-02-25T23:57:03+00:00,1rethp9,AskReddit,35.55,5,20,0.86,https://www.reddit.com/r/AskReddit/comments/1rethp9/whats_something_people_do_that_instantly_tells/
2026-02-25T23:57:03+00:00,1retqg0,AskReddit,25.92,1,9,0.6,https://www.reddit.com/r/AskReddit/comments/1retqg0/how_often_do_you_wear_a_cowboy_hat/
2026-02-25T23:57:03+00:00,1rerw6t,memes,96.18,6,1,1.0,https://www.reddit.com/r/memes/comments/1rerw6t/sssshhh_zip_it/
2026-02-25T23:57:03+00:00,1repghl,Music,186.2,189,66,0.83,https://www.reddit.com/r/Music/comments/1repghl/sum_41_fatlip_punk/
2026-02-25T23:57:08+00:00,1ret7p7,AskReddit,46.45,0,10,0.46,https://www.reddit.com/r/AskReddit/comments/1ret7p7/people_who_enjoy_morning_sex_how_do_you_actually/
2026-02-25T23:57:13+00:00,1rer43m,worldnews,125.43,330,64,0.89,https://www.reddit.com/r/worldnews/comments/1rer43m/rubio_boosts_dictator_orbáns_bid_for_another_term/
2026-02-25T23:57:13+00:00,1reu0eb,AskReddit,15.22,0,10,0.5,https://www.reddit.com/r/AskReddit/comments/1reu0eb/whos_more_famous_godzilla_or_pikachu/
2026-02-25T23:57:18+00:00,1retzkk,AskReddit,16.27,2,7,1.0,https://www.reddit.com/r/AskReddit/comments/1retzkk/where_would_you_recommend_going_to_relax_this/
2026-02-25T23:57:18+00:00,1repgpo,science,186.2,51,3,0.93,https://www.reddit.com/r/science/comments/1repgpo/toxic_waste_from_screens_ends_up_in_endangered/
2026-02-25T23:57:23+00:00,1respal,aww,66.08,11,0,1.0,https://www.reddit.com/r/aww/comments/1respal/local_street_king_claiming_new_territory_my_car/
2026-02-25T23:57:23+00:00,1reu8xp,AskReddit,5.87,4,11,1.0,https://www.reddit.com/r/AskReddit/comments/1reu8xp/what_singer_is_the_most_famous_for_singing_other/
2026-02-25T23:57:23+00:00,1reu8t7,AskReddit,5.98,3,2,1.0,https://www.reddit.com/r/AskReddit/comments/1reu8t7/when_was_the_moment_that_you_realized_that_your/
2026-02-25T23:57:23+00:00,1reu9i2,worldnews,5.23,2,1,0.67,https://www.reddit.com/r/worldnews/comments/1reu9i2/iran_accuses_trump_of_big_lies_ahead_of_geneva/
2026-02-25T23:57:23+00:00,1reu9an,movies,5.45,1,0,1.0,https://www.reddit.com/r/movies/comments/1reu9an/bonus_features_streaming_doesnt_have_them_what/
2026-02-25T23:57:33+00:00,1resyrb,AskReddit,56.18,3,19,0.8,https://www.reddit.com/r/AskReddit/comments/1resyrb/where_were_you_on_911/
2026-02-25T23:57:33+00:00,1reoraf,funny,212.82,105,12,0.87,https://www.reddit.com/r/funny/comments/1reoraf/these_are_notoriously_difficult_to_figure_out/
2026-02-25T23:57:33+00:00,1respf6,AskReddit,66.1,1,4,1.0,https://www.reddit.com/r/AskReddit/comments/1respf6/denizens_of_reddit_with_strange_phobias_what/
2026-02-25T23:57:33+00:00,1reszdf,AskReddit,55.55,1,6,0.67,https://www.reddit.com/r/AskReddit/comments/1reszdf/whats_a_minor_skill_youve_always_wanted_to_pick/
2026-02-25T23:57:33+00:00,1respl2,AskReddit,65.93,2,6,1.0,https://www.reddit.com/r/AskReddit/comments/1respl2/what_do_your_days_off_look_like/
2026-02-25T23:57:33+00:00,1ret91g,gaming,45.43,295,152,0.91,https://www.reddit.com/r/gaming/comments/1ret91g/polygon_published_this/
2026-02-25T23:57:38+00:00,1reqald,movies,156.4,0,26,0.29,https://www.reddit.com/r/movies/comments/1reqald/i_find_the_description_of_promising_young_woman/
2026-02-25T23:57:38+00:00,1resz2k,AskReddit,55.95,1,11,0.6,https://www.reddit.com/r/AskReddit/comments/1resz2k/what_advice_would_you_give_too_somebody_who_is/
2026-02-25T23:57:43+00:00,1reqb43,AskReddit,155.95,0,8,0.5,https://www.reddit.com/r/AskReddit/comments/1reqb43/whats_your_favorite_pizza_topping/
2026-02-25T23:57:50+00:00,1ret8rc,memes,46.05,9,2,1.0,https://www.reddit.com/r/memes/comments/1ret8rc/downfall_of_unreal_engine/
2026-02-25T23:57:50+00:00,1ret9al,AskReddit,45.47,2,1,1.0,https://www.reddit.com/r/AskReddit/comments/1ret9al/what_album_did_you_listen_to_while_going_through/
2026-02-25T23:57:50+00:00,1rens2z,science,248.1,5,1,0.73,https://www.reddit.com/r/science/comments/1rens2z/programmable_integrated_quantum_photonics_nature/
2026-02-25T23:57:50+00:00,1rerxmg,aww,95.42,19,1,1.0,https://www.reddit.com/r/aww/comments/1rerxmg/my_love_bug/
2026-02-25T23:57:55+00:00,1reqbcn,AskReddit,155.92,0,4,0.5,https://www.reddit.com/r/AskReddit/comments/1reqbcn/if_you_found_out_something_you_really_liked_like/
2026-02-25T23:57:55+00:00,1reti83,AskReddit,35.9,4,66,0.83,https://www.reddit.com/r/AskReddit/comments/1reti83/which_fastfood_chain_do_you_think_is_overrated/
2026-02-25T23:57:55+00:00,1reop1t,funny,215.42,29,24,0.68,https://www.reddit.com/r/funny/comments/1reop1t/21st_century_declarations_of_love/
2026-02-25T23:57:55+00:00,1renwnl,aww,243.78,25,4,0.95,https://www.reddit.com/r/aww/comments/1renwnl/thanks_for_flowers_papa_i_will_eat_them_later/
2026-02-25T23:57:55+00:00,1renw1l,movies,244.35,166,62,0.84,https://www.reddit.com/r/movies/comments/1renw1l/unleashed_2005_danny_fight_1_vs_4_in_the_pool/
2026-02-25T23:57:55+00:00,1rerxjw,AskReddit,95.57,3,9,1.0,https://www.reddit.com/r/AskReddit/comments/1rerxjw/whats_the_last_gift_you_gave_yourself/
2026-02-25T23:57:55+00:00,1reqx8k,worldnews,133.13,7,0,0.77,https://www.reddit.com/r/worldnews/comments/1reqx8k/modi_india_stands_with_israel_with_full_conviction/
2026-02-25T23:58:00+00:00,1reqar7,AskReddit,156.6,0,25,0.33,https://www.reddit.com/r/AskReddit/comments/1reqar7/how_do_you_feel_about_people_who_dont_wanna_have/
2026-02-25T23:58:00+00:00,1renz6m,science,241.25,306,41,0.97,https://www.reddit.com/r/science/comments/1renz6m/urine_tests_confirm_alcohol_consumption_in_wild/
2026-02-25T23:58:00+00:00,1rer4ew,worldnews,125.88,152,51,0.9,https://www.reddit.com/r/worldnews/comments/1rer4ew/cuba_says_its_forces_have_killed_four_on/
2026-02-25T23:58:00+00:00,1retrka,Music,25.65,43,7,0.96,https://www.reddit.com/r/Music/comments/1retrka/exclusive_sean_diddy_combs_could_be_dragged_back/
2026-02-25T23:58:05+00:00,1rerx2w,aww,96.25,12,2,1.0,https://www.reddit.com/r/aww/comments/1rerx2w/sister_love_the_new_babies/
2026-02-25T23:58:05+00:00,1retrlv,funny,25.68,3,3,0.6,https://www.reddit.com/r/funny/comments/1retrlv/fletch_chevy_chases_finest_hour_at_40/
2026-02-25T23:58:05+00:00,1reph7t,AskReddit,186.47,1,6,1.0,https://www.reddit.com/r/AskReddit/comments/1reph7t/what_is_the_worst_state/
2026-02-25T23:58:10+00:00,1rer4e9,AskReddit,126.07,0,3,0.25,https://www.reddit.com/r/AskReddit/comments/1rer4e9/what_are_your_favorite_movies_and_why/
2026-02-25T23:58:16+00:00,1retrr4,AskReddit,25.72,1,5,0.6,https://www.reddit.com/r/AskReddit/comments/1retrr4/do_you_get_turned_on_taking_nudes_of_yourself_and/
2026-02-25T23:58:16+00:00,1reu0ir,AskReddit,16.13,4,4,0.75,https://www.reddit.com/r/AskReddit/comments/1reu0ir/larry_summers_resigned_from_harvard_today_over/
2026-02-25T23:58:21+00:00,1rer4ps,AskReddit,125.9,0,18,0.25,https://www.reddit.com/r/AskReddit/comments/1rer4ps/how_do_you_guys_make_money_asking_as_a_15_year_old/
2026-02-25T23:58:26+00:00,1reuaas,AskReddit,5.38,2,14,0.67,https://www.reddit.com/r/AskReddit/comments/1reuaas/since_most_americans_openly_admit_they_know_trump/
2026-02-25T23:58:26+00:00,1rerx2j,AskReddit,96.62,0,3,0.5,https://www.reddit.com/r/AskReddit/comments/1rerx2j/how_do_you_think_canadas_military_aid_will_impact/
2026-02-25T23:58:26+00:00,1ret033,AskReddit,55.7,2,12,1.0,https://www.reddit.com/r/AskReddit/comments/1ret033/whats_a_mistake_youll_never_make_again/
2026-02-25T23:58:35+00:00,1reonfc,aww,217.7,1971,189,0.97,https://www.reddit.com/r/aww/comments/1reonfc/he_may_look_serious_but_hes_a_total_sweetheart/
2026-02-25T23:58:35+00:00,1resqn8,AskReddit,65.75,9,19,1.0,https://www.reddit.com/r/AskReddit/comments/1resqn8/whats_something_you_learned_too_late_in_life/
2026-02-25T23:58:35+00:00,1reszlh,AskReddit,56.37,1,5,0.67,https://www.reddit.com/r/AskReddit/comments/1reszlh/what_is_a_harmless_lie_your_parents_told_you_as_a/
2026-02-25T23:58:35+00:00,1reszwb,AskReddit,56.03,1,3,1.0,https://www.reddit.com/r/AskReddit/comments/1reszwb/whats_a_smell_that_instantly_takes_you_back_to/
2026-02-25T23:58:40+00:00,1ret09v,AskReddit,55.72,0,4,0.5,https://www.reddit.com/r/AskReddit/comments/1ret09v/what_is_the_fattest_thing_youve_done_this_week/
2026-02-25T23:58:40+00:00,1ret9ub,Music,45.68,0,0,0.5,https://www.reddit.com/r/Music/comments/1ret9ub/a_quick_question_for_everyone/
2026-02-25T23:58:40+00:00,1ret9vg,memes,45.65,113,19,0.87,https://www.reddit.com/r/memes/comments/1ret9vg/a_short_story/
2026-02-25T23:58:40+00:00,1ret0dc,AskReddit,55.62,0,4,0.5,https://www.reddit.com/r/AskReddit/comments/1ret0dc/911_operators_whats_the_weirdest_reasons_people/
2026-02-25T23:58:46+00:00,1reta76,funny,45.4,0,1,0.29,https://www.reddit.com/r/funny/comments/1reta76/boyohboyohboy/
2026-02-25T23:58:46+00:00,1ret9ph,AskReddit,45.97,1,4,1.0,https://www.reddit.com/r/AskReddit/comments/1ret9ph/if_you_were_a_genie_how_would_you_get_back_at/
2026-02-25T23:58:46+00:00,1ret9rp,AskReddit,45.88,0,0,0.5,https://www.reddit.com/r/AskReddit/comments/1ret9rp/whats_a_harmless_human_habit_that_would_break_an/
2026-02-25T23:58:51+00:00,1reta1r,AskReddit,45.67,0,0,0.5,https://www.reddit.com/r/AskReddit/comments/1reta1r/exextremists_of_reddit_whats_your_story/
2026-02-25T23:58:56+00:00,1reryml,AskReddit,95.48,1,8,1.0,https://www.reddit.com/r/AskReddit/comments/1reryml/whats_your_favorite_chicken_marinade_and_whats/
2026-02-25T23:59:01+00:00,1repj0v,AskReddit,185.6,6,21,1.0,https://www.reddit.com/r/AskReddit/comments/1repj0v/which_hack_managed_to_boost_your_confidence_and/
2026-02-25T23:59:01+00:00,1retske,AskReddit,25.58,2,5,1.0,https://www.reddit.com/r/AskReddit/comments/1retske/what_drives_you_crazy_in_relationships/
2026-02-25T23:59:01+00:00,1retsu0,AskReddit,25.27,1,5,1.0,https://www.reddit.com/r/AskReddit/comments/1retsu0/there_are_many_people_here_who_like_to_drink_beer/
2026-02-25T23:59:01+00:00,1retsic,AskReddit,25.65,1,7,0.6,https://www.reddit.com/r/AskReddit/comments/1retsic/who_have_you_walked_in_on_having_sex/
2026-02-25T23:59:06+00:00,1retstf,science,25.37,20,2,0.88,https://www.reddit.com/r/science/comments/1retstf/overall_308nearly_1_in_3_american_adolescentshave/
2026-02-25T23:59:11+00:00,1rets0e,AskReddit,26.35,4,12,0.83,https://www.reddit.com/r/AskReddit/comments/1rets0e/what_is_it_like_going_on_anxiety_or_adhd/
2026-02-25T23:59:11+00:00,1rer5wy,AskReddit,125.5,0,16,0.33,https://www.reddit.com/r/AskReddit/comments/1rer5wy/what_should_be_free_but_isnt/
2026-02-25T23:59:16+00:00,1reu1bq,AskReddit,16.25,1,2,0.67,https://www.reddit.com/r/AskReddit/comments/1reu1bq/whats_something_people_think_is_harmless_but_it/
2026-02-25T23:59:16+00:00,1reu1qo,AskReddit,15.8,1,3,0.67,https://www.reddit.com/r/AskReddit/comments/1reu1qo/what_is_this_new_ai_detector_for_reddit_update/
2026-02-25T23:59:16+00:00,1reu242,AskReddit,15.37,2,6,0.75,https://www.reddit.com/r/AskReddit/comments/1reu242/what_would_be_considered_the_most_insane_use_of/
2026-02-25T23:59:22+00:00,1rer4vc,funny,126.75,21,9,0.73,https://www.reddit.com/r/funny/comments/1rer4vc/hot_cakes/
2026-02-25T23:59:22+00:00,1rer5k4,AskReddit,126.03,2,19,0.75,https://www.reddit.com/r/AskReddit/comments/1rer5k4/does_someone_saying_they_love_you_mean_more_than/
2026-02-25T23:59:27+00:00,1repj78,AskReddit,185.85,1,20,0.54,https://www.reddit.com/r/AskReddit/comments/1repj78/how_do_you_think_trump_will_react_when_everything/
2026-02-25T23:59:27+00:00,1resr0s,AskReddit,66.2,2,5,1.0,https://www.reddit.com/r/AskReddit/comments/1resr0s/what_the_best_experience_in_life_you_had_ever/
2026-02-25T23:59:27+00:00,1reub8z,Music,5.38,1,0,0.67,https://www.reddit.com/r/Music/comments/1reub8z/jeff_buckley_has_been_nominated_for_rock_and_roll/
2026-02-25T23:59:27+00:00,1reuax2,memes,5.73,2,4,1.0,https://www.reddit.com/r/memes/comments/1reuax2/the_never_ending_stories/
2026-02-25T23:59:27+00:00,1resr5b,AskReddit,66.05,2,6,0.63,https://www.reddit.com/r/AskReddit/comments/1resr5b/what_billionaire_is_the_biggest_international/
2026-02-25T23:59:37+00:00,1rer5r3,todayilearned,126.1,209,0,0.98,https://www.reddit.com/r/todayilearned/comments/1rer5r3/til_that_an_indian_man_traveling_to_vienna_in/
2026-02-25T23:59:37+00:00,1ret1ee,AskReddit,55.48,1,9,0.67,https://www.reddit.com/r/AskReddit/comments/1ret1ee/people_who_are_afraid_of_heights_what_scares_you/
2026-02-25T23:59:37+00:00,1retala,AskReddit,45.83,1,2,1.0,https://www.reddit.com/r/AskReddit/comments/1retala/people_who_often_carry_out_employee_background/
2026-02-25T23:59:37+00:00,1ret0q5,AskReddit,56.2,1,6,0.67,https://www.reddit.com/r/AskReddit/comments/1ret0q5/if_you_could_take_a_trip_or_vacation_anywhere_in/
2026-02-25T23:59:42+00:00,1retarw,AskReddit,45.7,2,11,1.0,https://www.reddit.com/r/AskReddit/comments/1retarw/what_are_the_3_movies_anyone_should_watch_before/
2026-02-25T23:59:47+00:00,1ret19d,AskReddit,55.78,2,10,0.75,https://www.reddit.com/r/AskReddit/comments/1ret19d/whats_a_minor_superpower_youd_actually_love_to/
2026-02-25T23:59:47+00:00,1retaov,AskReddit,45.88,2,4,1.0,https://www.reddit.com/r/AskReddit/comments/1retaov/what_single_moment_truly_defined_your_2025/
2026-02-25T23:59:52+00:00,1ret167,AskReddit,55.97,5,12,1.0,https://www.reddit.com/r/AskReddit/comments/1ret167/what_is_something_you_have_learned_just_is_not/
2026-02-25T23:59:52+00:00,1retalj,AskReddit,46.07,1,7,1.0,https://www.reddit.com/r/AskReddit/comments/1retalj/what_perfume_would_you_recommend_for_a_man/
2026-02-25T23:59:52+00:00,1rerz1a,AskReddit,96.02,1,11,1.0,https://www.reddit.com/r/AskReddit/comments/1rerz1a/how_do_you_know_when_a_good_job_isnt_worth_it/
2026-02-25T23:59:57+00:00,1reqd0p,AskReddit,156.12,7,13,1.0,https://www.reddit.com/r/AskReddit/comments/1reqd0p/what_is_the_most_tactless_question_youve_heard/
2026-02-25T23:59:57+00:00,1reta8q,funny,46.53,0,2,0.33,https://www.reddit.com/r/funny/comments/1reta8q/funny_cake/
2026-02-25T23:59:57+00:00,1retjsl,AskReddit,36.23,1,10,1.0,https://www.reddit.com/r/AskReddit/comments/1retjsl/people_who_love_their_jobs_what_do_you_do/
